id,block,sub,sub_addr,str_off,page,speaker,japanese,korean,note
00-00-0000-00,0,0,6C7EC4,0000,0,,"『精霊の樹
　この樹には精霊が宿っているといわ
　れています。{W}","『정령의 나무
　이 나무에는 정령이 산다고
　합니다.{W}",
00-00-0000-01,0,0,6C7EC4,0000,1,,"　傷つけないように、みんなで協力し
　ましょう。ユークリッド観光協会』
と書かれている。{W}","　다치지 않게 모두 함께
　도와주세요.유클리드 관광협회』
라고 쓰여 있다.{W}",
00-00-009C-00,0,0,6C7EC4,009C,0,クレス,"{N1}
「あれ？
　見失ったか・・・」{W}","{N1}
「어라?
　놓친 건가…」{W}",
00-00-00C4-00,0,0,6C7EC4,00C4,0,チェスター,"{N5}
「オレ、近くを探してくるぜ」{W}","{N5}
「내가 근처 좀 찾아볼게」{W}",
00-00-00EA-00,0,0,6C7EC4,00EA,0,クレス,"{N1}
「確かに、こっちに来たと思ったのに
　・・・」{W}","{N1}
「분명 이쪽으로 온 것 같았는데
　…」{W}",
00-00-0122-00,0,0,6C7EC4,0122,0,,"　
　樹を{SPD:10}、{SPD:FF}けがさないで・・・。","　
　나무를{SPD:10}, {SPD:FF}다치게 하지 말아줘…",
00-00-014C-00,0,0,6C7EC4,014C,0,チェスター,"{N5}
「こっちにはいなかった」{W}","{N5}
「이쪽엔 없었어」{W}",
00-00-014C-01,0,0,6C7EC4,014C,1,チェスター,"{N5}
「そっちは？」{W}","{N5}
「그쪽은?」{W}",
00-00-014C-02,0,0,6C7EC4,014C,2,チェスター,"{N5}
「{N1}、どうした？」{W}","{N5}
「{N1}, 왜 그래?」{W}",
00-00-014C-03,0,0,6C7EC4,014C,3,クレス,"{N1}
「いや・・・」{W}","{N1}
「아니…」{W}",
00-00-01B6-00,0,0,6C7EC4,01B6,0,チェスター,"{N5}
「いたぞ！」{W}","{N5}
「찾았다!」{W}",
00-00-01CC-00,0,0,6C7EC4,01CC,0,クレス,"{N1}
「大物だな」{W}","{N1}
「큰 놈이네」{W}",
00-00-01E2-00,0,0,6C7EC4,01E2,0,チェスター,"{N5}
「これだけ捕れれば十分だろ」{W}","{N5}
「이만큼 잡았으면 충분하지」{W}",
00-00-01E2-01,0,0,6C7EC4,01E2,1,チェスター,"{N5}
「村に戻ろうぜ」{W}","{N5}
「마을로 돌아가자」{W}",
00-00-0220-00,0,0,6C7EC4,0220,0,クレス,"{N1}
「あれは{SPD:10}・・・{SPD:FF}、村の鐘の音だ！
　何かあったのか！？」{W}","{N1}
「저건{SPD:10}…{SPD:FF} 마을의 종소리다!
　무슨 일이 생긴 건가!?」{W}",
00-00-0220-01,0,0,6C7EC4,0220,1,チェスター,"{N5}
「急ごう！！」{W}","{N5}
「서두르자!!」{W}",
00-00-027E-00,0,0,6C7EC4,027E,0,チェスター,"{N5}
「あっ、猪だ！！」{W}","{N5}
「앗, 멧돼지다!!」{W}",
00-00-029A-00,0,0,6C7EC4,029A,0,チェスター,"{N5}
「追いかけよう！」{W}","{N5}
「쫓아가자!」{W}",
00-00-02B6-00,0,0,6C7EC4,02B6,0,チェスター,"{N5}
「いた！」{W}","{N5}
「있다!」{W}",
00-00-02B6-01,0,0,6C7EC4,02B6,1,チェスター,"{N5}
「あそこだ！」{W}","{N5}
「저기다!」{W}",
00-00-02E0-00,0,0,6C7EC4,02E0,0,チェスター,"{N5}
「もう帰るのか？」{W}","{N5}
「벌써 돌아가는 거야?」{W}",
00-00-02E0-01,0,0,6C7EC4,02E0,1,チェスター,"{N5}
「あんまり獲物を捕まえてないぞ？」{W}","{N5}
「사냥감 별로 못 잡았잖아?」{W}",
01-00-0000-00,1,0,6C8A88,0000,0,,精霊の森,정령의 숲,
01-00-000A-00,1,0,6C8A88,000A,0,クラース,"{N4}
「これがシルフの言ってた大樹ユグド
　ラシルなのか？」{W}","{N4}
「이게 실프가 말하던 대수
　유그드라실인가?」{W}",
01-00-000A-01,1,0,6C8A88,000A,1,クラース,"{N4}
「{SPD:10}・・・・・・{SPD:FF}ん？」{W}","{N4}
「{SPD:10}……{SPD:FF}음?」{W}",
01-00-000A-02,1,0,6C8A88,000A,2,クラース,"{N4}
「なっ・・・、なんだッ！？」{W}","{N4}
「뭣, 뭐지!?」{W}",
01-00-0092-00,1,0,6C8A88,0092,0,クレス,"{N1}
（この光景は・・・・・・！？）{W}","{N1}
（이 광경은……!?）{W}",
01-00-0092-01,1,0,6C8A88,0092,1,樹の精霊,"樹の精霊
「私が見えるのですね？」{W}","나무의 정령
「제가 보이시는군요?」{W}",
01-00-0092-02,1,0,6C8A88,0092,2,樹の精霊,"樹の精霊
「声が聞こえるのですね？」{W}","나무의 정령
「목소리가 들리시는군요?」{W}",
01-00-0092-03,1,0,6C8A88,0092,3,樹の精霊,"樹の精霊
「ならば聞いて下さい」{W}","나무의 정령
「그렇다면 들어주세요」{W}",
01-00-0092-04,1,0,6C8A88,0092,4,樹の精霊,"樹の精霊
「滅びの時が近いことを・・・」{W}","나무의 정령
「멸망의 때가 가까워졌음을……」{W}",
01-00-0092-05,1,0,6C8A88,0092,5,樹の精霊,"樹の精霊
「あなたたちだけにでも知ってもらい
　たいのです」{W}","나무의 정령
「당신들에게만이라도 알리고
　싶습니다」{W}",
01-00-018E-00,1,0,6C8A88,018E,0,樹の精霊,"樹の精霊
「私は、大樹ユグドラシルに宿る精霊
　マーテル」{W}","나무의 정령
「저는 대수 유그드라실에
　깃든 정령, 마텔입니다」{W}",
01-00-018E-01,1,0,6C8A88,018E,1,マーテル,"マーテル
「今、大樹の死期が近づいています」{W}","마텔
「지금 대수의 임종이 다가오고
　있습니다」{W}",
01-00-018E-02,1,0,6C8A88,018E,2,クラース,"{N4}
「それが一体、どうしたと{SPD:10}・・・{SPD:FF}？」{W}","{N4}
「그게 대체, 어떻다는{SPD:10}……{SPD:FF}?」{W}",
01-00-018E-03,1,0,6C8A88,018E,3,マーテル,"マーテル
「精霊たちと魔力の源であるマナは、
　この大樹から生まれているのです」{W}","마텔
「정령들과 마력의 근원 마나는
　이 대수에게서 태어납니다」{W}",
01-00-018E-04,1,0,6C8A88,018E,4,マーテル,"マーテル
「御存じでしたか？」{W}","마텔
「알고 계셨나요?」{W}",
01-00-029E-00,1,0,6C8A88,029E,0,クラース,"{N4}
「なんだって！」{W}","{N4}
「뭐라고!」{W}",
01-00-029E-01,1,0,6C8A88,029E,1,クラース,"{N4}
「本当なのか・・・？」{W}","{N4}
「진짜인가……?」{W}",
01-00-029E-02,1,0,6C8A88,029E,2,クラース,"{N4}
「こんな樹一本で世界中に満ち足りる
　だけの、マナが？」{W}","{N4}
「이런 나무 한 그루로
　온 세상을 채울 마나가?」{W}",
01-00-029E-03,1,0,6C8A88,029E,3,マーテル,"マーテル
「・・・そうです」{W}","마텔
「……그렇습니다」{W}",
01-00-029E-04,1,0,6C8A88,029E,4,クラース,"{N4}
「{SPD:10}・・・・・・{SPD:FF}信じられんな」{W}","{N4}
「{SPD:10}……{SPD:FF}믿기지 않는군」{W}",
01-00-029E-05,1,0,6C8A88,029E,5,クラース,"{N4}
「証拠も根拠もない」{W}","{N4}
「증거도 근거도 없지 않나」{W}",
01-00-029E-06,1,0,6C8A88,029E,6,マーテル,"マーテル
「樹が枯れた後でなければ、信じては
　もらえませんか？」{W}","마텔
「나무가 시든 뒤가 아니면
　믿어 주실 수 없나요?」{W}",
01-00-029E-07,1,0,6C8A88,029E,7,マーテル,"マーテル
「精霊も魔術も、すべてが失われてか
　らでなければ{SPD:10}・・・{SPD:FF}」{W}","마텔
「정령도 마술도 모두 사라지고
　나서야만{SPD:10}……{SPD:FF}」{W}",
01-00-029E-08,1,0,6C8A88,029E,8,クラース,"{N4}
「{SPD:10}・・・・・・・・・{SPD:FF}」{W}","{N4}
「{SPD:10}………{SPD:FF}」{W}",
01-00-0434-00,1,0,6C8A88,0434,0,クレス,"{N1}
「この精霊が言ってることは、たぶん
　本当ですよ！」{W}","{N1}
「이 정령이 하는 말은, 아마
　진짜일 거예요!」{W}",
01-00-0434-01,1,0,6C8A88,0434,1,クレス,"{N1}
「ぼくらが住む１００年後の未来には　魔術なんてなかったし・・・」{W}","{N1}
「우리가 사는 백 년 후의 미래엔
　마술 같은 건 없었고……」{W}",
01-00-0434-02,1,0,6C8A88,0434,2,クレス,"{N1}
「それにぼくは見たんだ！」{W}","{N1}
「게다가 난 봤어!」{W}",
01-00-04DC-00,1,0,6C8A88,04DC,0,クレス,"{N1}
「この樹が、枯れ果てた姿を{SPD:10}・・・{SPD:FF}」{W}","{N1}
「이 나무가, 앙상하게
　시든 모습을{SPD:10}……{SPD:FF}」{W}",
01-00-04DC-01,1,0,6C8A88,04DC,1,クラース,"{N4}
「本当、・・・なのか？」{W}","{N4}
「진짜, ……인가?」{W}",
01-00-04DC-02,1,0,6C8A88,04DC,2,クラース,"{N4}
「だとしたら{SPD:10}・・・・・・{SPD:FF}」{W}","{N4}
「그렇다면{SPD:10}……{SPD:FF}」{W}",
01-00-055A-00,1,0,6C8A88,055A,0,マーテル,"マーテル
「・・・マナは・・・」{W}","마텔
「……마나는……」{W}",
01-00-055A-01,1,0,6C8A88,055A,1,マーテル,"マーテル
「大樹ユグドラシルが永遠に生き続け
　るために必要なもの・・・」{W}","마텔
「대수 유그드라실이 영원히
　살아가는 데 필요한 것……」{W}",
01-00-055A-02,1,0,6C8A88,055A,2,マーテル,"マーテル
「魔術で消費されたくらいでは{SPD:10}・・・{SPD:FF}
　本来、失われるはずはないのです」{W}","마텔
「마술로 소비되는 정도로는{SPD:10}……{SPD:FF}
　원래, 사라질 리가 없습니다」{W}",
01-00-055A-03,1,0,6C8A88,055A,3,クラース,"{N4}
「では、なぜ？」{W}","{N4}
「그럼, 왜지?」{W}",
01-00-055A-04,1,0,6C8A88,055A,4,マーテル,"マーテル
「・・・わかりません」{W}","마텔
「……모르겠습니다」{W}",
01-00-055A-05,1,0,6C8A88,055A,5,マーテル,"マーテル
「何らかの強い力がマナを大量に消費
　しているとしか・・・」{W}","마텔
「무언가 강한 힘이 마나를
　대량으로 소비하는 듯……」{W}",
01-00-055A-06,1,0,6C8A88,055A,6,クレス,"{N1}
「なんとか樹を助ける方法は？」{W}","{N1}
「어떻게든 나무를 구할
　방법은?」{W}",
01-00-055A-07,1,0,6C8A88,055A,7,クレス,"{N1}
「魔法がなければダオスを倒すことも
　できなくなってしまう」{W}","{N1}
「마법이 없으면 다오스를
　쓰러뜨리지도 못하게 돼」{W}",
01-00-055A-08,1,0,6C8A88,055A,8,クラース,"{N4}
「・・・それに私の研究も無駄になっ
　てしまう」{W}","{N4}
「……게다가 내 연구도 헛수고가
　되어 버려」{W}",
01-00-0748-00,1,0,6C8A88,0748,0,クラース,"{N4}
「待ってくれ！」{W}","{N4}
「기다려 줘!」{W}",
01-00-0748-01,1,0,6C8A88,0748,1,クラース,"{N4}
「まだ聞きたいことがッ！！」{W}","{N4}
「아직 물어볼 게 있다!!」{W}",
01-00-0786-00,1,0,6C8A88,0786,0,ミント,"{N2}
「私がやってみます」{W}","{N2}
「제가 해 보겠습니다」{W}",
01-00-07A4-00,1,0,6C8A88,07A4,0,クラース,"{N4}
「えッ？」{W}","{N4}
「엇?」{W}",
01-00-07B8-00,1,0,6C8A88,07B8,0,ミント,"{N2}
「ダメみたい{SPD:10}・・・{SPD:FF}」{W}","{N2}
「안 되는 것 같아요{SPD:10}……{SPD:FF}」{W}",
01-00-07DE-00,1,0,6C8A88,07DE,0,ミント,"{N2}
「私にお母さんくらいの強い法術の力
　があれば{SPD:10}・・・{SPD:FF}」{W}","{N2}
「제게 어머니만큼 강한
　법술의 힘이 있다면{SPD:10}……{SPD:FF}」{W}",
01-00-0826-00,1,0,6C8A88,0826,0,クラース,"{N4}
「そんなに、都合良くはいかないか
　{SPD:10}・・・{SPD:FF}」{W}","{N4}
「그렇게, 편하게 되진 않는가
　{SPD:10}……{SPD:FF}」{W}",
01-00-0826-01,1,0,6C8A88,0826,1,ミント,"{N2}
「でも歴史は変えられますよね」{W}","{N2}
「하지만 역사는 바꿀 수 있죠」{W}",
01-00-0826-02,1,0,6C8A88,0826,2,ミント,"{N2}
「ダオスが未来に時間転移する前に倒
　すことだって・・・」{W}","{N2}
「다오스가 미래로 시간이동하기
　전에 쓰러뜨리는 것도……」{W}",
01-00-0826-03,1,0,6C8A88,0826,3,ミント,"{N2}
「きっと可能ですよッ！！」{W}","{N2}
「분명 가능할 거예요!!」{W}",
01-00-0826-04,1,0,6C8A88,0826,4,クラース,"{N4}
「確かにそうだ」{W}","{N4}
「확실히 그렇군」{W}",
01-00-0826-05,1,0,6C8A88,0826,5,クラース,"{N4}
「マナを、大量に消費する原因を取り
　除く方法だってあるしな」{W}","{N4}
「마나를 대량 소비하는 원인을
　없앨 방법도 있으니까」{W}",
01-00-0826-06,1,0,6C8A88,0826,6,クレス,"{N1}
「取り除くって言っても・・・」{W}","{N1}
「없앤다고 해도……」{W}",
01-00-0826-07,1,0,6C8A88,0826,7,クレス,"{N1}
「これからぼくたちは何をしたらいい
　んでしょう？」{W}","{N1}
「이제부터 우리는 무엇을 하면
　좋을까요?」{W}",
01-00-09AE-00,1,0,6C8A88,09AE,0,クラース,"{N4}
「現在、確認されている精霊の中で、
　最も強い力を持つもの・・・」{W}","{N4}
「현재, 확인된 정령들 중에서
　가장 강한 힘을 가진 것……」{W}",
01-00-09AE-01,1,0,6C8A88,09AE,1,クラース,"{N4}
「それは『ルナ』という、月の精霊な
　んだ」{W}","{N4}
「그건 『루나』라는 달의 정령
　이다」{W}",
01-00-09AE-02,1,0,6C8A88,09AE,2,クラース,"{N4}
「そして、そのルナと契約するために
　必要な指輪は・・・」{W}","{N4}
「그리고 그 루나와 계약에
　필요한 반지는……」{W}",
01-00-09AE-03,1,0,6C8A88,09AE,3,クラース,"{N4}
「モーリア坑道にある」{W}","{N4}
「모리아 갱도에 있다」{W}",
01-00-09AE-04,1,0,6C8A88,09AE,4,クラース,"{N4}
「・・・そう言われている」{W}","{N4}
「……그렇게 전해지고 있지」{W}",
01-00-09AE-05,1,0,6C8A88,09AE,5,クレス,"{N1}
「モーリア坑道？」{W}","{N1}
「모리아 갱도?」{W}",
01-00-09AE-06,1,0,6C8A88,09AE,6,クラース,"{N4}
「魔法王国アルヴァニスタにある、ド
　ワーフの鉱山跡だが・・・」{W}","{N4}
「마법왕국 알바니스타에 있는
　드워프 폐광이다만…」{W}",
01-00-09AE-07,1,0,6C8A88,09AE,7,クラース,"{N4}
「残念ながら詳しい話は知らん」{W}","{N4}
「안타깝게도 자세히는 모른다」{W}",
01-00-09AE-08,1,0,6C8A88,09AE,8,ミント,"{N2}
「アルヴァニスタ？」{W}","{N2}
「알바니스타?」{W}",
01-00-09AE-09,1,0,6C8A88,09AE,9,クラース,"{N4}
「ああ」{W}","{N4}
「그래」{W}",
01-00-09AE-10,1,0,6C8A88,09AE,10,クラース,"{N4}
「アルヴァニスタ王国は、世界で最も
　魔法文化が発達した国でね」{W}","{N4}
「알바니스타 왕국은 세계에서
　마법 문화가 가장 발달했지」{W}",
01-00-09AE-11,1,0,6C8A88,09AE,11,クラース,"{N4}
「そこに行けば必ず重要な情報が得ら
　れるはずだ」{W}","{N4}
「그곳에 가면 중요한 정보를
　얻을 수 있을 거다」{W}",
01-00-09AE-12,1,0,6C8A88,09AE,12,クラース,"{N4}
「ルートは確か・・・」{W}","{N4}
「경로는 분명……」{W}",
01-00-09AE-13,1,0,6C8A88,09AE,13,クラース,"{N4}
「北にあるベネツィアという港町から
　定期船が出ているはずだ」{W}","{N4}
「북쪽에 있는 베네치아라는
　항구에서 정기선이 뜬다」{W}",
01-00-0C4A-00,1,0,6C8A88,0C4A,0,クレス,"{N1}
「一体どうしたら・・・」{W}","{N1}
「대체 어떻게 하면……」{W}",
01-00-0C4A-01,1,0,6C8A88,0C4A,1,クレス,"{N1}
「ユグドラシルを復活させることがで
　きるんだろう？」{W}","{N1}
「유그드라실을 되살릴 수
　있을까?」{W}",
01-00-0CAA-00,1,0,6C8A88,0CAA,0,クレス,"{N1}
「樹が、枯れかけてる・・・」{W}","{N1}
「나무가 시들어 가고 있어……」{W}",
01-00-0CD0-00,1,0,6C8A88,0CD0,0,ミント,"{N2}
「ダメだわ・・・」{W}","{N2}
「안 되겠어……」{W}",
01-00-0CD0-01,1,0,6C8A88,0CD0,1,ミント,"{N2}
「私じゃ無理なのかしら・・・」{W}","{N2}
「나로선 무리인 걸까……」{W}",
01-00-0D12-00,1,0,6C8A88,0D12,0,アーチェ,"{N3}
「あきらめちゃダメだよ」{W}","{N3}
「포기하면 안 돼」{W}",
01-00-0D12-01,1,0,6C8A88,0D12,1,アーチェ,"{N3}
「今、少しだけ樹が元気になったよ」{W}","{N3}
「지금, 나무가 조금은 기운을
　차렸어」{W}",
01-00-0D12-02,1,0,6C8A88,0D12,2,アーチェ,"{N3}
「がんばればきっと・・・ねっ」{W}","{N3}
「힘내면 분명……응!」{W}",
01-00-0D12-03,1,0,6C8A88,0D12,3,ミント,"{N2}
「ええ・・・」{W}","{N2}
「그래……」{W}",
01-00-0D12-04,1,0,6C8A88,0D12,4,ミント,"{N2}
「でもこのままじゃ・・・」{W}","{N2}
「하지만 이대로는……」{W}",
01-00-0DBC-00,1,0,6C8A88,0DBC,0,クレス,"{N1}
「この森、いつも狩りをしていたあの
　森だったんだな」{W}","{N1}
「이 숲, 늘 사냥을 하던 그
　숲이었구나」{W}",
01-00-0DFC-00,1,0,6C8A88,0DFC,0,クレス,"{N1}
「なんかこの森、どこかで見たような
　{SPD:10}・・・{SPD:FF}」{W}","{N1}
「왠지 이 숲, 어디선가 본 것
　같은{SPD:10}……{SPD:FF}」{W}",
01-00-0E3C-00,1,0,6C8A88,0E3C,0,ミント,"{N2}
「みんなさがって下さい」{W}","{N2}
「모두 물러서 주세요」{W}",
01-00-0E3C-01,1,0,6C8A88,0E3C,1,ミント,"{N2}
「私が今使える最高の法術をかけてみ
　ます」{W}","{N2}
「제가 지금 쓸 수 있는 최고의
　법술을 걸어 보겠습니다」{W}",
01-00-0E92-00,1,0,6C8A88,0E92,0,クラース,"{N4}
「どうやら、未来でもユグドラシルは
　枯れていないようだな」{W}","{N4}
「아무래도 미래에도 유그드라실
　은 시들지 않은 모양이군」{W}",
01-00-0E92-01,1,0,6C8A88,0E92,1,ミント,"{N2}
「よかった{SPD:10}・・・{SPD:FF}」{W}","{N2}
「다행이에요{SPD:10}……{SPD:FF}」{W}",
01-00-0EFA-00,1,0,6C8A88,0EFA,0,クレス,"{N1}
「でも、またいつ枯れて魔術が使えな
　くなってしまうかわからないんだ」{W}","{N1}
「하지만 언제 다시 시들어서
　못 쓰게 될지 모르는 거야」{W}",
01-00-0EFA-01,1,0,6C8A88,0EFA,1,クレス,"{N1}
「一刻も早くダオスを倒しにいこう」{W}","{N1}
「한시라도 빨리
　다오스를 쓰러뜨리자」{W}",
01-00-0F74-00,1,0,6C8A88,0F74,0,アーチェ,"{N3}
「あっ、樹のおねーちゃんが出てくる
　よ！」{W}","{N3}
「앗, 나무의 누나가 나온다
　구!」{W}",
01-00-0FAA-00,1,0,6C8A88,0FAA,0,マーテル,"マーテル
『長い時を越えて・・・』{W}","마텔
『긴 시간을 넘어……』{W}",
01-00-0FAA-01,1,0,6C8A88,0FAA,1,マーテル,"マーテル
『再びあなたたちと会う事になるとは
　思ってもみませんでした』{W}","마텔
『다시 당신들과 만나게 될 줄은
　생각도 못했습니다』{W}",
01-00-0FAA-02,1,0,6C8A88,0FAA,2,クラース,"{N4}
「マナはまだ大丈夫なのか？」{W}","{N4}
「마나는 아직 괜찮은 건가?」{W}",
01-00-0FAA-03,1,0,6C8A88,0FAA,3,マーテル,"マーテル
『・・・はい』{W}","마텔
『……네』{W}",
01-00-0FAA-04,1,0,6C8A88,0FAA,4,マーテル,"マーテル
『もう、精霊も魔術も失われることは
　ないでしょう』{W}","마텔
『이제 정령도 마술도 사라질
　일은 없을 겁니다』{W}",
01-00-0FAA-05,1,0,6C8A88,0FAA,5,マーテル,"マーテル
『ある時を境に、マナの消費は正常に
　なりましたので{SPD:10}・・・{SPD:FF}』{W}","마텔
『어느 순간부터 마나의
　소비가 정상이 됐으니까요{SPD:10}……{SPD:FF}』{W}",
01-00-0FAA-06,1,0,6C8A88,0FAA,6,クラース,"{N4}
「そうか」{W}","{N4}
「그런가」{W}",
01-00-0FAA-07,1,0,6C8A88,0FAA,7,マーテル,"マーテル
『マナが・・・、奪い取られるように
　失われ・・・』{W}","마텔
『마나가……, 빼앗기듯이
　사라지던……』{W}",
01-00-0FAA-08,1,0,6C8A88,0FAA,8,マーテル,"マーテル
『この身が、引き裂かれるような思い
　をしなくなってから・・・』{W}","마텔
『이 몸이 찢겨나가는 듯한
　느낌이 없어지고서야……』{W}",
01-00-0FAA-09,1,0,6C8A88,0FAA,9,マーテル,"マーテル
『私は、眠りにつく時間が長くなりま
　した』{W}","마텔
『저는, 잠드는 시간이 길어졌
　습니다』{W}",
01-00-11BE-00,1,0,6C8A88,11BE,0,アーチェ,"{N3}
「精霊も眠るんだ？」{W}","{N3}
「정령도 잠을 자는구나?」{W}",
01-00-11DC-00,1,0,6C8A88,11DC,0,マーテル,"マーテル
『マナが世界に蓄えられていくに従っ
　て・・・』{W}","마텔
『마나가 세상에 쌓여감에
　따라서……』{W}",
01-00-11DC-01,1,0,6C8A88,11DC,1,マーテル,"マーテル
『私の中で何かが生まれるような、そ
　んな感じがするのです』{W}","마텔
『제 안에서 무언가 생기는
　그런 느낌이 듭니다』{W}",
01-00-1262-00,1,0,6C8A88,1262,0,マーテル,"マーテル
『そして・・・』{W}","마텔
『그리고……』{W}",
01-00-1262-01,1,0,6C8A88,1262,1,マーテル,"マーテル
『私が眠っている間、美しい男性がこ
　こに訪れているようなのです』{W}","마텔
『제가 잠든 사이, 고운 남자가
　이곳에 다녀가는 듯해요』{W}",
01-00-1262-02,1,0,6C8A88,1262,2,マーテル,"マーテル
『私を見守るようにして去っていく、
　長い金髪{SPD:10}・・・{SPD:FF}』{W}","마텔
『저를 지켜보듯 하고 떠나가는,
　긴 금발{SPD:10}……{SPD:FF}』{W}",
01-00-1318-00,1,0,6C8A88,1318,0,チェスター,"{N5}
「どうしたんだ？」{W}","{N5}
「왜 그래?」{W}",
01-00-1318-01,1,0,6C8A88,1318,1,チェスター,"{N5}
「話の途中で」{W}","{N5}
「얘기하다 말고」{W}",
01-00-134A-00,1,0,6C8A88,134A,0,クレス,"{N1}
「だっ、誰だ！？」{W}","{N1}
「누, 누구냐!?」{W}",
01-00-1366-00,1,0,6C8A88,1366,0,クレス,"{N1}
「だっ、ダッ{SPD:10}・・・・・・{SPD:FF}ダオス！」{W}","{N1}
「다, 다{SPD:10}……{SPD:FF}다오스!」{W}",
01-00-139A-00,1,0,6C8A88,139A,0,ダオス,"ダオス
「見覚えがあると思えば・・・」{W}","다오스
「낯이 익다 싶더니……」{W}",
01-00-139A-01,1,0,6C8A88,139A,1,ダオス,"ダオス
「ちっ、忌々しい奴らよ」{W}","다오스
「쳇, 지긋지긋한 놈들이로다」{W}",
01-00-139A-02,1,0,6C8A88,139A,2,ダオス,"ダオス
「この未来まで、私を追いかけてきた
　のか」{W}","다오스
「이 미래까지, 나를 쫓아왔단
　말이냐」{W}",
01-00-139A-03,1,0,6C8A88,139A,3,ダオス,"ダオス
「お前たちもミッドガルズと同じ運命
　をたどるがいい！！」{W}","다오스
「너희도 미드가르즈와 같은
　운명을 걷게 해 주마!!」{W}",
01-00-1460-00,1,0,6C8A88,1460,0,クラース,"{N4}
「まずいッ！」{W}","{N4}
「위험해!」{W}",
01-00-1478-00,1,0,6C8A88,1478,0,ダオス,"ダオス
「ここで戦えば大樹カーラーンに被害
　が及ぶか・・・」{W}","다오스
「여기서 싸우면 대수 카란에
　피해가 미치려나……」{W}",
01-00-1478-01,1,0,6C8A88,1478,1,ダオス,"ダオス
「ふっ・・・、命拾いしたな」{W}","다오스
「흠……, 목숨을 건졌구나」{W}",
01-00-14E0-00,1,0,6C8A88,14E0,0,クレス,"{N1}
「たっ、助かった・・・」{W}","{N1}
「사, 살았다……」{W}",
01-00-14E0-01,1,0,6C8A88,14E0,1,アーチェ,"{N3}
「死ぬかと思った・・・」{W}","{N3}
「죽는 줄 알았어……」{W}",
01-00-14E0-02,1,0,6C8A88,14E0,2,クラース,"{N4}
「何だあれは？」{W}","{N4}
「저건 뭐지?」{W}",
01-00-14E0-03,1,0,6C8A88,14E0,3,クラース,"{N4}
「以前とは比べ物にならない力を感じ
　たぞ・・・」{W}","{N4}
「이전과는 비교할 수 없는 힘을
　느꼈다……」{W}",
01-00-14E0-04,1,0,6C8A88,14E0,4,クレス,"{N1}
「今のぼくたちでは・・・」{W}","{N1}
「지금의 우리로서는……」{W}",
01-00-14E0-05,1,0,6C8A88,14E0,5,アーチェ,"{N3}
「勝てない？」{W}","{N3}
「못 이겨?」{W}",
01-00-15AC-00,1,0,6C8A88,15AC,0,クレス,"{N1}
「・・・悔しいけど・・・」{W}","{N1}
「……속상하지만……」{W}",
01-00-15D0-00,1,0,6C8A88,15D0,0,クラース,"{N4}
「ダオスはなぜここに現れたんだ？」{W}","{N4}
「다오스는 왜
　여기 나타난 거지?」{W}",
01-00-15D0-01,1,0,6C8A88,15D0,1,クラース,"{N4}
「私たちを・・・、殺しに来たんじゃ
　ないのか？」{W}","{N4}
「우리를……, 죽이러 온 게
　아닌가?」{W}",
01-00-1636-00,1,0,6C8A88,1636,0,ミント,"{N2}
「私たちが時間転移してきたのを初め
　て知ったような口ぶりでしたよ？」{W}","{N2}
「우리가 시간이동해 온 걸
　처음 알았다는 말투였어요?」{W}",
01-00-1686-00,1,0,6C8A88,1686,0,クラース,"{N4}
「さあ・・・」{W}","{N4}
「자……」{W}",
01-00-1686-01,1,0,6C8A88,1686,1,クラース,"{N4}
「早く時を操る剣を探そう」{W}","{N4}
「빨리 시간을 다루는
　검을 찾자」{W}",
01-00-16C0-00,1,0,6C8A88,16C0,0,クラース,"{N4}
「さあ・・・」{W}","{N4}
「자……」{W}",
01-00-16C0-01,1,0,6C8A88,16C0,1,クラース,"{N4}
「早く三種の武具を探しだそう」{W}","{N4}
「빨리 세 가지 무구를
　찾아내자」{W}",
01-00-16FE-00,1,0,6C8A88,16FE,0,クラース,"{N4}
「さあ・・・」{W}","{N4}
「자……」{W}",
01-00-16FE-01,1,0,6C8A88,16FE,1,クラース,"{N4}
「早くアルヴァニスタ王に会いに行こ
　う」{W}","{N4}
「빨리 알바니스타 왕을 만나러
　가자」{W}",
01-00-1748-00,1,0,6C8A88,1748,0,ミント,"{N2}
「そうですね」{W}","{N2}
「그렇군요」{W}",
01-00-1760-00,1,0,6C8A88,1760,0,,"「マナが{SPD:10}・・・・・・{SPD:FF}、
　消えてゆく{SPD:10}・・・・・・{SPD:FF}」{W}","「마나가{SPD:10}……{SPD:FF},
　사라져 간다{SPD:10}……{SPD:FF}」{W}",
01-00-17A6-00,1,0,6C8A88,17A6,0,,"　　彼は自分の母星を救うために
　　　　「大いなる実り」を
　　　必要としていた・・・。{W}","　　그는 제 모성을 구하려고
　　　　「큰 결실」을
　　　필요로 했다……{W}",
01-00-17A6-01,1,0,6C8A88,17A6,1,,"　　　　それはマナを集めて
　ユグドラシルより生まれるという{W}","　　　　그것은 마나를 모아
　유그드라실에서 태어난다는{W}",
01-00-17A6-02,1,0,6C8A88,17A6,2,,だが・・・、{W},"하지만……,{W}",
01-00-184E-00,1,0,6C8A88,184E,0,マーテル,"マーテル
『聖なる大地、聖なる宇宙、聖なる神
　よ！』{W}","마텔
『성스러운 대지여, 우주여,
　성스러운 신이시여!』{W}",
01-00-184E-01,1,0,6C8A88,184E,1,マーテル,"マーテル
『その慈悲深き御心、この罪深き者に
　祝福を与えん・・・」{W}","마텔
『그 자비로운 마음으로,
　이 죄인에게 축복을……』{W}",
01-00-18CE-00,1,0,6C8A88,18CE,0,マーテル,"マーテル
『大いなる実りよ、今ここに！』{W}","마텔
『큰 결실이여, 지금 여기에!』{W}",
01-00-18FA-00,1,0,6C8A88,18FA,0,クレス,"{N1}
「みんな、大丈夫か・・・？」{W}","{N1}
「다들, 괜찮아……?」{W}",
01-00-1920-00,1,0,6C8A88,1920,0,クレス,"{N1}
「やった！！」{W}","{N1}
「해냈다!!」{W}",
01-00-1920-01,1,0,6C8A88,1920,1,クレス,"{N1}
「ユグドラシルが元に戻ったぞ！！」{W}","{N1}
「유그드라실이 원래대로 돌아왔
　어!!」{W}",
01-00-1962-00,1,0,6C8A88,1962,0,クラース,"{N4}
「{N2}、すごいぞ！」{W}","{N4}
「{N2}, 대단하구나!」{W}",
01-00-1962-01,1,0,6C8A88,1962,1,クラース,"{N4}
「よくやったなぁ！！」{W}","{N4}
「정말 잘했어!!」{W}",
01-00-1962-02,1,0,6C8A88,1962,2,アーチェ,"{N3}
「やったじゃん！」{W}","{N3}
「해냈잖아!」{W}",
01-00-19B8-00,1,0,6C8A88,19B8,0,マーテル,"マーテル
「力が・・・、湧き上がってくるよう
　です」{W}","마텔
「힘이……, 솟아오르는
　것 같습니다」{W}",
01-00-19B8-01,1,0,6C8A88,19B8,1,マーテル,"マーテル
「これはあなたの力なのですね」{W}","마텔
「이건 당신의 힘이었군요」{W}",
01-00-19B8-02,1,0,6C8A88,19B8,2,ミント,"{N2}
「いえ、私だけの力じゃ・・・」{W}","{N2}
「아니요, 저 혼자만의 힘이
　아니라……」{W}",
01-00-19B8-03,1,0,6C8A88,19B8,3,ミント,"{N2}
「ユニコーンとみんなの力があったか
　ら・・・」{W}","{N2}
「유니콘과 모두의 힘이 있었기
　때문에……」{W}",
01-00-19B8-04,1,0,6C8A88,19B8,4,アーチェ,"{N3}
「そんなことないよ、法術をかけたの
　は{N2}じゃん」{W}","{N3}
「그렇지 않아, 법술을 건 건
　{N2}잖아」{W}",
01-00-19B8-05,1,0,6C8A88,19B8,5,クレス,"{N1}
「そうだよ」{W}","{N1}
「맞아」{W}",
01-00-19B8-06,1,0,6C8A88,19B8,6,クレス,"{N1}
「{N2}の力があればこそさ」{W}","{N1}
「{N2}가 있어서 가능해」{W}",
01-00-19B8-07,1,0,6C8A88,19B8,7,マーテル,"マーテル
「ありがとうございます」{W}","마텔
「감사합니다」{W}",
01-00-19B8-08,1,0,6C8A88,19B8,8,マーテル,"マーテル
「これで私も、もうしばらく生き長ら
　えそうです{SPD:10}・・・{SPD:FF}」{W}","마텔
「이걸로 저도, 조금 더 오래
　살아갈 수 있을 듯합니다{SPD:10}……{SPD:FF}」{W}",
01-00-19B8-09,1,0,6C8A88,19B8,9,マーテル,"マーテル
「ですが、マナの力は未だに大量に消
　費されています」{W}","마텔
「하지만, 마나의 힘은 여전히
　대량으로 소비되고 있습니다」{W}",
01-00-19B8-10,1,0,6C8A88,19B8,10,マーテル,"マーテル
「なぜこんなに・・・」{W}","마텔
「어째서 이렇게……」{W}",
01-00-19B8-11,1,0,6C8A88,19B8,11,クラース,"{N4}
「それはたぶん魔科学のせいだろう」{W}","{N4}
「그건 아마 마과학 때문이겠지」{W}",
01-00-19B8-12,1,0,6C8A88,19B8,12,クラース,"{N4}
「あれだけの力を引き出すには相当な
　マナを消費するだろうからな」{W}","{N4}
「그 정도 힘을 끌어내려면
　상당한 마나가 드니까」{W}",
01-00-1C34-00,1,0,6C8A88,1C34,0,アーチェ,"{N3}
「消えちゃった・・・」{W}","{N3}
「사라져 버렸어……」{W}",
01-00-1C34-01,1,0,6C8A88,1C34,1,アーチェ,"{N3}
「もう少し話してくれてもいいのに」{W}","{N3}
「조금만 더 얘기해 줘도
　됐잖아」{W}",
01-00-1C34-02,1,0,6C8A88,1C34,2,クラース,"{N4}
「彼女も精霊だからな」{W}","{N4}
「그녀도 정령이니까」{W}",
01-00-1C34-03,1,0,6C8A88,1C34,3,クラース,"{N4}
「本当は、この世界に姿を現すのさえ
　大変なことなんだ」{W}","{N4}
「사실 이 세상에 나타나는
　것조차 힘든 일이거든」{W}",
01-00-1C34-04,1,0,6C8A88,1C34,4,クラース,"{N4}
「しかし、未だにマナが大量に消費さ
　れているか・・・」{W}","{N4}
「하지만 아직도 마나가 많이
　소비되고 있는 건가……」{W}",
01-00-1D1C-00,1,0,6C8A88,1D1C,0,クレス,"{N1}
「もしかして・・・」{W}","{N1}
「혹시……」{W}",
01-00-1D1C-01,1,0,6C8A88,1D1C,1,クラース,"{N4}
「どうした、{N1}？」{W}","{N4}
「무슨 일이야, {N1}?」{W}",
01-00-1D1C-02,1,0,6C8A88,1D1C,2,クレス,"{N1}
「ダオスがミッドガルズを執拗に襲っ
　たのは・・・」{W}","{N1}
「다오스가 미드가르즈를 집요하게
　공격한 건……」{W}",
01-00-1D1C-03,1,0,6C8A88,1D1C,3,クレス,"{N1}
「魔科学を滅ぼそうとしたためかなぁ
　と思って・・・」{W}","{N1}
「마과학을 없애려 했기 때문일까
　싶어서……」{W}",
01-00-1D1C-04,1,0,6C8A88,1D1C,4,ミント,"{N2}
「もしかしてマナの力を利用しようと
　・・・」{W}","{N2}
「혹시 마나의 힘을 이용하려고
　……」{W}",
01-00-1D1C-05,1,0,6C8A88,1D1C,5,アーチェ,"{N3}
「魔科学の力を恐れたからかもしれな
　いよ」{W}","{N3}
「마과학의 힘이 무서웠기
　때문일지도 몰라」{W}",
01-00-1D1C-06,1,0,6C8A88,1D1C,6,アーチェ,"{N3}
「だってダオスって魔法でしか傷つけ
　られないじゃん？」{W}","{N3}
「다오스는 마법으로만 상처를
　입힐 수 있잖아?」{W}",
01-00-1D1C-07,1,0,6C8A88,1D1C,7,クラース,"{N4}
「・・・まぁここで議論したって始ま
　らないな」{W}","{N4}
「……뭐 여기서 따져봤자
　소용없겠지」{W}",
01-00-1D1C-08,1,0,6C8A88,1D1C,8,クラース,"{N4}
「直接会って確かめるまでだ」{W}","{N4}
「직접 만나서
　확인해 볼 수밖에」{W}",
01-00-1D1C-09,1,0,6C8A88,1D1C,9,クラース,"{N4}
「それじゃあトールに向かうか」{W}","{N4}
「그럼 토르로 향할까」{W}",
01-00-1D1C-10,1,0,6C8A88,1D1C,10,クラース,"{N4}
「もしかしてこれが最後の戦いになる
　かもしれん」{W}","{N4}
「혹시 이게 마지막 싸움이
　될지도 모른다」{W}",
01-00-1D1C-11,1,0,6C8A88,1D1C,11,クラース,"{N4}
「準備はしっかりやっておいた方がい
　い」{W}","{N4}
「준비는 확실히 해 두는 게
　좋겠어」{W}",
01-00-1F68-00,1,0,6C8A88,1F68,0,クラース,"{N4}
「なっ、何だ！？」{W}","{N4}
「뭣, 뭐지!?」{W}",
01-00-1F68-01,1,0,6C8A88,1F68,1,クラース,"{N4}
「どうなっているんだ！？」{W}","{N4}
「어떻게 된 거야!?」{W}",
01-00-1F68-02,1,0,6C8A88,1F68,2,ミント,"{N2}
「ユ、ユニコーンホーンの力が強すぎ
　て・・・」{W}","{N2}
「유, 유니콘 뿔의 힘이 너무
　강해서……」{W}",
01-00-1F68-03,1,0,6C8A88,1F68,3,クレス,"{N1}
「{N2}！」{W}","{N1}
「{N2}!」{W}",
01-00-1F68-04,1,0,6C8A88,1F68,4,クレス,"{N1}
「早くユニコーンホーンから離れるん
　だ！！」{W}","{N1}
「빨리 유니콘 뿔에서 떨어져야
　해!!」{W}",
01-00-1F68-05,1,0,6C8A88,1F68,5,ミント,"{N2}
「ダメです！」{W}","{N2}
「안 돼요!」{W}",
01-00-1F68-06,1,0,6C8A88,1F68,6,ミント,"{N2}
「途中でやめたら・・・」{W}","{N2}
「중간에 멈추면……」{W}",
01-00-1F68-07,1,0,6C8A88,1F68,7,ミント,"{N2}
「ユニコーンホーンの力が暴走してし
　まうかもしれません！！」{W}","{N2}
「유니콘 뿔의 힘이 폭주해
　버릴지도 몰라요!!」{W}",
01-00-1F68-08,1,0,6C8A88,1F68,8,ミント,"{N2}
「そうなったら・・・、ユグドラシル
　が・・・！」{W}","{N2}
「그렇게 되면……, 유그드라실
　이……!」{W}",
01-00-1F68-09,1,0,6C8A88,1F68,9,クレス,"{N1}
「{N2}ー！！」{W}","{N1}
「{N2}ー!!」{W}",
01-00-20F2-00,1,0,6C8A88,20F2,0,ミント,"{N2}
（お父さん、お母さん、私に力を・・
　強い力をください・・！！）{W}","{N2}
（아버지, 어머니, 힘을……
　저에게 강한 힘을 주세요!!）{W}",
01-00-213C-00,1,0,6C8A88,213C,0,クレス,"{N1}
「信じられるんですか？」{W}","{N1}
「믿을 수 있으세요?」{W}",
01-00-213C-01,1,0,6C8A88,213C,1,クレス,"{N1}
「ダオスが自分の星を救うために戦っ
　ていたなんて」{W}","{N1}
「다오스가 자신의 별을 구하려고
　싸웠다는 게」{W}",
01-00-213C-02,1,0,6C8A88,213C,2,クレス,"{N1}
「これじゃあ・・・、まるでぼくたち
　の方が・・・」{W}","{N1}
「이러면……, 마치 우리 쪽이
　……」{W}",
01-00-21D6-00,1,0,6C8A88,21D6,0,クラース,"{N4}
「はやとちりするな」{W}","{N4}
「경솔하게 판단하지 마라」{W}",
01-00-21D6-01,1,0,6C8A88,21D6,1,クラース,"{N4}
「奴だって人間をさんざん殺している
　んだ」{W}","{N4}
「그놈도 인간을 실컷 죽였다」{W}",
01-00-21D6-02,1,0,6C8A88,21D6,2,クラース,"{N4}
「私たちだって自分を信じてここまで
　来た」{W}","{N4}
「우리도 자신을 믿고 여기까지
　왔다」{W}",
01-00-225C-00,1,0,6C8A88,225C,0,クラース,"{N4}
「違うか？」{W}","{N4}
「다른가?」{W}",
01-00-2272-00,1,0,6C8A88,2272,0,クラース,"{N4}
「なに・・・、魔科学なんてなくたっ
　て、人間は生きていけるさ」{W}","{N4}
「뭐……, 마과학이 없어도
　인간은 살아갈 수 있어」{W}",
01-00-2272-01,1,0,6C8A88,2272,1,クラース,"{N4}
「魔法が使えないのは、さすがに残念
　だが・・・」{W}","{N4}
「마법을 못 쓰는 건 아쉽
　지만……」{W}",
01-00-22F6-00,1,0,6C8A88,22F6,0,アーチェ,"{N3}
「なに言ってんの！」{W}","{N3}
「무슨 소리야!」{W}",
01-00-22F6-01,1,0,6C8A88,22F6,1,アーチェ,"{N3}
「{N4}ならさ・・・」{W}","{N3}
「{N4}라면 말이야……」{W}",
01-00-22F6-02,1,0,6C8A88,22F6,2,アーチェ,"{N3}
「必ず使えるようになるってば」{W}","{N3}
「분명 다시 쓸 수 있게 될걸」{W}",
01-00-22F6-03,1,0,6C8A88,22F6,3,クラース,"{N4}
「ふふ、すまんな」{W}","{N4}
「후후, 고맙구나」{W}",
01-00-2370-00,1,0,6C8A88,2370,0,ミント,"{N2}
「それじゃあいきます」{W}","{N2}
「그럼 시작하겠습니다」{W}",
01-00-2370-01,1,0,6C8A88,2370,1,ミント,"{N2}
「さがって下さい」{W}","{N2}
「물러나 주세요」{W}",
01-00-23AA-00,1,0,6C8A88,23AA,0,ミント,"{N2}
「ユグドラシルの周りにマナの流出を
　防ぐバリアーをはります」{W}","{N2}
「유그드라실 주위에 마나 유출을
　막는 방벽을 치겠습니다」{W}",
01-00-23AA-01,1,0,6C8A88,23AA,1,ミント,"{N2}
「・・・これでいつか、きっと大いな
　る実りが生まれる時が来るはず」{W}","{N2}
「……이걸로 언젠가, 분명 큰
　결실이 열릴 때가 와요」{W}",
01-00-23AA-02,1,0,6C8A88,23AA,2,クラース,"{N4}
「信念を持って、孤独な戦いを続けた
　奴への、せめてものはなむけだ」{W}","{N4}
「신념으로 외로운 싸움을 계속한
　그에게 보내는 작은 선물이다」{W}",
01-00-23AA-03,1,0,6C8A88,23AA,3,クラース,"{N4}
「{N2}、やってくれ！」{W}","{N4}
「{N2}, 해내라!」{W}",
01-00-24A8-00,1,0,6C8A88,24A8,0,ミント,"{N2}
「はい！」{W}","{N2}
「네!」{W}",
01-00-24BC-00,1,0,6C8A88,24BC,0,クラース,"{N4}
「これで我々の役目も終わったな」{W}","{N4}
「이걸로 우리의 역할도 끝났군」{W}",
01-00-24BC-01,1,0,6C8A88,24BC,1,クラース,"{N4}
「・・・帰ろう」{W}","{N4}
「……돌아가자」{W}",
01-00-24FE-00,1,0,6C8A88,24FE,0,クレス,"{N1}
「時間の剣よ！」{W}","{N1}
「시간의 검이여!」{W}",
01-00-24FE-01,1,0,6C8A88,24FE,1,クレス,"{N1}
「ぼくの時代へ！！」{W}","{N1}
「내 시대로!!」{W}",
01-00-2534-00,1,0,6C8A88,2534,0,すず,"{N6}
「私は・・・」{W}","{N6}
「저는……」{W}",
01-00-254C-00,1,0,6C8A88,254C,0,すず,"{N6}
「私は、ここでお別れですね」{W}","{N6}
「저는, 여기서 이별이네요」{W}",
01-00-2572-00,1,0,6C8A88,2572,0,ミント,"{N2}
「{N6}ちゃん・・・」{W}","{N2}
「{N6}……」{W}",
01-00-2590-00,1,0,6C8A88,2590,0,すず,"{N6}
「もう、会えないんですね」{W}","{N6}
「이제, 못 만나는 거네요」{W}",
01-00-25B4-00,1,0,6C8A88,25B4,0,すず,"{N6}
「でも・・・泣きません」{W}","{N6}
「하지만……울지 않을 거예요」{W}",
01-00-25D6-00,1,0,6C8A88,25D6,0,すず,"{N6}
「忍者は非情でなければ務まらないで
　すから・・・」{W}","{N6}
「닌자는 비정하지 않으면 안 되
　니까요……」{W}",
01-00-2614-00,1,0,6C8A88,2614,0,アーチェ,"{N3}
「{N6}ちゃぁ～ん〃」{W}","{N3}
「{N6}야아~앙〃」{W}",
01-00-2632-00,1,0,6C8A88,2632,0,アーチェ,"{N3}
「あたし、ずっと忘れないからね」{W}","{N3}
「나, 절대 안 잊을 거야」{W}",
01-00-265C-00,1,0,6C8A88,265C,0,すず,"{N6}
「わたしも、忘れません・・・」{W}","{N6}
「저도, 잊지 않을 거예요……」{W}",
01-00-2684-00,1,0,6C8A88,2684,0,すず,"{N6}
「それでは、これで・・・」{W}","{N6}
「그럼, 이만……」{W}",
01-00-26A8-00,1,0,6C8A88,26A8,0,クレス,"{N1}
「・・・・・・」{W}","{N1}
「……」{W}",
01-00-26A8-01,1,0,6C8A88,26A8,1,チェスター,"{N5}
「楽しかったぜ」{W}","{N5}
「즐거웠다」{W}",
01-00-26A8-02,1,0,6C8A88,26A8,2,すず,"{N6}
「はい」{W}","{N6}
「네」{W}",
01-00-26EA-00,1,0,6C8A88,26EA,0,クラース,"{N4}
「元気でな」{W}","{N4}
「잘 지내라」{W}",
01-00-26EA-01,1,0,6C8A88,26EA,1,すず,"{N6}
「はい」{W}","{N6}
「네」{W}",
01-00-2710-00,1,0,6C8A88,2710,0,クレス,"{N1}
「ありがとう」{W}","{N1}
「고마워」{W}",
01-00-2710-01,1,0,6C8A88,2710,1,クレス,"{N1}
「その・・・、いろいろと協力してく
　れて・・・」{W}","{N1}
「그……, 여러모로 도와줘
　서……」{W}",
01-00-2710-02,1,0,6C8A88,2710,2,すず,"{N6}
「いえ・・・こちらこそ・・・」{W}","{N6}
「아뇨……저야말로……」{W}",
01-00-2788-00,1,0,6C8A88,2788,0,クレス,"{N1}
「・・・・・・」{W}","{N1}
「……」{W}",
01-00-2788-01,1,0,6C8A88,2788,1,クレス,"{N1}
「{N6}ちゃん・・・」{W}","{N1}
「{N6}……」{W}",
01-00-27BE-00,1,0,6C8A88,27BE,0,すず,"{N6}
「はい？」{W}","{N6}
「네?」{W}",
01-00-27BE-01,1,0,6C8A88,27BE,1,クレス,"{N1}
「泣いてもいいんだよ」{W}","{N1}
「울어도 괜찮아」{W}",
01-00-27BE-02,1,0,6C8A88,27BE,2,クレス,"{N1}
「忍者だってこんな時は、泣いていい
　と思うよ」{W}","{N1}
「닌자라도 이런 땐, 울어도
　된다고 생각해」{W}",
01-00-2828-00,1,0,6C8A88,2828,0,すず,"{N6}
「・・・・・・」{W}","{N6}
「……」{W}",
01-00-2828-01,1,0,6C8A88,2828,1,すず,"{N6}
「ありがとうございます」{W}","{N6}
「감사합니다」{W}",
01-00-2828-02,1,0,6C8A88,2828,2,すず,"{N6}
「でも・・・泣きません」{W}","{N6}
「하지만……울지 않을 거예요」{W}",
01-00-2828-03,1,0,6C8A88,2828,3,クレス,"{N1}
「{N6}ちゃん・・・」{W}","{N1}
「{N6}……」{W}",
01-00-289E-00,1,0,6C8A88,289E,0,すず,"{N6}
「皆さんとは、笑ってお別れしたいか
　ら！」{W}","{N6}
「모두와는, 웃으며 헤어지고
　싶으니까요!」{W}",
01-00-28D4-00,1,0,6C8A88,28D4,0,クレス,"{N1}
「そう・・・、そうだねッ！
　元気で、{N6}ちゃん！」{W}","{N1}
「그래……, 그렇지!
　잘 지내, {N6}!」{W}",
01-00-2912-00,1,0,6C8A88,2912,0,すず,"{N6}
「はいッ！」{W}","{N6}
「네!」{W}",
01-00-2912-01,1,0,6C8A88,2912,1,すず,"{N6}
「みなさん、さようなら！
　お元気で！」{W}","{N6}
「모두, 안녕히!
　건강하세요!」{W}",
01-00-2958-00,1,0,6C8A88,2958,0,チェスター,"{N5}
「いい子だったな」{W}","{N5}
「착한 애였지」{W}",
01-00-2958-01,1,0,6C8A88,2958,1,ミント,"{N2}
「別れというのは、やはり悲しいもの
　ですね」{W}","{N2}
「이별이란 건, 역시 슬픈
　거네요」{W}",
01-00-2958-02,1,0,6C8A88,2958,2,アーチェ,"{N3}
「ずっと、一緒にいられたらいいのに
　・・・」{W}","{N3}
「계속, 같이 있을 수 있으면
　좋을 텐데……」{W}",
01-00-2958-03,1,0,6C8A88,2958,3,クラース,"{N4}
「さて、私たちも戻るとしよう」{W}","{N4}
「자, 우리도 돌아가도록 하지」{W}",
01-00-2958-04,1,0,6C8A88,2958,4,クレス,"{N1}
「・・・・・・」{W}","{N1}
「……」{W}",
01-00-2958-05,1,0,6C8A88,2958,5,クレス,"{N1}
「そうですね・・・」{W}","{N1}
「그렇네요……」{W}",
02-00-0000-00,2,0,6CD5D8,0000,0,クレス,"{N1}
「カギがかかってる」{W}",,
02-00-001E-00,2,0,6CD5D8,001E,0,,"{COL:3}休みますか？{COL:2}
",,
02-00-0036-00,2,0,6CD5D8,0036,0,ミント,"{N2}
「{N1}さん、もう大丈夫？」{W}",,
02-00-0036-01,2,0,6CD5D8,0036,1,クレス,"{N1}
「ああ、心配かけてごめん」{W}",,
02-00-0036-02,2,0,6CD5D8,0036,2,クレス,"{N1}
「もう大丈夫だよ」{W}",,
02-00-0036-03,2,0,6CD5D8,0036,3,ミント,"{N2}
「よかった{SPD:10}・・・{SPD:FF}」{W}",,
02-00-00B8-00,2,0,6CD5D8,00B8,0,行商人,"行商人
「私は行商人です」{W}",,
02-00-00B8-01,2,0,6CD5D8,00B8,1,行商人,"行商人
「何か買いませんか？」{W}",,
02-00-00F6-00,2,0,6CD5D8,00F6,0,行商人,"行商人
「あっ、すいません」{W}",,
02-00-00F6-01,2,0,6CD5D8,00F6,1,行商人,"行商人
「モリスンさんいますか？」{W}",,
02-00-00F6-02,2,0,6CD5D8,00F6,2,行商人,"行商人
「いくら呼んでも返事がなくて・・・
　あっ、あなたでもいいや」{W}",,
02-00-00F6-03,2,0,6CD5D8,00F6,3,行商人,"行商人
「何か買いませんか？」{W}",,
02-00-01A2-00,2,0,6CD5D8,01A2,0,行商人,"行商人
「まいど！」{W}",,
02-00-01BA-00,2,0,6CD5D8,01BA,0,お手伝い,"お手伝い
「こんにちは」{W}",,
02-00-01BA-01,2,0,6CD5D8,01BA,1,お手伝い,"お手伝い
「私、友人に紹介されてここで働いて
　いるの」{W}",,
02-00-01BA-02,2,0,6CD5D8,01BA,2,お手伝い,"お手伝い
「でも、モリスンのおじさまって
　{SPD:10}す・て・き{SPD:FF}」{W}",,
02-00-0252-00,2,0,6CD5D8,0252,0,お手伝い,"お手伝い
「きゃっ、言っちゃった▽」{W}",,
02-00-027A-00,2,0,6CD5D8,027A,0,クレス,"{N1}
「・・・・・・」{W}",,
02-00-0294-00,2,0,6CD5D8,0294,0,モリスン,"モリスン
「外に行って新鮮な空気を吸ってくる
　といい」{W}",,
02-00-0294-01,2,0,6CD5D8,0294,1,モリスン,"モリスン
「気分も良くなる」{W}",,
02-00-02EE-00,2,0,6CD5D8,02EE,0,お手伝い,"お手伝い
「私、お手伝いです」{W}",,
02-00-02EE-01,2,0,6CD5D8,02EE,1,お手伝い,"お手伝い
「ここは良い所ですね」{W}",,
02-00-02EE-02,2,0,6CD5D8,02EE,2,お手伝い,"お手伝い
「空気は新鮮だし、自然がいっぱい」{W}",,
02-00-0360-00,2,0,6CD5D8,0360,0,旅の画家,"旅の画家
「ぼくは、くりお」{W}",,
02-00-0360-01,2,0,6CD5D8,0360,1,旅の画家,"旅の画家
「実は画家なんだけど・・・」{W}",,
02-00-0360-02,2,0,6CD5D8,0360,2,旅の画家,"旅の画家
「やはりぼくの芸術心をゆさぶるもの
　は、女体ですな」{W}",,
02-00-03EA-00,2,0,6CD5D8,03EA,0,旅の画家,"旅の画家
「{ITEM:184}、大切にしてくれ
　てるかな？」{W}",,
02-00-03EA-01,2,0,6CD5D8,03EA,1,旅の画家,"旅の画家
「あれは、一品モノだからね」{W}",,
02-00-0446-00,2,0,6CD5D8,0446,0,旅の画家,"旅の画家
「おお！」{W}",,
02-00-0446-01,2,0,6CD5D8,0446,1,旅の画家,"旅の画家
「あなたが持っているのは女体がたく
　さん出ている本ではないですか！」{W}",,
02-00-0446-02,2,0,6CD5D8,0446,2,旅の画家,"旅の画家
「ぼくに、その{ITEM:E5}をくれ
　ませんか？」",,
02-00-04E2-00,2,0,6CD5D8,04E2,0,旅の画家,"旅の画家
「うわっ、すっげぇ～！」{W}",,
02-00-04E2-01,2,0,6CD5D8,04E2,1,旅の画家,"旅の画家
「あっ、いやいや、ゴホン・・・」{W}",,
02-00-04E2-02,2,0,6CD5D8,04E2,2,旅の画家,"旅の画家
「これは、すばらしい！」{W}",,
02-00-04E2-03,2,0,6CD5D8,04E2,3,旅の画家,"旅の画家
「これを、どうぞ」{W}",,
02-00-0576-00,2,0,6CD5D8,0576,0,,{COL:2}{ITEM:184}を手に入れました。{COL:0}{W},,
02-00-0598-00,2,0,6CD5D8,0598,0,旅の画家,"旅の画家
「ふ～む、残念なり・・・」{W}",,
02-00-05C0-00,2,0,6CD5D8,05C0,0,旅の画家,"旅の画家
「ふ～む、芸術とは・・・」{W}",,
02-00-05E8-00,2,0,6CD5D8,05E8,0,女の子,"女の子
「私のひいおじいさんってすごい法術
　使いだったのよ」{W}",,
02-00-05E8-01,2,0,6CD5D8,05E8,1,女の子,"女の子
「そのまたおじいさんのおじいさんは
　魔王を倒した勇者だったのよ」{W}",,
02-00-05E8-02,2,0,6CD5D8,05E8,2,女の子,"女の子
「うそじゃないよ」{W}",,
02-00-0692-00,2,0,6CD5D8,0692,0,ハロルド,"ハロルド
「たいしたもてなしもできないが、ゆ
　っくりしていってくれ」{W}",,
02-00-06DC-00,2,0,6CD5D8,06DC,0,？？？,"？？？
「ん？」{W}",,
02-00-06DC-01,2,0,6CD5D8,06DC,1,？？？,"？？？
「なんだ君たちは？」{W}",,
02-00-06DC-02,2,0,6CD5D8,06DC,2,？？？,"？？？
「今、手が離せないんだよ」{W}",,
02-00-06DC-03,2,0,6CD5D8,06DC,3,クレス,"{N1}
「もしかして、あなたの名前はモリス
　ンというのでは？」{W}",,
02-00-06DC-04,2,0,6CD5D8,06DC,4,？？？,"？？？
「確かに、私の名はハロルド・Ｄ・モ
　リスンだ」{W}",,
02-00-06DC-05,2,0,6CD5D8,06DC,5,ハロルド,"ハロルド
「君たちは{SPD:10}・・・{SPD:FF}？」{W}",,
02-00-06DC-06,2,0,6CD5D8,06DC,6,ハロルド,"ハロルド
「もしかして、おじいさんの言ってい
　た{N1}殿か！？」{W}",,
02-00-06DC-07,2,0,6CD5D8,06DC,7,クレス,"{N1}
「ええ、そうです」{W}",,
02-00-06DC-08,2,0,6CD5D8,06DC,8,ハロルド,"ハロルド
「そうか{SPD:10}・・・{SPD:FF}君たちがおじいさんの
　言っていた・・・」{W}",,
02-00-06DC-09,2,0,6CD5D8,06DC,9,ハロルド,"ハロルド
「本来なら君たちの手伝いをするべき
　なのだろうが・・・」{W}",,
02-00-06DC-10,2,0,6CD5D8,06DC,10,ハロルド,"ハロルド
「私は戦う勇気も力もない」{W}",,
02-00-06DC-11,2,0,6CD5D8,06DC,11,ハロルド,"ハロルド
「父も祖父も・・・」{W}",,
02-00-06DC-12,2,0,6CD5D8,06DC,12,ハロルド,"ハロルド
「トリニクス・Ｄ・モリスンが祖父の
　名前なのだが・・・」{W}",,
02-00-06DC-13,2,0,6CD5D8,06DC,13,ハロルド,"ハロルド
「二人は、すばらしい法術師だった」{W}",,
02-00-06DC-14,2,0,6CD5D8,06DC,14,ハロルド,"ハロルド
「だが{SPD:10}・・・、{SPD:FF}私は{SPD:10}・・・{SPD:FF}」{W}",,
02-00-06DC-15,2,0,6CD5D8,06DC,15,クレス,"{N1}
「気持ちだけで十分ですよ」{W}",,
02-00-06DC-16,2,0,6CD5D8,06DC,16,チェスター,"{N5}
「それより、あなたのおじいさんから
　オレたちの事、聞いてないか？」{W}",,
02-00-06DC-17,2,0,6CD5D8,06DC,17,チェスター,"{N5}
「オレたちのこれからの事とか」{W}",,
02-00-06DC-18,2,0,6CD5D8,06DC,18,ハロルド,"ハロルド
「{SPD:10}・・・{SPD:FF}それは知っていても教えられ
　ない」{W}",,
02-00-06DC-19,2,0,6CD5D8,06DC,19,チェスター,"{N5}
「やっぱりね、歴史が変わってしまう
　からだろ？」{W}",,
02-00-06DC-20,2,0,6CD5D8,06DC,20,ハロルド,"ハロルド
「それもあるが・・・」{W}",,
02-00-06DC-21,2,0,6CD5D8,06DC,21,ハロルド,"ハロルド
「自分の運命は自分で切り開くものだ
　と私は思う」{W}",,
02-00-06DC-22,2,0,6CD5D8,06DC,22,ハロルド,"ハロルド
「占いをする人も、よく言っている」{W}",,
02-00-06DC-23,2,0,6CD5D8,06DC,23,ハロルド,"ハロルド
「その人の運命は、９９％既に決まっ
　ているものだが・・・」{W}",,
02-00-06DC-24,2,0,6CD5D8,06DC,24,ハロルド,"ハロルド
「残り１％はその人の努力で変えられ
　る{SPD:10}・・・、{SPD:FF}と」{W}",,
02-00-06DC-25,2,0,6CD5D8,06DC,25,クレス,"{N1}
「ええ、ぼくもそう思います」{W}",,
02-00-06DC-26,2,0,6CD5D8,06DC,26,ハロルド,"ハロルド
「たいしたもてなしもできないが、ゆ
　っくりしていってくれ」{W}",,
02-00-0C4A-00,2,0,6CD5D8,0C4A,0,クレス,"{N1}
「うわッ！」{W}",,
02-00-0C60-00,2,0,6CD5D8,0C60,0,？？？,"？？？
「目を覚ましたか・・・
　{N1}！」{W}",,
02-00-0C8E-00,2,0,6CD5D8,0C8E,0,クレス,"{N1}
「・・・{N5}{SPD:10}・・・{SPD:FF}！！」{W}",,
02-00-0CB8-00,2,0,6CD5D8,0CB8,0,モリスン,"モリスン
「君の名は、君の友人から聞いたって
　言っただろう？」{W}",,
02-00-0CB8-01,2,0,6CD5D8,0CB8,1,モリスン,"モリスン
「気がつかなかったかな？」{W}",,
02-00-0D22-00,2,0,6CD5D8,0D22,0,チェスター,"{N5}
「お前が村を出ていったのと入れ違い
　に、モリスンさんが来てね」{W}",,
02-00-0D22-01,2,0,6CD5D8,0D22,1,チェスター,"{N5}
「そのおかげで、村の人たちを思った
　よりも早く弔うことができたんだ」{W}",,
02-00-0D22-02,2,0,6CD5D8,0D22,2,クレス,"{N1}
「そうだったのか」{W}",,
02-00-0DD4-00,2,0,6CD5D8,0DD4,0,クレス,"{N1}
「でも、なぜモリスンさんが？」{W}",,
02-00-0DD4-01,2,0,6CD5D8,0DD4,1,モリスン,"モリスン
「私は黒い鎧の男を追っているんだ」{W}",,
02-00-0DD4-02,2,0,6CD5D8,0DD4,2,モリスン,"モリスン
「もう少し情報が早ければ村を守る事
　ができたんだが・・・」{W}",,
02-00-0DD4-03,2,0,6CD5D8,0DD4,3,モリスン,"モリスン
「しかし・・・、ミゲールがいながら
　・・・、村はおろか・・・」{W}",,
02-00-0DD4-04,2,0,6CD5D8,0DD4,4,モリスン,"モリスン
「マリアさんさえ、守ることができな
　かったとは{SPD:10}・・・{SPD:FF}」{W}",,
02-00-0F0A-00,2,0,6CD5D8,0F0A,0,クレス,"{N1}
「とっ、父さんと母さんを知ってるん
　ですか！？」{W}",,
02-00-0F0A-01,2,0,6CD5D8,0F0A,1,モリスン,"モリスン
「ああ、ニ人とは古い友人でね」{W}",,
02-00-0F0A-02,2,0,6CD5D8,0F0A,2,モリスン,"モリスン
「それにお嬢さんの母親、メリルの事
　もよく知ってる」{W}",,
02-00-0FB2-00,2,0,6CD5D8,0FB2,0,モリスン,"モリスン
「たぶん君たちよりもね」{W}",,
02-00-0FD8-00,2,0,6CD5D8,0FD8,0,ミント,"{N2}
「お母さん{SPD:10}・・・・・・{SPD:FF}」{W}",,
02-00-1002-00,2,0,6CD5D8,1002,0,クレス,"{N1}
「{SPD:10}・・・・・・・・・{SPD:FF}」{W}",,
02-00-102A-00,2,0,6CD5D8,102A,0,モリスン,"モリスン
「そういえば{N1}君・・・」{W}",,
02-00-102A-01,2,0,6CD5D8,102A,1,モリスン,"モリスン
「ミゲールが大切にしていた宝石を、
　君は知らないか？」{W}",,
02-00-102A-02,2,0,6CD5D8,102A,2,クレス,"{N1}
「その宝石なら・・・」{W}",,
02-00-102A-03,2,0,6CD5D8,102A,3,クレス,"{N1}
「首飾りにして誕生日のプレゼントと
　してもらったけど・・・」{W}",,
02-00-102A-04,2,0,6CD5D8,102A,4,モリスン,"モリスン
「今、持ってるのか？」{W}",,
02-00-102A-05,2,0,6CD5D8,102A,5,クレス,"{N1}
「・・・奪われました」{W}",,
02-00-113A-00,2,0,6CD5D8,113A,0,モリスン,"モリスン
「なにッ！？」{W}",,
02-00-113A-01,2,0,6CD5D8,113A,1,クレス,"{N1}
「捕まった時に黒い鎧の男に奪われた
　んです」{W}",,
02-00-113A-02,2,0,6CD5D8,113A,2,クレス,"{N1}
「一体、あのペンダントに何の意味が
　・・・？」{W}",,
02-00-113A-03,2,0,6CD5D8,113A,3,モリスン,"モリスン
「{SPD:10}・・・{SPD:FF}何てことだ」{W}",,
02-00-113A-04,2,0,6CD5D8,113A,4,モリスン,"モリスン
「すべてが後手に回ってしまう」{W}",,
02-00-113A-05,2,0,6CD5D8,113A,5,モリスン,"モリスン
「まずいな{SPD:10}・・・{SPD:FF}」{W}",,
02-00-123C-00,2,0,6CD5D8,123C,0,モリスン,"モリスン
「君たちはここに残るんだ」{W}",,
02-00-123C-01,2,0,6CD5D8,123C,1,モリスン,"モリスン
「私は今すぐ地下墓地に行かなければ
　ならなくなった」{W}",,
02-00-123C-02,2,0,6CD5D8,123C,2,クレス,"{N1}
「そこに鎧の男がいるんですね」{W}",,
02-00-123C-03,2,0,6CD5D8,123C,3,クレス,"{N1}
「ぼくたちも行きます！」{W}",,
02-00-123C-04,2,0,6CD5D8,123C,4,クレス,"{N1}
「カタキを討たせて下さい！」{W}",,
02-00-123C-05,2,0,6CD5D8,123C,5,モリスン,"モリスン
「ダメだ」{W}",,
02-00-1326-00,2,0,6CD5D8,1326,0,ミント,"{N2}
「そんなッ！」{W}",,
02-00-1326-01,2,0,6CD5D8,1326,1,チェスター,"{N5}
「お願いします！」{W}",,
02-00-1326-02,2,0,6CD5D8,1326,2,モリスン,"モリスン
「残念ながら、君たちでは足手まとい
　にしかならない」{W}",,
02-00-1326-03,2,0,6CD5D8,1326,3,クレス,"{N1}
「そんなのやってみなけりゃ・・！」{W}",,
02-00-1326-04,2,0,6CD5D8,1326,4,モリスン,"モリスン
「・・・君は父親に勝ったことがある
　のか？」{W}",,
02-00-1326-05,2,0,6CD5D8,1326,5,クレス,"{N1}
「それは{SPD:10}・・・{SPD:FF}」{W}",,
02-00-141E-00,2,0,6CD5D8,141E,0,モリスン,"モリスン
「すまないね」{W}",,
02-00-141E-01,2,0,6CD5D8,141E,1,モリスン,"モリスン
「親友たちの忘れ形見である、君たち
　を危険な目にあわせたとあっては」{W}",,
02-00-141E-02,2,0,6CD5D8,141E,2,モリスン,"モリスン
「先に逝った彼らに・・・、私が顔向
　けできない・・・」{W}",,
02-00-141E-03,2,0,6CD5D8,141E,3,モリスン,"モリスン
「頼むから・・・、わがままは言わな
　いでくれ」{W}",,
02-00-150C-00,2,0,6CD5D8,150C,0,ミント,"{N2}
「私たち、これからどうすればいいの
　かしら？」{W}",,
02-00-1546-00,2,0,6CD5D8,1546,0,チェスター,"{N5}
「モリスンさんは、ああ言ってたけど
　・・・」{W}",,
02-00-1546-01,2,0,6CD5D8,1546,1,チェスター,"{N5}
「オレは待ってるだけなんて、絶対に
　嫌だぜ」{W}",,
02-00-1546-02,2,0,6CD5D8,1546,2,ミント,"{N2}
「私も{SPD:10}・・・{SPD:FF}」{W}",,
02-00-1546-03,2,0,6CD5D8,1546,3,クレス,"{N1}
「{SPD:10}・・・・・・・・・{SPD:FF}」{W}",,
02-00-1546-04,2,0,6CD5D8,1546,4,チェスター,"{N5}
「{N1}・・・」{W}",,
02-00-1546-05,2,0,6CD5D8,1546,5,チェスター,"{N5}
「お前はどうなんだ？」{W}",,
02-00-162C-00,2,0,6CD5D8,162C,0,チェスター,"{N5}
「はっきりしろよ！」{W}",,
02-00-162C-01,2,0,6CD5D8,162C,1,チェスター,"{N5}
「ニ人で約束しただろ！」{W}",,
02-00-162C-02,2,0,6CD5D8,162C,2,チェスター,"{N5}
「あの時、必ずみんなのカタキを討と
　うって・・・」{W}",,
02-00-162C-03,2,0,6CD5D8,162C,3,チェスター,"{N5}
「モリスンさんのさっきの言葉、そん
　なに気になるのか！？」{W}",,
02-00-16EA-00,2,0,6CD5D8,16EA,0,チェスター,"{N5}
「おいってば！」{W}",,
02-00-16EA-01,2,0,6CD5D8,16EA,1,ミント,"{N2}
「ケンカはやめて下さい！」{W}",,
02-00-16EA-02,2,0,6CD5D8,16EA,2,ミント,"{N2}
「お願いです{SPD:10}・・・{SPD:FF}」{W}",,
02-00-174A-00,2,0,6CD5D8,174A,0,？？？,"？？？
「何ぞ騒々しいのぅ」{W}",,
02-00-174A-01,2,0,6CD5D8,174A,1,？？？,"？？？
「モリスンよ～い、茶飲み相手をして
　くれんか～の」{W}",,
02-00-17A8-00,2,0,6CD5D8,17A8,0,？？？,"？？？
「・・・なんじゃ、小せがれに留守番
　け？」{W}",,
02-00-17A8-01,2,0,6CD5D8,17A8,1,クレス,"{N1}
「トリスタン師匠！？」{W}",,
02-00-17A8-02,2,0,6CD5D8,17A8,2,クレス,"{N1}
「どうしてここに？」{W}",,
02-00-17A8-03,2,0,6CD5D8,17A8,3,トリスタン,"トリスタン
「ミゲールんとこの小せがれじゃない
　け」{W}",,
02-00-17A8-04,2,0,6CD5D8,17A8,4,トリスタン,"トリスタン
「わしは茶飲みにここにはよく来るん
　じゃよ」{W}",,
02-00-17A8-05,2,0,6CD5D8,17A8,5,トリスタン,"トリスタン
「おんしこそこんな所で何をしてるん
　じゃ？」{W}",,
02-00-17A8-06,2,0,6CD5D8,17A8,6,クレス,"{N1}
「実は・・・・・・」{W}",,
02-00-17A8-07,2,0,6CD5D8,17A8,7,クレス,"{N1}
「というわけで・・・」{W}",,
02-00-17A8-08,2,0,6CD5D8,17A8,8,トリスタン,"トリスタン
「ふぅむ・・・」{W}",,
02-00-17A8-09,2,0,6CD5D8,17A8,9,トリスタン,"トリスタン
「それはモリスンが言ったのけ？
　足手まといと」{W}",,
02-00-1960-00,2,0,6CD5D8,1960,0,ミント,"{N2}
「はい{SPD:10}・・・{SPD:FF}」{W}",,
02-00-1980-00,2,0,6CD5D8,1980,0,トリスタン,"トリスタン
「ほっほっほ」{W}",,
02-00-1980-01,2,0,6CD5D8,1980,1,トリスタン,"トリスタン
「ちょほいと法術なんぞできるからと
　いって・・・」{W}",,
02-00-1980-02,2,0,6CD5D8,1980,2,トリスタン,"トリスタン
「あやつはテングになっておるんじゃ
　よ・・・」{W}",,
02-00-1980-03,2,0,6CD5D8,1980,3,ミント,"{N2}
「えッ！？」{W}",,
02-00-1980-04,2,0,6CD5D8,1980,4,ミント,"{N2}
「モリスンさんも、・・・法術師なん
　ですか？」{W}",,
02-00-1A6A-00,2,0,6CD5D8,1A6A,0,トリスタン,"トリスタン
「・・・も？」{W}",,
02-00-1A6A-01,2,0,6CD5D8,1A6A,1,トリスタン,"トリスタン
「{SPD:10}・・・・・・{SPD:FF}おうおう、メリルさん
　とこの娘さんじゃな？」{W}",,
02-00-1A6A-02,2,0,6CD5D8,1A6A,2,トリスタン,"トリスタン
「母さんそっくりじゃのう、美人にな
　るぞぃ」{W}",,
02-00-1B16-00,2,0,6CD5D8,1B16,0,クレス,"{N1}
「でも、なぜ？」{W}",,
02-00-1B16-01,2,0,6CD5D8,1B16,1,クレス,"{N1}
「会う人みんながぼくや{N2}
　の事・・・」{W}",,
02-00-1B16-02,2,0,6CD5D8,1B16,2,クレス,"{N1}
「それに、親の事まで知っているんで
　すか？」{W}",,
02-00-1B16-03,2,0,6CD5D8,1B16,3,クレス,"{N1}
「変ですよ」{W}",,
02-00-1B16-04,2,0,6CD5D8,1B16,4,トリスタン,"トリスタン
「知りたいか？」{W}",,
02-00-1B16-05,2,0,6CD5D8,1B16,5,クレス,"{N1}
「ぜひ」{W}",,
02-00-1B16-06,2,0,6CD5D8,1B16,6,クレス,"{N1}
「それに、やっぱりぼくたちはカタキ
　を討ちたいんです！」{W}",,
02-00-1C1C-00,2,0,6CD5D8,1C1C,0,チェスター,"{N5}
「{N1}！」{W}",,
02-00-1C1C-01,2,0,6CD5D8,1C1C,1,ミント,"{N2}
「{N1}さん！」{W}",,
02-00-1C1C-02,2,0,6CD5D8,1C1C,2,クレス,"{N1}
「モリスンさんの言った事が正しいの
　かもしれないけど{SPD:10}・・・{SPD:FF}」{W}",,
02-00-1C1C-03,2,0,6CD5D8,1C1C,3,クレス,"{N1}
「ぼくはもう迷わない！」{W}",,
02-00-1C1C-04,2,0,6CD5D8,1C1C,4,クレス,"{N1}
「師匠、お願いします！！」{W}",,
02-00-1C1C-05,2,0,6CD5D8,1C1C,5,トリスタン,"トリスタン
「・・・いいじゃろ」{W}",,
02-00-1C1C-06,2,0,6CD5D8,1C1C,6,トリスタン,"トリスタン
「じゃが・・・、その装備では心細い
　のぅ」{W}",,
02-00-1C1C-07,2,0,6CD5D8,1C1C,7,トリスタン,"トリスタン
「今、行商人が来とるから
　装備を整えてくるといいぞぃ」{W}",,
02-00-1C1C-08,2,0,6CD5D8,1C1C,8,トリスタン,"トリスタン
「準備ができたら南東の洞窟へ行くの
　じゃ」{W}",,
02-00-1C1C-09,2,0,6CD5D8,1C1C,9,トリスタン,"トリスタン
「わしは一足先に行って待ってるぞ」{W}",,
02-00-1DE2-00,2,0,6CD5D8,1DE2,0,クレス,"{N1}
「あれッ？」{W}",,
02-00-1DE2-01,2,0,6CD5D8,1DE2,1,チェスター,"{N5}
「どうした、{N1}？」{W}",,
02-00-1E14-00,2,0,6CD5D8,1E14,0,,"イヤリングが・・・、地下牢で手に入
れたイヤリングがない。
どこで無くしたんだ？{W}",,
02-00-1E68-00,2,0,6CD5D8,1E68,0,クレス,"{N1}
「何でもない、行こう！」{W}",,
02-00-1E8A-00,2,0,6CD5D8,1E8A,0,？？？,"？？？
「大丈夫か{SPD:10}・・・{SPD:FF}？」{W}",,
02-00-1EB2-00,2,0,6CD5D8,1EB2,0,クレス,"{N1}
「あなたが{SPD:10}、{SPD:FF}助けてくれたんですね」{W}",,
02-00-1EB2-01,2,0,6CD5D8,1EB2,1,クレス,"{N1}
「{SPD:10}・・・・・・{SPD:FF}ここは？」{W}",,
02-00-1EB2-02,2,0,6CD5D8,1EB2,2,？？？,"？？？
「ここは私の家だ」{W}",,
02-00-1EB2-03,2,0,6CD5D8,1EB2,3,？？？,"？？？
「私は、トリニクス・Ｄ・モリスン、
　君は{N1}君だったね」{W}",,
02-00-1EB2-04,2,0,6CD5D8,1EB2,4,モリスン,"モリスン
「君の友人から聞いたよ」{W}",,
02-00-1EB2-05,2,0,6CD5D8,1EB2,5,モリスン,"モリスン
「お嬢さんからはここに至るまでの経
　過を聞かされたしね」{W}",,
02-00-1EB2-06,2,0,6CD5D8,1EB2,6,モリスン,"モリスン
「一応理解はしているつもりさ」{W}",,
02-00-2002-00,2,0,6CD5D8,2002,0,ミント,"{N2}
「{N1}さん・・・、
　目が覚めたのね」{W}",,
02-00-2002-01,2,0,6CD5D8,2002,1,ミント,"{N2}
「よかった{SPD:10}・・・{SPD:FF}」{W}",,
02-00-2054-00,2,0,6CD5D8,2054,0,ミント,"{N2}
「あの・・・、{N1}さん」{W}",,
02-00-2054-01,2,0,6CD5D8,2054,1,ミント,"{N2}
「これを食べて元気を出して下さい」{W}",,
02-00-20A0-00,2,0,6CD5D8,20A0,0,クレス,"{N1}
「うまいッ！！」{W}",,
02-00-20A0-01,2,0,6CD5D8,20A0,1,クレス,"{N1}
「これ、とてもおいしいよ！」{W}",,
02-00-20A0-02,2,0,6CD5D8,20A0,2,クレス,"{N1}
「よかったら、作り方を教えてくれな
　いか？」{W}",,
02-00-2114-00,2,0,6CD5D8,2114,0,,"{COL:2}ちゃわんむしを料理できるようになり
ました。{W}",,
02-00-2114-01,2,0,6CD5D8,2114,1,,{COL:0},,
02-00-214C-00,2,0,6CD5D8,214C,0,ミント,"{N2}
「それから、これをどうぞ」{W}",,
02-00-2170-00,2,0,6CD5D8,2170,0,,{COL:2}{ITEM:9E}を手に入れました。{COL:0}{W},,
02-00-2170-01,2,0,6CD5D8,2170,1,クレス,"{N1}
「これは？」{W}",,
02-00-2170-02,2,0,6CD5D8,2170,2,ミント,"{N2}
「きっと、役立つと思います」{W}",,
02-00-21CA-00,2,0,6CD5D8,21CA,0,ミント,"{N2}
「あっ、外にいる{SPD:10}・・・・・・{SPD:FF}」{W}",,
02-00-21CA-01,2,0,6CD5D8,21CA,1,モリスン,"モリスン
「そうだ、{N1}君」{W}",,
02-00-2218-00,2,0,6CD5D8,2218,0,モリスン,"モリスン
「気分転換に、外に出てきてはどうだ
　い？」{W}",,
02-00-2218-01,2,0,6CD5D8,2218,1,クレス,"{N1}
「あっ、はい」{W}",,
02-00-2268-00,2,0,6CD5D8,2268,0,クレス,"{N1}
「お別れ、ですね・・・」{W}",,
02-00-2268-01,2,0,6CD5D8,2268,1,クラース,"{N4}
「ああ・・・」{W}",,
02-00-2268-02,2,0,6CD5D8,2268,2,クラース,"{N4}
「後は、我々だけでトールに行くよ」{W}",,
02-00-2268-03,2,0,6CD5D8,2268,3,アーチェ,"{N3}
「忘れちゃやだよ？」{W}",,
02-00-2268-04,2,0,6CD5D8,2268,4,アーチェ,"{N3}
「あたしは絶対みんなのこと忘れない
　から・・・」{W}",,
02-00-2320-00,2,0,6CD5D8,2320,0,クラース,"{N4}
「{N2}、泣くな」{W}",,
02-00-2320-01,2,0,6CD5D8,2320,1,クラース,"{N4}
「オレたちは本来できるはずのない出
　会いをしてしまった」{W}",,
02-00-2320-02,2,0,6CD5D8,2320,2,クラース,"{N4}
「・・・いや、する事ができたんだ」{W}",,
02-00-2320-03,2,0,6CD5D8,2320,3,クラース,"{N4}
「だったら・・・」{W}",,
02-00-2320-04,2,0,6CD5D8,2320,4,クラース,"{N4}
「君たちに会えて本当によかったと、
　逆に喜ぶことはできないか？」{W}",,
02-00-2320-05,2,0,6CD5D8,2320,5,ミント,"{N2}
「{SPD:10}・・・{SPD:FF}はい」{W}",,
02-00-2320-06,2,0,6CD5D8,2320,6,クラース,"{N4}
「ははっ、ごまかしの、ただのヘリク
　ツだけどな」{W}",,
02-00-2320-07,2,0,6CD5D8,2320,7,クレス,"{N1}
「{N4}さんも・・・・・・
　{N3}も・・・、元気で」{W}",,
02-00-2320-08,2,0,6CD5D8,2320,8,クラース,"{N4}
「ああ、みんなも元気で・・・」{W}",,
02-00-24C2-00,2,0,6CD5D8,24C2,0,アーチェ,"{N3}
「それじゃ、バイバイだね」{W}",,
02-00-24E6-00,2,0,6CD5D8,24E6,0,モリスン,"モリスン
「なっ、なんだ！？」{W}",,
02-00-2508-00,2,0,6CD5D8,2508,0,アーチェ,"{N3}
「みんな、あれ見て！！」{W}",,
02-00-252A-00,2,0,6CD5D8,252A,0,クラース,"{N4}
「ど・・・、どうやらおさまったみた
　いだな」{W}",,
02-00-252A-01,2,0,6CD5D8,252A,1,クレス,"{N1}
「なっ・・・、何がどうなっているん
　だ！？」{W}",,
02-00-2598-00,2,0,6CD5D8,2598,0,？？？,"？？？
「おお、着いたぞ！」{W}",,
02-00-2598-01,2,0,6CD5D8,2598,1,？？？,"？？？
「確かにここはトリニクス・Ｄ・モリ
　スン殿の家だ」{W}",,
02-00-25F6-00,2,0,6CD5D8,25F6,0,モリスン,"モリスン
「今のは時間転移の光・・・」{W}",,
02-00-25F6-01,2,0,6CD5D8,25F6,1,モリスン,"モリスン
「あなたは一体？」{W}",,
02-00-25F6-02,2,0,6CD5D8,25F6,2,？？？,"？？？
「私はハリソン・・・」{W}",,
02-00-25F6-03,2,0,6CD5D8,25F6,3,ハリソン,"ハリソン
「５０年後の未来からアルヴァニスタ
　国王の命によりやって来ました」{W}",,
02-00-26AE-00,2,0,6CD5D8,26AE,0,クラース,"{N4}
「なんだって？」{W}",,
02-00-26AE-01,2,0,6CD5D8,26AE,1,クラース,"{N4}
「未来から！？」{W}",,
02-00-26AE-02,2,0,6CD5D8,26AE,2,ハリソン,"ハリソン
「ダオスは、私たちの世界に現れて、
　既に数年になります」{W}",,
02-00-26AE-03,2,0,6CD5D8,26AE,3,ハリソン,"ハリソン
「世界は破滅の危機に瀕し、万策尽き
　た我々には・・・」{W}",,
02-00-26AE-04,2,0,6CD5D8,26AE,4,ハリソン,"ハリソン
「もはや、あなたたちに頼るしかなく
　・・・」{W}",,
02-00-26AE-05,2,0,6CD5D8,26AE,5,クレス,"{N1}
「それじゃあ、さっきの隕石はダオス
　の！？」{W}",,
02-00-26AE-06,2,0,6CD5D8,26AE,6,ハリソン,"ハリソン
「やはり攻撃してきましたか」{W}",,
02-00-26AE-07,2,0,6CD5D8,26AE,7,ハリソン,"ハリソン
「ダオスは、私が過去の世界からあな
　た方を連れてくる事を恐れ・・・」{W}",,
02-00-26AE-08,2,0,6CD5D8,26AE,8,ハリソン,"ハリソン
「攻撃してきたのでしょう」{W}",,
02-00-287A-00,2,0,6CD5D8,287A,0,クレス,"{N1}
「なんてことだ・・・」{W}",,
02-00-287A-01,2,0,6CD5D8,287A,1,クレス,"{N1}
「ダオスは、死んだんじゃなかったの
　か！？」{W}",,
02-00-287A-02,2,0,6CD5D8,287A,2,アーチェ,"{N3}
「ちょっと・・・、こうしちゃいられ
　ないじゃん！」{W}",,
02-00-287A-03,2,0,6CD5D8,287A,3,クレス,"{N1}
「行こう、未来へ！」{W}",,
02-00-287A-04,2,0,6CD5D8,287A,4,クラース,"{N4}
「まだ別れるには早いらしいな」{W}",,
02-00-287A-05,2,0,6CD5D8,287A,5,ミント,"{N2}
「はいッ！」{W}",,
02-00-2962-00,2,0,6CD5D8,2962,0,モリスン,"モリスン
「今度は足手まといになるのは私のよ
　うだな」{W}",,
02-00-2962-01,2,0,6CD5D8,2962,1,モリスン,"モリスン
「私はここで待っているよ」{W}",,
02-00-2962-02,2,0,6CD5D8,2962,2,モリスン,"モリスン
「きっと生きて帰ってきてくれ」{W}",,
02-00-2962-03,2,0,6CD5D8,2962,3,クレス,"{N1}
「はいッ！」{W}",,
02-00-2A02-00,2,0,6CD5D8,2A02,0,料理人,"料理人
「ペスカトーレ作ってるかい？」{W}",,
02-00-2A2C-00,2,0,6CD5D8,2A2C,0,料理人,"料理人
「私は『すばらしき味の世界』の住人
　だ」{W}",,
02-00-2A2C-01,2,0,6CD5D8,2A2C,1,料理人,"料理人
「この味をより多くの人に伝えたい」{W}",,
02-00-2A2C-02,2,0,6CD5D8,2A2C,2,料理人,"料理人
「君も私の世界に触れてみないか？」",,
02-00-2AB8-00,2,0,6CD5D8,2AB8,0,料理人,"料理人
「この料理を伝授しよう！」{W}",,
02-00-2ADE-00,2,0,6CD5D8,2ADE,0,,"{COL:2}ペスカトーレを料理できるようになり
ました。{W}",,
02-00-2ADE-01,2,0,6CD5D8,2ADE,1,,{COL:0},,
02-00-2B16-00,2,0,6CD5D8,2B16,0,料理人,"料理人
「おお、なんということだ！」{W}",,
02-00-2B3E-00,2,0,6CD5D8,2B3E,0,クレス,"{N1}
「{N5}、お前も来いよ」{W}",,
02-00-2B5E-00,2,0,6CD5D8,2B5E,0,チェスター,"{N5}
「ああ！」{W}",,
02-00-2B72-00,2,0,6CD5D8,2B72,0,アーチェ,"{N3}
「ふ～ん・・・」{W}",,
02-00-2B8C-00,2,0,6CD5D8,2B8C,0,アーチェ,"{N3}
「ふむふむ・・・」{W}",,
02-00-2BA8-00,2,0,6CD5D8,2BA8,0,アーチェ,"{N3}
「なんか、弱そう・・・」{W}",,
02-00-2BCA-00,2,0,6CD5D8,2BCA,0,チェスター,"{N5}
「！？」{W}",,
02-00-2BCA-01,2,0,6CD5D8,2BCA,1,アーチェ,"{N3}
「だって、なんだか頼りなさそうなん
　だもん」{W}",,
02-00-2C12-00,2,0,6CD5D8,2C12,0,チェスター,"{N5}
「なんだと、こいつ！」{W}",,
02-00-2C32-00,2,0,6CD5D8,2C32,0,クレス,"{N1}
「やめろよ{N5}」{W}",,
02-00-2C32-01,2,0,6CD5D8,2C32,1,ミント,"{N2}
「二人ともケンカはやめて下さい」{W}",,
02-00-2C74-00,2,0,6CD5D8,2C74,0,アーチェ,"{N3}
「わかったわよぅ」{W}",,
02-00-2C90-00,2,0,6CD5D8,2C90,0,アーチェ,"{N3}
「まあ、せいぜいがんばってよね
　キ・ミ」{W}",,
02-00-2CC4-00,2,0,6CD5D8,2CC4,0,クレス,"{N1}
「{N5}・・・
　ゆるしてやってくれよ」{W}",,
02-00-2CF4-00,2,0,6CD5D8,2CF4,0,クレス,"{N1}
「{N3}も悪気はないんだ」{W}",,
02-00-2CF4-01,2,0,6CD5D8,2CF4,1,チェスター,"{N5}
「・・・・・・」{W}",,
03-00-0000-00,3,0,6D1814,0000,0,,フリーズキールの町,,
03-00-0014-00,3,0,6D1814,0014,0,,スーパー『フリーザー』,,
03-00-002C-00,3,0,6D1814,002C,0,,武具屋『アイスコーヒー』,,
03-00-0046-00,3,0,6D1814,0046,0,,宿屋『雪泣手』,,
03-00-0056-00,3,0,6D1814,0056,0,,フェンリル教会,,
03-00-0066-00,3,0,6D1814,0066,0,,{COL:3}ステンドグラスを見ますか？{COL:2},,
03-00-008A-00,3,0,6D1814,008A,0,クレス,"{N1}
「ここがフェンリル教会か・・・」{W}",,
03-00-00B4-00,3,0,6D1814,00B4,0,クラース,"{N4}
「扉が封印されてるな」{W}",,
03-00-00B4-01,3,0,6D1814,00B4,1,クラース,"{N4}
「どうやって開けるんだ？」{W}",,
03-00-00F6-00,3,0,6D1814,00F6,0,,"　　　聖なる地を汚す者たちよ、
　　　　汝らの命が惜しくば
　　　　そのまま立ち去れい！{W}",,
03-00-00F6-01,3,0,6D1814,00F6,1,,"　　　命を捨てるというのなら
　　　この中に入るがいい！！{W}",,
03-00-018E-00,3,0,6D1814,018E,0,クレス,"{N1}
「なっ、何だ、今の？」{W}",,
03-00-018E-01,3,0,6D1814,018E,1,クラース,"{N4}
「封印が解かれたようだし、入ってみ
　よう」{W}",,
03-00-018E-02,3,0,6D1814,018E,2,アーチェ,"{N3}
「それじゃ、開けるよ」{W}",,
03-00-0200-00,3,0,6D1814,0200,0,アーチェ,"{N3}
「よっと・・・」{W}",,
03-00-021A-00,3,0,6D1814,021A,0,クレス,"{N1}
「壊しちゃった・・・」{W}",,
03-00-023A-00,3,0,6D1814,023A,0,アーチェ,"{N3}
「ま、いっか」{W}",,
03-00-0252-00,3,0,6D1814,0252,0,アーチェ,"{N3}
「気にしない、気にしない」{W}",,
03-00-0252-01,3,0,6D1814,0252,1,アーチェ,"{N3}
「さっ、行こうよ！」{W}",,
03-00-0292-00,3,0,6D1814,0292,0,,「固く閉ざされている」{W},,
03-00-02AC-00,3,0,6D1814,02AC,0,クレス,"{N1}
「うわ～、すごいステンドグラスだな
　・・・」{W}",,
03-00-02E4-00,3,0,6D1814,02E4,0,？？？,"？？？
『ふふふ、来たな・・・』{W}",,
03-00-02E4-01,3,0,6D1814,02E4,1,？？？,"？？？
『命知らずな者たちよ』{W}",,
03-00-0328-00,3,0,6D1814,0328,0,クレス,"{N1}
「お前はッ！？」{W}",,
03-00-0328-01,3,0,6D1814,0328,1,？？？,"？？？
『我は氷の剣を守護する者』{W}",,
03-00-0328-02,3,0,6D1814,0328,2,？？？,"？？？
『聖なる極寒の地に近づけば、必ず死
　が訪れるであろう』{W}",,
03-00-0328-03,3,0,6D1814,0328,3,クレス,"{N1}
「ぼくたちは、やらなければならない
　ことがあるんだ！」{W}",,
03-00-0328-04,3,0,6D1814,0328,4,クレス,"{N1}
「命をかけてやることがッ！」{W}",,
03-00-0328-05,3,0,6D1814,0328,5,？？？,"？？？
『死をも恐れぬ愚か者よ』{W}",,
03-00-0328-06,3,0,6D1814,0328,6,？？？,"？？？
『祭壇の元へ来るがよい！』{W}",,
03-00-0452-00,3,0,6D1814,0452,0,クラース,"{N4}
「どうやらここが入口らしいな」{W}",,
03-00-0452-01,3,0,6D1814,0452,1,クレス,"{N1}
「よし、行こう！」{W}",,
03-00-0494-00,3,0,6D1814,0494,0,宿屋,"宿屋
「いらっしゃい」{W}",,
03-00-0494-01,3,0,6D1814,0494,1,宿屋,"宿屋
「今日も一段と冷えますね」{W}",,
03-00-0494-02,3,0,6D1814,0494,2,宿屋,"宿屋
「お泊まりですね
　一晩４０ガルドになります」",,
03-00-0504-00,3,0,6D1814,0504,0,宿屋,"宿屋
「お客さん、
　お金が足りませんよ」{W}",,
03-00-0532-00,3,0,6D1814,0532,0,宿屋,"宿屋
「ごゆっくり」{W}",,
03-00-054A-00,3,0,6D1814,054A,0,宿屋,"宿屋
「またのおこしをお待ちしてます」{W}",,
03-00-0574-00,3,0,6D1814,0574,0,武具屋,"武具屋
「らっしゃい、よく来たね」{W}",,
03-00-059A-00,3,0,6D1814,059A,0,武具屋,"武具屋
「ありがと、また来て下さい」{W}",,
03-00-05C2-00,3,0,6D1814,05C2,0,食材屋,"食材屋
「いらっしゃいませ」{W}",,
03-00-05C2-01,3,0,6D1814,05C2,1,食材屋,"食材屋
「何にいたしましょう？」{W}",,
03-00-0604-00,3,0,6D1814,0604,0,食材屋,"食材屋
「ありがとうございます」{W}",,
03-00-0604-01,3,0,6D1814,0604,1,食材屋,"食材屋
「ポテトもいかがですか？」{W}",,
03-00-064C-00,3,0,6D1814,064C,0,道具屋,"道具屋
「いらっしゃい」{W}",,
03-00-0668-00,3,0,6D1814,0668,0,道具屋,"道具屋
「ありがとやんした」{W}",,
03-00-0688-00,3,0,6D1814,0688,0,薬売り,"薬売り
「わては薬を売り歩いているんや」{W}",,
03-00-0688-01,3,0,6D1814,0688,1,薬売り,"薬売り
「えらっしゃい」{W}",,
03-00-0688-02,3,0,6D1814,0688,2,薬売り,"薬売り
「何かお入り用で？」{W}",,
03-00-06EC-00,3,0,6D1814,06EC,0,薬売り,"薬売り
「おおきに」{W}",,
03-00-0704-00,3,0,6D1814,0704,0,男の子,"男の子
「わ～い、雪ぃ～！」{W}",,
03-00-0724-00,3,0,6D1814,0724,0,女の子,"女の子
「ここはフリーズキールっていう
　町なの」{W}",,
03-00-0724-01,3,0,6D1814,0724,1,女の子,"女の子
「一年の半分以上が銀世界なのよ」{W}",,
03-00-0784-00,3,0,6D1814,0784,0,町の人,"町の人
「え、君たちフェンリル教会の扉を開
　けたの！？」{W}",,
03-00-0784-01,3,0,6D1814,0784,1,町の人,"町の人
「えっ、開けたんじゃなくて壊したの
　・・・？」{W}",,
03-00-0784-02,3,0,6D1814,0784,2,町の人,"町の人
「中に、すごいステンドグラスがあっ
　たの」{W}",,
03-00-0784-03,3,0,6D1814,0784,3,町の人,"町の人
「ぼくも入ってみようかなぁ」{W}",,
03-00-0858-00,3,0,6D1814,0858,0,町の人,"町の人
「フェンリル教会へようこそ」{W}",,
03-00-0858-01,3,0,6D1814,0858,1,町の人,"町の人
「不気味な教会でしょう？」{W}",,
03-00-0858-02,3,0,6D1814,0858,2,町の人,"町の人
「扉に氷の封印がなされていて、誰も
　入れないんですよ」{W}",,
03-00-08E6-00,3,0,6D1814,08E6,0,町の人,"町の人
「ここは超古代文明の時代に建てられ
　た、と言われています」{W}",,
03-00-08E6-01,3,0,6D1814,08E6,1,町の人,"町の人
「名前からして間違いないでしょう」{W}",,
03-00-08E6-02,3,0,6D1814,08E6,2,町の人,"町の人
「三大超古代文明の内の一つが、
　『フェンリル』ですからね」{W}",,
03-00-09A0-00,3,0,6D1814,09A0,0,町の人,"町の人
「この大陸は中立領土でしてね」{W}",,
03-00-09A0-01,3,0,6D1814,09A0,1,町の人,"町の人
「どの国にも属さないんです」{W}",,
03-00-09A0-02,3,0,6D1814,09A0,2,町の人,"町の人
「まぁ、もっとも・・・」{W}",,
03-00-09A0-03,3,0,6D1814,09A0,3,町の人,"町の人
「こんな厳しい気候の土地が欲しい、
　なんて国はありませんがね」{W}",,
03-00-0A5C-00,3,0,6D1814,0A5C,0,剣士,"剣士
「このような厳しい環境こそ、修行の
　場にふさわしい・・・」{W}",,
03-00-0AA2-00,3,0,6D1814,0AA2,0,剣士,"剣士
「君、剣士か？」{W}",,
03-00-0AA2-01,3,0,6D1814,0AA2,1,剣士,"剣士
「この奥義書・・・」{W}",,
03-00-0AA2-02,3,0,6D1814,0AA2,2,剣士,"剣士
「売ってやろうか？」{W}",,
03-00-0AA2-03,3,0,6D1814,0AA2,3,クレス,"{N1}
「えっ、奥義書！？」{W}",,
03-00-0AA2-04,3,0,6D1814,0AA2,4,剣士,"剣士
「読んではみたが、意味がわからん」{W}",,
03-00-0AA2-05,3,0,6D1814,0AA2,5,剣士,"剣士
「どこかの流派の技らしいのだが」{W}",,
03-00-0AA2-06,3,0,6D1814,0AA2,6,剣士,"剣士
「どうだ？」{W}",,
03-00-0AA2-07,3,0,6D1814,0AA2,7,剣士,"剣士
「３３０００ガルドでいいよ」{W}",,
03-00-0AA2-08,3,0,6D1814,0AA2,8,,{COL:3}買いますか？{COL:2},,
03-00-0BAE-00,3,0,6D1814,0BAE,0,剣士,"剣士
「そうか・・・」{W}",,
03-00-0BC8-00,3,0,6D1814,0BC8,0,剣士,"剣士
「金が足りないよ」{W}",,
03-00-0BE4-00,3,0,6D1814,0BE4,0,,"{COL:3}{N1}は
獅子閃空破を覚えました。{COL:2}{W}",,
03-00-0BE4-01,3,0,6D1814,0BE4,1,剣士,"剣士
「ありがとう」{W}",,
03-00-0C26-00,3,0,6D1814,0C26,0,町の人,"町の人
「氷の魔力は寒いところでしか生まれ
　ません」{W}",,
03-00-0C26-01,3,0,6D1814,0C26,1,町の人,"町の人
「炎の魔力も同様に暑いところでしか
　生まれる事はありません」{W}",,
03-00-0C26-02,3,0,6D1814,0C26,2,町の人,"町の人
「つまり、特別な武器が欲しければ、
　どこへ行けば手に入るか？」{W}",,
03-00-0C26-03,3,0,6D1814,0C26,3,町の人,"町の人
「もうお分かりですね？」{W}",,
03-00-0D14-00,3,0,6D1814,0D14,0,男の人,"男の人
「氷は熱で溶かす、これは当然」{W}",,
03-00-0D14-01,3,0,6D1814,0D14,1,男の人,"男の人
「彼女のハートはおいらが溶かす！」{W}",,
03-00-0D14-02,3,0,6D1814,0D14,2,男の人,"男の人
「もうメロメロ！！」{W}",,
03-00-0D88-00,3,0,6D1814,0D88,0,おじいさん,"おじいさん
「フェンリルもトールもオーディーン
　も・・・」{W}",,
03-00-0D88-01,3,0,6D1814,0D88,1,おじいさん,"おじいさん
「それぞれが崇拝する神の名を自分た
　ちの国名にしていたという事じゃ」{W}",,
03-00-0E1C-00,3,0,6D1814,0E1C,0,女の子,"女の子
「フェンリルって別名『狼王』とも呼
　ばれていたんだって」{W}",,
03-00-0E1C-01,3,0,6D1814,0E1C,1,女の子,"女の子
「その王は今でもこの町に幽霊となっ
　てさまよっているのよ」{W}",,
03-00-0E1C-02,3,0,6D1814,0E1C,2,女の子,"女の子
「吹雪の晩には必ず教会から狼の鳴き
　声が聞こえるの」{W}",,
03-00-0E1C-03,3,0,6D1814,0E1C,3,女の子,"女の子
「きゃ～、こわ～い！」{W}",,
03-00-0F08-00,3,0,6D1814,0F08,0,女の人,"女の人
「常夏の大陸があるんですって？」{W}",,
03-00-0F08-01,3,0,6D1814,0F08,1,女の人,"女の人
「こんな寒いところから、そこへ引っ
　越して日焼けしたいわ」{W}",,
03-00-0F7A-00,3,0,6D1814,0F7A,0,女の子,"女の子
「ゆ～きだ～るま、雪だるま～」{W}",,
03-00-0FA4-00,3,0,6D1814,0FA4,0,女の人,"女の人
「今日も冷えますね」{W}",,
03-00-0FA4-01,3,0,6D1814,0FA4,1,クレス,"{N1}
（やっぱりエルウィンさんとナンシー
　さんの子孫・・・？）{W}",,
03-00-0FA4-02,3,0,6D1814,0FA4,2,女の人,"女の人
「何か？」{W}",,
03-00-0FA4-03,3,0,6D1814,0FA4,3,クレス,"{N1}
「いえ、何でもありません・・・」{W}",,
03-00-1042-00,3,0,6D1814,1042,0,スティーブン,"スティーブン
「ははは、うまくできたなぁ」{W}",,
03-00-1070-00,3,0,6D1814,1070,0,クレス,"{N1}
「エルウィンさん！？」{W}",,
03-00-1070-01,3,0,6D1814,1070,1,？？？,"？？？
「はぁ？」{W}",,
03-00-1070-02,3,0,6D1814,1070,2,？？？,"？？？
「エルウィンって・・・？」{W}",,
03-00-1070-03,3,0,6D1814,1070,3,？？？,"？？？
「私はスティーブンという名前だけど
　・・・」{W}",,
03-00-1070-04,3,0,6D1814,1070,4,スティーブン,"スティーブン
「まてよ、確か先々代のおじいさんの
　名前がエルウィンだったかな？」{W}",,
03-00-1070-05,3,0,6D1814,1070,5,スティーブン,"スティーブン
「なんでもおばあさんと駆け落ちして
　この町に移り住んだとか」{W}",,
03-00-1070-06,3,0,6D1814,1070,6,クレス,"{N1}
「あっ・・・」{W}",,
03-00-1070-07,3,0,6D1814,1070,7,クレス,"{N1}
「なっ、何でもありません・・・」{W}",,
03-00-11E0-00,3,0,6D1814,11E0,0,？？？,"？？？
「やあ」{W}",,
03-00-11E0-01,3,0,6D1814,11E0,1,？？？,"？？？
「君たち、冒険者かい？」{W}",,
03-00-11E0-02,3,0,6D1814,11E0,2,？？？,"？？？
「一つぼくの頼みをきいてはもらえな
　いだろうか？」",,
03-00-1252-00,3,0,6D1814,1252,0,？？？,"？？？
「そう・・・」{W}",,
03-00-1252-01,3,0,6D1814,1252,1,？？？,"？？？
「悪くない話なんだけど」{W}",,
03-00-128E-00,3,0,6D1814,128E,0,？？？,"？？？
「そうか、きいてくれるか」{W}",,
03-00-128E-01,3,0,6D1814,128E,1,？？？,"？？？
「私の名はグラハム・・・、グラハム
　＝アイフリードだ」{W}",,
03-00-128E-02,3,0,6D1814,128E,2,グラハム,"グラハム
「ウワサくらいは聞いたことあるだろ
　う？」{W}",,
03-00-128E-03,3,0,6D1814,128E,3,グラハム,"グラハム
「私は、海賊アイフリードの息子だ」{W}",,
03-00-128E-04,3,0,6D1814,128E,4,グラハム,"グラハム
「もっとも・・・、昔の栄光は消滅し
　てしまったがね」{W}",,
03-00-128E-05,3,0,6D1814,128E,5,グラハム,"グラハム
「父が残してくれた船を売り払って、
　どうにか暮らしているんだ」{W}",,
03-00-128E-06,3,0,6D1814,128E,6,クレス,"{N1}
「頼みっていうのは・・・」{W}",,
03-00-128E-07,3,0,6D1814,128E,7,クレス,"{N1}
「もしかしてあなたの父親の財産探し
　ですか？」{W}",,
03-00-128E-08,3,0,6D1814,128E,8,グラハム,"グラハム
「その通り」{W}",,
03-00-128E-09,3,0,6D1814,128E,9,グラハム,"グラハム
「しかし勘違いしないでくれ」{W}",,
03-00-128E-10,3,0,6D1814,128E,10,グラハム,"グラハム
「金目当てじゃあない」{W}",,
03-00-128E-11,3,0,6D1814,128E,11,グラハム,"グラハム
「とにかく、この古文書を見てくれ」{W}",,
03-00-128E-12,3,0,6D1814,128E,12,クレス,"{N1}
「古文書？」{W}",,
03-00-128E-13,3,0,6D1814,128E,13,グラハム,"グラハム
「父が私に託したものだ」{W}",,
03-00-128E-14,3,0,6D1814,128E,14,グラハム,"グラハム
「海賊アイフリードの隠れアジトの場
　所と謎の言葉が記されている」{W}",,
03-00-128E-15,3,0,6D1814,128E,15,クレス,"{N1}
「謎の言葉・・・えっと・・・」{W}",,
03-00-128E-16,3,0,6D1814,128E,16,クレス,"{N1}
『オーディーンを正面に見据え、
　フェンリルが左手で仰げる所』{W}",,
03-00-128E-17,3,0,6D1814,128E,17,クレス,"{N1}
『世界の中央に我が真の宝あり』{W}",,
03-00-128E-18,3,0,6D1814,128E,18,グラハム,"グラハム
「隠されている宝の内、金品はあなた
　に差し上げる」{W}",,
03-00-128E-19,3,0,6D1814,128E,19,グラハム,"グラハム
「そのかわり古文書の『真の宝』は、
　私に届けてもらいたい」{W}",,
03-00-128E-20,3,0,6D1814,128E,20,クレス,"{N1}
「わかりました、探しましょう」{W}",,
03-00-128E-21,3,0,6D1814,128E,21,,{COL:3}古文書を手に入れました。{COL:2}{W},,
03-00-16BC-00,3,0,6D1814,16BC,0,クレス,"{N1}
「グラハムさん、どうやらこのドレス
　が『真の宝』らしいです」{W}",,
03-00-16BC-01,3,0,6D1814,16BC,1,グラハム,"グラハム
「これは・・・、母さんの・・・！」{W}",,
03-00-16BC-02,3,0,6D1814,16BC,2,グラハム,"グラハム
「これが、親父の真の宝？」{W}",,
03-00-16BC-03,3,0,6D1814,16BC,3,グラハム,"グラハム
「こんな、こんなものが・・・、幾億
　の宝に勝ると・・・」{W}",,
03-00-16BC-04,3,0,6D1814,16BC,4,クラース,"{N4}
「たぶん、あなたの親父さん、海賊ア
　イフリードは・・・」{W}",,
03-00-16BC-05,3,0,6D1814,16BC,5,クラース,"{N4}
「自分の妻が一番大切な『宝』だと考
　えたのでしょう」{W}",,
03-00-16BC-06,3,0,6D1814,16BC,6,グラハム,"グラハム
「お金では買えない宝・・・」{W}",,
03-00-16BC-07,3,0,6D1814,16BC,7,グラハム,"グラハム
「ありがとう・・・、本当にありがと
　う・・・」{W}",,
03-00-16BC-08,3,0,6D1814,16BC,8,グラハム,"グラハム
「これはお礼です」{W}",,
03-00-18A0-00,3,0,6D1814,18A0,0,,{ITEM:16E}を手に入れました。{W},,
03-00-18BA-00,3,0,6D1814,18BA,0,,"{COL:2}{N4}は『{TITLE:1CA}』の
称号を得ました。{W}",,
03-00-18BA-01,3,0,6D1814,18BA,1,,{COL:0},,
03-00-18E8-00,3,0,6D1814,18E8,0,グラハム,"グラハム
『オーディーンを正面に見据え、
　フェンリルが左手で仰げる所』{W}",,
03-00-18E8-01,3,0,6D1814,18E8,1,グラハム,"グラハム
『世界の中央に我が真の宝あり』{W}",,
03-00-18E8-02,3,0,6D1814,18E8,2,グラハム,"グラハム
「これが古文書の謎の言葉だ」{W}",,
03-00-18E8-03,3,0,6D1814,18E8,3,グラハム,"グラハム
「ついでに隠しアジトもチェックして
　みるか？」",,
03-00-19C0-00,3,0,6D1814,19C0,0,グラハム,"グラハム
「ぜひ『真の宝』を見つけてくれ、頼
　んだぞ」{W}",,
03-00-19FC-00,3,0,6D1814,19FC,0,グラハム,"グラハム
「ぜひ『真の宝』を見つけてくれ、頼
　んだぞ」{W}",,
03-00-1A38-00,3,0,6D1814,1A38,0,グラハム,"グラハム
「父の功績、と言っていいかどうかは
　わからないが・・・」{W}",,
03-00-1A38-01,3,0,6D1814,1A38,1,グラハム,"グラハム
「それはオレにとって誇りだ」{W}",,
03-00-1A38-02,3,0,6D1814,1A38,2,グラハム,"グラハム
「隠しアジトの位置はもういいか？」",,
03-00-1AD4-00,3,0,6D1814,1AD4,0,グラハム,"グラハム
「北ユークリッド大陸にニつ、ローン
　島に一つ・・・」{W}",,
03-00-1AD4-01,3,0,6D1814,1AD4,1,グラハム,"グラハム
「南ユークリッドに四つ、この内ニつ
　は島にある」{W}",,
03-00-1AD4-02,3,0,6D1814,1AD4,2,グラハム,"グラハム
「アーリィ大陸にニつ、フェンリル大
　陸に一つ」{W}",,
03-00-1AD4-03,3,0,6D1814,1AD4,3,グラハム,"グラハム
「ミッドガルズ、ユミル地方に三つ、
　アルヴァニスタ北東部にニつ」{W}",,
03-00-1AD4-04,3,0,6D1814,1AD4,4,グラハム,"グラハム
「フレイランド東部と西部に一つずつ
　ミッドガルズ大陸極東地区に一つ」{W}",,
03-00-1AD4-05,3,0,6D1814,1AD4,5,グラハム,"グラハム
「同じくミッドガルズ大陸北部に四つ
　・・・」{W}",,
03-00-1AD4-06,3,0,6D1814,1AD4,6,グラハム,"グラハム
「合計して２２ヶ所になる」{W}",,
03-00-1C92-00,3,0,6D1814,1C92,0,剣士,"剣士
「やはり、こんな辺境の地に私を満足
　させる武器はないか」{W}",,
03-00-1C92-01,3,0,6D1814,1C92,1,剣士,"剣士
「確かにこの大陸に『氷の剣』という
　武器があると聞いたのだが・・・」{W}",,
03-00-1D24-00,3,0,6D1814,1D24,0,収集家　失格の人,"収集家　失格の人
「へへへ・・・がっぽり儲かった
　な」",,
03-00-1D5E-00,3,0,6D1814,1D5E,0,収集家,"収集家
「なぁ・・・」{W}",,
03-00-1D5E-01,3,0,6D1814,1D5E,1,収集家,"収集家
「いい話があるんだ・・・」{W}",,
03-00-1D5E-02,3,0,6D1814,1D5E,2,収集家,"収集家
「この{ITEM:187}を、
　５００００ガルドで買わないか？」{W}",,
03-00-1D5E-03,3,0,6D1814,1D5E,3,,{COL:2}５００００ガルドで買いますか？{COL:0},,
03-00-1DFE-00,3,0,6D1814,1DFE,0,収集家　失格の人,"収集家　失格の人
「ちぇ、せっかく買い占めたのに」{W}",,
03-00-1DFE-01,3,0,6D1814,1DFE,1,収集家　失格の人,"収集家　失格の人
「儲けそこねたぜ・・・」{W}",,
03-00-1E60-00,3,0,6D1814,1E60,0,収集家,"収集家
「金が足りないぜ」{W}",,
03-00-1E7E-00,3,0,6D1814,1E7E,0,,{COL:2}{ITEM:187}を手に入れました。{COL:0}{W},,
03-00-1E7E-01,3,0,6D1814,1E7E,1,収集家,"収集家
「へっへっへ」{W}",,
03-00-1EB8-00,3,0,6D1814,1EB8,0,料理人,"料理人
「寒いときには、ビーフシチューが一
　番だな」{W}",,
03-00-1EF2-00,3,0,6D1814,1EF2,0,料理人,"料理人
「私は『すばらしき味の世界』の住人
　です」{W}",,
03-00-1EF2-01,3,0,6D1814,1EF2,1,料理人,"料理人
「この味を、より多くの人々に伝えた
　い！」{W}",,
03-00-1EF2-02,3,0,6D1814,1EF2,2,料理人,"料理人
「君も私の世界に触れてみないか？」",,
03-00-1F8A-00,3,0,6D1814,1F8A,0,料理人,"料理人
「この料理を伝授しよう！」{W}",,
03-00-1FB0-00,3,0,6D1814,1FB0,0,,"{COL:2}ビーフシチューを料理できるようにな
りました。{W}",,
03-00-1FB0-01,3,0,6D1814,1FB0,1,,{COL:0},,
03-00-1FEA-00,3,0,6D1814,1FEA,0,料理人,"料理人
「おお、なんということだ！」{W}",,
03-00-2012-00,3,0,6D1814,2012,0,男の子,"男の子
「ギルガメスの
　{N1}兄ちゃんだ！」{W}",,
03-00-2042-00,3,0,6D1814,2042,0,男の子,"男の子
「勇者ギルガメスが、ドルアーガとい
　う悪魔と戦った伝説」{W}",,
03-00-2042-01,3,0,6D1814,2042,1,男の子,"男の子
「お兄ちゃん、知ってる？」{W}",,
03-00-2042-02,3,0,6D1814,2042,2,男の子,"男の子
「ぼくは、イシュタル伝説にとても興
　味があるんだ」{W}",,
03-00-20EA-00,3,0,6D1814,20EA,0,男の子,"男の子
「すごい！」{W}",,
03-00-20EA-01,3,0,6D1814,20EA,1,男の子,"男の子
「イシュタル伝説のアイテム・・・、
　全部持ってるんだね」{W}",,
03-00-20EA-02,3,0,6D1814,20EA,2,男の子,"男の子
「お兄ちゃんこそ、ギルガメスを名乗
　るにふさわしいよ！」{W}",,
03-00-218A-00,3,0,6D1814,218A,0,,"{COL:2}{N1}は『{TITLE:191}』の
称号を得ました。{W}",,
03-00-21B4-00,3,0,6D1814,21B4,0,男の子,"男の子
「お兄ちゃんに、ぼくが大切にしてい
　る収集品をあげるよ」{W}",,
03-00-21B4-01,3,0,6D1814,21B4,1,男の子,"男の子
「これは、めったに手に入らない品物
　だからね」{W}",,
03-00-2234-00,3,0,6D1814,2234,0,,{COL:2}{ITEM:18C}を手に入れました。{W},,
03-00-2234-01,3,0,6D1814,2234,1,,{COL:0},,
03-00-2256-00,3,0,6D1814,2256,0,男の子,"男の子
「イシュタル伝説ってさ、本当のこと
　だと思う？」{W}",,
03-00-2294-00,3,0,6D1814,2294,0,女の子,"女の子
「あー、{N3}さんだ！」{W}",,
03-00-2294-01,3,0,6D1814,2294,1,アーチェ,"{N3}
「・・・・・・寒い・・・」{W}",,
03-00-2294-02,3,0,6D1814,2294,2,女の子,"女の子
「お話して～！」{W}",,
03-00-2294-03,3,0,6D1814,2294,3,アーチェ,"{N3}
「・・・・・・寒いから、また今度」{W}",,
03-00-2294-04,3,0,6D1814,2294,4,女の子,"女の子
「え～！！」{W}",,
03-00-2294-05,3,0,6D1814,2294,5,アーチェ,"{N3}
「ゴメン、マジで無理・・・」{W}",,
03-00-2356-00,3,0,6D1814,2356,0,女の人,"女の人
「今年は今までにないほどの寒さだわ
　・・・」{W}",,
03-00-2390-00,3,0,6D1814,2390,0,男の子,"男の子
「寒すぎて外で遊べないな～」{W}",,
03-00-2390-01,3,0,6D1814,2390,1,男の子,"男の子
「え、女の子が外にいた？」{W}",,
03-00-2390-02,3,0,6D1814,2390,2,男の子,"男の子
「ぼくは寒いから嫌だな～」{W}",,
03-00-2400-00,3,0,6D1814,2400,0,おじいさん,"おじいさん
「今年はほんまに寒いのぅ」{W}",,
03-00-2400-01,3,0,6D1814,2400,1,おじいさん,"おじいさん
「こんなに寒いとあっという間に薪が
　なくなってしまうわ」{W}",,
03-00-2400-02,3,0,6D1814,2400,2,おじいさん,"おじいさん
「薪がなくなったら、ワシなんかあっ
　という間に凍えちまうよ」{W}",,
03-00-24BE-00,3,0,6D1814,24BE,0,男の人,"男の人
「なんでこんなに寒いんだ・・・」{W}",,
03-00-24EA-00,3,0,6D1814,24EA,0,女の人,"女の人
「今年は寒いわねぇ・・・」{W}",,
03-00-24EA-01,3,0,6D1814,24EA,1,女の人,"女の人
「思い切ってオリーブヴィレッジにで
　も引っ越そうかしら・・・」{W}",,
03-00-255A-00,3,0,6D1814,255A,0,剣士,"剣士
「寒さに耐えるのも修行になるか
　なぁ？」{W}",,
03-00-258E-00,3,0,6D1814,258E,0,剣士,"剣士
「でかけたいんだが、どうにも寒くて
　・・・」{W}",,
03-00-25C6-00,3,0,6D1814,25C6,0,おじいさん,"おじいさん
「薪がなくなりそうじゃわぃ」{W}",,
03-00-25F2-00,3,0,6D1814,25F2,0,女の子,"女の子
「雪ってきれいよね～」{W}",,
03-00-2614-00,3,0,6D1814,2614,0,女の人,"女の人
「薪はいつもはトレントの森の枯れ木
　を拾ってきているわ」{W}",,
03-00-265A-00,3,0,6D1814,265A,0,女の人,"女の人
「連日の寒さで薪ももう残り少ないわ
　・・・」{W}",,
03-00-265A-01,3,0,6D1814,265A,1,女の人,"女の人
「お願いです、{N3}さん」{W}",,
03-00-265A-02,3,0,6D1814,265A,2,女の人,"女の人
「薪を調達してきてくださらないかし
　ら？」{W}",,
03-00-265A-03,3,0,6D1814,265A,3,,この依頼を受けますか？,,
03-00-2702-00,3,0,6D1814,2702,0,女の人,"女の人
「そう、残念だわ・・・」{W}",,
03-00-2726-00,3,0,6D1814,2726,0,女の人,"女の人
「ありがとう、そう言っていただける
　と、とても助かるわ」{W}",,
03-00-2726-01,3,0,6D1814,2726,1,女の人,"女の人
「薪はいつもはトレントの森の枯れ木
　を拾ってきているの」{W}",,
03-00-2726-02,3,0,6D1814,2726,2,女の人,"女の人
「これで今年の冬も越せそうね」{W}",,
03-00-27D8-00,3,0,6D1814,27D8,0,,トレントの森へ向かいますか？,,
03-00-27F6-00,3,0,6D1814,27F6,0,アーチェ,"{N3}
「それじゃさっそくトレントの森へい
　こう！」{W}",,
03-00-27F6-01,3,0,6D1814,27F6,1,すず,"{N6}
「はい！」{W}",,
03-00-2840-00,3,0,6D1814,2840,0,アーチェ,"{N3}
「・・・さむい・・・」{W}",,
03-00-2840-01,3,0,6D1814,2840,1,すず,"{N6}
「我慢してください」{W}",,
03-00-2840-02,3,0,6D1814,2840,2,すず,"{N6}
「これも世界の平和の為ならば、良い
　修行となります」{W}",,
03-00-2840-03,3,0,6D1814,2840,3,アーチェ,"{N3}
「あたし、別に修行とか・・・」{W}",,
03-00-2840-04,3,0,6D1814,2840,4,すず,"{N6}
「忍者はこの程度の寒さで音を上げま
　せん」{W}",,
03-00-2914-00,3,0,6D1814,2914,0,アーチェ,"{N3}
「ところで{N6}ちゃん？」{W}",,
03-00-2936-00,3,0,6D1814,2936,0,すず,"{N6}
「なんですか？」{W}",,
03-00-2936-01,3,0,6D1814,2936,1,アーチェ,"{N3}
「ほんっっとに寒くない・・・？」{W}",,
03-00-2936-02,3,0,6D1814,2936,2,すず,"{N6}
「{SPD:10}・・・・・・・・・{SPD:FF}平気です！」{W}",,
03-00-2936-03,3,0,6D1814,2936,3,アーチェ,"{N3}
「ちょっと震えてない？」{W}",,
03-00-2936-04,3,0,6D1814,2936,4,すず,"{N6}
「そ、そんな事・・・、ないです」{W}",,
03-00-29F0-00,3,0,6D1814,29F0,0,アーチェ,"{N3}
「急ごっか・・・」{W}",,
03-00-29F0-01,3,0,6D1814,29F0,1,すず,"{N6}
「・・・・・・・・・はい」{W}",,
03-00-2A2E-00,3,0,6D1814,2A2E,0,アーチェ,"{N3}
「おまたせ、これで良いかな？？」{W}",,
03-00-2A2E-01,3,0,6D1814,2A2E,1,女の人,"女の人
「まぁ、薪をもってきてくれたのね、
　助かるわ」{W}",,
03-00-2A2E-02,3,0,6D1814,2A2E,2,女の人,"女の人
「これで今年の冬もなんとか越せそう
　だわね」{W}",,
03-00-2A2E-03,3,0,6D1814,2A2E,3,アーチェ,"{N3}
「よかったね」{W}",,
03-00-2A2E-04,3,0,6D1814,2A2E,4,すず,"{N6}
「無事、任務完了ですね！」{W}",,
03-00-2B02-00,3,0,6D1814,2B02,0,すず,"{N6}
「そろそろ時間ですね・・・」{W}",,
03-00-2B02-01,3,0,6D1814,2B02,1,アーチェ,"{N3}
「え、もう！？」{W}",,
03-00-2B02-02,3,0,6D1814,2B02,2,アーチェ,"{N3}
「うぅ・・・、大丈夫かなぁ？」{W}",,
03-00-2B66-00,3,0,6D1814,2B66,0,,ミゲールの町に戻りますか？,,
03-00-2B82-00,3,0,6D1814,2B82,0,アーチェ,"{N3}
「一回町に戻ろうか」{W}",,
03-00-2B82-01,3,0,6D1814,2B82,1,すず,"{N6}
「わかりました」{W}",,
03-00-2BB8-00,3,0,6D1814,2BB8,0,,"ミゲールの町に戻る事ができますが、
戻ると今回の依頼は失敗となります。{W}",,
03-00-2BB8-01,3,0,6D1814,2BB8,1,,ミゲールの町に戻りますか？,,
03-00-2C1C-00,3,0,6D1814,2C1C,0,アーチェ,"{N3}
「一回町に戻ろうか」{W}",,
03-00-2C1C-01,3,0,6D1814,2C1C,1,すず,"{N6}
「わかりました」{W}",,
03-00-2C52-00,3,0,6D1814,2C52,0,,"依頼を受けた町に退却しますか？
",,
03-00-2C74-00,3,0,6D1814,2C74,0,アーチェ,"{N3}
「一回町に戻ろうか」{W}",,
03-00-2C74-01,3,0,6D1814,2C74,1,すず,"{N6}
「わかりました」{W}",,
03-00-2CAA-00,3,0,6D1814,2CAA,0,アーチェ,"{N3}
「この町にまだ困ってる人が
　いる気がする・・・」{W}",,
03-00-2CE6-00,3,0,6D1814,2CE6,0,アーチェ,"{N3}
「おっといけない！」{W}",,
03-00-2CE6-01,3,0,6D1814,2CE6,1,アーチェ,"{N3}
「まだ任務の途中だった・・・」{W}",,
03-00-2D2A-00,3,0,6D1814,2D2A,0,アーチェ,"{N3}
「まだ用事がすんでないよ・・・」{W}",,
03-00-2D54-00,3,0,6D1814,2D54,0,,ＭＩＳＳＩＯＮ　ＣＯＭＰＬＥＴＥ！,,
04-00-0000-00,4,0,6D62D4,0000,0,クレス,"{N1}
「そ、そんな・・・」{W}",,
04-00-0000-01,4,0,6D62D4,0000,1,チェスター,"{N5}
「オレ・・・、家を見てくるッ！」{W}",,
04-00-0046-00,4,0,6D62D4,0046,0,クレス,"{N1}
「{SPD:10}・・・{N5}・・・」{SPD:FF}{W}",,
04-00-006C-00,4,0,6D62D4,006C,0,クレス,"{N1}
「{N5}、ここは危険だ」{W}",,
04-00-006C-01,4,0,6D62D4,006C,1,クレス,"{N1}
「いったん、ぼくの伯父の所へ行こう
　・・・」{W}",,
04-00-006C-02,4,0,6D62D4,006C,2,チェスター,"{N5}
「{SPD:10}・・・{SPD:FF}アミィや村の人たちを」{W}",,
04-00-006C-03,4,0,6D62D4,006C,3,チェスター,"{N5}
「このままにして・・・、逃げるって
　いうのか？」{W}",,
04-00-012A-00,4,0,6D62D4,012A,0,チェスター,"{N5}
「オレはイヤだッ！」{W}",,
04-00-012A-01,4,0,6D62D4,012A,1,チェスター,"{N5}
「行くんなら一人で行け！」{W}",,
04-00-012A-02,4,0,6D62D4,012A,2,チェスター,"{N5}
「{SPD:10}・・・{SPD:FF}みんなを弔ってやらないと、
　オレ一人だけでも・・・」{W}",,
04-00-012A-03,4,0,6D62D4,012A,3,クレス,"{N1}
「村を襲った奴らがまたここへ来たら
　殺されるかもしれないんだぞ！！」{W}",,
04-00-012A-04,4,0,6D62D4,012A,4,チェスター,"{N5}
「{SPD:10}・・・・・・{SPD:FF}」{W}",,
04-00-0226-00,4,0,6D62D4,0226,0,チェスター,"{N5}
「・・・すまん{N1}・・・」{W}",,
04-00-0226-01,4,0,6D62D4,0226,1,チェスター,"{N5}
「それでもオレは・・・ッ！」{W}",,
04-00-0226-02,4,0,6D62D4,0226,2,クレス,"{N1}
「{N5}{SPD:10}・・・{SPD:FF}」{W}",,
04-00-0226-03,4,0,6D62D4,0226,3,チェスター,"{N5}
「先に行っててくれ」{W}",,
04-00-0226-04,4,0,6D62D4,0226,4,チェスター,"{N5}
「ニ人とも残るのは危険だし、後か
　ら必ず行くから・・・」{W}",,
04-00-0226-05,4,0,6D62D4,0226,5,クレス,"{N1}
「必ずだぞ！」{W}",,
04-00-0300-00,4,0,6D62D4,0300,0,チェスター,"{N5}
「ああ、必ずだ・・・」{W}",,
04-00-0300-01,4,0,6D62D4,0300,1,チェスター,"{N5}
「ニ人で必ずカタキを討つぞ！」{W}",,
04-00-0300-02,4,0,6D62D4,0300,2,クレス,"{N1}
「ああ！！」{W}",,
04-00-035A-00,4,0,6D62D4,035A,0,,"あいつらは、
お前のペンダントを{SPD:10}・・・{SPD:FF}。{W}",,
04-00-038E-00,4,0,6D62D4,038E,0,クレス,"{N1}
（母さんの言ってたペンダントって
　{SPD:10}・・・{SPD:FF}）{W}",,
04-00-038E-01,4,0,6D62D4,038E,1,クレス,"{N1}
（もしかして父さんがくれたこれの事
　か{SPD:10}・・・{SPD:FF}？）{W}",,
04-00-040E-00,4,0,6D62D4,040E,0,クレス,"{N1}
（早くここから離れよう！）{W}",,
04-00-040E-01,4,0,6D62D4,040E,1,クレス,"{N1}
（そうすれば{N5}は{SPD:10}・・・、{SPD:FF}
　きっと安全になる{SPD:10}・・・{SPD:FF}）{W}",,
04-00-0480-00,4,0,6D62D4,0480,0,クレス,"{N1}
「早く家に行かないと・・・」{W}",,
04-00-0480-01,4,0,6D62D4,0480,1,クレス,"{N1}
「父さんと母さんが心配だ」{W}",,
04-00-04C8-00,4,0,6D62D4,04C8,0,クレス,"{N1}
「と、父さん・・・」{W}",,
04-00-04E6-00,4,0,6D62D4,04E6,0,クレス,"{N1}
「母さんッ！！」{W}",,
04-00-0500-00,4,0,6D62D4,0500,0,クレス,"{N1}
「母さん、しっかり！」{W}",,
04-00-0500-01,4,0,6D62D4,0500,1,マリア,"マリア
「{N1}、逃げなさい」{W}",,
04-00-0500-02,4,0,6D62D4,0500,2,マリア,"マリア
「伯父の住む、北の都ユークリッドへ
　・・・」{W}",,
04-00-0500-03,4,0,6D62D4,0500,3,マリア,"マリア
「あいつらは、お前のペンダントを
　{SPD:10}・・・・・・{SPD:FF}」{W}",,
04-00-0500-04,4,0,6D62D4,0500,4,クレス,"{N1}
「あいつらって誰！？」{W}",,
04-00-0500-05,4,0,6D62D4,0500,5,クレス,"{N1}
「一体、誰がこんなことを・・・！」{W}",,
04-00-0602-00,4,0,6D62D4,0602,0,クレス,"{N1}
「母さん、母さんッ！！」{W}",,
04-00-0602-01,4,0,6D62D4,0602,1,クレス,"{N1}
「目を開けて・・・・・・」{W}",,
04-00-0602-02,4,0,6D62D4,0602,2,クレス,"{N1}
「母さーん！！」{W}",,
04-00-065E-00,4,0,6D62D4,065E,0,クレス,"{N1}
「うわあああああ！！！」{W}",,
04-00-0680-00,4,0,6D62D4,0680,0,,（すでに息絶えている・・・）{W},,
04-00-06A0-00,4,0,6D62D4,06A0,0,チェスター,"{N5}
「{N1}、
　後から必ず行くから・・・」{W}",,
04-00-06A0-01,4,0,6D62D4,06A0,1,クレス,"{N1}
「必ずだぞ！」{W}",,
04-00-06A0-02,4,0,6D62D4,06A0,2,クレス,"{N1}
「ユークリッドで待ってるからな！」{W}",,
04-00-0710-00,4,0,6D62D4,0710,0,,（すでに息絶えている・・・）{W},,
04-00-0730-00,4,0,6D62D4,0730,0,クレス,"{N1}
「お姉さん・・・、どうか天国で幸せ
　になって下さい・・・」{W}",,
04-00-0776-00,4,0,6D62D4,0776,0,クレス,"{N1}
「来月結婚式だったのに・・・」{W}",,
04-00-0776-01,4,0,6D62D4,0776,1,クレス,"{N1}
「何でこんなことに・・・」{W}",,
04-00-07C0-00,4,0,6D62D4,07C0,0,クレス,"{N1}
「剣術を教えてやれなくて・・・、
　ゴメンな・・・」{W}",,
04-00-07FE-00,4,0,6D62D4,07FE,0,クレス,"{N1}
（小さな子供まで・・・）{W}",,
04-00-07FE-01,4,0,6D62D4,07FE,1,クレス,"{N1}
（一体誰がこんなことを・・・）{W}",,
04-00-0846-00,4,0,6D62D4,0846,0,クレス,"{N1}
「父さん・・・」{W}",,
04-00-0860-00,4,0,6D62D4,0860,0,クレス,"{N1}
「母さん・・・」{W}",,
04-00-087A-00,4,0,6D62D4,087A,0,,"『ミゲール＝アルベイン
　ここに眠る』と書かれている。{W}",,
04-00-087A-01,4,0,6D62D4,087A,1,クレス,"{N1}
「父さん・・・」{W}",,
04-00-08CC-00,4,0,6D62D4,08CC,0,,"『マリア＝アルベイン
　ここに眠る』と書かれている。{W}",,
04-00-08CC-01,4,0,6D62D4,08CC,1,クレス,"{N1}
「母さん・・・」{W}",,
04-00-08CC-02,4,0,6D62D4,08CC,2,クレス,"{N1}
「ぼくに{SPD:10}・・・、{SPD:FF}
　もっと力があれば・・・」{W}",,
04-00-0958-00,4,0,6D62D4,0958,0,クレス,"{N1}
「どうか・・・、安らかに眠って下さ
　い・・・」{W}",,
04-00-0992-00,4,0,6D62D4,0992,0,,"『アミィ＝バークライト
　ここに眠る』と書かれている。{W}",,
04-00-0992-01,4,0,6D62D4,0992,1,クレス,"{N1}
「{N5}・・・」{W}",,
04-00-09E2-00,4,0,6D62D4,09E2,0,クレス,"{N1}
「この剣は・・・、父さんのでもぼく
　のでもない」{W}",,
04-00-09E2-01,4,0,6D62D4,09E2,1,クレス,"{N1}
「もしかして、ここを襲ったやつらの
　・・・！？」{W}",,
04-00-0A58-00,4,0,6D62D4,0A58,0,,ナイツサーベルを手に入れました。{W},,
04-00-0A7C-00,4,0,6D62D4,0A7C,0,チェスター,"{N5}
「・・・・・人が」{W}",,
04-00-0A7C-01,4,0,6D62D4,0A7C,1,チェスター,"{N5}
「来る・・・！！」{W}",,
04-00-0AB2-00,4,0,6D62D4,0AB2,0,チェスター,"{N5}
「また来たのか・・・？」{W}",,
04-00-0AB2-01,4,0,6D62D4,0AB2,1,チェスター,"{N5}
「アミィ・・・、{SPD:10}今{SPD:FF}、お前のカタキを
　とってやるからな・・・！！」{W}",,
04-00-0B26-00,4,0,6D62D4,0B26,0,クレス,"{N1}
「時間の剣はよろしくお願いします」{W}",,
04-00-0B26-01,4,0,6D62D4,0B26,1,クラース,"{N4}
「わかってる」{W}",,
04-00-0B26-02,4,0,6D62D4,0B26,2,クラース,"{N4}
「私が責任を持って封印しよう」{W}",,
04-00-0B26-03,4,0,6D62D4,0B26,3,クレス,"{N1}
「それじゃあ、お元気で・・・」{W}",,
04-00-0BB4-00,4,0,6D62D4,0BB4,0,アーチェ,"{N3}
「みんな{SPD:10}・・・{SPD:FF}」{W}",,
04-00-0BB4-01,4,0,6D62D4,0BB4,1,アーチェ,"{N3}
「バイバイなんて言わないよ」{W}",,
04-00-0BB4-02,4,0,6D62D4,0BB4,2,アーチェ,"{N3}
「もう会えなくなるわけじゃないもん
　ね」{W}",,
04-00-0C2C-00,4,0,6D62D4,0C2C,0,アーチェ,"{N3}
「でも{SPD:F}・・・{SPD:FF}」{W}",,
04-00-0C2C-01,4,0,6D62D4,0C2C,1,アーチェ,"{N3}
「１００年後にしか会えないなんて、
　寂しすぎるよぉ{SPD:10}・・・{SPD:FF}」{W}",,
04-00-0C98-00,4,0,6D62D4,0C98,0,クレス,"{N1}
「{N3}・・・」{W}",,
04-00-0CB0-00,4,0,6D62D4,0CB0,0,クラース,"{N4}
「私は、もうニ度と会えないな」{W}",,
04-00-0CB0-01,4,0,6D62D4,0CB0,1,クレス,"{N1}
「{N4}さん・・・」{W}",,
04-00-0CB0-02,4,0,6D62D4,0CB0,2,クラース,"{N4}
「気にするな」{W}",,
04-00-0CB0-03,4,0,6D62D4,0CB0,3,クラース,"{N4}
「お前たちに会えただけでも、よかっ
　たと思ってる」{W}",,
04-00-0CB0-04,4,0,6D62D4,0CB0,4,クラース,"{N4}
「{N5}」{W}",,
04-00-0CB0-05,4,0,6D62D4,0CB0,5,クラース,"{N4}
「{N2}」{W}",,
04-00-0CB0-06,4,0,6D62D4,0CB0,6,クラース,"{N4}
「二人とも元気でな」{W}",,
04-00-0D80-00,4,0,6D62D4,0D80,0,クラース,"{N4}
「さっ、もう行こう」{W}",,
04-00-0D9E-00,4,0,6D62D4,0D9E,0,クレス,"{N1}
「{N5}、もういいか？」{W}",,
04-00-0D9E-01,4,0,6D62D4,0D9E,1,チェスター,"{N5}
「{SPD:10}・・・・・・{SPD:FF}ああ」{W}",,
04-00-0DE2-00,4,0,6D62D4,0DE2,0,チェスター,"{N5}
「そんな悲しそうな顔すんなよ」{W}",,
04-00-0DE2-01,4,0,6D62D4,0DE2,1,アーチェ,"{N3}
「{SPD:F}・・・・・・{SPD:FF}そうだね」{W}",,
04-00-0DE2-02,4,0,6D62D4,0DE2,2,チェスター,"{N5}
「・・・またな」{W}",,
04-00-0DE2-03,4,0,6D62D4,0DE2,3,アーチェ,"{N3}
「うんッ」{W}",,
04-00-0E5C-00,4,0,6D62D4,0E5C,0,クラース,"{N4}
「時間の剣よ！」{W}",,
04-00-0E5C-01,4,0,6D62D4,0E5C,1,クラース,"{N4}
「私たちの時代へ！！」{W}",,
04-00-0E94-00,4,0,6D62D4,0E94,0,チェスター,"{N5}
「これからどうする？」{W}",,
04-00-0E94-01,4,0,6D62D4,0E94,1,クレス,"{N1}
「まずは村を建て直そう」{W}",,
04-00-0E94-02,4,0,6D62D4,0E94,2,クレス,"{N1}
「それが終わったら{SPD:F}・・・{SPD:FF}」{W}",,
04-00-0E94-03,4,0,6D62D4,0E94,3,チェスター,"{N5}
「終わったら？」{W}",,
04-00-0E94-04,4,0,6D62D4,0E94,4,クレス,"{N1}
「{N3}はきっと・・・」{W}",,
04-00-0E94-05,4,0,6D62D4,0E94,5,クレス,"{N1}
「ぼくたちと同じ時を過ごしている
　はずだ」{W}",,
04-00-0E94-06,4,0,6D62D4,0E94,6,クレス,"{N1}
「会いに行こう！」{W}",,
04-00-0E94-07,4,0,6D62D4,0E94,7,ミント,"{N2}
「私も{SPD:10}・・・{SPD:FF}」{W}",,
04-00-0FA0-00,4,0,6D62D4,0FA0,0,ミント,"{N2}
「連れていってくれますか？」{W}",,
04-00-0FA0-01,4,0,6D62D4,0FA0,1,クレス,"{N1}
「もちろん！！」{W}",,
04-00-0FDE-00,4,0,6D62D4,0FDE,0,？？？,"？？？
「・・・{N3}・・・」{W}",,
04-00-0FFE-00,4,0,6D62D4,0FFE,0,？？？,"？？？
「おい、{N3}」{W}",,
04-00-0FFE-01,4,0,6D62D4,0FFE,1,？？？,"？？？
「・・・起きろよ！」{W}",,
04-00-1036-00,4,0,6D62D4,1036,0,アーチェ,"{N3}
「あ、・・・あれ・・・？」{W}",,
04-00-105A-00,4,0,6D62D4,105A,0,クレス,"{N1}
「{N3}・・・？」{W}",,
04-00-105A-01,4,0,6D62D4,105A,1,クレス,"{N1}
「・・・どうかしたのか？」{W}",,
04-00-105A-02,4,0,6D62D4,105A,2,アーチェ,"{N3}
「・・・ううん、なんでもないよ」{W}",,
04-00-105A-03,4,0,6D62D4,105A,3,クレス,"{N1}
「そうか？」{W}",,
04-00-105A-04,4,0,6D62D4,105A,4,クレス,"{N1}
「とにかく座れよ」{W}",,
04-00-105A-05,4,0,6D62D4,105A,5,アーチェ,"{N3}
「・・・・・・」{W}",,
04-00-1104-00,4,0,6D62D4,1104,0,ミント,"{N2}
「・・・どうかしました？」{W}",,
04-00-1104-01,4,0,6D62D4,1104,1,アーチェ,"{N3}
「・・・ううん、別に・・・」{W}",,
04-00-114C-00,4,0,6D62D4,114C,0,？？？,"？？？
「まったく、いつまで寝てるんだよ！
　早くこっちに来い！」{W}",,
04-00-114C-01,4,0,6D62D4,114C,1,？？？,"？？？
「{N3}、こっちですよ」{W}",,
04-00-11B2-00,4,0,6D62D4,11B2,0,クレス,"{N1}
「さあ、{N3}」{W}",,
04-00-11B2-01,4,0,6D62D4,11B2,1,クレス,"{N1}
「早くこっちにきなよ」{W}",,
04-00-11B2-02,4,0,6D62D4,11B2,2,チェスター,"{N5}
「まったく、グズグズするなよ！」{W}",,
04-00-11B2-03,4,0,6D62D4,11B2,3,ミント,"{N2}
「さあ、早くこっちへ！」{W}",,
04-00-1230-00,4,0,6D62D4,1230,0,チェスター,"{N5}
「なにしてんだよ、ほら、早く座れっ
　て！」{W}",,
04-00-1266-00,4,0,6D62D4,1266,0,チェスター,"{N5}
「まったく、お前はいっつもボ～っと
　しやがって」{W}",,
04-00-1266-01,4,0,6D62D4,1266,1,アーチェ,"{N3}
「・・・」{W}",,
04-00-1266-02,4,0,6D62D4,1266,2,クレス,"{N1}
「まあまあ{N5}・・・」{W}",,
04-00-1266-03,4,0,6D62D4,1266,3,ミント,"{N2}
「そうですよ、今日は大切な日なんで
　すから」{W}",,
04-00-1266-04,4,0,6D62D4,1266,4,ミント,"{N2}
「ねっ、{N3}」{W}",,
04-00-1266-05,4,0,6D62D4,1266,5,,"１：「なに・・・、これ・・・？」
２：「あれ、みんな何してるの？」
３：「わー、みんな久しぶりっ！」",,
04-00-1382-00,4,0,6D62D4,1382,0,アーチェ,"{N3}
「なに・・・、これ・・・？」{W}",,
04-00-1382-01,4,0,6D62D4,1382,1,アーチェ,"{N3}
「・・・」{W}",,
04-00-13BA-00,4,0,6D62D4,13BA,0,チェスター,"{N5}
「おいっ！」{W}",,
04-00-13BA-01,4,0,6D62D4,13BA,1,チェスター,"{N5}
「いいかげんにしろよ！」{W}",,
04-00-13BA-02,4,0,6D62D4,13BA,2,チェスター,"{N5}
「こっちはお前を待ってたんだぞ！」{W}",,
04-00-13BA-03,4,0,6D62D4,13BA,3,アーチェ,"{N3}
「・・・？」{W}",,
04-00-13BA-04,4,0,6D62D4,13BA,4,アーチェ,"{N3}
「ちょっと・・・なんなのよコレ？」{W}",,
04-00-1458-00,4,0,6D62D4,1458,0,クレス,"{N1}
「どうしたんだ？」{W}",,
04-00-1458-01,4,0,6D62D4,1458,1,クレス,"{N1}
「アーチェ？」{W}",,
04-00-1458-02,4,0,6D62D4,1458,2,ミント,"{N2}
「そうですよ」{W}",,
04-00-1458-03,4,0,6D62D4,1458,3,ミント,"{N2}
「・・・なにかあったんですか？」{W}",,
04-00-14C8-00,4,0,6D62D4,14C8,0,アーチェ,"{N3}
「なんで・・・、なんでみんながいる
　の？？」{W}",,
04-00-1500-00,4,0,6D62D4,1500,0,クレス,"{N1}
「一体どうしたんだ、{N3}」{W}",,
04-00-1500-01,4,0,6D62D4,1500,1,クレス,"{N1}
「みんないるに決まってるだろ？」{W}",,
04-00-1500-02,4,0,6D62D4,1500,2,ミント,"{N2}
「そうですよ、どうしたんですか？
　{N3}・・・？」{W}",,
04-00-1500-03,4,0,6D62D4,1500,3,,"１：「どういう事？？」
２：「・・・そうか！」",,
04-00-15B4-00,4,0,6D62D4,15B4,0,アーチェ,"{N3}
「ちょっと・・・、なになに？」{W}",,
04-00-15B4-01,4,0,6D62D4,15B4,1,アーチェ,"{N3}
「どういう事？？」{W}",,
04-00-15B4-02,4,0,6D62D4,15B4,2,アーチェ,"{N3}
「なんでみんながいるのよッ！」{W}",,
04-00-15B4-03,4,0,6D62D4,15B4,3,アーチェ,"{N3}
「・・・あたし・・・、なにがなんだ
　か・・・」{W}",,
04-00-15B4-04,4,0,6D62D4,15B4,4,クレス,"{N1}
「本当に、どうしたんだ？」{W}",,
04-00-15B4-05,4,0,6D62D4,15B4,5,チェスター,"{N5}
「おいおい・・・、もうボケちゃった
　のか？」{W}",,
04-00-15B4-06,4,0,6D62D4,15B4,6,チェスター,"{N5}
「まったく・・・」{W}",,
04-00-16C6-00,4,0,6D62D4,16C6,0,アーチェ,"{N3}
「なによッ！」{W}",,
04-00-16C6-01,4,0,6D62D4,16C6,1,チェスター,"{N5}
「おっ、やるか！」{W}",,
04-00-16F8-00,4,0,6D62D4,16F8,0,ミント,"{N2}
「・・・と、とにかく、これでみんな
　そろいましたね」{W}",,
04-00-16F8-01,4,0,6D62D4,16F8,1,ミント,"{N2}
「{N3}、そこに座って」{W}",,
04-00-1756-00,4,0,6D62D4,1756,0,アーチェ,"{N3}
「なんか変だけど{SPD:10}・・・・・・{SPD:FF}
　ま、いいか！」{W}",,
04-00-1796-00,4,0,6D62D4,1796,0,アーチェ,"{N3}
「・・・あれ？？」{W}",,
04-00-1796-01,4,0,6D62D4,1796,1,チェスター,"{N5}
「どうしたんだ？」{W}",,
04-00-1796-02,4,0,6D62D4,1796,2,アーチェ,"{N3}
「いや・・・、・・・なんで？」{W}",,
04-00-1796-03,4,0,6D62D4,1796,3,アーチェ,"{N3}
「なんでみんながいるの？」{W}",,
04-00-1796-04,4,0,6D62D4,1796,4,ミント,"{N2}
「なに言ってるの？」{W}",,
04-00-1796-05,4,0,6D62D4,1796,5,ミント,"{N2}
「{N3}・・・」{W}",,
04-00-1796-06,4,0,6D62D4,1796,6,クレス,"{N1}
「そうだよ、どうしたんだ？
　{N3}？」{W}",,
04-00-1874-00,4,0,6D62D4,1874,0,アーチェ,"{N3}
「あれ、・・・ここは！？」{W}",,
04-00-1874-01,4,0,6D62D4,1874,1,アーチェ,"{N3}
「なんなのコレ？？」{W}",,
04-00-1874-02,4,0,6D62D4,1874,2,アーチェ,"{N3}
「絶対おかしいよッ！！」{W}",,
04-00-1874-03,4,0,6D62D4,1874,3,アーチェ,"{N3}
「なんでミゲールの町が？？」{W}",,
04-00-18F8-00,4,0,6D62D4,18F8,0,クレス,"{N1}
「お、おい・・・」{W}",,
04-00-18F8-01,4,0,6D62D4,18F8,1,アーチェ,"{N3}
「・・・」{W}",,
04-00-18F8-02,4,0,6D62D4,18F8,2,チェスター,"{N5}
「・・・？」{W}",,
04-00-18F8-03,4,0,6D62D4,18F8,3,チェスター,"{N5}
「おい、{N3}・・・」{W}",,
04-00-1956-00,4,0,6D62D4,1956,0,アーチェ,"{N3}
「わーっ、みんな久しぶり！」{W}",,
04-00-1956-01,4,0,6D62D4,1956,1,チェスター,"{N5}
「・・・なに言ってんだよ」{W}",,
04-00-1956-02,4,0,6D62D4,1956,2,チェスター,"{N5}
「まあ、とにかく始めようぜ！」{W}",,
04-00-1956-03,4,0,6D62D4,1956,3,ミント,"{N2}
「クスッ」{W}",,
04-00-1956-04,4,0,6D62D4,1956,4,ミント,"{N2}
「{N3}・・・」{W}",,
04-00-1956-05,4,0,6D62D4,1956,5,ミント,"{N2}
「あんなに楽しみにしてたのに」{W}",,
04-00-1956-06,4,0,6D62D4,1956,6,クレス,"{N1}
「さあ、始めよう！」{W}",,
04-00-1956-07,4,0,6D62D4,1956,7,クレス,"{N1}
「創立祭だ！」{W}",,
04-00-1A44-00,4,0,6D62D4,1A44,0,アーチェ,"{N3}
「・・・創立祭？」{W}",,
04-00-1A44-01,4,0,6D62D4,1A44,1,チェスター,"{N5}
「・・・といっても、まだ家も建って
　ないけどな」{W}",,
04-00-1A44-02,4,0,6D62D4,1A44,2,チェスター,"{N5}
「明日からが本番だぜ！」{W}",,
04-00-1A44-03,4,0,6D62D4,1A44,3,チェスター,"{N5}
「ここを立派な村に立て直すんだ！」{W}",,
04-00-1A44-04,4,0,6D62D4,1A44,4,ミント,"{N2}
「今は私たち４人しか
　いないけど・・・」{W}",,
04-00-1A44-05,4,0,6D62D4,1A44,5,ミント,"{N2}
「きっといつか大勢の人たちで、この
　日を祝えると良いですね」{W}",,
04-00-1A44-06,4,0,6D62D4,1A44,6,クレス,"{N1}
「・・・どこまでやれるかわからない
　けど・・・」{W}",,
04-00-1A44-07,4,0,6D62D4,1A44,7,クレス,"{N1}
「みんなで力を合わせれば、きっとう
　まくいくさ！」{W}",,
04-00-1A44-08,4,0,6D62D4,1A44,8,クレス,"{N1}
「絶対に、にぎやかで楽しい、みんな
　が幸せに暮らせる村にしよう！」{W}",,
04-00-1A44-09,4,0,6D62D4,1A44,9,アーチェ,"{N3}
「・・・」{W}",,
04-00-1A44-10,4,0,6D62D4,1A44,10,チェスター,"{N5}
「ん？」{W}",,
04-00-1A44-11,4,0,6D62D4,1A44,11,チェスター,"{N5}
「どうしたんだ、お前？」{W}",,
04-00-1A44-12,4,0,6D62D4,1A44,12,,"１：「・・・大丈夫だよ、みんな」
２：「そうだね、頑張ろうね▽」",,
04-00-1CA0-00,4,0,6D62D4,1CA0,0,アーチェ,"{N3}
「・・・大丈夫だよ・・・」{W}",,
04-00-1CA0-01,4,0,6D62D4,1CA0,1,クレス,"{N1}
「？」{W}",,
04-00-1CA0-02,4,0,6D62D4,1CA0,2,ミント,"{N2}
「{N3}・・・？」{W}",,
04-00-1CA0-03,4,0,6D62D4,1CA0,3,アーチェ,"{N3}
「・・・大丈夫だよ」{W}",,
04-00-1CA0-04,4,0,6D62D4,1CA0,4,アーチェ,"{N3}
「きっと立派な村になるよ！」{W}",,
04-00-1CA0-05,4,0,6D62D4,1CA0,5,アーチェ,"{N3}
「みんながニコニコ笑って、楽しく暮
　らせる村になるよ・・・」{W}",,
04-00-1D70-00,4,0,6D62D4,1D70,0,チェスター,"{N5}
「・・・・・・・・・」{W}",,
04-00-1D70-01,4,0,6D62D4,1D70,1,チェスター,"{N5}
「・・・変なヤツだな・・・」{W}",,
04-00-1D70-02,4,0,6D62D4,1D70,2,チェスター,"{N5}
「ホラ、食えよ！！」{W}",,
04-00-1D70-03,4,0,6D62D4,1D70,3,アーチェ,"{N3}
「・・・ありがとう」{W}",,
04-00-1DEC-00,4,0,6D62D4,1DEC,0,アーチェ,"{N3}
「そうだね、頑張ろ▽」{W}",,
04-00-1DEC-01,4,0,6D62D4,1DEC,1,クレス,"{N1}
「ああ」{W}",,
04-00-1DEC-02,4,0,6D62D4,1DEC,2,ミント,"{N2}
「ええ、頑張りましょう」{W}",,
04-00-1DEC-03,4,0,6D62D4,1DEC,3,チェスター,"{N5}
「まあ、お前は余計な仕事を増やさな
　いようにしてくれよ」{W}",,
04-00-1E7E-00,4,0,6D62D4,1E7E,0,アーチェ,"{N3}
「ムッカー！！」{W}",,
04-00-1E7E-01,4,0,6D62D4,1E7E,1,クレス,"{N1}
「まったく、相変わらずだな・・・」{W}",,
04-00-1E7E-02,4,0,6D62D4,1E7E,2,ミント,"{N2}
「クスッ」{W}",,
04-00-1E7E-03,4,0,6D62D4,1E7E,3,ミント,"{N2}
「本当に仲がよろしいんですね」{W}",,
04-00-1EFA-00,4,0,6D62D4,1EFA,0,アーチェ,"{N3}
「そうか！」{W}",,
04-00-1EFA-01,4,0,6D62D4,1EFA,1,アーチェ,"{N3}
「コレは夢ね、夢に違いないわ！」{W}",,
04-00-1F38-00,4,0,6D62D4,1F38,0,チェスター,"{N5}
「・・・ばかやろう」{W}",,
04-00-1F38-01,4,0,6D62D4,1F38,1,チェスター,"{N5}
「・・・せっかく・・・また会えたっ
　てのに・・・」{W}",,
04-00-1F92-00,4,0,6D62D4,1F92,0,アーチェ,"{N3}
「やっぱ、みんなと一緒が良いね～」{W}",,
04-00-1F92-01,4,0,6D62D4,1F92,1,チェスター,"{N5}
「なんだよ、突然・・・？」{W}",,
04-00-1F92-02,4,0,6D62D4,1F92,2,ミント,"{N2}
「でも、私もそう思いますよ」{W}",,
04-00-1F92-03,4,0,6D62D4,1F92,3,クレス,"{N1}
「そうだな、みんなが一緒なら、町の
　復興も楽しく出来るさ！」{W}",,
04-00-1F92-04,4,0,6D62D4,1F92,4,ミント,"{N2}
「そうですね！」{W}",,
04-00-2062-00,4,0,6D62D4,2062,0,クレス,"{N1}
「{N2}、ちょっといい？」{W}",,
04-00-2084-00,4,0,6D62D4,2084,0,ミント,"{N2}
「えっ？」{W}",,
04-00-2084-01,4,0,6D62D4,2084,1,ミント,"{N2}
「は、はい」{W}",,
04-00-20AC-00,4,0,6D62D4,20AC,0,アーチェ,"{N3}
「・・・」{W}",,
04-00-20AC-01,4,0,6D62D4,20AC,1,チェスター,"{N5}
「・・・」{W}",,
04-00-20AC-02,4,0,6D62D4,20AC,2,アーチェ,"{N3}
「・・・」{W}",,
04-00-20AC-03,4,0,6D62D4,20AC,3,チェスター,"{N5}
「・・・なにしょぼくれた顔してるん
　だよ？」{W}",,
04-00-20AC-04,4,0,6D62D4,20AC,4,,"１：「別にあんたには関係ない
　　　でしょ！」
２：「ううん、なんでもない」",,
04-00-2166-00,4,0,6D62D4,2166,0,アーチェ,"{N3}
「べ・・・、別にあんたには関係ない
　でしょ！」{W}",,
04-00-21A0-00,4,0,6D62D4,21A0,0,チェスター,"{N5}
「おい、いちいち突っかかってくるな
　よ！」{W}",,
04-00-21D6-00,4,0,6D62D4,21D6,0,アーチェ,"{N3}
「うっさいわね～、関係ないって言っ
　たでしょ！」{W}",,
04-00-2212-00,4,0,6D62D4,2212,0,チェスター,"{N5}
「なっ・・・、てめえ、人が心配して
　・・・」{W}",,
04-00-224A-00,4,0,6D62D4,224A,0,アーチェ,"{N3}
「えッ・・・？」{W}",,
04-00-2264-00,4,0,6D62D4,2264,0,チェスター,"{N5}
「い、いや・・・」{W}",,
04-00-2264-01,4,0,6D62D4,2264,1,アーチェ,"{N3}
「ふ～ん、心配してくれたんだ～」{W}",,
04-00-2264-02,4,0,6D62D4,2264,2,チェスター,"{N5}
「べっ、別に・・・そんなんじゃねえ
　よ・・・」{W}",,
04-00-2264-03,4,0,6D62D4,2264,3,アーチェ,"{N3}
「ふ～ん・・・」{W}",,
04-00-2264-04,4,0,6D62D4,2264,4,チェスター,"{N5}
「・・・な、なんだよ」{W}",,
04-00-2264-05,4,0,6D62D4,2264,5,アーチェ,"{N3}
「あんた、人の心配なんかするんだ」{W}",,
04-00-2340-00,4,0,6D62D4,2340,0,チェスター,"{N5}
「な、なんだとッ！」{W}",,
04-00-235E-00,4,0,6D62D4,235E,0,アーチェ,"{N3}
「なによッ！」{W}",,
04-00-2376-00,4,0,6D62D4,2376,0,アーチェ,"{N3}
「・・・ゴメン、言い過ぎた」{W}",,
04-00-2376-01,4,0,6D62D4,2376,1,チェスター,"{N5}
「・・・」{W}",,
04-00-23AE-00,4,0,6D62D4,23AE,0,チェスター,"{N5}
「・・・コレ、やるよ」{W}",,
04-00-23CE-00,4,0,6D62D4,23CE,0,アーチェ,"{N3}
「えっ・・・、・・・花？」{W}",,
04-00-23CE-01,4,0,6D62D4,23CE,1,チェスター,"{N5}
「か、勘違いするなよ！」{W}",,
04-00-23CE-02,4,0,6D62D4,23CE,2,チェスター,"{N5}
「べ、別に買ってきたわけじゃないん
　だ！」{W}",,
04-00-23CE-03,4,0,6D62D4,23CE,3,チェスター,"{N5}
「ちょっとその辺にさいてたから、
　なんとなく摘んでみただけだ」{W}",,
04-00-23CE-04,4,0,6D62D4,23CE,4,チェスター,"{N5}
「と、とにかく、受け取れ！」{W}",,
04-00-23CE-05,4,0,6D62D4,23CE,5,アーチェ,"{N3}
「・・・プッ」{W}",,
04-00-23CE-06,4,0,6D62D4,23CE,6,アーチェ,"{N3}
「あんたが花ねぇ～・・・」{W}",,
04-00-23CE-07,4,0,6D62D4,23CE,7,チェスター,"{N5}
「ムカッ！」{W}",,
04-00-24FE-00,4,0,6D62D4,24FE,0,アーチェ,"{N3}
「・・・アリガト・・・」{W}",,
04-00-24FE-01,4,0,6D62D4,24FE,1,チェスター,"{N5}
「・・・おう」{W}",,
04-00-2536-00,4,0,6D62D4,2536,0,アーチェ,"{N3}
「ううん、なんでもない」{W}",,
04-00-2536-01,4,0,6D62D4,2536,1,チェスター,"{N5}
「・・・」{W}",,
04-00-256A-00,4,0,6D62D4,256A,0,チェスター,"{N5}
「・・・コレ、やるよ」{W}",,
04-00-258A-00,4,0,6D62D4,258A,0,アーチェ,"{N3}
「えっ・・・、・・・花？」{W}",,
04-00-258A-01,4,0,6D62D4,258A,1,チェスター,"{N5}
「か、勘違いするなよ！」{W}",,
04-00-258A-02,4,0,6D62D4,258A,2,チェスター,"{N5}
「べ、別に買ってきたわけじゃないん
　だ！」{W}",,
04-00-258A-03,4,0,6D62D4,258A,3,チェスター,"{N5}
「ちょっとその辺にさいてたから、
　なんとなく摘んでみただけだ」{W}",,
04-00-258A-04,4,0,6D62D4,258A,4,チェスター,"{N5}
「と、とにかく、受け取れ！」{W}",,
04-00-266E-00,4,0,6D62D4,266E,0,アーチェ,"{N3}
「あ・・・」{W}",,
04-00-266E-01,4,0,6D62D4,266E,1,チェスター,"{N5}
「・・・？」{W}",,
04-00-266E-02,4,0,6D62D4,266E,2,アーチェ,"{N3}
「ありがとう・・・ネ▽」{W}",,
04-00-26B8-00,4,0,6D62D4,26B8,0,チェスター,"{N5}
「・・・ちぇッ！」{W}",,
04-00-26D4-00,4,0,6D62D4,26D4,0,アーチェ,"{N3}
「なんだか、ここにいた方がいいよう
　な気がする・・・」{W}",,
04-00-2716-00,4,0,6D62D4,2716,0,すず,"{N6}
「そろそろ時間ですね・・・」{W}",,
04-00-2716-01,4,0,6D62D4,2716,1,アーチェ,"{N3}
「え、もう！？」{W}",,
04-00-2716-02,4,0,6D62D4,2716,2,アーチェ,"{N3}
「うぅ・・・、大丈夫かなぁ？」{W}",,
04-00-277A-00,4,0,6D62D4,277A,0,,ミゲールの町に戻りますか？,,
04-00-2796-00,4,0,6D62D4,2796,0,アーチェ,"{N3}
「一回町に戻ろうか」{W}",,
04-00-2796-01,4,0,6D62D4,2796,1,すず,"{N6}
「わかりました」{W}",,
04-00-27CC-00,4,0,6D62D4,27CC,0,,"ミゲールの町に戻る事ができますが、
戻ると今回の依頼は失敗となります。{W}",,
04-00-27CC-01,4,0,6D62D4,27CC,1,,ミゲールの町に戻りますか？,,
04-00-2830-00,4,0,6D62D4,2830,0,アーチェ,"{N3}
「一回町に戻ろうか」{W}",,
04-00-2830-01,4,0,6D62D4,2830,1,すず,"{N6}
「わかりました」{W}",,
04-00-2866-00,4,0,6D62D4,2866,0,,"依頼を受けた町に退却しますか？
",,
04-00-2888-00,4,0,6D62D4,2888,0,アーチェ,"{N3}
「一回町に戻ろうか」{W}",,
04-00-2888-01,4,0,6D62D4,2888,1,すず,"{N6}
「わかりました」{W}",,
04-00-28BE-00,4,0,6D62D4,28BE,0,アーチェ,"{N3}
「この町にまだ困ってる人が
　いる気がする・・・」{W}",,
04-00-28FA-00,4,0,6D62D4,28FA,0,アーチェ,"{N3}
「おっといけない！」{W}",,
04-00-28FA-01,4,0,6D62D4,28FA,1,アーチェ,"{N3}
「まだ任務の途中だった・・・」{W}",,
04-00-293E-00,4,0,6D62D4,293E,0,アーチェ,"{N3}
「まだ用事がすんでないよ・・・」{W}",,
05-00-0000-00,5,0,6DAE24,0000,0,,{N1}の家,,
05-00-000A-00,5,0,6DAE24,000A,0,,{N5}の家,,
05-00-0014-00,5,0,6DAE24,0014,0,,聖レニオス教会,,
05-00-0024-00,5,0,6DAE24,0024,0,,武器屋『ティーゼル』,,
05-00-003A-00,5,0,6DAE24,003A,0,,宿屋『やすらぎ』,,
05-00-004C-00,5,0,6DAE24,004C,0,,雑貨屋『ゴーリ』,,
05-00-005E-00,5,0,6DAE24,005E,0,ミゲール,"ミゲール
「{N1}！！」{W}",,
05-00-005E-01,5,0,6DAE24,005E,1,ミゲール,"ミゲール
「邪魔するんじゃない！」{W}",,
05-00-009C-00,5,0,6DAE24,009C,0,,{COL:3}休みますか？{COL:1},,
05-00-00B2-00,5,0,6DAE24,00B2,0,クレス,"{N1}
「父さん、狩りに行ってくるよ」{W}",,
05-00-00DA-00,5,0,6DAE24,00DA,0,ミゲール,"ミゲール
「遅くならないうちに帰ってくるんだ
　ぞ」{W}",,
05-00-00DA-01,5,0,6DAE24,00DA,1,クレス,"{N1}
「わかってるよ」{W}",,
05-00-012A-00,5,0,6DAE24,012A,0,受付嬢,"受付嬢
「あっ、{N1}君」{W}",,
05-00-012A-01,5,0,6DAE24,012A,1,受付嬢,"受付嬢
「どっか行くの？」{W}",,
05-00-012A-02,5,0,6DAE24,012A,2,クレス,"{N1}
「狩りに行くんだ」{W}",,
05-00-012A-03,5,0,6DAE24,012A,3,クレス,"{N1}
「でっかいの捕まえてくるよ」{W}",,
05-00-01A0-00,5,0,6DAE24,01A0,0,受付嬢,"受付嬢
「気をつけてね」{W}",,
05-00-01BC-00,5,0,6DAE24,01BC,0,クレス,"{N1}
「ぐっすり寝てる・・・」{W}",,
05-00-01DE-00,5,0,6DAE24,01DE,0,お手伝い,"お手伝い
「あっ、{N1}君」{W}",,
05-00-01DE-01,5,0,6DAE24,01DE,1,お手伝い,"お手伝い
「お母さん寝てるから静かにね」{W}",,
05-00-0226-00,5,0,6DAE24,0226,0,シスター,"シスター
「あっ、{N1}君」{W}",,
05-00-0226-01,5,0,6DAE24,0226,1,シスター,"シスター
「今日は何？」{W}",,
05-00-0226-02,5,0,6DAE24,0226,2,クレス,"{N1}
「たまには、教会によるのもいいなぁ
　と思って・・・」{W}",,
05-00-029C-00,5,0,6DAE24,029C,0,シスター,"シスター
「さっきも同じ事、言わなかったかし
　ら？」{W}",,
05-00-029C-01,5,0,6DAE24,029C,1,シスター,"シスター
「まあいいわ」{W}",,
05-00-029C-02,5,0,6DAE24,029C,2,シスター,"シスター
「あなたに神の御加護がありますよう
　に・・・」{W}",,
05-00-029C-03,5,0,6DAE24,029C,3,クレス,"{N1}
「ど、どうも・・・」{W}",,
05-00-0348-00,5,0,6DAE24,0348,0,シスター,"シスター
「いい心掛けね」{W}",,
05-00-0348-01,5,0,6DAE24,0348,1,シスター,"シスター
「あなたに神の御加護がありますよう　に・・・」{W}",,
05-00-03A0-00,5,0,6DAE24,03A0,0,男の人,"男の人
「自然崇拝もいきすぎると困るぜ」{W}",,
05-00-03A0-01,5,0,6DAE24,03A0,1,男の人,"男の人
「枝を折っちゃかわいそう、だとか言
　ってな・・・」{W}",,
05-00-03A0-02,5,0,6DAE24,03A0,2,男の人,"男の人
「教義を取り違えてる奴がいるんだよ
　な」{W}",,
05-00-043E-00,5,0,6DAE24,043E,0,男の人,"男の人
「教会の祭壇の両側に立つニ体の彫像
　って色っぽいよね」{W}",,
05-00-043E-01,5,0,6DAE24,043E,1,男の人,"男の人
「おっと、女神様なんだっけ・・・、
　いけねぇいけねぇ」{W}",,
05-00-04C4-00,5,0,6DAE24,04C4,0,武器屋,"武器屋
「よっ、{N1}！」{W}",,
05-00-04C4-01,5,0,6DAE24,04C4,1,武器屋,"武器屋
「何か買ってくれんのかい？」",,
05-00-0504-00,5,0,6DAE24,0504,0,武器屋,"武器屋
「また来いよ」{W}",,
05-00-051E-00,5,0,6DAE24,051E,0,武器屋,"武器屋
「よっ、{N1}！」{W}",,
05-00-051E-01,5,0,6DAE24,051E,1,武器屋,"武器屋
「そうそう、武器は持っててもしかた
　がねぇ」{W}",,
05-00-051E-02,5,0,6DAE24,051E,2,武器屋,"武器屋
「きちんと装備しねえと役に立たねえ
　ぜ」{W}",,
05-00-05A6-00,5,0,6DAE24,05A6,0,おかみさん,"おかみさん
「そっちから入ったらいかんて」{W}",,
05-00-05D4-00,5,0,6DAE24,05D4,0,クレス,"{N1}
「こんにちは」{W}",,
05-00-05D4-01,5,0,6DAE24,05D4,1,おかみさん,"おかみさん
「休むなら、自分の家で休みなさい」{W}",,
05-00-061C-00,5,0,6DAE24,061C,0,おかみさん,"おかみさん
「ありがとうよ」{W}",,
05-00-061C-01,5,0,6DAE24,061C,1,おかみさん,"おかみさん
「ほら、こづかい」{W}",,
05-00-061C-02,5,0,6DAE24,061C,2,,{COL:3}１０ガルド手に入れました。{COL:2}{W},,
05-00-0680-00,5,0,6DAE24,0680,0,おかみさん,"おかみさん
「おや、ちょうどよかった」{W}",,
05-00-0680-01,5,0,6DAE24,0680,1,おかみさん,"おかみさん
「あの置物、運んでもらおうかと思っ
　てたんだよ」{W}",,
05-00-06EA-00,5,0,6DAE24,06EA,0,おかみさん,"おかみさん
「早くあの置物を廊下まで運んでおく
　れ」{W}",,
05-00-06EA-01,5,0,6DAE24,06EA,1,おかみさん,"おかみさん
「窓側にぴったりとくっつけておくれ
　よ」{W}",,
05-00-06EA-02,5,0,6DAE24,06EA,2,おかみさん,"おかみさん
「廊下のド真ん中に置いたら、お客さ
　んに迷惑かけるからね」{W}",,
05-00-07A6-00,5,0,6DAE24,07A6,0,おかみさん,"おかみさん
「{N1}かい？」{W}",,
05-00-07A6-01,5,0,6DAE24,07A6,1,おかみさん,"おかみさん
「すまないがそこにある置物を廊下ま
　で運んでくれないかい？」{W}",,
05-00-07A6-02,5,0,6DAE24,07A6,2,クレス,"{N1}
「あの置物って・・・、ブッシュベイ
　ビーの像ですか？」{W}",,
05-00-07A6-03,5,0,6DAE24,07A6,3,クレス,"{N1}
「・・・なんでブッシュベイビーなん
　ですか？」{W}",,
05-00-07A6-04,5,0,6DAE24,07A6,4,おかみさん,"おかみさん
「じいさんの趣味だよ」{W}",,
05-00-07A6-05,5,0,6DAE24,07A6,5,クレス,"{N1}
「はあ・・・」{W}",,
05-00-07A6-06,5,0,6DAE24,07A6,6,,{COL:3}置物を運びますか？{COL:2},,
05-00-08DC-00,5,0,6DAE24,08DC,0,おかみさん,"おかみさん
「そうかい」{W}",,
05-00-08DC-01,5,0,6DAE24,08DC,1,おかみさん,"おかみさん
「最近の若いもんは・・・」{W}",,
05-00-0920-00,5,0,6DAE24,0920,0,おかみさん,"おかみさん
「窓際にぴったりとくっつけておくれ
　よ」{W}",,
05-00-0920-01,5,0,6DAE24,0920,1,おかみさん,"おかみさん
「廊下のド真ん中に置いたらお客さん
　に迷惑かかるからね」{W}",,
05-00-0920-02,5,0,6DAE24,0920,2,おかみさん,"おかみさん
「頼んだよ」{W}",,
05-00-09BC-00,5,0,6DAE24,09BC,0,旅の人,"旅の人
「今、主人と旅をしています」{W}",,
05-00-09BC-01,5,0,6DAE24,09BC,1,旅の人,"旅の人
「ここはいい所ですね」{W}",,
05-00-09BC-02,5,0,6DAE24,09BC,2,旅の人,"旅の人
「ずっと居たいわ・・・」{W}",,
05-00-09BC-03,5,0,6DAE24,09BC,3,旅の人,"旅の人
「主人なら散歩してますわ」{W}",,
05-00-0A4A-00,5,0,6DAE24,0A4A,0,主人,"主人
「なんじゃ、{N1}か」{W}",,
05-00-0A4A-01,5,0,6DAE24,0A4A,1,主人,"主人
「何かようか？」{W}",,
05-00-0A80-00,5,0,6DAE24,0A80,0,雑貨屋,"雑貨屋
「またおいで」",,
05-00-0A98-00,5,0,6DAE24,0A98,0,主人,"主人
「なんじゃ、{N1}か」{W}",,
05-00-0A98-01,5,0,6DAE24,0A98,1,主人,"主人
「何かようか？」{W}",,
05-00-0A98-02,5,0,6DAE24,0A98,2,主人,"主人
「外はええ天気ぢゃのぅ」{W}",,
05-00-0A98-03,5,0,6DAE24,0A98,3,主人,"主人
「しかし、西から変な雲がたちこめて
　きおった」{W}",,
05-00-0A98-04,5,0,6DAE24,0A98,4,主人,"主人
「一雨きそうかのぅ」{W}",,
05-00-0B42-00,5,0,6DAE24,0B42,0,主人,"主人
「おお、{N5}」{W}",,
05-00-0B42-01,5,0,6DAE24,0B42,1,主人,"主人
「妹は元気か？」{W}",,
05-00-0B42-02,5,0,6DAE24,0B42,2,主人,"主人
「ほら、これを持っていきな」{W}",,
05-00-0B42-03,5,0,6DAE24,0B42,3,,{COL:3}リンゴを手に入れました。{COL:2}{W},,
05-00-0BB8-00,5,0,6DAE24,0BB8,0,バイト,"バイト
「ちくしょー、人使いの荒いじじいだ
　ぜ・・・」{W}",,
05-00-0BB8-01,5,0,6DAE24,0BB8,1,バイト,"バイト
「どうせ客なんていないくせに」{W}",,
05-00-0BB8-02,5,0,6DAE24,0BB8,2,主人,"主人
「何か言ったか！？」{W}",,
05-00-0BB8-03,5,0,6DAE24,0BB8,3,主人,"主人
「もっと気合い入れて働け！」{W}",,
05-00-0BB8-04,5,0,6DAE24,0BB8,4,バイト,"バイト
「はっ、はいっ！！」{W}",,
05-00-0C7A-00,5,0,6DAE24,0C7A,0,剣士,"剣士
「ついにアルベイン先生に弟子入りし
　たのだ・・・」{W}",,
05-00-0C7A-01,5,0,6DAE24,0C7A,1,剣士,"剣士
「先生の元で、さらに剣の腕を磨くの
　だ！」{W}",,
05-00-0CEC-00,5,0,6DAE24,0CEC,0,女剣士,"女剣士
「やあ」{W}",,
05-00-0CEC-01,5,0,6DAE24,0CEC,1,女剣士,"女剣士
「君がアルベイン先生の息子の・・・
　{N1}だね」{W}",,
05-00-0CEC-02,5,0,6DAE24,0CEC,2,女剣士,"女剣士
「今度、ぜひ剣を交えたいものだな」{W}",,
05-00-0D66-00,5,0,6DAE24,0D66,0,アミィ,"アミィ
「あっ、{N1}兄ちゃん」{W}",,
05-00-0D66-01,5,0,6DAE24,0D66,1,アミィ,"アミィ
「こんにちは▽」{W}",,
05-00-0DA2-00,5,0,6DAE24,0DA2,0,アミィ,"アミィ
「これ・・・、作ったんだよ」{W}",,
05-00-0DCA-00,5,0,6DAE24,0DCA,0,,{COL:3}マスコットを手に入れました。{COL:2}{W},,
05-00-0DF2-00,5,0,6DAE24,0DF2,0,チェスター,"{N5}
「{N1}の格好をした人形だ」{W}",,
05-00-0E16-00,5,0,6DAE24,0E16,0,チェスター,"{N5}
「ハハハ、よくできてるじゃないか」{W}",,
05-00-0E16-01,5,0,6DAE24,0E16,1,チェスター,"{N5}
「お前、毎晩遅くまでそれを縫ってい
　たのか？」{W}",,
05-00-0E16-02,5,0,6DAE24,0E16,2,クレス,"{N1}
「ありがとう、大切にするよ」{W}",,
05-00-0E16-03,5,0,6DAE24,0E16,3,チェスター,"{N5}
「なぁアミィ、俺には？」{W}",,
05-00-0EBE-00,5,0,6DAE24,0EBE,0,アミィ,"アミィ
「・・・・・・え〃」{W}",,
05-00-0EDE-00,5,0,6DAE24,0EDE,0,チェスター,"{N5}
「アミィ、これ」{W}",,
05-00-0EDE-01,5,0,6DAE24,0EDE,1,アミィ,"アミィ
「お兄ちゃん」{W}",,
05-00-0EDE-02,5,0,6DAE24,0EDE,2,アミィ,"アミィ
「また雑貨屋のおじいちゃんからリン
　ゴもらったのね」{W}",,
05-00-0EDE-03,5,0,6DAE24,0EDE,3,アミィ,"アミィ
「んっ、おいし▽」{W}",,
05-00-0F6C-00,5,0,6DAE24,0F6C,0,,"{N5}は『{TITLE:1DB}』の
称号を得ました。{W}",,
05-00-0F92-00,5,0,6DAE24,0F92,0,アミィ,"アミィ
「あっ、{N1}兄ちゃん」{W}",,
05-00-0F92-01,5,0,6DAE24,0F92,1,アミィ,"アミィ
「こんにちは」{W}",,
05-00-0F92-02,5,0,6DAE24,0F92,2,アミィ,"アミィ
「狩りに行くんだっけ？」{W}",,
05-00-0F92-03,5,0,6DAE24,0F92,3,アミィ,"アミィ
「でーっかいの捕まえてきてね」{W}",,
05-00-0F92-04,5,0,6DAE24,0F92,4,アミィ,"アミィ
「お兄ちゃん！」{W}",,
05-00-0F92-05,5,0,6DAE24,0F92,5,アミィ,"アミィ
「足手まといになっちゃダメだよ！」{W}",,
05-00-0F92-06,5,0,6DAE24,0F92,6,チェスター,"{N5}
「お前に言われるまでもないって！」{W}",,
05-00-1086-00,5,0,6DAE24,1086,0,アミィ,"アミィ
「いってらっしゃい」{W}",,
05-00-1086-01,5,0,6DAE24,1086,1,アミィ,"アミィ
「気をつけてね」{W}",,
05-00-10C0-00,5,0,6DAE24,10C0,0,剣士,"剣士
「う～む、さすがに剣の先生のいる村
　だ」{W}",,
05-00-10C0-01,5,0,6DAE24,10C0,1,剣士,"剣士
「いい武器がそろってるな」{W}",,
05-00-1116-00,5,0,6DAE24,1116,0,神父,"神父
「おや、{N1}君か」{W}",,
05-00-1116-01,5,0,6DAE24,1116,1,神父,"神父
「何か悩みごとかな？」{W}",,
05-00-1116-02,5,0,6DAE24,1116,2,クレス,"{N1}
「い、いえ・・・、そういうわけじゃ
　・・・」{W}",,
05-00-1116-03,5,0,6DAE24,1116,3,神父,"神父
「そうそう、近いうちにここで結婚式
　をやります」{W}",,
05-00-1116-04,5,0,6DAE24,1116,4,神父,"神父
「手伝いをお願いできますか？」{W}",,
05-00-1116-05,5,0,6DAE24,1116,5,クレス,"{N1}
「ええ、もちろん」{W}",,
05-00-1116-06,5,0,6DAE24,1116,6,神父,"神父
「ありがとう」{W}",,
05-00-1116-07,5,0,6DAE24,1116,7,神父,"神父
「この教会は・・・」{W}",,
05-00-1116-08,5,0,6DAE24,1116,8,神父,"神父
「トーティスの創始者レニオスの名に
　ちなんで名付けられました」{W}",,
05-00-1116-09,5,0,6DAE24,1116,9,神父,"神父
「偉大なる創始者の名に恥じぬような
　立派な結婚式を挙げたいものです」{W}",,
05-00-12C8-00,5,0,6DAE24,12C8,0,神父,"神父
「自然と共に人としてあるがままに生
　きること」{W}",,
05-00-12C8-01,5,0,6DAE24,12C8,1,神父,"神父
「それが、大地母神マーテルの教えで
　す」{W}",,
05-00-1334-00,5,0,6DAE24,1334,0,練習生,"練習生
「えいっ！」{W}",,
05-00-134C-00,5,0,6DAE24,134C,0,練習生,"練習生
「とうっ！」{W}",,
05-00-1364-00,5,0,6DAE24,1364,0,,"練習生
{SPD:1}「オレたち{SPD:1B}、{SPD:1}いつまで{SPD:1B}、{SPD:1}こんなこと{SPD:1B}、
　{SPD:1}してるんだろ？」{W}",,
05-00-1364-01,5,0,6DAE24,1364,1,,{SPD:FF},,
05-00-13C6-00,5,0,6DAE24,13C6,0,練習生,"練習生
「早く練習終わらないかな・・・？」{W}",,
05-00-13F4-00,5,0,6DAE24,13F4,0,クレス,"{N1}
「トリスタン師匠、こんにちは」{W}",,
05-00-13F4-01,5,0,6DAE24,13F4,1,トリスタン,"トリスタン
「{N1}か」{W}",,
05-00-13F4-02,5,0,6DAE24,13F4,2,トリスタン,"トリスタン
「精進してるか？」{W}",,
05-00-13F4-03,5,0,6DAE24,13F4,3,トリスタン,"トリスタン
「おんしも、父を超える剣士になるん
　じゃぞ」{W}",,
05-00-1490-00,5,0,6DAE24,1490,0,クレス,"{N1}
「父さん、呼んだ？」{W}",,
05-00-1490-01,5,0,6DAE24,1490,1,クレスの父・ミゲール,"{N1}の父・ミゲール
「ああ・・・、母さんの風邪の具合は
　どうだ？」{W}",,
05-00-1490-02,5,0,6DAE24,1490,2,クレス,"{N1}
「熱も下がったみたいだし、もう大丈
　夫だよ」{W}",,
05-00-1490-03,5,0,6DAE24,1490,3,クレス,"{N1}
「で、話って何？」{W}",,
05-00-1490-04,5,0,6DAE24,1490,4,ミゲール,"ミゲール
「お前にやった、ペンダントについて　な・・・」{W}",,
05-00-1490-05,5,0,6DAE24,1490,5,クレス,"{N1}
「ペンダント？」{W}",,
05-00-1490-06,5,0,6DAE24,1490,6,クレス,"{N1}
「ああ、１５歳の誕生日の時、もらっ
　た・・・」{W}",,
05-00-1490-07,5,0,6DAE24,1490,7,クレス,"{N1}
「あれがどうしたの？」{W}",,
05-00-15EC-00,5,0,6DAE24,15EC,0,ミゲール,"ミゲール
「あの声は{N5}か」{W}",,
05-00-15EC-01,5,0,6DAE24,15EC,1,クレス,"{N1}
「あ、父さんごめん」{W}",,
05-00-15EC-02,5,0,6DAE24,15EC,2,クレス,"{N1}
「{N5}と約束してたんだ」{W}",,
05-00-15EC-03,5,0,6DAE24,15EC,3,ミゲール,"ミゲール
「ああ、ペンダントのことは夕食の時
　にでも話そう」{W}",,
05-00-15EC-04,5,0,6DAE24,15EC,4,クレス,"{N1}
「はい」{W}",,
05-00-1698-00,5,0,6DAE24,1698,0,クレス,"{N1}
「トリスタン師匠、ゆっくりしてって
　下さい」{W}",,
05-00-16D0-00,5,0,6DAE24,16D0,0,クレス,"{N1}
「母さん・・・」{W}",,
05-00-16D0-01,5,0,6DAE24,16D0,1,マリア,"マリア
「{SPD:10}・・・・・・{SPD:FF}」{W}",,
05-00-16D0-02,5,0,6DAE24,16D0,2,クレス,"{N1}
「ぐっすり寝てる・・・」{W}",,
05-00-172C-00,5,0,6DAE24,172C,0,クレス,"{N1}
「母さんはいつも働き過ぎなんだよ」{W}",,
05-00-172C-01,5,0,6DAE24,172C,1,クレス,"{N1}
「たまにはゆっくり休まないと」{W}",,
05-00-177E-00,5,0,6DAE24,177E,0,チェスター,"{N5}
「でも、いいお母さんだよな」{W}",,
05-00-177E-01,5,0,6DAE24,177E,1,チェスター,"{N5}
「お前がうらやましいよ」{W}",,
05-00-177E-02,5,0,6DAE24,177E,2,チェスター,"{N5}
「偉大な父親に優しい母親なんてさ、
　理想の一家だな」{W}",,
05-00-1802-00,5,0,6DAE24,1802,0,クレス,"{N1}
「なに言ってんだよ〃」{W}",,
05-00-1802-01,5,0,6DAE24,1802,1,クレス,"{N1}
「{N5}にだってさ」{W}",,
05-00-1802-02,5,0,6DAE24,1802,2,クレス,"{N1}
「アミィちゃんがいるじゃないか」{W}",,
05-00-1802-03,5,0,6DAE24,1802,3,クレス,"{N1}
「あんなに兄貴想いのいい娘はいない
　ぞ」{W}",,
05-00-1896-00,5,0,6DAE24,1896,0,チェスター,"{N5}
「当たり前だろ！」{W}",,
05-00-18B2-00,5,0,6DAE24,18B2,0,チェスター,"{N5}
「なんたって俺の妹だからな！」{W}",,
05-00-18DA-00,5,0,6DAE24,18DA,0,お手伝い,"お手伝い
「静かにッ！」{W}",,
05-00-18F6-00,5,0,6DAE24,18F6,0,お手伝い,"お手伝い
「まったく・・・」{W}",,
05-00-1916-00,5,0,6DAE24,1916,0,お手伝い,"お手伝い
「ここから先はお母さんが寝てるから
　静かにね」{W}",,
06-00-0000-00,6,0,6DD3EC,0000,0,,ハーメル教会,,
06-00-000E-00,6,0,6DD3EC,000E,0,,宿屋『ハーメルＩＮＮ』,,
06-00-0026-00,6,0,6DD3EC,0026,0,,道具屋『ＲＡＭ』,,
06-00-0038-00,6,0,6DD3EC,0038,0,,武器屋『クリスタルロッド』,,
06-00-0054-00,6,0,6DD3EC,0054,0,,防具屋『にんたい』,,
06-00-0068-00,6,0,6DD3EC,0068,0,,聖なる書を読んでいるようだ。{W},,
06-00-0068-01,6,0,6DD3EC,0068,1,神父,"神父
「神は、すべてをお許しになるのです
　・・・」{W}",,
06-00-00BE-00,6,0,6DD3EC,00BE,0,町の人,"町の人
「普段から神に祈りをささげていれば
　何も恐れることはありません」{W}",,
06-00-00BE-01,6,0,6DD3EC,00BE,1,町の人,"町の人
「かみさんは怖いけど・・・」{W}",,
06-00-0132-00,6,0,6DD3EC,0132,0,町の人,"町の人
「スカーレット師匠の弟子にデミテル
　ってのがいてね」{W}",,
06-00-0132-01,6,0,6DD3EC,0132,1,町の人,"町の人
「師匠が死んだ時はそりゃあもう泣い
　て泣いて・・・」{W}",,
06-00-0132-02,6,0,6DD3EC,0132,2,町の人,"町の人
「死因？」{W}",,
06-00-0132-03,6,0,6DD3EC,0132,3,町の人,"町の人
「事故だと思ったけど」{W}",,
06-00-01E8-00,6,0,6DD3EC,01E8,0,町の人,"町の人
「ちょっと前、この町にスカーレット
　さんという人が住んでいたんだ」{W}",,
06-00-01E8-01,6,0,6DD3EC,01E8,1,町の人,"町の人
「スカーレットさんは魔術師だったん
　だけど・・・」{W}",,
06-00-01E8-02,6,0,6DD3EC,01E8,2,町の人,"町の人
「同時に魔術に代わる新しい力の研究
　に取りくんでいたらしい」{W}",,
06-00-01E8-03,6,0,6DD3EC,01E8,3,町の人,"町の人
「もう死んじゃったけどね」{W}",,
06-00-01E8-04,6,0,6DD3EC,01E8,4,町の人,"町の人
「アーメン」{W}",,
06-00-02F8-00,6,0,6DD3EC,02F8,0,シスター,"シスター
「あなたたちは旅の方ですか？」{W}",,
06-00-02F8-01,6,0,6DD3EC,02F8,1,クレス,"{N1}
「ええ、そうです」{W}",,
06-00-02F8-02,6,0,6DD3EC,02F8,2,シスター,"シスター
「では、お祈りを」{W}",,
06-00-02F8-03,6,0,6DD3EC,02F8,3,シスター,"シスター
「あなたたちに神の御加護があります
　ように{SPD:10}・・・{SPD:FF}」{W}",,
06-00-03A4-00,6,0,6DD3EC,03A4,0,女の人,"女の人
「スカーレットさんは何年か前に突然
　引っこして来たのよ」{W}",,
06-00-03A4-01,6,0,6DD3EC,03A4,1,女の人,"女の人
「確か、ここに来る前はミッドガルズ
　にいたとか」{W}",,
06-00-0426-00,6,0,6DD3EC,0426,0,町の人,"町の人
「何かいやな予感がします」{W}",,
06-00-0426-01,6,0,6DD3EC,0426,1,町の人,"町の人
「世界を脅かす、何か強大な力が迫っ
　ているような・・・」{W}",,
06-00-0490-00,6,0,6DD3EC,0490,0,おじいさん,"おじいさん
「気が・・・、気が怒りに満ちている
　・・・・・・」{W}",,
06-00-04D4-00,6,0,6DD3EC,04D4,0,おばあさん,"おばあさん
「昔々・・・、想像を絶するような昔
　に・・・」{W}",,
06-00-04D4-01,6,0,6DD3EC,04D4,1,おばあさん,"おばあさん
「それはすばらしい文明があったとい
　う・・・」{W}",,
06-00-04D4-02,6,0,6DD3EC,04D4,2,おばあさん,"おばあさん
「私のじいさんから聞いたんじゃが、
　果たして本当かウソか」{W}",,
06-00-04D4-03,6,0,6DD3EC,04D4,3,おばあさん,"おばあさん
「ふぇっふぇっふぇ・・・」{W}",,
06-00-05C4-00,6,0,6DD3EC,05C4,0,宿屋,"宿屋
「いらっしゃい、お客さんお泊まりで
　すか？」{W}",,
06-00-05C4-01,6,0,6DD3EC,05C4,1,宿屋,"宿屋
「一晩２５ガルドになります」",,
06-00-061E-00,6,0,6DD3EC,061E,0,宿屋,"宿屋
「ごゆっくり」{W}",,
06-00-061E-01,6,0,6DD3EC,061E,1,宿屋,"宿屋
「チェックアウトは明日の十時です」{W}",,
06-00-0660-00,6,0,6DD3EC,0660,0,宿屋,"宿屋
「すいません、お客さんお金が足りま
　せん」{W}",,
06-00-0696-00,6,0,6DD3EC,0696,0,宿屋,"宿屋
「また来て下さい、旅の方」{W}",,
06-00-06BA-00,6,0,6DD3EC,06BA,0,道具屋,"道具屋
「いらっしゃい」{W}",,
06-00-06D6-00,6,0,6DD3EC,06D6,0,道具屋,"道具屋
「ありがとうございます、また来て下
　さいね」{W}",,
06-00-0710-00,6,0,6DD3EC,0710,0,店員,"店員
「いらっしゃい」{W}",,
06-00-0710-01,6,0,6DD3EC,0710,1,店員,"店員
「え、店の名前？」{W}",,
06-00-0710-02,6,0,6DD3EC,0710,2,店員,"店員
「あれ、主人の名前よ」{W}",,
06-00-0710-03,6,0,6DD3EC,0710,3,店員,"店員
「リチャード・Ａ・マッキンタイア、
　・・・っていうの」{W}",,
06-00-07A2-00,6,0,6DD3EC,07A2,0,武器屋,"武器屋
「いらっしゃい」{W}",,
06-00-07BE-00,6,0,6DD3EC,07BE,0,武器屋,"武器屋
「どうも」{W}",,
06-00-07D4-00,6,0,6DD3EC,07D4,0,防具屋,"防具屋
「いらっしゃい」{W}",,
06-00-07F0-00,6,0,6DD3EC,07F0,0,防具屋,"防具屋
「ありがとうございました」{W}",,
06-00-0816-00,6,0,6DD3EC,0816,0,女の子,"女の子
「神様{SPD:10}・・・{SPD:FF}、どうかパパやママを守
　って下さい{SPD:10}・・・{SPD:FF}」{W}",,
06-00-086A-00,6,0,6DD3EC,086A,0,クレス,"{N1}
「あっ、ナンシーさん！？」{W}",,
06-00-086A-01,6,0,6DD3EC,086A,1,ナンシー,"ナンシー
「あっ、{N1}さん」{W}",,
06-00-086A-02,6,0,6DD3EC,086A,2,ナンシー,"ナンシー
「この間はありがとう」{W}",,
06-00-086A-03,6,0,6DD3EC,086A,3,クレス,"{N1}
「何でこんな所に！？」{W}",,
06-00-086A-04,6,0,6DD3EC,086A,4,女剣士,"女剣士
「この子がどうしても彼に会いたいっ
　てね」{W}",,
06-00-086A-05,6,0,6DD3EC,086A,5,女剣士,"女剣士
「私は旅の者だ」{W}",,
06-00-086A-06,6,0,6DD3EC,086A,6,女剣士,"女剣士
「ベネツィアに行く予定があってね」{W}",,
06-00-086A-07,6,0,6DD3EC,086A,7,女剣士,"女剣士
「ついでにこの子も連れて行くことに
　なったんだ」{W}",,
06-00-086A-08,6,0,6DD3EC,086A,8,クレス,"{N1}
「はぁ・・・、そうですか・・・」{W}",,
06-00-086A-09,6,0,6DD3EC,086A,9,ナンシー,"ナンシー
「彼に直接言いたくて{SPD:10}・・・{SPD:FF}」{W}",,
06-00-09FC-00,6,0,6DD3EC,09FC,0,ナンシー,"ナンシー
「エルウィン{SPD:10}・・・{SPD:FF}」{W}",,
06-00-0A26-00,6,0,6DD3EC,0A26,0,女剣士,"女剣士
「やあ」{W}",,
06-00-0A3A-00,6,0,6DD3EC,0A3A,0,女剣士,"女剣士
「ま、そういうことさ」{W}",,
07-00-0000-00,7,0,6DE238,0000,0,,トーティスの村,,
07-00-0010-00,7,0,6DE238,0010,0,,"フィールドのじかんをかえます。
１．現在　２．過去　３．未来",,
07-00-004E-00,7,0,6DE238,004E,0,,おわり。{COL:2},,
07-00-005C-00,7,0,6DE238,005C,0,,しょきかおわり。,,
07-00-006E-00,7,0,6DE238,006E,0,,{N3}はすべての魔法が使えるようになった。,,
07-00-0098-00,7,0,6DE238,0098,0,,{N3}がいませ～ん。,,
07-00-00AC-00,7,0,6DE238,00AC,0,,{N1}はすべての技が使えるようになった。,,
07-00-00D4-00,7,0,6DE238,00D4,0,,{N4}はすべての魔法が使えるようになった。,,
07-00-00FE-00,7,0,6DE238,00FE,0,,{N4}がいないって。,,
07-00-0112-00,7,0,6DE238,0112,0,,{N2}はすべての魔法が使えるようになった。,,
07-00-013C-00,7,0,6DE238,013C,0,,{N2}がいませんわ。,,
07-00-0150-00,7,0,6DE238,0150,0,,すべてのアイテムを手に入れました。,,
07-00-0174-00,7,0,6DE238,0174,0,,せんたく。,,
07-00-0180-00,7,0,6DE238,0180,0,クレス,"{N1}
（この橋はメイプル橋といって）{W}",,
07-00-0180-01,7,0,6DE238,0180,1,クレス,"{N1}
（この上で誓い合った愛は永遠に続く
　と言われているんだ）{W}",,
07-00-0180-02,7,0,6DE238,0180,2,クレス,"{N1}
（何でそんないわれがあるかは知らな
　いけどね）{W}",,
07-00-0222-00,7,0,6DE238,0222,0,トリスタン,"トリスタン
「{N1}よ～い」{W}",,
07-00-0240-00,7,0,6DE238,0240,0,クレス,"{N1}
「師匠、もう帰るんですか？」{W}",,
07-00-0240-01,7,0,6DE238,0240,1,トリスタン,"トリスタン
「そんなとこじゃ」{W}",,
07-00-0240-02,7,0,6DE238,0240,2,トリスタン,"トリスタン
「おんしはどこへ行くんじゃ？」{W}",,
07-00-0240-03,7,0,6DE238,0240,3,チェスター,"{N5}
「南の森に猪を狩りにね」{W}",,
07-00-0240-04,7,0,6DE238,0240,4,トリスタン,"トリスタン
「そうか、精進せいよ」{W}",,
07-00-02F6-00,7,0,6DE238,02F6,0,女の人,"女の人
「あっ、{N1}君かぁ・・・
　びっくりした」{W}",,
07-00-02F6-01,7,0,6DE238,02F6,1,女の人,"女の人
「私たち、来月結婚するでしょ」{W}",,
07-00-02F6-02,7,0,6DE238,02F6,2,女の人,"女の人
「どんな結婚式にしようかなぁって、
　彼と話してたの」{W}",,
07-00-0394-00,7,0,6DE238,0394,0,男の人,"男の人
「よっ！」{W}",,
07-00-0394-01,7,0,6DE238,0394,1,男の人,"男の人
「{N1}もいい人見つけろよ」{W}",,
07-00-03CE-00,7,0,6DE238,03CE,0,男の子,"男の子
「兄ちゃん、今度剣術教えてくれよ」{W}",,
07-00-03CE-01,7,0,6DE238,03CE,1,男の子,"男の子
「おれ、もっと強くなりたいんだ！」{W}",,
07-00-0428-00,7,0,6DE238,0428,0,女の子,"女の子
「あ～あ、私も早くお嫁さんになりた
　いな」{W}",,
07-00-0460-00,7,0,6DE238,0460,0,旅の人,"旅の人
「私は旅の者です」{W}",,
07-00-0460-01,7,0,6DE238,0460,1,旅の人,"旅の人
「ここはいい所ですね」{W}",,
07-00-0460-02,7,0,6DE238,0460,2,旅の人,"旅の人
「しばらくここに住もうと思っていま
　す」{W}",,
07-00-04D2-00,7,0,6DE238,04D2,0,男の人,"男の人
「よぉ、{N1}」{W}",,
07-00-04D2-01,7,0,6DE238,04D2,1,男の人,"男の人
「最近、物騒な世の中になっちまった
　なぁ」{W}",,
07-00-04D2-02,7,0,6DE238,04D2,2,男の人,"男の人
「この鐘、鳴らさずにすむといいけど
　な」{W}",,
07-00-0556-00,7,0,6DE238,0556,0,チェスター,"{N5}
「それじゃ狩りに行ってくるよ、
　アミィ」{W}",,
07-00-0556-01,7,0,6DE238,0556,1,アミィ,"アミィ
「気をつけてね、お兄ちゃん」{W}",,
07-00-05B0-00,7,0,6DE238,05B0,0,チェスター,"{N5}
「{N1}、行くぞ！」{W}",,
07-00-05CC-00,7,0,6DE238,05CC,0,クレス,"{N1}
「悪い悪い」{W}",,
07-00-05CC-01,7,0,6DE238,05CC,1,クレス,"{N1}
「今、師匠が家に来ててね」{W}",,
07-00-05CC-02,7,0,6DE238,05CC,2,クレス,"{N1}
「じゃあ行こうか、{N5}」{W}",,
07-00-05CC-03,7,0,6DE238,05CC,3,クレスの母・マリア,"{N1}の母・マリア
「お待ちなさい、{N1}」{W}",,
07-00-064E-00,7,0,6DE238,064E,0,クレス,"{N1}
「母さん！」{W}",,
07-00-064E-01,7,0,6DE238,064E,1,クレス,"{N1}
「まだ病み上がりなんだから
　外に出ちゃダメだよ」{W}",,
07-00-064E-02,7,0,6DE238,064E,2,マリア,"マリア
「でも、お前が心配でね」{W}",,
07-00-064E-03,7,0,6DE238,064E,3,マリア,"マリア
「最近この辺りは物騒だから・・・」{W}",,
07-00-064E-04,7,0,6DE238,064E,4,クレス,"{N1}
「{N5}の弓とぼくの剣が
　あれば大丈夫さ」{W}",,
07-00-064E-05,7,0,6DE238,064E,5,クレス,"{N1}
「村には父さんがいるしね」{W}",,
07-00-0740-00,7,0,6DE238,0740,0,チェスター,"{N5}
「おばさん、心配しないで」{W}",,
07-00-0740-01,7,0,6DE238,0740,1,チェスター,"{N5}
「山ほど獲物を狩ってくるから」{W}",,
07-00-0740-02,7,0,6DE238,0740,2,マリア,"マリア
「・・・わかったわ」{W}",,
07-00-0740-03,7,0,6DE238,0740,3,マリア,"マリア
「くれぐれも無理はしないでね」{W}",,
07-00-0740-04,7,0,6DE238,0740,4,マリア,"マリア
「はい、これ持っていきなさい」{W}",,
07-00-0740-05,7,0,6DE238,0740,5,,アップルグミを手に入れました。{W},,
08-00-0000-00,8,0,6DF470,0000,0,クラース,"{N4}
「おいおい、我々には時間がないんだ
　ぞ」{W}",,
08-00-0000-01,8,0,6DF470,0000,1,クラース,"{N4}
「こんな所で道草くってないで、早く
　精霊の森へ行こう」{W}",,
08-00-0074-00,8,0,6DF470,0074,0,,ハーメルの町,,
08-00-0082-00,8,0,6DF470,0082,0,クラース,"{N4}
「町が{SPD:10}・・・{SPD:FF}」{W}",,
08-00-0082-01,8,0,6DF470,0082,1,ミント,"{N2}
「ひどい{SPD:10}・・・{SPD:FF}」{W}",,
08-00-0082-02,8,0,6DF470,0082,2,クラース,"{N4}
「生存者はいないのか？」{W}",,
08-00-0082-03,8,0,6DF470,0082,3,クレス,"{N1}
「{SPD:10}・・・{SPD:FF}」{W}",,
08-00-00FC-00,8,0,6DF470,00FC,0,クレス,"{N1}
「大丈夫か！？」{W}",,
08-00-0116-00,8,0,6DF470,0116,0,少女,"少女
「あっ、私は{SPD:10}・・・{SPD:FF}、なんともありま
　せん」{W}",,
08-00-0116-01,8,0,6DF470,0116,1,クラース,"{N4}
「一体・・・、この町に何が起こった
　んだ？」{W}",,
08-00-0116-02,8,0,6DF470,0116,2,少女,"少女
「デミテルが{SPD:10}・・・{SPD:FF}」{W}",,
08-00-0116-03,8,0,6DF470,0116,3,クラース,"{N4}
「えッ？」{W}",,
08-00-0116-04,8,0,6DF470,0116,4,少女,"少女
「この町を襲った魔術師の名前です」{W}",,
08-00-0116-05,8,0,6DF470,0116,5,少女,"少女
「私の両親も殺されて・・・」{W}",,
08-00-020E-00,8,0,6DF470,020E,0,クレス,"{N1}
「カタキ討ちならぼくが力になる！」{W}",,
08-00-023A-00,8,0,6DF470,023A,0,少女,"少女
「えッ？」{W}",,
08-00-024E-00,8,0,6DF470,024E,0,クラース,"{N4}
「おいおいッ！」{W}",,
08-00-024E-01,8,0,6DF470,024E,1,クラース,"{N4}
「私たちには時間がないんだぞ」{W}",,
08-00-028E-00,8,0,6DF470,028E,0,ミント,"{N2}
「でっ、でも{SPD:10}・・・{SPD:FF}」{W}",,
08-00-028E-01,8,0,6DF470,028E,1,クラース,"{N4}
「おいおい、{N2}まで！」{W}",,
08-00-028E-02,8,0,6DF470,028E,2,クレス,"{N1}
「急がないとダメなのはわかってるけ
　ど・・・」{W}",,
08-00-028E-03,8,0,6DF470,028E,3,クレス,"{N1}
「ぼくは・・・ッ！！」{W}",,
08-00-032A-00,8,0,6DF470,032A,0,クラース,"{N4}
「ムキになって・・・、何かあったの
　か？」{W}",,
08-00-0360-00,8,0,6DF470,0360,0,クレス,"{N1}
「{SPD:10}・・・・・・{SPD:FF}」{W}",,
08-00-0382-00,8,0,6DF470,0382,0,クレス,"{N1}
「なんでもない・・・」{W}",,
08-00-0382-01,8,0,6DF470,0382,1,クレス,"{N1}
「放って、おけないんだ{SPD:10}・・・{SPD:FF}」{W}",,
08-00-03D0-00,8,0,6DF470,03D0,0,ミント,"{N2}
「私は{SPD:10}・・・{SPD:FF}」{W}",,
08-00-03D0-01,8,0,6DF470,03D0,1,ミント,"{N2}
「{N1}さんに賛成です」{W}",,
08-00-040E-00,8,0,6DF470,040E,0,クラース,"{N4}
「{SPD:10}・・・{SPD:FF}しょうがないな」{W}",,
08-00-0438-00,8,0,6DF470,0438,0,クラース,"{N4}
「じゃあ、話を聞こうか」{W}",,
08-00-0438-01,8,0,6DF470,0438,1,クラース,"{N4}
「相手が魔術師なら魔術に関する情報
　が手に入るかもしれないしな」{W}",,
08-00-04A4-00,8,0,6DF470,04A4,0,少女,"少女
「あの・・・、なんてお礼を言えばい
　いか{SPD:10}・・・{SPD:FF}」{W}",,
08-00-04A4-01,8,0,6DF470,04A4,1,少女,"少女
「本当にありがとうございます」{W}",,
08-00-04A4-02,8,0,6DF470,04A4,2,少女,"少女
「あっ、申し遅れましたが、私はリア
　・スカーレットです」{W}",,
08-00-04A4-03,8,0,6DF470,04A4,3,リア,"リア
「デミテルの居場所は、はっきりとわ
　かっていませんが・・・」{W}",,
08-00-04A4-04,8,0,6DF470,04A4,4,リア,"リア
「北の方へ去って行くのを見ました」{W}",,
08-00-04A4-05,8,0,6DF470,04A4,5,クラース,"{N4}
「なるほど、ベネツィア方向に捜して
　いけば・・・」{W}",,
08-00-04A4-06,8,0,6DF470,04A4,6,クラース,"{N4}
「見つかる可能性が高いわけか」{W}",,
08-00-04A4-07,8,0,6DF470,04A4,7,ミント,"{N2}
「私は{N2}」{W}",,
08-00-04A4-08,8,0,6DF470,04A4,8,ミント,"{N2}
「彼は{N1}さん」{W}",,
08-00-04A4-09,8,0,6DF470,04A4,9,ミント,"{N2}
「そしてあちらが{N4}さん」{W}",,
08-00-04A4-10,8,0,6DF470,04A4,10,ミント,"{N2}
「よろしくね」{W}",,
08-00-04A4-11,8,0,6DF470,04A4,11,リア,"リア
「はい、こちらこそよろしくお願いし
　ます」{W}",,
08-00-06BA-00,8,0,6DF470,06BA,0,女の子,"女の子
「えッ？」{W}",,
08-00-06BA-01,8,0,6DF470,06BA,1,女の子,"女の子
「なんで人が少ないかって？」{W}",,
08-00-06BA-02,8,0,6DF470,06BA,2,女の子,"女の子
「みんな神様にお祈りするために教会
　に行ってるんだよ」{W}",,
08-00-0738-00,8,0,6DF470,0738,0,女の子,"女の子
「神様ってえらいの？」{W}",,
08-00-0738-01,8,0,6DF470,0738,1,女の子,"女の子
「だってみんな毎日教会に行ってお祈
　りしてるんだもん」{W}",,
08-00-079C-00,8,0,6DF470,079C,0,料理人,"料理人
「フレンチトースト作ってるかい？」{W}",,
08-00-07CA-00,8,0,6DF470,07CA,0,料理人,"料理人
「私は『すばらしき味の世界』の住人
　だ」{W}",,
08-00-07CA-01,8,0,6DF470,07CA,1,料理人,"料理人
「この味をより多くの人に伝えたい」{W}",,
08-00-07CA-02,8,0,6DF470,07CA,2,料理人,"料理人
「君も私の世界に触れてみないか？」",,
08-00-0856-00,8,0,6DF470,0856,0,料理人,"料理人
「この料理を伝授しよう！」{W}",,
08-00-087C-00,8,0,6DF470,087C,0,,"{COL:2}フレンチトーストを料理できるように
なりました。{W}",,
08-00-087C-01,8,0,6DF470,087C,1,,{COL:0},,
08-00-08B8-00,8,0,6DF470,08B8,0,料理人,"料理人
「おお、なんということだ！」{W}",,
08-00-08E0-00,8,0,6DF470,08E0,0,クレス,"{N1}
「{N3}？」{W}",,
08-00-08F4-00,8,0,6DF470,08F4,0,クラース,"{N4}
「おい、どうしたんだ？」{W}",,
08-00-08F4-01,8,0,6DF470,08F4,1,クラース,"{N4}
「我々には時間がないんだぞ？」{W}",,
08-00-093C-00,8,0,6DF470,093C,0,ミント,"{N2}
「{N4}さん・・・」{W}",,
08-00-093C-01,8,0,6DF470,093C,1,クラース,"{N4}
「あ・・・」{W}",,
08-00-093C-02,8,0,6DF470,093C,2,アーチェ,"{N3}
「リア{SPD:10}・・・{SPD:FF}」{W}",,
08-00-098A-00,8,0,6DF470,098A,0,アーチェ,"{N3}
「ねえ、みんな{SPD:10}・・・、{SPD:FF}ちょっとだけ
　時間いいかな？」{W}",,
08-00-09D2-00,8,0,6DF470,09D2,0,アーチェ,"{N3}
「リア、遅くなってゴメンね」{W}",,
08-00-09F8-00,8,0,6DF470,09F8,0,ミント,"{N2}
「{N3}さん・・・」{W}",,
08-00-0A14-00,8,0,6DF470,0A14,0,アーチェ,"{N3}
「じゃあ・・・、いこッ！」{W}",,
08-00-0A14-01,8,0,6DF470,0A14,1,クレス,"{N1}
「・・・ああ！」{W}",,
08-00-0A50-00,8,0,6DF470,0A50,0,,"{N3}は『{TITLE:1B4}』の
称号を得ました。{W}",,
08-00-0A76-00,8,0,6DF470,0A76,0,,"『リア・スカーレット
　　　　　　　　　ここに眠る』
と書いてある。{W}",,
08-00-0A76-01,8,0,6DF470,0A76,1,アーチェ,"{N3}
「リア・・・」{W}",,
09-00-0000-00,9,0,6E0A14,0000,0,,ミゲール剣術道場,,
09-00-0012-00,9,0,6E0A14,0012,0,,聖レニオス教会,,
09-00-0022-00,9,0,6E0A14,0022,0,,武具屋『爆裂』,,
09-00-0032-00,9,0,6E0A14,0032,0,,宿屋『ミゲールＩＮＮ』,,
09-00-004A-00,9,0,6E0A14,004A,0,,アイテムショップ『便邪眠』,,
09-00-0066-00,9,0,6E0A14,0066,0,,ミゲールの町,,
09-00-0074-00,9,0,6E0A14,0074,0,神父,"神父
「自然と共に人としてあるがままに生
　きること・・・」{W}",,
09-00-0074-01,9,0,6E0A14,0074,1,神父,"神父
「それが、大地母神マーテルの教えで
　す」{W}",,
09-00-00E6-00,9,0,6E0A14,00E6,0,シスター,"シスター
「あなたたちは旅の方かしら？」{W}",,
09-00-00E6-01,9,0,6E0A14,00E6,1,シスター,"シスター
「あなた方に神の御加護がありますよ
　うに・・・」{W}",,
09-00-00E6-02,9,0,6E0A14,00E6,2,クレス,"{N1}
「ありがとう」{W}",,
09-00-0166-00,9,0,6E0A14,0166,0,武具屋,"武具屋
「らっしゃ～い」{W}",,
09-00-0182-00,9,0,6E0A14,0182,0,武具屋,"武具屋
「ありがとやんした～」{W}",,
09-00-01A4-00,9,0,6E0A14,01A4,0,宿屋,"宿屋
「いらっしゃい、お泊まりですか？」{W}",,
09-00-01A4-01,9,0,6E0A14,01A4,1,宿屋,"宿屋
「一晩５０ガルドになりますよ」",,
09-00-01F4-00,9,0,6E0A14,01F4,0,宿屋,"宿屋
「ゆっくりしていって下さい」{W}",,
09-00-021A-00,9,0,6E0A14,021A,0,宿屋,"宿屋
「すいません」{W}",,
09-00-021A-01,9,0,6E0A14,021A,1,宿屋,"宿屋
「お金が足りませんよ」{W}",,
09-00-0250-00,9,0,6E0A14,0250,0,宿屋,"宿屋
「また来て下さいね」{W}",,
09-00-026E-00,9,0,6E0A14,026E,0,釣り人,"釣り人
「あ～、釣りがしてぇ・・・」{W}",,
09-00-0296-00,9,0,6E0A14,0296,0,道具屋,"道具屋
「らっしゃい」{W}",,
09-00-02B0-00,9,0,6E0A14,02B0,0,道具屋,"道具屋
「おおきに」{W}",,
09-00-02C8-00,9,0,6E0A14,02C8,0,店員,"店員
「え、この石像？」{W}",,
09-00-02C8-01,9,0,6E0A14,02C8,1,店員,"店員
「これ、売り物なの」{W}",,
09-00-02C8-02,9,0,6E0A14,02C8,2,店員,"店員
「１００，０００，０００ガルドよ」{W}",,
09-00-02C8-03,9,0,6E0A14,02C8,3,店員,"店員
「誰も買う人いないけどね」{W}",,
09-00-034C-00,9,0,6E0A14,034C,0,クレス,"{N1}
「これって・・・」{W}",,
09-00-034C-01,9,0,6E0A14,034C,1,クレス,"{N1}
「トーティス村の宿屋にあった、あの
　石像じゃ・・・？」{W}",,
09-00-034C-02,9,0,6E0A14,034C,2,チェスター,"{N5}
「・・・だな」{W}",,
09-00-03BE-00,9,0,6E0A14,03BE,0,町の人,"町の人
「ぶつぶつ・・・」{W}",,
09-00-03DC-00,9,0,6E0A14,03DC,0,おばあさん,"おばあさん
「マーテル様、どうか世界をお守り下
　さい・・・」{W}",,
09-00-041E-00,9,0,6E0A14,041E,0,練習生,"練習生
「道場が狭いので外で練習してます」{W}",,
09-00-044C-00,9,0,6E0A14,044C,0,練習生,"練習生
「先代のミゲール師匠がいた頃は、今
　より大きい道場だったらしいよ」{W}",,
09-00-049C-00,9,0,6E0A14,049C,0,女の子,"女の子
「ユークリッドの都では・・・」{W}",,
09-00-049C-01,9,0,6E0A14,049C,1,女の子,"女の子
「武術大会が毎日のように開かれてい
　るらしいよ」{W}",,
09-00-049C-02,9,0,6E0A14,049C,2,女の子,"女の子
「ダオスを倒せる戦士を捜すためなん
　だって」{W}",,
09-00-053A-00,9,0,6E0A14,053A,0,先生,"先生
「気合、気合～！！」{W}",,
09-00-0558-00,9,0,6E0A14,0558,0,町の人,"町の人
「ここら辺りは魔物も少なくて助かり
　ます」{W}",,
09-00-0590-00,9,0,6E0A14,0590,0,男の子,"男の子
「オレ、科学者になりたいんだ」{W}",,
09-00-0590-01,9,0,6E0A14,0590,1,男の子,"男の子
「ユークリッドの科学研究所で働きた
　いな」{W}",,
09-00-05F0-00,9,0,6E0A14,05F0,0,受付嬢,"受付嬢
「ようこそ、ミゲール剣術道場へ入会
　ですか？」{W}",,
09-00-05F0-01,9,0,6E0A14,05F0,1,受付嬢,"受付嬢
「それとも見学ですか？」{W}",,
09-00-05F0-02,9,0,6E0A14,05F0,2,受付嬢,"受付嬢
「体験入会もありますよ」{W}",,
09-00-0670-00,9,0,6E0A14,0670,0,クレス,"{N1}
「ミゲール剣術道場・・・」{W}",,
09-00-0670-01,9,0,6E0A14,0670,1,クレス,"{N1}
（過去に戻ったぼくが・・・、建てた
　んだろうか？）{W}",,
09-00-06D0-00,9,0,6E0A14,06D0,0,受付嬢,"受付嬢
「ミゲール剣術道場へようこそ」{W}",,
09-00-06D0-01,9,0,6E0A14,06D0,1,受付嬢,"受付嬢
「やはり、入会しますか？」{W}",,
09-00-06D0-02,9,0,6E0A14,06D0,2,クレス,"{N1}
「いっ、いいえ・・・」{W}",,
09-00-073C-00,9,0,6E0A14,073C,0,師範,"師範
「最近、なんだか練習生の数が増えて
　きたな」{W}",,
09-00-0774-00,9,0,6E0A14,0774,0,師範,"師範
「ユークリッドの武術大会目当ての人
　が多く来ているよ」{W}",,
09-00-0774-01,9,0,6E0A14,0774,1,師範,"師範
「結構な優勝賞品がもらえるらしい」{W}",,
09-00-07E0-00,9,0,6E0A14,07E0,0,練習生,"練習生
「えいっ！」{W}",,
09-00-07F8-00,9,0,6E0A14,07F8,0,練習生,"練習生
「とうっ！」{W}",,
09-00-0810-00,9,0,6E0A14,0810,0,練習生,"練習生
「はっ！」{W}",,
09-00-0826-00,9,0,6E0A14,0826,0,練習生,"練習生
「やっ！」{W}",,
09-00-083C-00,9,0,6E0A14,083C,0,練習生,"練習生
「チェストー！！」{W}",,
09-00-085A-00,9,0,6E0A14,085A,0,練習生,"練習生
「たぁ～、とぉ～、とりゃぁ～」{W}",,
09-00-0884-00,9,0,6E0A14,0884,0,師範,"師範
「君、いい腕っぷしだな」{W}",,
09-00-08A6-00,9,0,6E0A14,08A6,0,師範,"師範
「どうだい、ここでさらに鍛えてみな
　いか？」",,
09-00-08DC-00,9,0,6E0A14,08DC,0,師範,"師範
「おっと、君はすでに師範代に任命さ
　れているようだな」{W}",,
09-00-08DC-01,9,0,6E0A14,08DC,1,師範,"師範
「これからも、精一杯修行に励んでく
　れたまえ！」{W}",,
09-00-0958-00,9,0,6E0A14,0958,0,クレス,"{N1}
「いえ・・・、結構です」{W}",,
09-00-0958-01,9,0,6E0A14,0958,1,師範,"師範
「それじゃ、奥義書を買わないか？」{W}",,
09-00-0958-02,9,0,6E0A14,0958,2,師範,"師範
「今なら２００００ガルドと格安だ」{W}",,
09-00-0958-03,9,0,6E0A14,0958,3,,{COL:3}奥義書を買いますか？{COL:2},,
09-00-09EA-00,9,0,6E0A14,09EA,0,師範,"師範
「そりゃ残念」{W}",,
09-00-0A02-00,9,0,6E0A14,0A02,0,師範,"師範
「お金が足りないよ」{W}",,
09-00-0A02-01,9,0,6E0A14,0A02,1,師範,"師範
「これ以上はまけられないな」{W}",,
09-00-0A44-00,9,0,6E0A14,0A44,0,,"{COL:3}{N1}は
鳳凰天翔脚を覚えました。{COL:2}{W}",,
09-00-0A44-01,9,0,6E0A14,0A44,1,師範,"師範
「どうも！」{W}",,
09-00-0A44-02,9,0,6E0A14,0A44,2,師範,"師範
「これからもミゲール剣術道場をよろ
　しく！」{W}",,
09-00-0ABA-00,9,0,6E0A14,0ABA,0,女の子,"女の子
「もう、おじいちゃんたら無理するか
　らこういう目にあうのよ」{W}",,
09-00-0ABA-01,9,0,6E0A14,0ABA,1,女の子,"女の子
「おじいちゃん武術大会に出るって聞
　かないのよ」{W}",,
09-00-0B40-00,9,0,6E0A14,0B40,0,おじいさん,"おじいさん
「いてててて・・・」{W}",,
09-00-0B40-01,9,0,6E0A14,0B40,1,おじいさん,"おじいさん
「こ、腰が・・・」{W}",,
09-00-0B84-00,9,0,6E0A14,0B84,0,おじいさん,"おじいさん
「おっ、あんた剣士じゃな」{W}",,
09-00-0B84-01,9,0,6E0A14,0B84,1,おじいさん,"おじいさん
「よし、そこのタンスの中の物をやろ
　う」{W}",,
09-00-0B84-02,9,0,6E0A14,0B84,2,おじいさん,"おじいさん
「わしゃもうこんな状態じゃから、捨
　てようと思っとったんじゃ」{W}",,
09-00-0C34-00,9,0,6E0A14,0C34,0,男の子,"男の子
「やーい、ここまでおいでー！」{W}",,
09-00-0C5E-00,9,0,6E0A14,0C5E,0,女の子,"女の子
「お兄ちゃん、宿屋で走っちゃダメだ
　よ！」{W}",,
09-00-0C5E-01,9,0,6E0A14,0C5E,1,女の子,"女の子
「あなたも走っちゃダメだよ」{W}",,
09-00-0CBC-00,9,0,6E0A14,0CBC,0,魔術師,"魔術師
「この世には、いにしえに封印された
　魔法や召喚獣があるとか」{W}",,
09-00-0CBC-01,9,0,6E0A14,0CBC,1,魔術師,"魔術師
「一度見てみたいものだね」{W}",,
09-00-0D2A-00,9,0,6E0A14,0D2A,0,魔術師,"魔術師
「あれっ、君魔法使い？」{W}",,
09-00-0D2A-01,9,0,6E0A14,0D2A,1,魔術師,"魔術師
「呪文書譲ってやろうか」{W}",,
09-00-0D2A-02,9,0,6E0A14,0D2A,2,魔術師,"魔術師
「攻撃魔法の中ではそんなに強くない
　ものだけどね」{W}",,
09-00-0DAE-00,9,0,6E0A14,0DAE,0,,"{N3}は
{TITLE:C7}を覚えました。{W}",,
09-00-0DCC-00,9,0,6E0A14,0DCC,0,ローブを着た人,"ローブを着た人
「こんにちは」{W}",,
09-00-0DCC-01,9,0,6E0A14,0DCC,1,ローブを着た人,"ローブを着た人
「近頃、世間では、{COL:2}収集品{COL:0}を集めるの
　が流行っているのよ」{W}",,
09-00-0DCC-02,9,0,6E0A14,0DCC,2,ローブを着た人,"ローブを着た人
「{COL:2}収集品{COL:0}について、知りたくない？」",,
09-00-0E7C-00,9,0,6E0A14,0E7C,0,ローブを着た人,"ローブを着た人
「収集品は、その名の通り、集めて楽
　しむものよ」{W}",,
09-00-0E7C-01,9,0,6E0A14,0E7C,1,ローブを着た人,"ローブを着た人
「名前の先頭に、￠がついているアイ
　テムが収集品だからね」{W}",,
09-00-0E7C-02,9,0,6E0A14,0E7C,2,ローブを着た人,"ローブを着た人
「収集品は、マニアのための品物だか
　ら・・・」{W}",,
09-00-0E7C-03,9,0,6E0A14,0E7C,3,ローブを着た人,"ローブを着た人
「店で売ったとしても、二束三文にし
　かならないの」{W}",,
09-00-0E7C-04,9,0,6E0A14,0E7C,4,ローブを着た人,"ローブを着た人
「でも、お好きな人には、たまらない
　品物なのよね♪」{W}",,
09-00-0FE0-00,9,0,6E0A14,0FE0,0,ローブを着た人,"ローブを着た人
「収集品を集めるためには、交換が重
　要よ」{W}",,
09-00-1020-00,9,0,6E0A14,1020,0,ローブを着た人,"ローブを着た人
「あなた達に、これをあげるわ」{W}",,
09-00-1052-00,9,0,6E0A14,1052,0,,{ITEM:18B}を手に入れました。{W},,
09-00-106C-00,9,0,6E0A14,106C,0,ローブを着た人,"ローブを着た人
「今後のために、聞いておいたほうが
　いいと思うけど・・・」{W}",,
09-00-10BC-00,9,0,6E0A14,10BC,0,クレス,"{N1}
（村は変わっても、この橋だけは残っ
　ているな・・・）{W}",,
09-00-10FC-00,9,0,6E0A14,10FC,0,クレス,"{N1}
「これは・・・、奥義書だ！」{W}",,
09-00-1122-00,9,0,6E0A14,1122,0,,"{COL:3}{N1}は
魔神双破斬を覚えました。{W}",,
09-00-114A-00,9,0,6E0A14,114A,0,練習生,"練習生
「危ないなぁ、邪魔するなよ」{W}",,
09-00-1172-00,9,0,6E0A14,1172,0,チェスター,"{N5}
「ここが・・・、未来のトーティスな
　のか？」{W}",,
09-00-1172-01,9,0,6E0A14,1172,1,ハリソン,"ハリソン
「ここはミゲールという町です」{W}",,
09-00-1172-02,9,0,6E0A14,1172,2,クレス,"{N1}
「ぼくの父さんの名前が、町の名前に
　・・・？」{W}",,
09-00-1172-03,9,0,6E0A14,1172,3,ハリソン,"ハリソン
「ダオスはこの南ユークリッド大陸に
　なぜか攻撃をしてこないんです」{W}",,
09-00-1172-04,9,0,6E0A14,1172,4,ハリソン,"ハリソン
「ですから、この辺りにいる限りは安
　全だと思います」{W}",,
09-00-129E-00,9,0,6E0A14,129E,0,クラース,"{N4}
「ベネツィアは大丈夫なのか？」{W}",,
09-00-129E-01,9,0,6E0A14,129E,1,ハリソン,"ハリソン
「はい」{W}",,
09-00-129E-02,9,0,6E0A14,129E,2,ハリソン,"ハリソン
「まずは、船でアルヴァニスタに向か
　いましょう」{W}",,
09-00-129E-03,9,0,6E0A14,129E,3,ハリソン,"ハリソン
「国王に会って話を聞いてもらいたい
　のです」{W}",,
09-00-129E-04,9,0,6E0A14,129E,4,ハリソン,"ハリソン
「私は先にベネツィアに行って、船の
　手配をします」{W}",,
09-00-129E-05,9,0,6E0A14,129E,5,ハリソン,"ハリソン
「準備が整い次第、来て下さい」{W}",,
09-00-13BC-00,9,0,6E0A14,13BC,0,クレス,"{N1}
「よし、これからは常に五人で行動し
　よう！」{W}",,
09-00-13F4-00,9,0,6E0A14,13F4,0,,"{COL:3}これからはパーティーが五人になりま
すが、戦闘は四人までしか参加できま
せん。{W}",,
09-00-13F4-01,9,0,6E0A14,13F4,1,,"パーティーの入れ替えはステータスの
隊列モードで行って下さい。{W}",,
09-00-13F4-02,9,0,6E0A14,13F4,2,,{COL:2},,
09-00-148E-00,9,0,6E0A14,148E,0,料理人,"料理人
「にくじゃが作ってるかい？」{W}",,
09-00-14B6-00,9,0,6E0A14,14B6,0,料理人,"料理人
「私は『すばらしき味の世界』の住人
　だ」{W}",,
09-00-14B6-01,9,0,6E0A14,14B6,1,料理人,"料理人
「この味をより多くの人に伝えたい」{W}",,
09-00-14B6-02,9,0,6E0A14,14B6,2,料理人,"料理人
「君も私の世界に触れてみないか？」",,
09-00-1542-00,9,0,6E0A14,1542,0,料理人,"料理人
「この料理を伝授しよう！」{W}",,
09-00-1568-00,9,0,6E0A14,1568,0,,"{COL:2}にくじゃがを料理できるようになりま
した。{W}",,
09-00-1568-01,9,0,6E0A14,1568,1,,{COL:0},,
09-00-159E-00,9,0,6E0A14,159E,0,料理人,"料理人
「おお、なんということだ！」{W}",,
09-00-15C6-00,9,0,6E0A14,15C6,0,ミゲール,"ミゲール
「飛燕連脚！！」{W}",,
09-00-15E4-00,9,0,6E0A14,15E4,0,クレス,"{N1}
「わー！」{W}",,
09-00-15E4-01,9,0,6E0A14,15E4,1,クレス,"{N1}
「スゴイ、スゴイ！」{W}",,
09-00-1614-00,9,0,6E0A14,1614,0,ミゲール,"ミゲール
「これが飛燕連脚という技だ」{W}",,
09-00-1614-01,9,0,6E0A14,1614,1,クレス,"{N1}
「スゴイ、スゴイ！」{W}",,
09-00-1614-02,9,0,6E0A14,1614,2,クレス,"{N1}
「父さん、かっこいい！！」{W}",,
09-00-1614-03,9,0,6E0A14,1614,3,ミゲール,"ミゲール
「そうか？」{W}",,
09-00-1614-04,9,0,6E0A14,1614,4,クレス,"{N1}
「うん！」{W}",,
09-00-1614-05,9,0,6E0A14,1614,5,クレス,"{N1}
「父さん、もっとスゴイのやって！」{W}",,
09-00-16D0-00,9,0,6E0A14,16D0,0,ミゲール,"ミゲール
「うーん、そうだな次は・・・」{W}",,
09-00-16D0-01,9,0,6E0A14,16D0,1,マリア,"マリア
「あら、二人で何をしてるの？」{W}",,
09-00-1724-00,9,0,6E0A14,1724,0,クレス,"{N1}
「母さん！」{W}",,
09-00-173A-00,9,0,6E0A14,173A,0,クレス,"{N1}
「父さんスゴイんだ！」{W}",,
09-00-173A-01,9,0,6E0A14,173A,1,クレス,"{N1}
「バン、バン、バーンって！」{W}",,
09-00-173A-02,9,0,6E0A14,173A,2,マリア,"マリア
「そう・・・」{W}",,
09-00-1796-00,9,0,6E0A14,1796,0,マリア,"マリア
「{N1}に技を見せてたの？」{W}",,
09-00-1796-01,9,0,6E0A14,1796,1,ミゲール,"ミゲール
「ああ、これから剣術を教えてゆくの
　に・・・」{W}",,
09-00-1796-02,9,0,6E0A14,1796,2,ミゲール,"ミゲール
「型だけでも見せておこうと思ったん
　だが・・・」{W}",,
09-00-1836-00,9,0,6E0A14,1836,0,クレス,"{N1}
「父さん！」{W}",,
09-00-1836-01,9,0,6E0A14,1836,1,クレス,"{N1}
「もっとスゴイのが見たい！」{W}",,
09-00-1836-02,9,0,6E0A14,1836,2,ミゲール,"ミゲール
「・・・この言葉に、のせられてしま
　ったよ」{W}",,
09-00-1836-03,9,0,6E0A14,1836,3,ミゲール,"ミゲール
「少しはりきりすぎたかな？」{W}",,
09-00-1836-04,9,0,6E0A14,1836,4,マリア,"マリア
「いよいよ・・・」{W}",,
09-00-1836-05,9,0,6E0A14,1836,5,マリア,"マリア
「{N1}にも剣を教えるのね」{W}",,
09-00-1836-06,9,0,6E0A14,1836,6,ミゲール,"ミゲール
「ああ、早くから始めたほうがいいだ
　ろう」{W}",,
09-00-1836-07,9,0,6E0A14,1836,7,ミゲール,"ミゲール
「そのほうが身につくしな」{W}",,
09-00-1836-08,9,0,6E0A14,1836,8,ミゲール,"ミゲール
「それに・・・」{W}",,
09-00-1836-09,9,0,6E0A14,1836,9,ミゲール,"ミゲール
「いずれ{N1}にも・・・」{W}",,
09-00-1836-10,9,0,6E0A14,1836,10,ミゲール,"ミゲール
「封印のペンダントを守ってもらわな
　ければならない・・・」{W}",,
09-00-1836-11,9,0,6E0A14,1836,11,マリア,"マリア
「・・・そうね・・・」{W}",,
09-00-1A18-00,9,0,6E0A14,1A18,0,クレス,"{N1}
「ペンダント？」{W}",,
09-00-1A32-00,9,0,6E0A14,1A32,0,マリア,"マリア
「うん、いつか{N1}にも
　見せてあげるね」{W}",,
09-00-1A68-00,9,0,6E0A14,1A68,0,クレス,"{N1}
「ふーん・・・、それよりも父さん、
　もっとスゴイ技が見たいよ！」{W}",,
09-00-1AB4-00,9,0,6E0A14,1AB4,0,ミゲール,"ミゲール
「もっとスゴイ技か{SPD:10}・・・{SPD:FF}
　うーん・・・」{W}",,
09-00-1AF4-00,9,0,6E0A14,1AF4,0,ミゲール,"ミゲール
「・・・これは父さんも練習中の技な
　んだが・・・」{W}",,
09-00-1B36-00,9,0,6E0A14,1B36,0,ミゲール,"ミゲール
「・・・いくぞ！」{W}",,
09-00-1B36-01,9,0,6E0A14,1B36,1,ミゲール,"ミゲール
「奥義！！」{W}",,
09-00-1B36-02,9,0,6E0A14,1B36,2,ミゲール,"ミゲール
「冥空斬翔剣！！！」{W}",,
09-00-1B8E-00,9,0,6E0A14,1B8E,0,ミゲール,"ミゲール
「・・・どうだ？」{W}",,
09-00-1BAE-00,9,0,6E0A14,1BAE,0,クレス,"{N1}
「スゴイ、スゴイ！」{W}",,
09-00-1BAE-01,9,0,6E0A14,1BAE,1,クレス,"{N1}
「バラバラになっちゃった！」{W}",,
09-00-1BF0-00,9,0,6E0A14,1BF0,0,ミゲール,"ミゲール
「まだまだだな・・・」{W}",,
09-00-1C14-00,9,0,6E0A14,1C14,0,クレス,"{N1}
「・・・・・・」{W}",,
09-00-1C2E-00,9,0,6E0A14,1C2E,0,マリア,"マリア
「どうしたの、{N1}？」{W}",,
09-00-1C2E-01,9,0,6E0A14,1C2E,1,クレス,"{N1}
「父さん」{W}",,
09-00-1C62-00,9,0,6E0A14,1C62,0,ミゲール,"ミゲール
「ん？」{W}",,
09-00-1C62-01,9,0,6E0A14,1C62,1,クレス,"{N1}
「ぼくも練習したらできるようになる
　かな？」{W}",,
09-00-1C62-02,9,0,6E0A14,1C62,2,ミゲール,"ミゲール
「あ、ああ！」{W}",,
09-00-1C62-03,9,0,6E0A14,1C62,3,ミゲール,"ミゲール
「きっとできるようになる！」{W}",,
09-00-1C62-04,9,0,6E0A14,1C62,4,クレス,"{N1}
「ホント？」{W}",,
09-00-1C62-05,9,0,6E0A14,1C62,5,ミゲール,"ミゲール
「本当だとも！」{W}",,
09-00-1C62-06,9,0,6E0A14,1C62,6,ミゲール,"ミゲール
「たくさん練習すれば、父さんよりも
　強くなれるぞ」{W}",,
09-00-1C62-07,9,0,6E0A14,1C62,7,クレス,"{N1}
「じゃあ、たくさん練習する！」{W}",,
09-00-1C62-08,9,0,6E0A14,1C62,8,ミゲール,"ミゲール
「そうか！」{W}",,
09-00-1C62-09,9,0,6E0A14,1C62,9,ミゲール,"ミゲール
「父さんもたくさん練習してこの技を
　完成させるぞ！」{W}",,
09-00-1C62-10,9,0,6E0A14,1C62,10,ミゲール,"ミゲール
「そうしたらお前にも教えてやるから
　な！」{W}",,
09-00-1E18-00,9,0,6E0A14,1E18,0,クレス,"{N1}
「うん！」{W}",,
09-00-1E2C-00,9,0,6E0A14,1E2C,0,クレス,"{N1}
「・・・・・・
　父さん・・・母さん・・・」{W}",,
09-00-1E2C-01,9,0,6E0A14,1E2C,1,チェスター,"チェスター
「{N1}？」{W}",,
09-00-1E7A-00,9,0,6E0A14,1E7A,0,クレス,"{N1}
「あ・・・、ごめん、なんでもないん
　だ」{W}",,
09-00-1E7A-01,9,0,6E0A14,1E7A,1,チェスター,"{N5}
「そうか・・・」{W}",,
09-00-1EC6-00,9,0,6E0A14,1EC6,0,クレス,"{N1}
「・・・あの技・・・」{W}",,
09-00-1EC6-01,9,0,6E0A14,1EC6,1,クレス,"{N1}
「あの後も何度か見せてもらったけど
　・・・」{W}",,
09-00-1EC6-02,9,0,6E0A14,1EC6,2,クレス,"{N1}
「ぼくもいつか使えるだろうか？」{W}",,
09-00-1EC6-03,9,0,6E0A14,1EC6,3,クレス,"{N1}
「・・・・・・」{W}",,
09-00-1F5C-00,9,0,6E0A14,1F5C,0,,"{N1}は『{TITLE:18A}』の
称号を得ました。{W}",,
09-00-1F82-00,9,0,6E0A14,1F82,0,クレス,"{N1}
「この橋は、変わらないんだな」{W}",,
09-00-1F82-01,9,0,6E0A14,1F82,1,チェスター,"{N5}
「・・・」{W}",,
09-00-1F82-02,9,0,6E0A14,1F82,2,チェスター,"{N5}
「なあ{N1}・・・」{W}",,
09-00-1FD6-00,9,0,6E0A14,1FD6,0,クレス,"{N1}
「どうかしたのか・・・？」{W}",,
09-00-1FD6-01,9,0,6E0A14,1FD6,1,チェスター,"{N5}
「やっと・・・、ここまで来た」{W}",,
09-00-2020-00,9,0,6E0A14,2020,0,クレス,"{N1}
「ああ」{W}",,
09-00-2020-01,9,0,6E0A14,2020,1,チェスター,"{N5}
「つい、この間まで・・・」{W}",,
09-00-2020-02,9,0,6E0A14,2020,2,チェスター,"{N5}
「この川辺で遊んでたよな」{W}",,
09-00-2076-00,9,0,6E0A14,2076,0,クレス,"{N1}
「{N5}・・・」{W}",,
09-00-208E-00,9,0,6E0A14,208E,0,チェスター,"{N5}
「アミィがさ・・・」{W}",,
09-00-208E-01,9,0,6E0A14,208E,1,チェスター,"{N5}
「水を怖がって、川に入れないんだ」{W}",,
09-00-208E-02,9,0,6E0A14,208E,2,チェスター,"{N5}
「それでもあいつは、俺たちと一緒に
　遊びたいから・・・」{W}",,
09-00-208E-03,9,0,6E0A14,208E,3,チェスター,"{N5}
「その場でジッとしたまま動かないん
　だ・・・」{W}",,
09-00-2150-00,9,0,6E0A14,2150,0,クレス,"{N1}
「・・・そうだったな」{W}",,
09-00-2150-01,9,0,6E0A14,2150,1,チェスター,"{N5}
「・・・・・・」{W}",,
09-00-2188-00,9,0,6E0A14,2188,0,チェスター,"{N5}
「アミィのヤツ・・・」{W}",,
09-00-2188-01,9,0,6E0A14,2188,1,チェスター,"{N5}
「今ごろ、天国で寂しがって泣いてる
　んじゃないか？」{W}",,
09-00-21E6-00,9,0,6E0A14,21E6,0,クレス,"{N1}
「{N5}・・・、
　お前・・・」{W}",,
09-00-220E-00,9,0,6E0A14,220E,0,チェスター,"{N5}
「・・・・・・」{W}",,
09-00-2228-00,9,0,6E0A14,2228,0,チェスター,"{N5}
「なあ{N1}」{W}",,
09-00-223E-00,9,0,6E0A14,223E,0,チェスター,"{N5}
「早いとこ、ダオスの野郎をブっ倒し
　てさ・・・」{W}",,
09-00-227A-00,9,0,6E0A14,227A,0,チェスター,"{N5}
「俺たちの村に戻ろうぜ」{W}",,
09-00-229C-00,9,0,6E0A14,229C,0,クレス,"{N1}
「そうだな」{W}",,
09-00-229C-01,9,0,6E0A14,229C,1,チェスター,"{N5}
「俺たちの手で、村を建て直すんだ」{W}",,
09-00-229C-02,9,0,6E0A14,229C,2,クレス,"{N1}
「・・・ああ！」{W}",,
09-00-22F4-00,9,0,6E0A14,22F4,0,,"{N5}は『{TITLE:1D7}』の
称号を得ました。{W}",,
09-00-231A-00,9,0,6E0A14,231A,0,師範,"師範
「よし、じゃあさっそく入門テストを
　始めよう」{W}",,
09-00-231A-01,9,0,6E0A14,231A,1,師範,"師範
「説明を聞くかい？」",,
09-00-236E-00,9,0,6E0A14,236E,0,師範,"師範
「君にはこの道場の門下生と真剣勝負
　をしてもらう」{W}",,
09-00-236E-01,9,0,6E0A14,236E,1,師範,"師範
「みごと５人抜きを達成したら、君に
　師範代の地位を授けよう」{W}",,
09-00-23F2-00,9,0,6E0A14,23F2,0,師範,"師範
「準備はいいかい？」",,
09-00-240E-00,9,0,6E0A14,240E,0,師範,"師範
「よし、じゃあ１本目から」{W}",,
09-00-2432-00,9,0,6E0A14,2432,0,師範,"師範
「よし、じゃあ準備が出来たらまた話
　し掛けてくれ」{W}",,
09-00-2470-00,9,0,6E0A14,2470,0,師範,"師範
「{VAR:E13C80}本目、はじめ！」{W}",,
09-00-2491-00,9,0,6E0A14,2491,0,師範,"師範
「まだまだー！」{W}",,
09-00-24AB-00,9,0,6E0A14,24AB,0,師範,"師範
「なんだ、もうおしまいか？」{W}",,
09-00-24AB-01,9,0,6E0A14,24AB,1,師範,"師範
「それじゃ認められないぞ」{W}",,
09-00-24AB-02,9,0,6E0A14,24AB,2,師範,"師範
「出直してこい！」{W}",,
09-00-250D-00,9,0,6E0A14,250D,0,師範,"師範
「敵前逃亡など、アルベイン流の風上
　にもおけぬ！」{W}",,
09-00-250D-01,9,0,6E0A14,250D,1,師範,"師範
「出直してこい！」{W}",,
09-00-2565-00,9,0,6E0A14,2565,0,師範,"師範
「よくぞ５人抜きを達成した！」{W}",,
09-00-2565-01,9,0,6E0A14,2565,1,師範,"師範
「君にはアルベイン流の『師範代』を
　名乗る資格を与えよう！」{W}",,
09-00-2565-02,9,0,6E0A14,2565,2,師範,"師範
「おめでとう！！」{W}",,
09-00-2565-03,9,0,6E0A14,2565,3,クレス,"{N1}
「あはは・・・」{W}",,
09-00-2565-04,9,0,6E0A14,2565,4,クレス,"{N1}
（なんか複雑な気分・・・）{W}",,
09-00-2627-00,9,0,6E0A14,2627,0,,"{N1}は『{TITLE:188}』の
称号を得ました。{W}",,
09-00-264D-00,9,0,6E0A14,264D,0,師範,"師範
「アルベイン流はいつでも君の挑戦を
　待ってるぞ！」{W}",,
09-00-268B-00,9,0,6E0A14,268B,0,すず,"{N6}
「そろそろ時間ですね・・・」{W}",,
09-00-268B-01,9,0,6E0A14,268B,1,アーチェ,"{N3}
「え、もう！？」{W}",,
09-00-268B-02,9,0,6E0A14,268B,2,アーチェ,"{N3}
「うぅ・・・、大丈夫かなぁ？」{W}",,
09-00-26EF-00,9,0,6E0A14,26EF,0,,ミゲールの町に戻りますか？,,
09-00-270B-00,9,0,6E0A14,270B,0,アーチェ,"{N3}
「一回町に戻ろうか」{W}",,
09-00-270B-01,9,0,6E0A14,270B,1,すず,"{N6}
「わかりました」{W}",,
09-00-2741-00,9,0,6E0A14,2741,0,,"ミゲールの町に戻る事ができますが、
戻ると今回の依頼は失敗となります。{W}",,
09-00-2741-01,9,0,6E0A14,2741,1,,ミゲールの町に戻りますか？,,
09-00-27A5-00,9,0,6E0A14,27A5,0,アーチェ,"{N3}
「一回町に戻ろうか」{W}",,
09-00-27A5-01,9,0,6E0A14,27A5,1,すず,"{N6}
「わかりました」{W}",,
09-00-27DB-00,9,0,6E0A14,27DB,0,,"依頼を受けた町に退却しますか？
",,
09-00-27FD-00,9,0,6E0A14,27FD,0,アーチェ,"{N3}
「一回町に戻ろうか」{W}",,
09-00-27FD-01,9,0,6E0A14,27FD,1,すず,"{N6}
「わかりました」{W}",,
09-00-2833-00,9,0,6E0A14,2833,0,アーチェ,"{N3}
「この町にまだ困ってる人が
　いる気がする・・・」{W}",,
09-00-286F-00,9,0,6E0A14,286F,0,アーチェ,"{N3}
「おっといけない！」{W}",,
09-00-286F-01,9,0,6E0A14,286F,1,アーチェ,"{N3}
「まだ任務の途中だった・・・」{W}",,
09-00-28B3-00,9,0,6E0A14,28B3,0,アーチェ,"{N3}
「まだ用事がすんでないよ・・・」{W}",,
09-00-28DD-00,9,0,6E0A14,28DD,0,,"　
　
　時はアセリア暦４３××年{SPD:10}・・・{SPD:FF}{W}",,
09-00-28DD-01,9,0,6E0A14,28DD,1,,"　
　永遠の魔女っこ{N3}さんは
　　今日も今日とて空中散歩{W}",,
09-00-28DD-02,9,0,6E0A14,28DD,2,,"　
　　　　　風の吹くまま、
　　　　気の向くまま{SPD:10}・・・{SPD:FF}{W}",,
09-00-28DD-03,9,0,6E0A14,28DD,3,,"　
　　　今日はベネツィア、
　　　明日はトール{SPD:10}・・・{SPD:FF}{W}",,
09-00-28DD-04,9,0,6E0A14,28DD,4,,"　
　　　　おきらくごくらくの、
　　楽しい毎日を送っていました。{W}",,
09-00-28DD-05,9,0,6E0A14,28DD,5,,"　
　
　　　そんなある日・・・・{W}",,
09-00-2A37-00,9,0,6E0A14,2A37,0,ローブを着た人,"ローブを着た人
「ちょっとあなた！！」{W}",,
09-00-2A61-00,9,0,6E0A14,2A61,0,アーチェ,"{N3}
「何？？」{W}",,
09-00-2A61-01,9,0,6E0A14,2A61,1,ローブを着た人,"ローブを着た人
「急に引き止めてごめんなさい」{W}",,
09-00-2A61-02,9,0,6E0A14,2A61,2,ローブを着た人,"ローブを着た人
「私ちょっと占いなんてやってるんだ
　けど、よかったら占ってみない？」{W}",,
09-00-2A61-03,9,0,6E0A14,2A61,3,アーチェ,"{N3}
「うわぁ、私占い大好き！！」{W}",,
09-00-2A61-04,9,0,6E0A14,2A61,4,アーチェ,"{N3}
「やってみてやってみて！！」{W}",,
09-00-2A61-05,9,0,6E0A14,2A61,5,占い師,"占い師
「そう、よかった」{W}",,
09-00-2A61-06,9,0,6E0A14,2A61,6,占い師,"占い師
「じゃあ早速・・・」{W}",,
09-00-2B7F-00,9,0,6E0A14,2B7F,0,占い師,"占い師
「な、なんてこと・・・」{W}",,
09-00-2B7F-01,9,0,6E0A14,2B7F,1,アーチェ,"{N3}
「え～～！？なになに！？？」{W}",,
09-00-2B7F-02,9,0,6E0A14,2B7F,2,占い師,"占い師
「・・・よくきいてください」{W}",,
09-00-2B7F-03,9,0,6E0A14,2B7F,3,占い師,"占い師
「あなたはこれから恐ろしい運命に出
　会います」{W}",,
09-00-2B7F-04,9,0,6E0A14,2B7F,4,占い師,"占い師
「それもとてもとても恐ろしい運命が
　待っています・・・」{W}",,
09-00-2B7F-05,9,0,6E0A14,2B7F,5,アーチェ,"{N3}
「えぇ～～、それってもうどうしよう
　もないの！？」{W}",,
09-00-2CA7-00,9,0,6E0A14,2CA7,0,占い師,"占い師
「一つだけその運命から逃れる
　方法があります」{W}",,
09-00-2CA7-01,9,0,6E0A14,2CA7,1,アーチェ,"{N3}
「その方法って・・・？」{W}",,
09-00-2CA7-02,9,0,6E0A14,2CA7,2,占い師,"占い師
「なるべくたくさんの人から感謝の気
　持ちを受けることです」{W}",,
09-00-2CA7-03,9,0,6E0A14,2CA7,3,占い師,"占い師
「逆にたくさんの人に感謝されれば
　悪い運命は消滅し・・・」{W}",,
09-00-2CA7-04,9,0,6E0A14,2CA7,4,占い師,"占い師
「あなたにとってとてもいい事が起こ
　るでしょう」{W}",,
09-00-2CA7-05,9,0,6E0A14,2CA7,5,アーチェ,"{N3}
「なんだ、簡単じゃん・・・」{W}",,
09-00-2CA7-06,9,0,6E0A14,2CA7,6,占い師,"占い師
「ただし！！」{W}",,
09-00-2CA7-07,9,0,6E0A14,2CA7,7,アーチェ,"{N3}
「え？」{W}",,
09-00-2CA7-08,9,0,6E0A14,2CA7,8,占い師,"占い師
「既にあなたの運命はほぼ決まりかけ
　ています・・・」{W}",,
09-00-2CA7-09,9,0,6E0A14,2CA7,9,占い師,"占い師
「あと{VAR:E13980}分以内に運命を変えなけれ
　ば・・・」{W}",,
09-00-2CA7-10,9,0,6E0A14,2CA7,10,占い師,"占い師
「本来の運命があなたに降りかかって
　くるでしょう」{W}",,
09-00-2CA7-11,9,0,6E0A14,2CA7,11,アーチェ,"{N3}
「{VAR:E13980}分！？」{W}",,
09-00-2CA7-12,9,0,6E0A14,2CA7,12,アーチェ,"{N3}
「大変！！急がなきゃ！！」{W}",,
09-00-2F09-00,9,0,6E0A14,2F09,0,アーチェ,"{N3}
「そうだ！！」{W}",,
09-00-2F09-01,9,0,6E0A14,2F09,1,アーチェ,"{N3}
「まずは人員確保が先決ね{SPD:10}・・・{SPD:FF}」{W}",,
09-00-2F09-02,9,0,6E0A14,2F09,2,アーチェ,"{N3}
「よし・・・」{W}",,
09-00-2F09-03,9,0,6E0A14,2F09,3,アーチェ,"{N3}
「{N6}ちゃんに頼も▽」{W}",,
09-00-2F85-00,9,0,6E0A14,2F85,0,アーチェ,"{N3}
「でも感謝されるってどうすればいい
　のかなぁ・・・」{W}",,
09-00-2FC5-00,9,0,6E0A14,2FC5,0,すず,"{N6}
「まずは・・・、困ってる人を探しま
　しょう」{W}",,
09-00-2FC5-01,9,0,6E0A14,2FC5,1,アーチェ,"{N3}
「なるほど！！」{W}",,
09-00-2FC5-02,9,0,6E0A14,2FC5,2,アーチェ,"{N3}
「困ってる人を助けてあげれば感謝さ
　れるわよね」{W}",,
09-00-2FC5-03,9,0,6E0A14,2FC5,3,アーチェ,"{N3}
「じゃあ頑張ろう！！」{W}",,
09-00-2FC5-04,9,0,6E0A14,2FC5,4,すず,"{N6}
「はい！！」{W}",,
09-00-3081-00,9,0,6E0A14,3081,0,,"　ミゲールの町の中にいる人から
困っている人たちの情報が聞けます{W}",,
09-00-3081-01,9,0,6E0A14,3081,1,,"制限時間内になるべく多くの困って
　いる人を助けてあげましょう{W}",,
09-00-3081-02,9,0,6E0A14,3081,2,,"傷ついてしまった時は町に戻ると
　　　体力が回復します{W}",,
09-00-3081-03,9,0,6E0A14,3081,3,,このゲーム中はセーブはできません{W},,
09-00-3081-04,9,0,6E0A14,3081,4,,"　　　終わりたいときは占い師に
　　　　話しかけてください{W}",,
09-00-3081-05,9,0,6E0A14,3081,5,,"　残り時間の確認、回復アイテムの
　補給も占い師がやってくれます{W}",,
09-00-3081-06,9,0,6E0A14,3081,6,,　また会話中や宿屋に泊まったとき、　　戦闘中は時間は経過しません{W},,
09-00-3081-07,9,0,6E0A14,3081,7,,　それではゲームスタートです！！{W},,
09-00-3241-00,9,0,6E0A14,3241,0,占い師,"占い師
「頑張って！！」{W}",,
09-00-325D-00,9,0,6E0A14,325D,0,占い師,"占い師
「こんにちは、{N3}さん」{W}",,
09-00-3281-00,9,0,6E0A14,3281,0,占い師,"占い師
「どうするの？」{W}",,
09-00-3281-01,9,0,6E0A14,3281,1,,"１：終了する
２：残り時間の確認
３：回復アイテム補充",,
09-00-32D3-00,9,0,6E0A14,32D3,0,占い師,"占い師
「本当に終了していいの？」",,
09-00-32F7-00,9,0,6E0A14,32F7,0,占い師,"占い師
「わかりました」{W}",,
09-00-3313-00,9,0,6E0A14,3313,0,占い師,"占い師
「残り時間は{VAR:E13980}：０{VAR:E13A80}ね」{W}",,
09-00-333D-00,9,0,6E0A14,333D,0,占い師,"占い師
「残り時間は{VAR:E13980}：{VAR:E13A80}ね」{W}",,
09-00-3365-00,9,0,6E0A14,3365,0,,回復アイテムを手に入れた{W},,
09-00-3381-00,9,0,6E0A14,3381,0,占い師,"占い師
「じゃあ頑張ってね」{W}",,
09-00-33A1-00,9,0,6E0A14,33A1,0,女剣士,"女剣士
「あら、{N3}さん」{W}",,
09-00-33A1-01,9,0,6E0A14,33A1,1,,この人に話を聞きますか？,,
09-00-33D7-00,9,0,6E0A14,33D7,0,アーチェ,"{N3}
「じゃあ、あたし急いでるから！」{W}",,
09-00-33D7-01,9,0,6E0A14,33D7,1,女剣士,"女剣士
「はい、また遊びにきてください」{W}",,
09-00-342B-00,9,0,6E0A14,342B,0,アーチェ,"{N3}
「ねぇねぇ、ちょっといいかな？」{W}",,
09-00-342B-01,9,0,6E0A14,342B,1,女剣士,"女剣士
「なんですか？」{W}",,
09-00-342B-02,9,0,6E0A14,342B,2,アーチェ,"{N3}
「最近さ、困ってる人の話って
　なにか聞かなかった？」{W}",,
09-00-342B-03,9,0,6E0A14,342B,3,女剣士,"女剣士
「う～ん・・・」{W}",,
09-00-342B-04,9,0,6E0A14,342B,4,女剣士,"女剣士
「そういえばちょっと前にこんな事が
　ありましたよ」{W}",,
09-00-342B-05,9,0,6E0A14,342B,5,女剣士,"女剣士
「なんだか奇妙な服を着た男たちが、
　{N3}さんを探してました」{W}",,
09-00-342B-06,9,0,6E0A14,342B,6,女剣士,"女剣士
「でも、その人たちってすごく変なん
　ですよ」{W}",,
09-00-342B-07,9,0,6E0A14,342B,7,女剣士,"女剣士
「私がね、最近はこの町では見かけな
　いよ、って言ったら・・・」{W}",,
09-00-342B-08,9,0,6E0A14,342B,8,女剣士,"女剣士
「突然木の葉が巻き上がって、気が付
　いたらいなくなってたんですよ」{W}",,
09-00-342B-09,9,0,6E0A14,342B,9,女剣士,"女剣士
「ひょっとして、アレが噂の忍者って
　ヤツなのかな？」{W}",,
09-00-342B-10,9,0,6E0A14,342B,10,アーチェ,"{N3}
「ふーん・・・」{W}",,
09-00-342B-11,9,0,6E0A14,342B,11,,詳しく調べますか？,,
09-00-3687-00,9,0,6E0A14,3687,0,アーチェ,"{N3}
「ま、どっちにしても大した事じゃな
　さそうね」{W}",,
09-00-3687-01,9,0,6E0A14,3687,1,すず,"{N6}
「そうですか・・・？」{W}",,
09-00-36DF-00,9,0,6E0A14,36DF,0,女剣士,"女剣士
「もしかしてあなたも忍者なの？」{W}",,
09-00-370B-00,9,0,6E0A14,370B,0,剣士,"剣士
「あ、{N3}さん」{W}",,
09-00-370B-01,9,0,6E0A14,370B,1,剣士,"剣士
「お久しぶりです」{W}",,
09-00-370B-02,9,0,6E0A14,370B,2,,この人に話を聞きますか？,,
09-00-3757-00,9,0,6E0A14,3757,0,アーチェ,"{N3}
「じゃあ、あたし急いでるから！」{W}",,
09-00-3757-01,9,0,6E0A14,3757,1,剣士,"剣士
「そうですか」{W}",,
09-00-3757-02,9,0,6E0A14,3757,2,剣士,"剣士
「また遊びにきてください」{W}",,
09-00-37B9-00,9,0,6E0A14,37B9,0,アーチェ,"{N3}
「ねぇねぇ、ちょっといい？」{W}",,
09-00-37B9-01,9,0,6E0A14,37B9,1,剣士,"剣士
「なんですか？」{W}",,
09-00-37B9-02,9,0,6E0A14,37B9,2,アーチェ,"{N3}
「あのさ、最近困ってる人って、君の
　周りにいないかな？」{W}",,
09-00-37B9-03,9,0,6E0A14,37B9,3,剣士,"剣士
「そうですね・・・」{W}",,
09-00-37B9-04,9,0,6E0A14,37B9,4,剣士,"剣士
「最近はあまりそんな話は聞かないか
　な？」{W}",,
09-00-37B9-05,9,0,6E0A14,37B9,5,剣士,"剣士
「平和になったし」{W}",,
09-00-37B9-06,9,0,6E0A14,37B9,6,アーチェ,"{N3}
「そう、ありがとね」{W}",,
09-00-38BF-00,9,0,6E0A14,38BF,0,師範,"師範
「・・・・・・」{W}",,
09-00-38BF-01,9,0,6E0A14,38BF,1,アーチェ,"{N3}
（あちゃあ。やっぱ怒ってる・・・）{W}",,
09-00-3903-00,9,0,6E0A14,3903,0,師範,"師範
「おや、{N3}さん」{W}",,
09-00-3903-01,9,0,6E0A14,3903,1,アーチェ,"{N3}
「ひさしぶりね！」{W}",,
09-00-3903-02,9,0,6E0A14,3903,2,,この人に話を聞きますか？,,
09-00-3951-00,9,0,6E0A14,3951,0,アーチェ,"{N3}
「じゃあ、あたし急いでるから！」{W}",,
09-00-3951-01,9,0,6E0A14,3951,1,師範,"師範
「では、また」{W}",,
09-00-3951-02,9,0,6E0A14,3951,2,アーチェ,"{N3}
「頑張ってね▽」{W}",,
09-00-39A9-00,9,0,6E0A14,39A9,0,アーチェ,"{N3}
「ねぇねぇ、ちょっといい？」{W}",,
09-00-39A9-01,9,0,6E0A14,39A9,1,師範,"師範
「見てのとおり授業中なので、ちょっ
　と・・・」{W}",,
09-00-39A9-02,9,0,6E0A14,39A9,2,アーチェ,"{N3}
「まぁまぁ、そんなこといわずにさ」{W}",,
09-00-39A9-03,9,0,6E0A14,39A9,3,師範,"師範
「・・・なんですか？」{W}",,
09-00-39A9-04,9,0,6E0A14,39A9,4,アーチェ,"{N3}
「最近困ってる人を見なかった？」{W}",,
09-00-39A9-05,9,0,6E0A14,39A9,5,師範,"師範
「そうですねぇ・・・」{W}",,
09-00-39A9-06,9,0,6E0A14,39A9,6,師範,"師範
「特に心当たりはないですね」{W}",,
09-00-39A9-07,9,0,6E0A14,39A9,7,アーチェ,"{N3}
「そう・・・」{W}",,
09-00-3ACF-00,9,0,6E0A14,3ACF,0,師範,"師範
「あぁ・・・」{W}",,
09-00-3ACF-01,9,0,6E0A14,3ACF,1,師範,"師範
「授業の邪魔をする困った人なら目の
　前に・・・」{W}",,
09-00-3B21-00,9,0,6E0A14,3B21,0,アーチェ,"{N3}
「あらぁ・・・」{W}",,
09-00-3B3B-00,9,0,6E0A14,3B3B,0,すず,"{N6}
「{N3}さんっ！！！」{W}",,
09-00-3B59-00,9,0,6E0A14,3B59,0,アーチェ,"{N3}
「えへへ・・・、ごめんなさい」{W}",,
09-00-3B81-00,9,0,6E0A14,3B81,0,すず,"{N6}
「はぁ・・・・・・」{W}",,
09-00-3B9F-00,9,0,6E0A14,3B9F,0,練習生,"練習生
「えいっ！」{W}",,
09-00-3BB7-00,9,0,6E0A14,3BB7,0,練習生,"練習生
「ひぃぃ！！」{W}",,
09-00-3BD1-00,9,0,6E0A14,3BD1,0,練習生,"練習生
「ほいっ！」{W}",,
09-00-3BE9-00,9,0,6E0A14,3BE9,0,練習生,"練習生
「師範・・・かっこ悪い・・・」{W}",,
09-00-3C13-00,9,0,6E0A14,3C13,0,練習生,"練習生
「あいっ！」{W}",,
09-00-3C2B-00,9,0,6E0A14,3C2B,0,練習生,"練習生
「弟子にしてください！！」{W}",,
09-00-3C51-00,9,0,6E0A14,3C51,0,練習生,"練習生
「よいっ！」{W}",,
09-00-3C69-00,9,0,6E0A14,3C69,0,練習生,"練習生
「さすがですね・・・」{W}",,
09-00-3C8B-00,9,0,6E0A14,3C8B,0,練習生,"練習生
「いいっ！」{W}",,
09-00-3CA3-00,9,0,6E0A14,3CA3,0,練習生,"練習生
「すげ～～」{W}",,
09-00-3CBB-00,9,0,6E0A14,3CBB,0,練習生,"練習生
「おいっ！」{W}",,
09-00-3CD3-00,9,0,6E0A14,3CD3,0,アーチェ,"{N3}
「つっこみ・・・？」{W}",,
09-00-3CF1-00,9,0,6E0A14,3CF1,0,お兄さん,"お兄さん
「あぁ、いい天気だなぁ・・・」{W}",,
09-00-3D1D-00,9,0,6E0A14,3D1D,0,女の子,"女の子
「あ、お姉ちゃん達」{W}",,
09-00-3D1D-01,9,0,6E0A14,3D1D,1,女の子,"女の子
「こんにちは～」{W}",,
09-00-3D57-00,9,0,6E0A14,3D57,0,女の人,"女の人
「あら、こんにちは」{W}",,
09-00-3D57-01,9,0,6E0A14,3D57,1,女の人,"女の人
「いい天気ね」{W}",,
09-00-3D8F-00,9,0,6E0A14,3D8F,0,男の人,"男の人
「人助けを始めたんだって？
　どういう風の吹き回し？」{W}",,
09-00-3DD1-00,9,0,6E0A14,3DD1,0,女の子,"女の子
「あ、{N3}さんだ！」{W}",,
09-00-3DD1-01,9,0,6E0A14,3DD1,1,アーチェ,"{N3}
「やっ！」{W}",,
09-00-3DD1-02,9,0,6E0A14,3DD1,2,,この人に話を聞きますか？,,
09-00-3E1B-00,9,0,6E0A14,3E1B,0,アーチェ,"{N3}
「じゃあ、あたし急いでるから！」{W}",,
09-00-3E1B-01,9,0,6E0A14,3E1B,1,女の子,"女の子
「うん、また遊びにきてね」{W}",,
09-00-3E69-00,9,0,6E0A14,3E69,0,アーチェ,"{N3}
「ねぇねぇ、ちょっといいかな？」{W}",,
09-00-3E69-01,9,0,6E0A14,3E69,1,女の子,"女の子
「なに？」{W}",,
09-00-3E69-02,9,0,6E0A14,3E69,2,アーチェ,"{N3}
「最近さ、なにか困ってる人の話、聞
　かなかった？」{W}",,
09-00-3E69-03,9,0,6E0A14,3E69,3,女の子,"女の子
「う～ん・・・」{W}",,
09-00-3E69-04,9,0,6E0A14,3E69,4,女の子,"女の子
「こんな話を聞いたよ」{W}",,
09-00-3E69-05,9,0,6E0A14,3E69,5,女の子,"女の子
「オリーブヴィレッジが、すっごい暑
　くって大変なんだって」{W}",,
09-00-3E69-06,9,0,6E0A14,3E69,6,女の子,"女の子
「でね、熱射病で倒れる人が沢山いる
　らしいんだ」{W}",,
09-00-3E69-07,9,0,6E0A14,3E69,7,女の子,"女の子
「・・・ってママが言ってたよ！」{W}",,
09-00-3E69-08,9,0,6E0A14,3E69,8,アーチェ,"{N3}
「ふーん・・・」{W}",,
09-00-3E69-09,9,0,6E0A14,3E69,9,,詳しく調べますか？,,
09-00-3FF3-00,9,0,6E0A14,3FF3,0,アーチェ,"{N3}
「すっごく暑いって、いつもより暑い
　のかな」{W}",,
09-00-3FF3-01,9,0,6E0A14,3FF3,1,すず,"{N6}
「例年にない猛暑だそうです」{W}",,
09-00-3FF3-02,9,0,6E0A14,3FF3,2,アーチェ,"{N3}
「・・・お肌に悪いわ」{W}",,
09-00-3FF3-03,9,0,6E0A14,3FF3,3,すず,"{N6}
「えッ？？」{W}",,
09-00-3FF3-04,9,0,6E0A14,3FF3,4,アーチェ,"{N3}
「気にしない、気にしない！
　さ、行きましょ{N6}ちゃん」{W}",,
09-00-3FF3-05,9,0,6E0A14,3FF3,5,すず,"{N6}
「え、あ、・・・はい」{W}",,
09-00-40DF-00,9,0,6E0A14,40DF,0,女の子,"女の子
「オリーブヴィレッジ暑かった？」{W}",,
09-00-410B-00,9,0,6E0A14,410B,0,お母さん,"お母さん
「あら、{N3}さん」{W}",,
09-00-410B-01,9,0,6E0A14,410B,1,アーチェ,"{N3}
「どうも！」{W}",,
09-00-410B-02,9,0,6E0A14,410B,2,,この人に話を聞きますか？,,
09-00-4157-00,9,0,6E0A14,4157,0,アーチェ,"{N3}
「じゃあ、あたし急いでるから！」{W}",,
09-00-4157-01,9,0,6E0A14,4157,1,お母さん,"お母さん
「また遊びにきてください」{W}",,
09-00-41A7-00,9,0,6E0A14,41A7,0,アーチェ,"{N3}
「ねぇねぇ、ちょっといい？」{W}",,
09-00-41A7-01,9,0,6E0A14,41A7,1,お母さん,"お母さん
「なんですか？」{W}",,
09-00-41A7-02,9,0,6E0A14,41A7,2,アーチェ,"{N3}
「あのさ、最近困ってる人の話聞かな
　かった？」{W}",,
09-00-41A7-03,9,0,6E0A14,41A7,3,お母さん,"お母さん
「そうねぇ・・・」{W}",,
09-00-41A7-04,9,0,6E0A14,41A7,4,お母さん,"お母さん
「あんまり聞きませんね」{W}",,
09-00-41A7-05,9,0,6E0A14,41A7,5,お母さん,"お母さん
「最近は平和ですから」{W}",,
09-00-41A7-06,9,0,6E0A14,41A7,6,アーチェ,"{N3}
「そう、ありがとね」{W}",,
09-00-42A1-00,9,0,6E0A14,42A1,0,おばあさん,"おばあさん
「おやおや、{N3}さん」{W}",,
09-00-42A1-01,9,0,6E0A14,42A1,1,おばあさん,"おばあさん
「お元気そうでなによりだねぇ」{W}",,
09-00-42A1-02,9,0,6E0A14,42A1,2,アーチェ,"{N3}
「おばあちゃんもね▽」{W}",,
09-00-42A1-03,9,0,6E0A14,42A1,3,,この人に話を聞きますか？,,
09-00-4329-00,9,0,6E0A14,4329,0,アーチェ,"{N3}
「これからも体に気を付けてね」{W}",,
09-00-4329-01,9,0,6E0A14,4329,1,おばあさん,"おばあさん
「ありがたいねぇ」{W}",,
09-00-4371-00,9,0,6E0A14,4371,0,アーチェ,"{N3}
「ねぇねぇ、ちょっといい？」{W}",,
09-00-4371-01,9,0,6E0A14,4371,1,おばあさん,"おばあさん
「どうしましたかの？」{W}",,
09-00-4371-02,9,0,6E0A14,4371,2,アーチェ,"{N3}
「あのさ、最近おばあちゃんの周りで
　困ってる人、いない？」{W}",,
09-00-4371-03,9,0,6E0A14,4371,3,おばあさん,"おばあさん
「そうさねぇ・・・」{W}",,
09-00-4371-04,9,0,6E0A14,4371,4,おばあさん,"おばあさん
「最近はそんな話聞かないねぇ」{W}",,
09-00-4371-05,9,0,6E0A14,4371,5,おばあさん,"おばあさん
「これも、{N3}さんや・・・
　時空の英雄様たちのおかげじゃ」{W}",,
09-00-4371-06,9,0,6E0A14,4371,6,アーチェ,"{N3}
「へへっ、そうかな～？」{W}",,
09-00-4371-07,9,0,6E0A14,4371,7,すず,"{N6}
「コホンッ！」{W}",,
09-00-4371-08,9,0,6E0A14,4371,8,アーチェ,"{N3}
「うっ・・・」{W}",,
09-00-4371-09,9,0,6E0A14,4371,9,アーチェ,"{N3}
「・・・じゃあ、ありがとね」{W}",,
09-00-4371-10,9,0,6E0A14,4371,10,おばあさん,"おばあさん
「力になれなくて悪いねぇ」{W}",,
09-00-452F-00,9,0,6E0A14,452F,0,神父,"神父
「ちょっとちょっと・・・」{W}",,
09-00-452F-01,9,0,6E0A14,452F,1,神父,"神父
「話したいのならちゃんと前に
　まわってください」{W}",,
09-00-458D-00,9,0,6E0A14,458D,0,神父,"神父
「おや、{N3}さん」{W}",,
09-00-458D-01,9,0,6E0A14,458D,1,アーチェ,"{N3}
「やっ！」{W}",,
09-00-458D-02,9,0,6E0A14,458D,2,,この人に話を聞きますか？,,
09-00-45D3-00,9,0,6E0A14,45D3,0,アーチェ,"{N3}
「じゃあ、あたし急いでるから！」{W}",,
09-00-45D3-01,9,0,6E0A14,45D3,1,神父,"神父
「では、お気を付けて」{W}",,
09-00-461B-00,9,0,6E0A14,461B,0,アーチェ,"{N3}
「ねぇねぇ、ちょっといいかな？」{W}",,
09-00-461B-01,9,0,6E0A14,461B,1,神父,"神父
「なに事でしょう？」{W}",,
09-00-461B-02,9,0,6E0A14,461B,2,アーチェ,"{N3}
「最近さ、なにか困ってる人の話、聞
　かなかったかな？」{W}",,
09-00-461B-03,9,0,6E0A14,461B,3,神父,"神父
「おや、人助けですか？」{W}",,
09-00-461B-04,9,0,6E0A14,461B,4,神父,"神父
「それは感心ですね」{W}",,
09-00-461B-05,9,0,6E0A14,461B,5,神父,"神父
「さて、困っている人ですか・・・」{W}",,
09-00-461B-06,9,0,6E0A14,461B,6,神父,"神父
「そういえば、精霊の洞窟はご存知で
　すか？」{W}",,
09-00-461B-07,9,0,6E0A14,461B,7,アーチェ,"{N3}
「うん、知ってる」{W}",,
09-00-461B-08,9,0,6E0A14,461B,8,神父,"神父
「あそこに住む、精霊のような生き物
　はご存知ですか？」{W}",,
09-00-461B-09,9,0,6E0A14,461B,9,アーチェ,"{N3}
「なんかいたような・・・」{W}",,
09-00-461B-10,9,0,6E0A14,461B,10,神父,"神父
「魔法研究所の知り合いが、その生物
　の研究をなさっているそうです」{W}",,
09-00-461B-11,9,0,6E0A14,461B,11,神父,"神父
「どうです、その人のお手伝いをして
　みるのは？」{W}",,
09-00-461B-12,9,0,6E0A14,461B,12,アーチェ,"{N3}
「う～ん・・・」{W}",,
09-00-461B-13,9,0,6E0A14,461B,13,,詳しく調べますか？,,
09-00-4869-00,9,0,6E0A14,4869,0,アーチェ,"{N3}
「なんかめんどうそう・・・」{W}",,
09-00-488F-00,9,0,6E0A14,488F,0,すず,"{N6}
「{N3}さん！」{W}",,
09-00-48A7-00,9,0,6E0A14,48A7,0,アーチェ,"{N3}
「違うの！！」{W}",,
09-00-48A7-01,9,0,6E0A14,48A7,1,アーチェ,"{N3}
「あたしがしたいのは、もっとこう、
　なんていうか・・・」{W}",,
09-00-48A7-02,9,0,6E0A14,48A7,2,すず,"{N6}
「？？」{W}",,
09-00-48A7-03,9,0,6E0A14,48A7,3,アーチェ,"{N3}
「とにかく、これとはなんかちょっと
　違うのよ」{W}",,
09-00-48A7-04,9,0,6E0A14,48A7,4,すず,"{N6}
「・・・そうですか」{W}",,
09-00-48A7-05,9,0,6E0A14,48A7,5,すず,"{N6}
「じゃあ、またの機会にしましょう」{W}",,
09-00-498F-00,9,0,6E0A14,498F,0,神父,"神父
「彼があんなことを
　していたなんて・・・」{W}",,
09-00-498F-01,9,0,6E0A14,498F,1,神父,"神父
「それを見抜けなかったのでは聖職者
　失格ですね・・・」{W}",,
09-00-4A05-00,9,0,6E0A14,4A05,0,シスター,"シスター
「あら、{N3}さん」{W}",,
09-00-4A05-01,9,0,6E0A14,4A05,1,シスター,"シスター
「お祈りにきたのですか？」{W}",,
09-00-4A05-02,9,0,6E0A14,4A05,2,,この人に話を聞きますか？,,
09-00-4A63-00,9,0,6E0A14,4A63,0,アーチェ,"{N3}
「じゃあ、あたし急いでるから！」{W}",,
09-00-4A63-01,9,0,6E0A14,4A63,1,シスター,"シスター
「神のご加護がありますように」{W}",,
09-00-4AB7-00,9,0,6E0A14,4AB7,0,アーチェ,"{N3}
「ねぇねぇ、ちょっといい？」{W}",,
09-00-4AB7-01,9,0,6E0A14,4AB7,1,シスター,"シスター
「なんでしょう？」{W}",,
09-00-4AB7-02,9,0,6E0A14,4AB7,2,アーチェ,"{N3}
「あのさ、最近困ってる人の話、聞い
　た？」{W}",,
09-00-4AB7-03,9,0,6E0A14,4AB7,3,シスター,"シスター
「まあ、ここはそういった方がよく来
　られますけど・・・」{W}",,
09-00-4AB7-04,9,0,6E0A14,4AB7,4,シスター,"シスター
「最近はあまりありませんね」{W}",,
09-00-4AB7-05,9,0,6E0A14,4AB7,5,アーチェ,"{N3}
「そっか～・・・」{W}",,
09-00-4AB7-06,9,0,6E0A14,4AB7,6,シスター,"シスター
「ごめんなさい、力になれなくて」{W}",,
09-00-4AB7-07,9,0,6E0A14,4AB7,7,シスター,"シスター
「神のご加護がありますように」{W}",,
09-00-4C0D-00,9,0,6E0A14,4C0D,0,男の人,"男の人
「はぁ～・・・」{W}",,
09-00-4C0D-01,9,0,6E0A14,4C0D,1,アーチェ,"{N3}
「どうしたの？」{W}",,
09-00-4C0D-02,9,0,6E0A14,4C0D,2,,この人に話を聞きますか？,,
09-00-4C59-00,9,0,6E0A14,4C59,0,男の人,"男の人
「あ～、ヨメ怖い・・・」{W}",,
09-00-4C7D-00,9,0,6E0A14,4C7D,0,男の人,"男の人
「あ、{N3}さん・・・」{W}",,
09-00-4C7D-01,9,0,6E0A14,4C7D,1,アーチェ,"{N3}
「あのさ、最近困ってる人の話、聞か
　なかった？」{W}",,
09-00-4C7D-02,9,0,6E0A14,4C7D,2,男の人,"男の人
「私、今困ってます・・・」{W}",,
09-00-4C7D-03,9,0,6E0A14,4C7D,3,アーチェ,"{N3}
「どうしたの、なにがあったの？」{W}",,
09-00-4C7D-04,9,0,6E0A14,4C7D,4,男の人,"男の人
「実は、ちょっとヨメさんとケンカし
　まして・・・」{W}",,
09-00-4C7D-05,9,0,6E0A14,4C7D,5,アーチェ,"{N3}
「あはは～・・・、あっそう・・・」{W}",,
09-00-4D8D-00,9,0,6E0A14,4D8D,0,おばあさん,"おばあさん
「さっきから、そこの人が小声で謝っ
　てんだよ」{W}",,
09-00-4D8D-01,9,0,6E0A14,4D8D,1,おばあさん,"おばあさん
「なにがあったんだろうねぇ」{W}",,
09-00-4D8D-02,9,0,6E0A14,4D8D,2,,この人に話を聞きますか？,,
09-00-4E0F-00,9,0,6E0A14,4E0F,0,アーチェ,"{N3}
「じゃあ、あたし急いでるから！」{W}",,
09-00-4E39-00,9,0,6E0A14,4E39,0,アーチェ,"{N3}
「ねぇねぇ、おばあさん？」{W}",,
09-00-4E39-01,9,0,6E0A14,4E39,1,おばあさん,"おばあさん
「なんですかな？」{W}",,
09-00-4E39-02,9,0,6E0A14,4E39,2,アーチェ,"{N3}
「最近さ、困ってる人の話って聞いて
　ないかな？」{W}",,
09-00-4E39-03,9,0,6E0A14,4E39,3,おばあさん,"おばあさん
「最近は世界も平和になった事だし、
　そういった話は聞かないねぇ」{W}",,
09-00-4E39-04,9,0,6E0A14,4E39,4,アーチェ,"{N3}
「そっか～、ありがとね」{W}",,
09-00-4F27-00,9,0,6E0A14,4F27,0,男の人,"男の人
「おや、{N3}さん！」{W}",,
09-00-4F27-01,9,0,6E0A14,4F27,1,アーチェ,"{N3}
「やっ！」{W}",,
09-00-4F27-02,9,0,6E0A14,4F27,2,,この人に話を聞きますか？,,
09-00-4F71-00,9,0,6E0A14,4F71,0,アーチェ,"{N3}
「じゃあ、あたし急いでるから！」{W}",,
09-00-4F71-01,9,0,6E0A14,4F71,1,男の人,"男の人
「では、お気を付けて」{W}",,
09-00-4FBB-00,9,0,6E0A14,4FBB,0,アーチェ,"{N3}
「ねぇねぇ、ちょっといいかな？」{W}",,
09-00-4FBB-01,9,0,6E0A14,4FBB,1,男の人,"男の人
「なんですか？」{W}",,
09-00-4FBB-02,9,0,6E0A14,4FBB,2,アーチェ,"{N3}
「最近さ、なにか困ってる人の話、聞
　かなかったかな？」{W}",,
09-00-4FBB-03,9,0,6E0A14,4FBB,3,男の人,"男の人
「う～ん、そうだな～・・・」{W}",,
09-00-4FBB-04,9,0,6E0A14,4FBB,4,男の人,"男の人
「ベネツィアの市長さんのところの
　娘さん、知ってますか？」{W}",,
09-00-4FBB-05,9,0,6E0A14,4FBB,5,アーチェ,"{N3}
「うん、知ってるよ」{W}",,
09-00-4FBB-06,9,0,6E0A14,4FBB,6,アーチェ,"{N3}
「たしか、チェルシーちゃんだよね」{W}",,
09-00-4FBB-07,9,0,6E0A14,4FBB,7,男の人,"男の人
「あの子がなんだか困ってるって話を
　聞きましたね、そういえば」{W}",,
09-00-4FBB-08,9,0,6E0A14,4FBB,8,アーチェ,"{N3}
「ふ～ん」{W}",,
09-00-4FBB-09,9,0,6E0A14,4FBB,9,,詳しく調べますか？,,
09-00-515F-00,9,0,6E0A14,515F,0,アーチェ,"{N3}
「あの子、ちょっとニガ手なのよね」{W}",,
09-00-515F-01,9,0,6E0A14,515F,1,すず,"{N6}
「・・・なんでです？」{W}",,
09-00-515F-02,9,0,6E0A14,515F,2,アーチェ,"{N3}
「ちょっと気が強くって・・・」{W}",,
09-00-51CF-00,9,0,6E0A14,51CF,0,アーチェ,"{N3}
「・・・何よ」{W}",,
09-00-51E7-00,9,0,6E0A14,51E7,0,すず,"{N6}
「いえっ・・・」{W}",,
09-00-51E7-01,9,0,6E0A14,51E7,1,すず,"{N6}
「では、またの機会にしましょう」{W}",,
09-00-5229-00,9,0,6E0A14,5229,0,男の人,"男の人
「サクラバさんがコーチについたん
　だって？」{W}",,
09-00-5229-01,9,0,6E0A14,5229,1,男の人,"男の人
「これであの子も世界を
　狙えるな・・・」{W}",,
09-00-5297-00,9,0,6E0A14,5297,0,魔術師,"魔術師
「あら、{N3}さん」{W}",,
09-00-5297-01,9,0,6E0A14,5297,1,魔術師,"魔術師
「お元気そうで何よりだわ」{W}",,
09-00-5297-02,9,0,6E0A14,5297,2,アーチェ,"{N3}
「アリガト▽」{W}",,
09-00-5297-03,9,0,6E0A14,5297,3,,この人に話を聞きますか？,,
09-00-5307-00,9,0,6E0A14,5307,0,アーチェ,"{N3}
「じゃあ、あたし急いでるから！」{W}",,
09-00-5307-01,9,0,6E0A14,5307,1,魔術師,"魔術師
「では、お気を付けて」{W}",,
09-00-5351-00,9,0,6E0A14,5351,0,アーチェ,"{N3}
「ねぇねぇ、最近まわりで
　困ってる人っていないかな？」{W}",,
09-00-5351-01,9,0,6E0A14,5351,1,魔術師,"魔術師
「そうねぇ・・・」{W}",,
09-00-5351-02,9,0,6E0A14,5351,2,魔術師,"魔術師
「そういえば、以前アルヴァニスタの
　お城でそんな話聞いたわね」{W}",,
09-00-5351-03,9,0,6E0A14,5351,3,魔術師,"魔術師
「お城に仕えるメイドさんが、腕に覚
　えのある人を探しているそうよ」{W}",,
09-00-5351-04,9,0,6E0A14,5351,4,アーチェ,"{N3}
「ふ～ん・・・」{W}",,
09-00-5351-05,9,0,6E0A14,5351,5,,詳しく調べますか？,,
09-00-5471-00,9,0,6E0A14,5471,0,アーチェ,"{N3}
「なんか怪しいわね・・・」{W}",,
09-00-5471-01,9,0,6E0A14,5471,1,すず,"{N6}
「そうですか？」{W}",,
09-00-5471-02,9,0,6E0A14,5471,2,アーチェ,"{N3}
「そう思わない？」{W}",,
09-00-5471-03,9,0,6E0A14,5471,3,すず,"{N6}
「私には良くわかりませんが・・・」{W}",,
09-00-5471-04,9,0,6E0A14,5471,4,すず,"{N6}
「では、またの機会にしましょう」{W}",,
09-00-5519-00,9,0,6E0A14,5519,0,魔術師,"魔術師
「わたしもその薬ほしいなぁ・・・」{W}",,
09-00-5547-00,9,0,6E0A14,5547,0,男の子,"男の子
「あっ、{N3}さんだ！」{W}",,
09-00-5547-01,9,0,6E0A14,5547,1,アーチェ,"{N3}
「やっ！」{W}",,
09-00-5547-02,9,0,6E0A14,5547,2,,この人に話を聞きますか？,,
09-00-5593-00,9,0,6E0A14,5593,0,アーチェ,"{N3}
「じゃあ、あたし急いでるから！」{W}",,
09-00-5593-01,9,0,6E0A14,5593,1,男の子,"男の子
「じゃあね！」{W}",,
09-00-55D5-00,9,0,6E0A14,55D5,0,アーチェ,"{N3}
「ねぇねぇ、ちょっといいかな？」{W}",,
09-00-55D5-01,9,0,6E0A14,55D5,1,男の子,"男の子
「なになに？」{W}",,
09-00-55D5-02,9,0,6E0A14,55D5,2,アーチェ,"{N3}
「最近さ、なにか困ってる人の話、聞
　かなかったかな？」{W}",,
09-00-55D5-03,9,0,6E0A14,55D5,3,男の子,"男の子
「えーっとね～・・・」{W}",,
09-00-55D5-04,9,0,6E0A14,55D5,4,男の子,"男の子
「なんか、夜の町でヒマなのが大変な
　んだって！」{W}",,
09-00-55D5-05,9,0,6E0A14,55D5,5,アーチェ,"{N3}
「？？？」{W}",,
09-00-55D5-06,9,0,6E0A14,55D5,6,男の子,"男の子
「夜の町は大変だよ！」{W}",,
09-00-55D5-07,9,0,6E0A14,55D5,7,アーチェ,"{N3}
「・・・よくわからないけど・・・」{W}",,
09-00-55D5-08,9,0,6E0A14,55D5,8,アーチェ,"{N3}
「う～ん・・・」{W}",,
09-00-55D5-09,9,0,6E0A14,55D5,9,,詳しく調べますか？,,
09-00-5739-00,9,0,6E0A14,5739,0,アーチェ,"{N3}
「なんだかよくわからないわね」{W}",,
09-00-5739-01,9,0,6E0A14,5739,1,すず,"{N6}
「・・・そうですね」{W}",,
09-00-5739-02,9,0,6E0A14,5739,2,すず,"{N6}
「じゃあ、またの機会にしましょう」{W}",,
09-00-57A7-00,9,0,6E0A14,57A7,0,男の子,"男の子
「あっ、{N3}さん！
　おはようっ！」{W}",,
09-00-57D7-00,9,0,6E0A14,57D7,0,男の子,"男の子
「夜の町大変だった？」{W}",,
09-00-57F9-00,9,0,6E0A14,57F9,0,女の子,"女の子
「{N3}さんだ！」{W}",,
09-00-57F9-01,9,0,6E0A14,57F9,1,,この人に話を聞きますか？,,
09-00-582D-00,9,0,6E0A14,582D,0,アーチェ,"{N3}
「じゃあ、あたし急いでるから！」{W}",,
09-00-582D-01,9,0,6E0A14,582D,1,女の子,"女の子
「えー、もう帰っちゃうの～？」{W}",,
09-00-582D-02,9,0,6E0A14,582D,2,アーチェ,"{N3}
「ゴメンね！」{W}",,
09-00-5895-00,9,0,6E0A14,5895,0,アーチェ,"{N3}
「ねぇねぇ、ちょっといい？」{W}",,
09-00-5895-01,9,0,6E0A14,5895,1,女の子,"女の子
「なになに？」{W}",,
09-00-5895-02,9,0,6E0A14,5895,2,アーチェ,"{N3}
「あなたの近くで最近困ってる人って
　いない？」{W}",,
09-00-5895-03,9,0,6E0A14,5895,3,女の子,"女の子
「う～ん・・・」{W}",,
09-00-5895-04,9,0,6E0A14,5895,4,女の子,"女の子
「あんまりいないかな～？」{W}",,
09-00-5895-05,9,0,6E0A14,5895,5,アーチェ,"{N3}
「そうなんだ・・・」{W}",,
09-00-5895-06,9,0,6E0A14,5895,6,アーチェ,"{N3}
「ごめんね、ありがと」{W}",,
09-00-5895-07,9,0,6E0A14,5895,7,女の子,"女の子
「ううん、じゃあね」{W}",,
09-00-59A1-00,9,0,6E0A14,59A1,0,女の子,"女の子
「{N3}さん、おはよ～」{W}",,
09-00-59C3-00,9,0,6E0A14,59C3,0,宿屋の主人,"宿屋の主人
「なんだかお疲れのご様子ですね？
　{N3}さん」{W}",,
09-00-59C3-01,9,0,6E0A14,59C3,1,宿屋の主人,"宿屋の主人
「どうです？」{W}",,
09-00-59C3-02,9,0,6E0A14,59C3,2,宿屋の主人,"宿屋の主人
「お休みになっていきませんか？」{W}",,
09-00-59C3-03,9,0,6E0A14,59C3,3,アーチェ,"{N3}
「そうね・・・」",,
09-00-5A61-00,9,0,6E0A14,5A61,0,アーチェ,"{N3}
「せっかくだけど、遠慮するわ」{W}",,
09-00-5A61-01,9,0,6E0A14,5A61,1,宿屋の主人,"宿屋の主人
「・・・そうですか」{W}",,
09-00-5A61-02,9,0,6E0A14,5A61,2,アーチェ,"{N3}
「わざわざアリガトね▽」{W}",,
09-00-5A61-03,9,0,6E0A14,5A61,3,アーチェ,"{N3}
「でも、今はちょっと忙しいの」{W}",,
09-00-5A61-04,9,0,6E0A14,5A61,4,宿屋の主人,"宿屋の主人
「あ、その顔はまた何かたくらんでま
　すね、{N3}さん？」{W}",,
09-00-5A61-05,9,0,6E0A14,5A61,5,アーチェ,"{N3}
「・・・ちょっとね▽」{W}",,
09-00-5A61-06,9,0,6E0A14,5A61,6,宿屋の主人,"宿屋の主人
「あまり・・・無茶な事はなさらない
　でくださいね」{W}",,
09-00-5A61-07,9,0,6E0A14,5A61,7,アーチェ,"{N3}
「大丈夫だって♪」{W}",,
09-00-5BB1-00,9,0,6E0A14,5BB1,0,宿屋の主人,"宿屋の主人
「あら、{N3}さん
　休んでいきますか？」",,
09-00-5BE7-00,9,0,6E0A14,5BE7,0,宿屋の主人,"宿屋の主人
「ごゆっくり・・・」{W}",,
09-00-5C0B-00,9,0,6E0A14,5C0B,0,宿屋の主人,"宿屋の主人
「好きな時にきてくださいね」{W}",,
09-00-5C37-00,9,0,6E0A14,5C37,0,宿屋の主人,"宿屋の主人
「おはようございます。
　昨日はよく眠れましたか？」{W}",,
09-00-5C7B-00,9,0,6E0A14,5C7B,0,男の人,"男の人
「あ、{N3}さん！」{W}",,
09-00-5C7B-01,9,0,6E0A14,5C7B,1,アーチェ,"{N3}
「やっ！」{W}",,
09-00-5C7B-02,9,0,6E0A14,5C7B,2,,この人に話を聞きますか？,,
09-00-5CC3-00,9,0,6E0A14,5CC3,0,アーチェ,"{N3}
「じゃあ、あたし急いでるから！」{W}",,
09-00-5CC3-01,9,0,6E0A14,5CC3,1,男の人,"男の人
「はい、また遊びにきてください」{W}",,
09-00-5D17-00,9,0,6E0A14,5D17,0,アーチェ,"{N3}
「ねぇねぇ、ちょっといいかな？」{W}",,
09-00-5D17-01,9,0,6E0A14,5D17,1,男の人,"男の人
「なんですか？」{W}",,
09-00-5D17-02,9,0,6E0A14,5D17,2,アーチェ,"{N3}
「最近さ、なにか困ってる人の話、
　聞かなかった？」{W}",,
09-00-5D17-03,9,0,6E0A14,5D17,3,男の人,"男の人
「う～ん・・・」{W}",,
09-00-5D17-04,9,0,6E0A14,5D17,4,男の人,"男の人
「そういえば、こんな話を聞きました
　よ」{W}",,
09-00-5D17-05,9,0,6E0A14,5D17,5,男の人,"男の人
「フリーズキールの今年の冬は、例年
　以上の寒波らしいですよ」{W}",,
09-00-5D17-06,9,0,6E0A14,5D17,6,男の人,"男の人
「あの町では暖炉にくべる薪が不足し
　てるようなんです」{W}",,
09-00-5D17-07,9,0,6E0A14,5D17,7,アーチェ,"{N3}
「ふ～ん・・・」{W}",,
09-00-5D17-08,9,0,6E0A14,5D17,8,男の人,"男の人
「町では薪を探してきてくれる人を探
　してるそうですよ」{W}",,
09-00-5D17-09,9,0,6E0A14,5D17,9,,詳しく調べますか？,,
09-00-5EDB-00,9,0,6E0A14,5EDB,0,アーチェ,"{N3}
「寒いのは・・・、
　ちょっとヤだな・・・」{W}",,
09-00-5EDB-01,9,0,6E0A14,5EDB,1,男の人,"男の人
「えッ？」{W}",,
09-00-5EDB-02,9,0,6E0A14,5EDB,2,アーチェ,"{N3}
「ううん、なんでもないよ〃」{W}",,
09-00-5EDB-03,9,0,6E0A14,5EDB,3,アーチェ,"{N3}
「ありがとネ▽」{W}",,
09-00-5F61-00,9,0,6E0A14,5F61,0,男の人,"男の人
「聞きましたよ、
　解決してきたんですってね」{W}",,
09-00-5F61-01,9,0,6E0A14,5F61,1,男の人,"男の人
「さすが{N3}さん」{W}",,
09-00-5FB7-00,9,0,6E0A14,5FB7,0,女の人,"女の人
「あ、{N3}さん！」{W}",,
09-00-5FB7-01,9,0,6E0A14,5FB7,1,アーチェ,"{N3}
「やっ！」{W}",,
09-00-5FB7-02,9,0,6E0A14,5FB7,2,,この人に話を聞きますか？,,
09-00-5FFF-00,9,0,6E0A14,5FFF,0,アーチェ,"{N3}
「じゃあ、あたし急いでるから！」{W}",,
09-00-5FFF-01,9,0,6E0A14,5FFF,1,女の人,"女の人
「あら、残念ね」{W}",,
09-00-5FFF-02,9,0,6E0A14,5FFF,2,女の人,"女の人
「またゆっくり遊びにきてください」{W}",,
09-00-606F-00,9,0,6E0A14,606F,0,アーチェ,"{N3}
「ねぇねぇ、ちょっといい？」{W}",,
09-00-606F-01,9,0,6E0A14,606F,1,女の人,"女の人
「なんですか？」{W}",,
09-00-606F-02,9,0,6E0A14,606F,2,アーチェ,"{N3}
「あのさ、困ってる人の話って最近な
　にか聞いてない？」{W}",,
09-00-606F-03,9,0,6E0A14,606F,3,女の人,"女の人
「そうですねー・・・」{W}",,
09-00-606F-04,9,0,6E0A14,606F,4,女の人,"女の人
「最近は、あまり無いかな？」{W}",,
09-00-606F-05,9,0,6E0A14,606F,5,女の人,"女の人
「魔物もほとんど出なくなったし」{W}",,
09-00-606F-06,9,0,6E0A14,606F,6,アーチェ,"{N3}
「そうか～、残念」{W}",,
09-00-606F-07,9,0,6E0A14,606F,7,女の人,"女の人
「あら、その方が良い事じゃない」{W}",,
09-00-606F-08,9,0,6E0A14,606F,8,アーチェ,"{N3}
「まあ、そうなんだけどね」{W}",,
09-00-61C5-00,9,0,6E0A14,61C5,0,アーチェ,"{N3}
「いいよ！」{W}",,
09-00-61C5-01,9,0,6E0A14,61C5,1,男の子,"男の子
「やったー！」{W}",,
09-00-61F3-00,9,0,6E0A14,61F3,0,アーチェ,"{N3}
「むかしむかし・・・」{W}",,
09-00-61F3-01,9,0,6E0A14,61F3,1,アーチェ,"{N3}
「それは、超古代都市トールでの出来
　事・・・」{W}",,
09-00-61F3-02,9,0,6E0A14,61F3,2,アーチェ,"{N3}
「英雄たちは不気味な廃墟の中をさま
　よい続けていたのでした」{W}",,
09-00-6291-00,9,0,6E0A14,6291,0,宿屋の主人,"宿屋の主人
「お代は結構ですから、どうぞお部屋
　の方へ」{W}",,
09-00-6291-01,9,0,6E0A14,6291,1,宿屋の主人,"宿屋の主人
「きっと良い夢が見られますよ」{W}",,
09-00-6291-02,9,0,6E0A14,6291,2,アーチェ,"{N3}
「ありがと▽」{W}",,
09-00-6311-00,9,0,6E0A14,6311,0,すず,"{N6}
「ちょっと散歩してきます」{W}",,
09-00-6311-01,9,0,6E0A14,6311,1,すず,"{N6}
「{N3}さんは
　先に休んでてください」{W}",,
09-00-6363-00,9,0,6E0A14,6363,0,アーチェ,"{N3}
「なつかしいな～、この宿屋」{W}",,
09-00-6363-01,9,0,6E0A14,6363,1,アーチェ,"{N3}
「{SPD:10}・・・・・・・・・{SPD:FF}」{W}",,
09-00-63AF-00,9,0,6E0A14,63AF,0,アーチェ,"{N3}
「さて、・・・寝ますか▽」{W}",,
09-00-63D3-00,9,0,6E0A14,63D3,0,アーチェ,"{N3}
「ねぇ{N6}ちゃん？」{W}",,
09-00-63D3-01,9,0,6E0A14,63D3,1,すず,"{N6}
「はい？」{W}",,
09-00-63D3-02,9,0,6E0A14,63D3,2,アーチェ,"{N3}
「心当たり、・・・ある？」{W}",,
09-00-63D3-03,9,0,6E0A14,63D3,3,すず,"{N6}
「あの、その{SPD:10}・・・、・・・{SPD:FF}おそらく
　は{SPD:10}・・・{SPD:FF}」{W}",,
09-00-63D3-04,9,0,6E0A14,63D3,4,アーチェ,"{N3}
「やっぱり、・・・アレ？」{W}",,
09-00-63D3-05,9,0,6E0A14,63D3,5,すず,"{N6}
「・・・・・・はい」{W}",,
09-00-64AB-00,9,0,6E0A14,64AB,0,アーチェ,"{N3}
「・・・はぁ、行きますか」{W}",,
09-00-64AB-01,9,0,6E0A14,64AB,1,すず,"{N6}
「では、任せてください！」{W}",,
09-00-64F1-00,9,0,6E0A14,64F1,0,アーチェ,"{N3}
「それは大変ねぇ」{W}",,
09-00-64F1-01,9,0,6E0A14,64F1,1,すず,"{N6}
「行きますか？」{W}",,
09-00-64F1-02,9,0,6E0A14,64F1,2,アーチェ,"{N3}
「そうね、困ってるなら助けなきゃ」{W}",,
09-00-64F1-03,9,0,6E0A14,64F1,3,すず,"{N6}
「はい！」{W}",,
09-00-6561-00,9,0,6E0A14,6561,0,アーチェ,"{N3}
「それは大変ねぇ」{W}",,
09-00-6561-01,9,0,6E0A14,6561,1,すず,"{N6}
「行きますか？」{W}",,
09-00-6561-02,9,0,6E0A14,6561,2,アーチェ,"{N3}
「そうね、困ってるなら助けなきゃ」{W}",,
09-00-6561-03,9,0,6E0A14,6561,3,すず,"{N6}
「はい！」{W}",,
09-00-6561-04,9,0,6E0A14,6561,4,すず,"{N6}
「では、行きます！！」{W}",,
09-00-65EF-00,9,0,6E0A14,65EF,0,アーチェ,"{N3}
「よし、ちょっと行ってみますか！」{W}",,
09-00-65EF-01,9,0,6E0A14,65EF,1,すず,"{N6}
「はい！」{W}",,
09-00-65EF-02,9,0,6E0A14,65EF,2,すず,"{N6}
「では、行きます！！」{W}",,
09-00-664B-00,9,0,6E0A14,664B,0,アーチェ,"{N3}
「なんだかよくわかんないけど・・・
　とにかく夜の町に行けって事？」{W}",,
09-00-664B-01,9,0,6E0A14,664B,1,すず,"{N6}
「そのようです」{W}",,
09-00-664B-02,9,0,6E0A14,664B,2,アーチェ,"{N3}
「じゃ、いっちょ行ってみますか！」{W}",,
09-00-664B-03,9,0,6E0A14,664B,3,すず,"{N6}
「はいッ！」{W}",,
09-00-66EF-00,9,0,6E0A14,66EF,0,アーチェ,"{N3}
「よし、あたしがなんとかしてあげよ
　う！！」{W}",,
09-00-66EF-01,9,0,6E0A14,66EF,1,男の人,"男の人
「さすが{N3}さん！」{W}",,
09-00-66EF-02,9,0,6E0A14,66EF,2,アーチェ,"{N3}
「あたしに任せとけば万事ＯＫ！」{W}",,
09-00-66EF-03,9,0,6E0A14,66EF,3,アーチェ,"{N3}
「さ、{N6}ちゃん！」{W}",,
09-00-66EF-04,9,0,6E0A14,66EF,4,アーチェ,"{N3}
「行きましょ▽」{W}",,
09-00-67A1-00,9,0,6E0A14,67A1,0,アーチェ,"{N3}
「アルヴァニスタのお城か」{W}",,
09-00-67A1-01,9,0,6E0A14,67A1,1,すず,"{N6}
「行ってみますか？」{W}",,
09-00-67A1-02,9,0,6E0A14,67A1,2,アーチェ,"{N3}
「そうね、行ってみようか」{W}",,
09-00-67A1-03,9,0,6E0A14,67A1,3,すず,"{N6}
「では！」{W}",,
09-00-6815-00,9,0,6E0A14,6815,0,男の子,"男の子
「{N3}さん！」{W}",,
09-00-6815-01,9,0,6E0A14,6815,1,男の子,"男の子
「時空の英雄たちのおはなし、
　聞かせて聞かせて～！」{W}",,
09-00-6815-02,9,0,6E0A14,6815,2,アーチェ,"{N3}
「う～ん・・・」{W}",,
09-00-6815-03,9,0,6E0A14,6815,3,,お話しますか？,,
09-00-6895-00,9,0,6E0A14,6895,0,アーチェ,"{N3}
「また今度ね！」{W}",,
09-00-6895-01,9,0,6E0A14,6895,1,男の子,"男の子
「え～」{W}",,
09-00-6895-02,9,0,6E0A14,6895,2,男の子,"男の子
「つまんな～い」{W}",,
09-00-6895-03,9,0,6E0A14,6895,3,アーチェ,"{N3}
「ゴメンね」{W}",,
09-00-68EF-00,9,0,6E0A14,68EF,0,男の子,"男の子
「{N3}さんだ！」{W}",,
09-00-690B-00,9,0,6E0A14,690B,0,男の子,"男の子
「つまんなーい！」{W}",,
09-00-690B-01,9,0,6E0A14,690B,1,男の子,"男の子
「でたらめじゃーん！」{W}",,
09-00-690B-02,9,0,6E0A14,690B,2,男の子,"男の子
「行こーぜ！」{W}",,
09-00-690B-03,9,0,6E0A14,690B,3,男の子,"男の子
「うん」{W}",,
09-00-6973-00,9,0,6E0A14,6973,0,男の子,"男の子
「うわーい！
　どきどきー！！」{W}",,
09-00-6973-01,9,0,6E0A14,6973,1,男の子,"男の子
「すごーい！
　どきどきー！！」{W}",,
09-00-69C9-00,9,0,6E0A14,69C9,0,男の子,"男の子
「もっとおはなしして！
　{N3}さん！」{W}",,
09-00-69C9-01,9,0,6E0A14,69C9,1,男の子,"男の子
「もっとおはなしして！
　{N3}さん！」{W}",,
09-00-69C9-02,9,0,6E0A14,69C9,2,アーチェ,"{N3}
「ふふふ、また今度ね▽」{W}",,
09-00-6A4B-00,9,0,6E0A14,6A4B,0,男の子,"男の子
「わー、{N3}さんだー！」{W}",,
09-00-6A4B-01,9,0,6E0A14,6A4B,1,男の子,"男の子
「おはなし聞かせてー！」{W}",,
09-00-6A91-00,9,0,6E0A14,6A91,0,アーチェ,"{N3}
「あ・・・、夢・・・」{W}",,
09-00-6A91-01,9,0,6E0A14,6A91,1,アーチェ,"{N3}
「・・・」{W}",,
09-00-6A91-02,9,0,6E0A14,6A91,2,アーチェ,"{N3}
「覚めちゃった・・・」{W}",,
09-00-6AE1-00,9,0,6E0A14,6AE1,0,アーチェ,"{N3}
「・・・ふふ」{W}",,
09-00-6AE1-01,9,0,6E0A14,6AE1,1,アーチェ,"{N3}
「懐かしい夢、見ちゃったな」{W}",,
09-00-6B1D-00,9,0,6E0A14,6B1D,0,すず,"{N6}
「おはようございます」{W}",,
09-00-6B1D-01,9,0,6E0A14,6B1D,1,アーチェ,"{N3}
「あ、{N6}ちゃん・・・」{W}",,
09-00-6B5D-00,9,0,6E0A14,6B5D,0,すず,"{N6}
「・・・どうかしましたか？」{W}",,
09-00-6B83-00,9,0,6E0A14,6B83,0,アーチェ,"{N3}
「ちょっとね、
　いい夢見ちゃった・・・▽」{W}",,
09-00-6BB9-00,9,0,6E0A14,6BB9,0,アーチェ,"{N3}
「・・・なんでもない・・・」{W}",,
09-00-6BDF-00,9,0,6E0A14,6BDF,0,すず,"{N6}
「・・・そうですか」{W}",,
09-00-6BFD-00,9,0,6E0A14,6BFD,0,アーチェ,"{N3}
「・・・」{W}",,
09-00-6BFD-01,9,0,6E0A14,6BFD,1,アーチェ,"{N3}
「安心してね・・・」{W}",,
09-00-6BFD-02,9,0,6E0A14,6BFD,2,アーチェ,"{N3}
「立派な村になったよ・・・」{W}",,
09-00-6C51-00,9,0,6E0A14,6C51,0,アーチェ,"{N3}
「無事、任務完了だね♪」{W}",,
09-00-6C51-01,9,0,6E0A14,6C51,1,すず,"{N6}
「はい」{W}",,
09-00-6C51-02,9,0,6E0A14,6C51,2,アーチェ,"{N3}
「さて、{N6}ちゃん」{W}",,
09-00-6C51-03,9,0,6E0A14,6C51,3,アーチェ,"{N3}
「次も頑張らないと！」{W}",,
09-00-6C51-04,9,0,6E0A14,6C51,4,すず,"{N6}
「はい、頑張りましょう」{W}",,
09-00-6CDD-00,9,0,6E0A14,6CDD,0,占い師,"占い師
「お疲れ様。{N3}」{W}",,
09-00-6CDD-01,9,0,6E0A14,6CDD,1,アーチェ,"{N3}
「そ、それであたしどうなるの？」{W}",,
09-00-6CDD-02,9,0,6E0A14,6CDD,2,占い師,"占い師
「ふふ・・・、まぁ落ち着いて」{W}",,
09-00-6D4B-00,9,0,6E0A14,6D4B,0,占い師,"占い師
「ほら、ちょうどお客さんもきたよう
　よ・・・」{W}",,
09-00-6D87-00,9,0,6E0A14,6D87,0,占い師,"占い師
「これで全員みたいね・・・」{W}",,
09-00-6DAF-00,9,0,6E0A14,6DAF,0,男の子,"男の子
「おねーちゃん、おもしろいお話あり
　がとう！！」{W}",,
09-00-6DAF-01,9,0,6E0A14,6DAF,1,男の子,"男の子
「また今度お話してね～」{W}",,
09-00-6E0F-00,9,0,6E0A14,6E0F,0,女の人,"女の人
「あなたのおかげでなんとか今年も冬
　が越せるわ」{W}",,
09-00-6E0F-01,9,0,6E0A14,6E0F,1,女の人,"女の人
「ありがとう！！」{W}",,
09-00-6E69-00,9,0,6E0A14,6E69,0,オリーブヴィレッジの少年,"オリーブヴィレッジの少年
「おねえちゃんありがとう！！」{W}",,
09-00-6E69-01,9,0,6E0A14,6E69,1,オリーブヴィレッジの少年,"オリーブヴィレッジの少年
「もう熱射病なんてへっちゃらさ！」{W}",,
09-00-6EE3-00,9,0,6E0A14,6EE3,0,老忍者,"老忍者
「おお、{N3}さん、
　温泉が直ったよ」{W}",,
09-00-6EE3-01,9,0,6E0A14,6EE3,1,老忍者,"老忍者
「お前さんが石材を取ってきてくれた
　おかげじゃ」{W}",,
09-00-6F51-00,9,0,6E0A14,6F51,0,エミリ,"エミリ
「わざわざ薬をとってきてくれて、あ
　りがとうね」{W}",,
09-00-6F51-01,9,0,6E0A14,6F51,1,エミリ,"エミリ
「感謝してるわ▽」{W}",,
09-00-6FAB-00,9,0,6E0A14,6FAB,0,チェルシー,"チェルシー
「サクラバさんったら
　もうすごいの！！」{W}",,
09-00-6FAB-01,9,0,6E0A14,6FAB,1,チェルシー,"チェルシー
「どうやったらあんな音色が出せるの
　かしら」{W}",,
09-00-6FAB-02,9,0,6E0A14,6FAB,2,チェルシー,"チェルシー
「とにかくありがとうね！！」{W}",,
09-00-704B-00,9,0,6E0A14,704B,0,アーリィの青年,"アーリィの青年
「{N3}さん！！」{W}",,
09-00-704B-01,9,0,6E0A14,704B,1,アーリィの青年,"アーリィの青年
「おかげでずっと夜なのが楽しくなり
　ましたよ！！」{W}",,
09-00-70B5-00,9,0,6E0A14,70B5,0,？？？,"？？？
「みんなもどってきた～～」{W}",,
09-00-70B5-01,9,0,6E0A14,70B5,1,？？？,"？？？
「ありがと～～！！」{W}",,
09-00-70F9-00,9,0,6E0A14,70F9,0,占い師,"占い師
「それであなたは何人の人から感謝さ
　れたのかしら？」{W}",,
09-00-713B-00,9,0,6E0A14,713B,0,アーチェ,"{N3}
「・・・人」{W}",,
09-00-713B-01,9,0,6E0A14,713B,1,占い師,"占い師
「えっ？」{W}",,
09-00-713B-02,9,0,6E0A14,713B,2,占い師,"占い師
「ごめんなさい。よくききとれなかっ
　たわ」{W}",,
09-00-713B-03,9,0,6E0A14,713B,3,すず,"{N6}
「{VAR:E50480}人です」{W}",,
09-00-713B-04,9,0,6E0A14,713B,4,占い師,"占い師
「な、なんてこと・・・・・・」{W}",,
09-00-71DA-00,9,0,6E0A14,71DA,0,アーチェ,"{N3}
「えっと、{VAR:E50480}人かな？」{W}",,
09-00-71DA-01,9,0,6E0A14,71DA,1,占い師,"占い師
「う～ん、まぁ普通くらいかしらね」{W}",,
09-00-7229-00,9,0,6E0A14,7229,0,アーチェ,"{N3}
「{VAR:E50480}人よ。すごいでしょ！！」{W}",,
09-00-7229-01,9,0,6E0A14,7229,1,占い師,"占い師
「まぁ！！頑張ったのね」{W}",,
09-00-7229-02,9,0,6E0A14,7229,2,アーチェ,"{N3}
「えへへ・・・」{W}",,
09-00-728C-00,9,0,6E0A14,728C,0,占い師,"占い師
「もう何が起こるか誰にもわかりませ
　ん・・・」{W}",,
09-00-72C8-00,9,0,6E0A14,72C8,0,アーチェ,"{N3}
「そんな脅かさないでよ」{W}",,
09-00-72C8-01,9,0,6E0A14,72C8,1,占い師,"占い師
「脅しではありません・・・」{W}",,
09-00-7310-00,9,0,6E0A14,7310,0,占い師,"占い師
「な、何か強い力が近づいてきます」{W}",,
09-00-7310-01,9,0,6E0A14,7310,1,アーチェ,"{N3}
「え・・・？」{W}",,
09-00-7354-00,9,0,6E0A14,7354,0,すず,"{N6}
「な、何事でしょうか？」{W}",,
09-00-7354-01,9,0,6E0A14,7354,1,アーチェ,"{N3}
「まさか・・・・・・」{W}",,
09-00-7394-00,9,0,6E0A14,7394,0,占い師,"占い師
「もう潮時か・・・」{W}",,
09-00-7394-01,9,0,6E0A14,7394,1,アーチェ,"{N3}
「え・・・？」{W}",,
09-00-73CA-00,9,0,6E0A14,73CA,0,アーチェ,"{N3}
「な、なんで～！？」{W}",,
09-00-73CA-01,9,0,6E0A14,73CA,1,オリジン,"オリジン
「{N4}に頼まれておったのだ」{W}",,
09-00-73CA-02,9,0,6E0A14,73CA,2,オリジン,"オリジン
「お前があまりにぐ～たらしているよ
　うならば・・・」{W}",,
09-00-73CA-03,9,0,6E0A14,73CA,3,オリジン,"オリジン
「ちょっとおきゅうを据えてやれと
　な・・・」{W}",,
09-00-73CA-04,9,0,6E0A14,73CA,4,アーチェ,"{N3}
「えぇっ！？大きなお世話よ！！」{W}",,
09-00-73CA-05,9,0,6E0A14,73CA,5,オリジン,"オリジン
「最後のチャンスをやったのにお前と
　きたら・・・」{W}",,
09-00-73CA-06,9,0,6E0A14,73CA,6,アーチェ,"{N3}
「あ、あれは・・・、その・・・」{W}",,
09-00-73CA-07,9,0,6E0A14,73CA,7,オリジン,"オリジン
「問答無用！！」{W}",,
09-00-73CA-08,9,0,6E0A14,73CA,8,アーチェ,"{N3}
「きゃ～～～～～！？」{W}",,
09-00-7556-00,9,0,6E0A14,7556,0,アーチェ,"{N3}
「え・・・、やっぱり恐ろしい運命に
　なっちゃうの？」{W}",,
09-00-7556-01,9,0,6E0A14,7556,1,占い師,"占い師
「そのはずです。それももうすぐに」{W}",,
09-00-7556-02,9,0,6E0A14,7556,2,アーチェ,"{N3}
「いや～～！！」{W}",,
09-00-75DA-00,9,0,6E0A14,75DA,0,アーチェ,"{N3}
「ちょっと～」{W}",,
09-00-75DA-01,9,0,6E0A14,75DA,1,アーチェ,"{N3}
「何も起こんないじゃないのよ」{W}",,
09-00-7618-00,9,0,6E0A14,7618,0,占い師,"占い師
「あれ？？おかしいですね・・・」{W}",,
09-00-7618-01,9,0,6E0A14,7618,1,アーチェ,"{N3}
「な～んだ。インチキだったのね？」{W}",,
09-00-7618-02,9,0,6E0A14,7618,2,占い師,"占い師
「そ、そんなはずは・・・」{W}",,
09-00-7618-03,9,0,6E0A14,7618,3,アーチェ,"{N3}
「心配して損したっ！！」{W}",,
09-00-76B2-00,9,0,6E0A14,76B2,0,エミリ,"エミリ
「あのね、せっかくとってきてくれた
　薬なんだけど・・・」{W}",,
09-00-76B2-01,9,0,6E0A14,76B2,1,エミリ,"エミリ
「私やっぱり先輩は実力で落とそうと
　思うの」{W}",,
09-00-76B2-02,9,0,6E0A14,76B2,2,エミリ,"エミリ
「だからこの薬はあなたに返すわね」{W}",,
09-00-775C-00,9,0,6E0A14,775C,0,エミリ,"エミリ
「じゃあね▽」{W}",,
09-00-7776-00,9,0,6E0A14,7776,0,アーチェ,"{N3}
「うふふ・・・」{W}",,
09-00-7776-01,9,0,6E0A14,7776,1,アーチェ,"{N3}
「誰に使おうかしら？」{W}",,
09-00-77AE-00,9,0,6E0A14,77AE,0,すず,"{N6}
「{N3}さん・・・」{W}",,
09-00-77CA-00,9,0,6E0A14,77CA,0,アーチェ,"{N3}
「やあねぇ、冗談よ▽」{W}",,
09-00-77CA-01,9,0,6E0A14,77CA,1,アーチェ,"{N3}
「じゃあ行こっか」{W}",,
09-00-77CA-02,9,0,6E0A14,77CA,2,すず,"{N6}
「はい」{W}",,
09-00-7814-00,9,0,6E0A14,7814,0,アーチェ,"{N3}
「じゃあね、いんちき占い師さん」{W}",,
09-00-7814-01,9,0,6E0A14,7814,1,いんちき占い師さん,"いんちき占い師さん
「ブツブツ、こんなはずは・・・」{W}",,
09-00-7874-00,9,0,6E0A14,7874,0,アーチェ,"{N3}
「あ・・・」{W}",,
09-00-788A-00,9,0,6E0A14,788A,0,アーチェ,"{N3}
「{N6}ちゃん大丈夫？」{W}",,
09-00-788A-01,9,0,6E0A14,788A,1,アーチェ,"{N3}
「なんともない？」{W}",,
09-00-78C4-00,9,0,6E0A14,78C4,0,アーチェ,"{N3}
「げ・・・」{W}",,
09-00-78C4-01,9,0,6E0A14,78C4,1,すず,"{N6}
「じつは{N3}さん・・・」{W}",,
09-00-78C4-02,9,0,6E0A14,78C4,2,すず,"{N6}
「私、前からずっと
　あなたのことが・・・」{W}",,
09-00-792E-00,9,0,6E0A14,792E,0,アーチェ,"{N3}
「お、落ち着いて{N6}ちゃん」{W}",,
09-00-7954-00,9,0,6E0A14,7954,0,すず,"{N6}
「{N3}さん・・・・・・・」{W}",,
09-00-7954-01,9,0,6E0A14,7954,1,アーチェ,"{N3}
（う・・・）{W}",,
09-00-7954-02,9,0,6E0A14,7954,2,アーチェ,"{N3}
（今は何を言ってもダメそう・・・）{W}",,
09-00-79B6-00,9,0,6E0A14,79B6,0,すず,"{N6}
「逃がさないっ！！」{W}",,
09-00-79D4-00,9,0,6E0A14,79D4,0,占い師,"占い師
「ふ・・・、やっぱり私の占いは正し
　かったようね・・・」{W}",,
09-00-7A1A-00,9,0,6E0A14,7A1A,0,アーチェ,"{N3}
「大丈夫かなぁ・・・」{W}",,
09-00-7A1A-01,9,0,6E0A14,7A1A,1,占い師,"占い師
「私の計算によるとこれではちょっと
　足りなかったような・・・」{W}",,
09-00-7A1A-02,9,0,6E0A14,7A1A,2,すず,"{N6}
「え・・・」{W}",,
09-00-7A98-00,9,0,6E0A14,7A98,0,すず,"{N6}
「ほ、ほうきがいきなり・・・・」{W}",,
09-00-7AC2-00,9,0,6E0A14,7AC2,0,すず,"{N6}
「ま、まぁこのくらいですんでよかっ　たですね・・・」{W}",,
09-00-7B00-00,9,0,6E0A14,7B00,0,すず,"{N6}
「あ・・・」{W}",,
09-00-7B16-00,9,0,6E0A14,7B16,0,,少年達におっかけられるエンディング{W},,
09-00-7B3C-00,9,0,6E0A14,7B3C,0,アーチェ,"{N3}
「こんだけたくさんの人に感謝されれ
　ば文句ないでしょ？」{W}",,
09-00-7B80-00,9,0,6E0A14,7B80,0,すず,"{N6}
「そうですね・・・」{W}",,
09-00-7B80-01,9,0,6E0A14,7B80,1,すず,"{N6}
「もう既に運命はいい方に流れている
　ようですよ」{W}",,
09-00-7BD8-00,9,0,6E0A14,7BD8,0,アーチェ,"{N3}
「え！？なになに！？」{W}",,
09-00-7BD8-01,9,0,6E0A14,7BD8,1,アーチェ,"{N3}
「何が起こったの？」{W}",,
09-00-7BD8-02,9,0,6E0A14,7BD8,2,すず,"{N6}
「ほら、周りを見渡してください」{W}",,
09-00-7BD8-03,9,0,6E0A14,7BD8,3,アーチェ,"{N3}
「えっ？えっ？」{W}",,
09-00-7C54-00,9,0,6E0A14,7C54,0,アーチェ,"{N3}
「も、もしかして・・・？」{W}",,
09-00-7C54-01,9,0,6E0A14,7C54,1,すず,"{N6}
「そうです。このみんなの感謝の気持　ちが幸福じゃないですか」{W}",,
09-00-7C54-02,9,0,6E0A14,7C54,2,アーチェ,"{N3}
「え～～～～、そんなのヤダ！！」{W}",,
09-00-7C54-03,9,0,6E0A14,7C54,3,アーチェ,"{N3}
「もっとなにかないの～～～！？」{W}",,
09-00-7D0C-00,9,0,6E0A14,7D0C,0,オリーブヴィレッジの少年,"オリーブヴィレッジの少年
「おねえちゃん達ありがとうね」{W}",,
09-00-7D0C-01,9,0,6E0A14,7D0C,1,少年,"少年
「後でお父さん達に聞いたんだけど・
　・・」{W}",,
09-00-7D0C-02,9,0,6E0A14,7D0C,2,少年,"少年
「ぼくの為にわざわざ危険なところま
　で行ってくれたんだってね」{W}",,
09-00-7D0C-03,9,0,6E0A14,7D0C,3,少年,"少年
「本当にありがとう！！」{W}",,
09-00-7DE4-00,9,0,6E0A14,7DE4,0,男の子,"男の子
「{N3}さん！！」{W}",,
09-00-7DE4-01,9,0,6E0A14,7DE4,1,男の子,"男の子
「あの話本当におもしろかったよ！」
　明日友達に自慢するんだ！！」{W}",,
09-00-7DE4-02,9,0,6E0A14,7DE4,2,男の子,"男の子
「うわぁ、楽しみだなぁ・・・」{W}",,
09-00-7E74-00,9,0,6E0A14,7E74,0,？？？,"？？？
「みんなもどってきた～」{W}",,
09-00-7E74-01,9,0,6E0A14,7E74,1,？？？,"？？？
「みんなかんしゃしてたよ～～」{W}",,
09-00-7EC0-00,9,0,6E0A14,7EC0,0,すず,"{N6}
「ほら、{N3}さん・・・」{W}",,
09-00-7EE2-00,9,0,6E0A14,7EE2,0,アーチェ,"{N3}
「ま、いいか▽」{W}",,
09-00-7EFC-00,9,0,6E0A14,7EFC,0,占い師,"占い師
「これだけの人からの感謝の気持ちは
　何らかの形になって現れます」{W}",,
09-00-7EFC-01,9,0,6E0A14,7EFC,1,占い師,"占い師
「ほら・・・噂をすれば・・・」{W}",,
09-00-7F72-00,9,0,6E0A14,7F72,0,国立アカデミー研究員,"国立アカデミー研究員
「あ、{N3}さん！！」{W}",,
09-00-7F72-01,9,0,6E0A14,7F72,1,研究員,"研究員
「この前から修理にとりかかっていた
　古代都市トールの時空転送装置が」{W}",,
09-00-7F72-02,9,0,6E0A14,7F72,2,研究員,"研究員
「とうとう動くようになりましたよ」{W}",,
09-00-801C-00,9,0,6E0A14,801C,0,すず,"{N6}
「{N3}さん！！」{W}",,
09-00-801C-01,9,0,6E0A14,801C,1,アーチェ,"{N3}
「ふふ・・・。すごいプレゼントもら
　っちゃったわね」{W}",,
09-00-801C-02,9,0,6E0A14,801C,2,アーチェ,"{N3}
「ずいぶん久しぶりに顔でも見にいこ
　うかしらね？」{W}",,
09-00-801C-03,9,0,6E0A14,801C,3,アーチェ,"{N3}
「{N6}ちゃん？」{W}",,
09-00-801C-04,9,0,6E0A14,801C,4,すず,"{N6}
「・・・・・・はい！！」{W}",,
09-00-80E8-00,9,0,6E0A14,80E8,0,,"{SPD:0}そしてそれ以降{N3}らの姿を
見る者はなかった・・・{SPD:FFFF}",,
09-00-8124-00,9,0,6E0A14,8124,0,,　　　　　　　　　　　　　　　　　　　　　　　　　　　　　おわり　　　　　　　　　　　　　　　　　　　,,
09-00-818C-00,9,0,6E0A14,818C,0,,ＭＩＳＳＩＯＮ　ＣＯＭＰＬＥＴＥ！,,
10-00-0000-00,10,0,6ED5D8,0000,0,クラース,"{N4}
「よし、精霊を召喚しよう」{W}",,
10-00-0024-00,10,0,6ED5D8,0024,0,クレス,"{N1}
「ここは・・・？」{W}",,
10-00-0024-01,10,0,6ED5D8,0024,1,クラース,"{N4}
「もしかして、ここで精霊を召喚する
　のか？」{W}",,
10-00-0024-02,10,0,6ED5D8,0024,2,ミント,"{N2}
「きっとそうですよ！」{W}",,
10-00-0024-03,10,0,6ED5D8,0024,3,ミント,"{N2}
「部屋も四つあります」{W}",,
10-00-0024-04,10,0,6ED5D8,0024,4,クラース,"{N4}
「よし・・・、君たちはここで待って
　てくれ」{W}",,
10-00-00E8-00,10,0,6ED5D8,00E8,0,,モーリア坑道地下{VAR:E0A080}階,,
10-00-0101-00,10,0,6ED5D8,0101,0,,"　　　　～モーリア坑道跡～
　アルヴァニスタ王の許可無き者
　入るべからず{W}",,
10-00-014F-00,10,0,6ED5D8,014F,0,,"{COL:3}レバーがあります。
切り替えますか？{COL:2}",,
10-00-017D-00,10,0,6ED5D8,017D,0,アーチェ,"{N3}
「さびついてて動かない・・・」{W}",,
10-00-01A5-00,10,0,6ED5D8,01A5,0,,"『右通路、地下３階への階段あり』
と書かれている。{W}",,
10-00-01DB-00,10,0,6ED5D8,01DB,0,クレス,"{N1}
「あれ？」{W}",,
10-00-01DB-01,10,0,6ED5D8,01DB,1,クレス,"{N1}
「このたいまつ、レバーみたいだ」{W}",,
10-00-01DB-02,10,0,6ED5D8,01DB,2,,{COL:3}たいまつを動かしますか？{COL:2},,
10-00-0237-00,10,0,6ED5D8,0237,0,クレス,"{N1}
「ここだけ、火が灯ってない・・・」{W}",,
10-00-0263-00,10,0,6ED5D8,0263,0,,"『上上下下左右左右』
と書かれている。{W}",,
10-00-028D-00,10,0,6ED5D8,028D,0,クレス,"{N1}
「ここのたいまつだけ火が灯ってない
　・・・」{W}",,
10-00-028D-01,10,0,6ED5D8,028D,1,クレス,"{N1}
「上の階のスイッチだったたいまつと
　は違うみたいだ」{W}",,
10-00-0303-00,10,0,6ED5D8,0303,0,,"『欲すれば遠ざかれ』
と書かれている。{W}",,
10-00-032D-00,10,0,6ED5D8,032D,0,クレス,"{N1}
「素手でこの壁を崩すのは無理だな」{W}",,
10-00-0359-00,10,0,6ED5D8,0359,0,,{COL:3}スイッチがあります。押しますか？{COL:2},,
10-00-0383-00,10,0,6ED5D8,0383,0,,"『行き止まり』
と書かれている。{W}",,
10-00-03A7-00,10,0,6ED5D8,03A7,0,,"『水を司る精霊ウンディーネ
　北海の孤島にたたずむ』
と書かれている。{W}",,
10-00-03F1-00,10,0,6ED5D8,03F1,0,クラース,"{N4}
「ウンディーネは、もう契約している
　な」{W}",,
10-00-0425-00,10,0,6ED5D8,0425,0,クラース,"{N4}
「北海の孤島と言えばベネツィアの北
　にある無人島のことだな」{W}",,
10-00-0425-01,10,0,6ED5D8,0425,1,クラース,"{N4}
「船長に頼んで、連れていってもらお
　う」{W}",,
10-00-049F-00,10,0,6ED5D8,049F,0,,"『炎を司る精霊イフリート
　熱砂の洞窟にさまよう』
と書かれている。{W}",,
10-00-04E7-00,10,0,6ED5D8,04E7,0,クラース,"{N4}
「イフリートはもう契約しているな」{W}",,
10-00-0513-00,10,0,6ED5D8,0513,0,クラース,"{N4}
「熱砂？」{W}",,
10-00-0513-01,10,0,6ED5D8,0513,1,クラース,"{N4}
「砂漠といえばフレイランドしかない
　が・・・」{W}",,
10-00-055F-00,10,0,6ED5D8,055F,0,,"『地を司る精霊ノーム
　精霊の洞窟に居を構える』
と書かれている。{W}",,
10-00-05A5-00,10,0,6ED5D8,05A5,0,クラース,"{N4}
「ノームはもう契約しているな」{W}",,
10-00-05CD-00,10,0,6ED5D8,05CD,0,クラース,"{N4}
「精霊の洞窟はベルアダムの東にある
　洞窟だ」{W}",,
10-00-05CD-01,10,0,6ED5D8,05CD,1,クラース,"{N4}
「行ってみるしかないか・・・」{W}",,
10-00-062B-00,10,0,6ED5D8,062B,0,クラース,"{N4}
「精霊の洞窟という名前は聞いたこと
　がないな」{W}",,
10-00-062B-01,10,0,6ED5D8,062B,1,クラース,"{N4}
「アルヴァニスタで聞いてみたほうが
　いいな」{W}",,
10-00-069B-00,10,0,6ED5D8,069B,0,,"『風を司る精霊シルフ
　嘆きの谷に舞う』
と書かれている。{W}",,
10-00-06D9-00,10,0,6ED5D8,06D9,0,クラース,"{N4}
「シルフはもう契約しているからな」{W}",,
10-00-0705-00,10,0,6ED5D8,0705,0,クラース,"{N4}
「アルヴァニスタ王の許可はもらって
　いる」{W}",,
10-00-0705-01,10,0,6ED5D8,0705,1,クラース,"{N4}
「許可証もある」{W}",,
10-00-0705-02,10,0,6ED5D8,0705,2,見張り,"見張り
「許可証～？」{W}",,
10-00-0705-03,10,0,6ED5D8,0705,3,見張り,"見張り
「どれ、見せてみろ」{W}",,
10-00-0705-04,10,0,6ED5D8,0705,4,見張り,"見張り
「ふむ、確かにアルヴァニスタ国の許
　可証・・・」{W}",,
10-00-0705-05,10,0,6ED5D8,0705,5,見張り,"見張り
「しかし・・・、ずいぶん古い型の許
　可証だなぁ」{W}",,
10-00-0705-06,10,0,6ED5D8,0705,6,見張り,"見張り
「年代ものだぞ、こりゃ」{W}",,
10-00-0705-07,10,0,6ED5D8,0705,7,見張り,"見張り
「まあいい、通っていいぞ」{W}",,
10-00-0847-00,10,0,6ED5D8,0847,0,クラース,"{N4}
「アルヴァニスタ王の許可はもらって
　いる」{W}",,
10-00-0847-01,10,0,6ED5D8,0847,1,クラース,"{N4}
「許可証もある」{W}",,
10-00-0847-02,10,0,6ED5D8,0847,2,見張り,"見張り
「あっ、これは失礼しました」{W}",,
10-00-0847-03,10,0,6ED5D8,0847,3,見張り,"見張り
「どうぞお通り下さい」{W}",,
10-00-08DB-00,10,0,6ED5D8,08DB,0,見張り,"見張り
「帰りたまえ」{W}",,
10-00-08F5-00,10,0,6ED5D8,08F5,0,見張り,"見張り
「君、許可なく入っちゃいかん」{W}",,
10-00-091F-00,10,0,6ED5D8,091F,0,,"{COL:3}どの精霊を召喚しますか？
１．イフリート２．ノーム
３．シルフ　　４．ウンディーネ{COL:2}",,
10-00-097B-00,10,0,6ED5D8,097B,0,,{COL:3}その精霊はすでに召喚されています。{COL:2}{W},,
10-00-09A9-00,10,0,6ED5D8,09A9,0,,"{COL:3}精霊がいます。入れ替えになりますが
よろしいですか？{COL:2}",,
10-00-09E7-00,10,0,6ED5D8,09E7,0,,"{COL:3}その精霊は既に北の方角に召喚してい
ます。{W}",,
10-00-0A19-00,10,0,6ED5D8,0A19,0,,"{COL:3}その精霊は既に東の方角に召喚してい
ます。{W}",,
10-00-0A4B-00,10,0,6ED5D8,0A4B,0,,"{COL:3}その精霊は既に南の方角に召喚してい
ます。{W}",,
10-00-0A7D-00,10,0,6ED5D8,0A7D,0,,"{COL:3}その精霊は既に西の方角に召喚してい
ます。{W}",,
10-00-0AAF-00,10,0,6ED5D8,0AAF,0,,移動してもよろしいですか？{COL:2},,
10-00-0ACF-00,10,0,6ED5D8,0ACF,0,？？？,"？？？
『誰じゃ・・・』{W}",,
10-00-0ACF-01,10,0,6ED5D8,0ACF,1,？？？,"？？？
『わしを呼び出すのは！？』{W}",,
10-00-0B0F-00,10,0,6ED5D8,0B0F,0,クラース,"{N4}
「なっ、何だ？」{W}",,
10-00-0B0F-01,10,0,6ED5D8,0B0F,1,クラース,"{N4}
「誰がしゃべっているんだ！？」{W}",,
10-00-0B4F-00,10,0,6ED5D8,0B4F,0,？？？,"？？？
『石盤の元へ来るのだ！』{W}",,
10-00-0B73-00,10,0,6ED5D8,0B73,0,クレス,"{N1}
「あ、あれは・・・」{W}",,
10-00-0B73-01,10,0,6ED5D8,0B73,1,クレス,"{N1}
「もしかしてマクスウェル！？」{W}",,
10-00-0BB7-00,10,0,6ED5D8,0BB7,0,クラース,"{N4}
「あなたが・・・、マクスウェルです
　か？」{W}",,
10-00-0BB7-01,10,0,6ED5D8,0BB7,1,マクスウェル,"マクスウェル
『いかにも』{W}",,
10-00-0BB7-02,10,0,6ED5D8,0BB7,2,マクスウェル,"マクスウェル
『ぬしらか・・・、わしを呼んだのは
　・・・？』{W}",,
10-00-0BB7-03,10,0,6ED5D8,0BB7,3,クラース,"{N4}
「そうだ」{W}",,
10-00-0BB7-04,10,0,6ED5D8,0BB7,4,マクスウェル,"マクスウェル
『して、何用じゃ？』{W}",,
10-00-0BB7-05,10,0,6ED5D8,0BB7,5,クラース,"{N4}
「ルナと契約するための指輪を探して
　いる」{W}",,
10-00-0BB7-06,10,0,6ED5D8,0BB7,6,クラース,"{N4}
「奥の部屋に続く扉を開けてもらいた
　い」{W}",,
10-00-0BB7-07,10,0,6ED5D8,0BB7,7,マクスウェル,"マクスウェル
『なるほどのぅ』{W}",,
10-00-0BB7-08,10,0,6ED5D8,0BB7,8,マクスウェル,"マクスウェル
『奥は宝物庫じゃ』{W}",,
10-00-0BB7-09,10,0,6ED5D8,0BB7,9,マクスウェル,"マクスウェル
『ぬしが探している物もあるかもしれ
　ぬ』{W}",,
10-00-0BB7-10,10,0,6ED5D8,0BB7,10,マクスウェル,"マクスウェル
『じゃが・・・、その前に己の強さを
　示せぃ！』{W}",,
10-00-0DA1-00,10,0,6ED5D8,0DA1,0,マクスウェル,"マクスウェル
『ぐうぅぅぅ・・・』{W}",,
10-00-0DA1-01,10,0,6ED5D8,0DA1,1,マクスウェル,"マクスウェル
『さ・・・、さすがに、言うだけはあ
　るのぅ』{W}",,
10-00-0DA1-02,10,0,6ED5D8,0DA1,2,クラース,"{N4}
「さぁ、奥の扉を開けてくれ」{W}",,
10-00-0DA1-03,10,0,6ED5D8,0DA1,3,マクスウェル,"マクスウェル
『よ、よかろう』{W}",,
10-00-0DA1-04,10,0,6ED5D8,0DA1,4,マクスウェル,"マクスウェル
『ほっほっほ』{W}",,
10-00-0DA1-05,10,0,6ED5D8,0DA1,5,マクスウェル,"マクスウェル
『お前たち、気に入ったぞ』{W}",,
10-00-0DA1-06,10,0,6ED5D8,0DA1,6,マクスウェル,"マクスウェル
『わしもお前たちの力になってしんぜ
　よう』{W}",,
10-00-0DA1-07,10,0,6ED5D8,0DA1,7,マクスウェル,"マクスウェル
『では、契約を』{W}",,
10-00-0DA1-08,10,0,6ED5D8,0DA1,8,クラース,"{N4}
「ほ、本当か！？」{W}",,
10-00-0DA1-09,10,0,6ED5D8,0DA1,9,クラース,"{N4}
「すっ・・・、すごい！」{W}",,
10-00-0DA1-10,10,0,6ED5D8,0DA1,10,クラース,"{N4}
「四大精霊を統率しているマクスウェ
　ルと契約できるなんて！」{W}",,
10-00-0DA1-11,10,0,6ED5D8,0DA1,11,アーチェ,"{N3}
「ありがとう、おじいちゃん▽」{W}",,
10-00-0DA1-12,10,0,6ED5D8,0DA1,12,マクスウェル,"マクスウェル
（お、おじいちゃん・・・）{W}",,
10-00-0DA1-13,10,0,6ED5D8,0DA1,13,マクスウェル,"マクスウェル
『うぉっほん！』{W}",,
10-00-0DA1-14,10,0,6ED5D8,0DA1,14,マクスウェル,"マクスウェル
『で、では・・・、ターコイズの指輪
　を前に』{W}",,
10-00-101B-00,10,0,6ED5D8,101B,0,クラース,"{N4}
「我、今、分子の精に願い奉る」{W}",,
10-00-101B-01,10,0,6ED5D8,101B,1,クラース,"{N4}
「指輪の盟約のもと、我に精霊を従わ
　せたまえ」{W}",,
10-00-101B-02,10,0,6ED5D8,101B,2,クラース,"{N4}
「我が名は{N4}・・・」{W}",,
10-00-1099-00,10,0,6ED5D8,1099,0,,"{N4}は{TITLE:D3}を
召喚できるようになりました。{W}",,
10-00-10C7-00,10,0,6ED5D8,10C7,0,,"{COL:2}{N4}は『{TITLE:1BF}』の
称号を得ました。{W}",,
10-00-10C7-01,10,0,6ED5D8,10C7,1,,{COL:0},,
10-00-10F5-00,10,0,6ED5D8,10F5,0,クレス,"{N1}
「グ、グーングニルが・・・」{W}",,
10-00-10F5-01,10,0,6ED5D8,10F5,1,マクスウェル,"マクスウェル
『ほっほっほ』{W}",,
10-00-10F5-02,10,0,6ED5D8,10F5,2,マクスウェル,"マクスウェル
『その槍の真の力はそんなものではな
　い』{W}",,
10-00-10F5-03,10,0,6ED5D8,10F5,3,マクスウェル,"マクスウェル
『わしは、ほんの少し引き出しただけ
　じゃよ』{W}",,
10-00-11B1-00,10,0,6ED5D8,11B1,0,,"{COL:2}グーングニルの力の一部が解放されま
した。{W}",,
10-00-11B1-01,10,0,6ED5D8,11B1,1,,{COL:0},,
10-00-11E7-00,10,0,6ED5D8,11E7,0,ミント,"{N2}
「どの精霊をどこに召喚すればいいん
　でしょう？」{W}",,
10-00-1223-00,10,0,6ED5D8,1223,0,アーチェ,"{N3}
「なぞなぞはちょっと・・・」{W}",,
10-00-1249-00,10,0,6ED5D8,1249,0,クレス,"{N1}
「ここは敵がいないみたいだからゆっ
　くり考えようよ」{W}",,
10-00-1289-00,10,0,6ED5D8,1289,0,見張り,"見張り
「数年前に、ドワーフ族の遺跡が見つ
　かってな」{W}",,
10-00-1289-01,10,0,6ED5D8,1289,1,見張り,"見張り
「地下９階に入口があるそうだ」{W}",,
10-00-12ED-00,10,0,6ED5D8,12ED,0,見張り,"見張り
「君たちは冒険者か？」{W}",,
10-00-12ED-01,10,0,6ED5D8,12ED,1,見張り,"見張り
「この中には魔物たちがウジャウジャ
　といるぞ」{W}",,
10-00-12ED-02,10,0,6ED5D8,12ED,2,見張り,"見張り
「十分気をつけるように」{W}",,
10-00-136B-00,10,0,6ED5D8,136B,0,見張り,"見張り
「たいていの冒険者は地下５階でつま
　るらしいですよ」{W}",,
10-00-13AD-00,10,0,6ED5D8,13AD,0,クレス,"{N1}
「ダメだ、全く動かない」{W}",,
10-00-13CF-00,10,0,6ED5D8,13CF,0,冒険者,"冒険者
「くそっ、隠し通路があると思うん
　だが、見つからない！」{W}",,
10-00-1415-00,10,0,6ED5D8,1415,0,冒険者,"冒険者
「へえ～、こういう仕組みだったのか
　・・・」{W}",,
10-00-144F-00,10,0,6ED5D8,144F,0,冒険者,"冒険者
「う～ん、この部屋は何かありそうな
　んだけど・・・？」{W}",,
10-00-1493-00,10,0,6ED5D8,1493,0,冒険者,"冒険者
「扉の奥の部屋にあるボタンは見つけ
　たか？」{W}",,
10-00-1493-01,10,0,6ED5D8,1493,1,冒険者,"冒険者
「あれさえ押せれば下に行けると思う
　んだが・・・」{W}",,
10-00-150B-00,10,0,6ED5D8,150B,0,クレス,"{N1}
「{N3}でないと・・・」{W}",,
10-00-150B-01,10,0,6ED5D8,150B,1,クレス,"{N1}
「この石盤に書かれた文字は読めない
　よ」{W}",,
10-00-155D-00,10,0,6ED5D8,155D,0,クレス,"{N1}
「これは・・・？」{W}",,
10-00-1579-00,10,0,6ED5D8,1579,0,クラース,"{N4}
「この石盤は・・・」{W}",,
10-00-1579-01,10,0,6ED5D8,1579,1,ミント,"{N2}
「文字{SPD:10}・・・？{SPD:FF}
　が刻まれてますよ」{W}",,
10-00-15CB-00,10,0,6ED5D8,15CB,0,クラース,"{N4}
「・・・読めん！」{W}",,
10-00-15E7-00,10,0,6ED5D8,15E7,0,クラース,"{N4}
「よっ、読めるのか！？」{W}",,
10-00-15E7-01,10,0,6ED5D8,15E7,1,アーチェ,"{N3}
「プライマル・エルヴン・ロアー」{W}",,
10-00-15E7-02,10,0,6ED5D8,15E7,2,アーチェ,"{N3}
「これは古代エルフ族の言葉だから、
　わかんなくても仕方ないよ」{W}",,
10-00-1679-00,10,0,6ED5D8,1679,0,アーチェ,"{N3}
「あたしはエルフのハーフなんだから
　知ってて当然なの！」{W}",,
10-00-1679-01,10,0,6ED5D8,1679,1,アーチェ,"{N3}
「もしかして、あたしをパーだと思っ
　てない？」{W}",,
10-00-16F5-00,10,0,6ED5D8,16F5,0,クラース,"{N4}
「ま・・・、まあ怒るな」{W}",,
10-00-16F5-01,10,0,6ED5D8,16F5,1,クラース,"{N4}
「で、どういう意味なんだ？」{W}",,
10-00-16F5-02,10,0,6ED5D8,16F5,2,アーチェ,"{N3}
「ぶぅ・・・」{W}",,
10-00-16F5-03,10,0,6ED5D8,16F5,3,アーチェ,"{N3}
「ちょっと待ってみそ」{W}",,
10-00-176F-00,10,0,6ED5D8,176F,0,,"{N3}は『{TITLE:1B3}』の
称号を得ました。{W}",,
10-00-1795-00,10,0,6ED5D8,1795,0,アーチェ,"{N3}
『死を暗示する方位には破壊を司る者
　を招くがよい』{W}",,
10-00-1795-01,10,0,6ED5D8,1795,1,アーチェ,"{N3}
『生命の息吹を感じたなら、そこは誕
　生を司る者の場所である』{W}",,
10-00-1795-02,10,0,6ED5D8,1795,2,アーチェ,"{N3}
『逝く者に涙する乙女は死を左手に感
　ずる場に招かれよ』{W}",,
10-00-1795-03,10,0,6ED5D8,1795,3,アーチェ,"{N3}
『風は乙女と向かい、時の流れのよう
　に等しくみなに吹き抜ける』{W}",,
10-00-1795-04,10,0,6ED5D8,1795,4,アーチェ,"{N3}
「・・・って、書いてあるよ」{W}",,
10-00-18C5-00,10,0,6ED5D8,18C5,0,アーチェ,"{N3}
「地水火風の精霊をどこかに召喚すれ
　ば扉が開く」{W}",,
10-00-18C5-01,10,0,6ED5D8,18C5,1,アーチェ,"{N3}
「・・・ってことなのかなぁ？」{W}",,
10-00-1927-00,10,0,6ED5D8,1927,0,クラース,"{N4}
「召喚する場所っていってもなぁ」{W}",,
10-00-1951-00,10,0,6ED5D8,1951,0,クラース,"{N4}
「地水火風の精霊？」{W}",,
10-00-1951-01,10,0,6ED5D8,1951,1,クラース,"{N4}
「まだ、全部契約してないぞ・・・」{W}",,
10-00-1951-02,10,0,6ED5D8,1951,2,ミント,"{N2}
「アルヴァニスタまで行けば・・・」{W}",,
10-00-1951-03,10,0,6ED5D8,1951,3,ミント,"{N2}
「精霊の居場所について、なにか聞け
　るんじゃないですか？」{W}",,
10-00-1951-04,10,0,6ED5D8,1951,4,クラース,"{N4}
「そうだな」{W}",,
10-00-1A1B-00,10,0,6ED5D8,1A1B,0,補給部隊,"補給部隊
「私はアルヴァニスタ軍の救援物資隊
　です」{W}",,
10-00-1A1B-01,10,0,6ED5D8,1A1B,1,補給部隊,"補給部隊
「物資の供給をやってますが、一般人
　は全額負担していただきます」{W}",,
10-00-1A1B-02,10,0,6ED5D8,1A1B,2,補給部隊,"補給部隊
「何がお入り用で？」{W}",,
10-00-1AC3-00,10,0,6ED5D8,1AC3,0,補給部隊,"補給部隊
「なにぶん、規則なもので」{W}",,
10-00-1AEB-00,10,0,6ED5D8,1AEB,0,冒険者,"冒険者
「ここはドワーフ遺跡調査隊のベース
　キャンプだ」{W}",,
10-00-1AEB-01,10,0,6ED5D8,1AEB,1,冒険者,"冒険者
「あなた方も休んでいくといい」{W}",,
10-00-1B51-00,10,0,6ED5D8,1B51,0,冒険者,"冒険者
「自然にできたのか人工物なのか、わ
　からないのだが・・・」{W}",,
10-00-1B51-01,10,0,6ED5D8,1B51,1,冒険者,"冒険者
「遺跡群の中央には巨大な空洞ができ
　ているんだ」{W}",,
10-00-1B51-02,10,0,6ED5D8,1B51,2,冒険者,"冒険者
「ドワーフ族は、そこに居住区などを
　造ったようだね」{W}",,
10-00-1C15-00,10,0,6ED5D8,1C15,0,兵士,"兵士
「魔物が強くてなかなか進めないよ」{W}",,
10-00-1C41-00,10,0,6ED5D8,1C41,0,冒険者,"冒険者
「ドワーフ族は、不思議なアイテムを
　作る器用な部族なの」{W}",,
10-00-1C87-00,10,0,6ED5D8,1C87,0,見張り,"見張り
「あなたも探検家ですか？」{W}",,
10-00-1C87-01,10,0,6ED5D8,1C87,1,見張り,"見張り
「ドワーフ族の遺跡の入口はここから
　北東の部屋にありますよ」{W}",,
10-00-1CF5-00,10,0,6ED5D8,1CF5,0,兵士,"兵士
「この下が、新しく発見されたドワー
　フ族の遺跡群だ」{W}",,
10-00-1D35-00,10,0,6ED5D8,1D35,0,兵士,"兵士
「どうかご無事で」{W}",,
10-00-1D51-00,10,0,6ED5D8,1D51,0,冒険者,"冒険者
「ここで休むことができます」{W}",,
10-00-1D51-01,10,0,6ED5D8,1D51,1,冒険者,"冒険者
「休みますか？」",,
10-00-1D91-00,10,0,6ED5D8,1D91,0,アーチェ,"{N3}
「この石なんてちょうどよさそうね」{W}",,
10-00-1D91-01,10,0,6ED5D8,1D91,1,アーチェ,"{N3}
「これをもって帰ればいいわ」{W}",,
10-00-1DE1-00,10,0,6ED5D8,1DE1,0,,石材を手に入れました。{W},,
10-00-1DFB-00,10,0,6ED5D8,1DFB,0,アーチェ,"{N3}
「じゃあ、さっそく持って帰ろうか」{W}",,
10-00-1DFB-01,10,0,6ED5D8,1DFB,1,すず,"{N6}
「はい！」{W}",,
10-00-1E39-00,10,0,6ED5D8,1E39,0,すず,"{N6}
「そろそろ時間ですね・・・」{W}",,
10-00-1E39-01,10,0,6ED5D8,1E39,1,アーチェ,"{N3}
「え、もう！？」{W}",,
10-00-1E39-02,10,0,6ED5D8,1E39,2,アーチェ,"{N3}
「うぅ・・・、大丈夫かなぁ？」{W}",,
10-00-1E9D-00,10,0,6ED5D8,1E9D,0,,ミゲールの町に戻りますか？,,
10-00-1EB9-00,10,0,6ED5D8,1EB9,0,アーチェ,"{N3}
「一回町に戻ろうか」{W}",,
10-00-1EB9-01,10,0,6ED5D8,1EB9,1,すず,"{N6}
「わかりました」{W}",,
10-00-1EEF-00,10,0,6ED5D8,1EEF,0,,"ミゲールの町に戻る事ができますが、
戻ると今回の依頼は失敗となります。{W}",,
10-00-1EEF-01,10,0,6ED5D8,1EEF,1,,ミゲールの町に戻りますか？,,
10-00-1F53-00,10,0,6ED5D8,1F53,0,アーチェ,"{N3}
「一回町に戻ろうか」{W}",,
10-00-1F53-01,10,0,6ED5D8,1F53,1,すず,"{N6}
「わかりました」{W}",,
10-00-1F89-00,10,0,6ED5D8,1F89,0,,"依頼を受けた町に退却しますか？
",,
10-00-1FAB-00,10,0,6ED5D8,1FAB,0,アーチェ,"{N3}
「一回町に戻ろうか」{W}",,
10-00-1FAB-01,10,0,6ED5D8,1FAB,1,すず,"{N6}
「わかりました」{W}",,
10-00-1FE1-00,10,0,6ED5D8,1FE1,0,アーチェ,"{N3}
「この町にまだ困ってる人が
　いる気がする・・・」{W}",,
10-00-201D-00,10,0,6ED5D8,201D,0,アーチェ,"{N3}
「おっといけない！」{W}",,
10-00-201D-01,10,0,6ED5D8,201D,1,アーチェ,"{N3}
「まだ任務の途中だった・・・」{W}",,
10-00-2061-00,10,0,6ED5D8,2061,0,アーチェ,"{N3}
「まだ用事がすんでないよ・・・」{W}",,
11-00-0000-00,11,0,6F4190,0000,0,,モーリア坑道地下{VAR:E0A080}階,,
11-00-0019-00,11,0,6F4190,0019,0,アーチェ,"{N3}
「宝がいっぱい・・・」{W}",,
11-00-0019-01,11,0,6F4190,0019,1,アーチェ,"{N3}
「すっごいじゃん！」{W}",,
11-00-0055-00,11,0,6F4190,0055,0,クレス,"{N1}
「あった！」{W}",,
11-00-006B-00,11,0,6F4190,006B,0,クラース,"{N4}
「ホントかッ？！」{W}",,
11-00-0087-00,11,0,6F4190,0087,0,クラース,"{N4}
「・・・これはタダの指輪だ」{W}",,
11-00-00AD-00,11,0,6F4190,00AD,0,アーチェ,"{N3}
「指輪めっけ！」{W}",,
11-00-00C7-00,11,0,6F4190,00C7,0,ミント,"{N2}
「こっちにもありました」{W}",,
11-00-00E9-00,11,0,6F4190,00E9,0,クレス,"{N1}
「でも、これ・・・」{W}",,
11-00-00E9-01,11,0,6F4190,00E9,1,クラース,"{N4}
「壊れかけてる・・・」{W}",,
11-00-00E9-02,11,0,6F4190,00E9,2,クラース,"{N4}
「・・・他のは？」{W}",,
11-00-00E9-03,11,0,6F4190,00E9,3,ミント,"{N2}
「他のは指輪じゃないようです」{W}",,
11-00-00E9-04,11,0,6F4190,00E9,4,アーチェ,"{N3}
「どうすんの？」{W}",,
11-00-00E9-05,11,0,6F4190,00E9,5,クラース,"{N4}
「私の力では・・・」{W}",,
11-00-00E9-06,11,0,6F4190,00E9,6,クラース,"{N4}
「アルヴァニスタに戻ったほうがいい
　かもしれんな」{W}",,
12-00-0000-00,12,0,6F479C,0000,0,,熱砂の洞窟,,
12-00-000C-00,12,0,6F479C,000C,0,,浸食洞,,
12-00-0014-00,12,0,6F479C,0014,0,,精霊の洞窟,,
12-00-0020-00,12,0,6F479C,0020,0,,"{COL:3}スイッチがあります。
押しますか？{COL:2}",,
12-00-004C-00,12,0,6F479C,004C,0,,{COL:3}レバーがあります。切り替えますか？{COL:2},,
12-00-0078-00,12,0,6F479C,0078,0,,{COL:3}スイッチがあります。押しますか？{COL:2},,
12-00-00A2-00,12,0,6F479C,00A2,0,？？？,"？？？
『だれじゃ！？』{W}",,
12-00-00A2-01,12,0,6F479C,00A2,1,？？？,"？？？
『わらわの眠りを妨げるものは！！』{W}",,
12-00-00EA-00,12,0,6F479C,00EA,0,クレス,"{N1}
「だっ、誰だ！？」{W}",,
12-00-0106-00,12,0,6F479C,0106,0,ウンディーネ,"ウンディーネ
『貴様らかッ！！』{W}",,
12-00-012A-00,12,0,6F479C,012A,0,ウンディーネ,"ウンディーネ
『ゆ、許してたもれ・・・』{W}",,
12-00-012A-01,12,0,6F479C,012A,1,ウンディーネ,"ウンディーネ
『望みは何じゃ？』{W}",,
12-00-012A-02,12,0,6F479C,012A,2,クラース,"{N4}
「お前と契約を結びたい」{W}",,
12-00-012A-03,12,0,6F479C,012A,3,ウンディーネ,"ウンディーネ
『・・・いいであろう』{W}",,
12-00-012A-04,12,0,6F479C,012A,4,ウンディーネ,"ウンディーネ
『アクアマリンの指輪を出すがよい』{W}",,
12-00-01F0-00,12,0,6F479C,01F0,0,クラース,"{N4}
「我、今、水の精に願い奉る」{W}",,
12-00-01F0-01,12,0,6F479C,01F0,1,クラース,"{N4}
「指輪の盟約のもと、我に精霊を従わ
　せたまえ」{W}",,
12-00-01F0-02,12,0,6F479C,01F0,2,クラース,"{N4}
「我が名は{N4}・・・」{W}",,
12-00-026C-00,12,0,6F479C,026C,0,,"{N4}は{TITLE:D0}を
召喚できるようになりました。{W}",,
12-00-029A-00,12,0,6F479C,029A,0,クレス,"{N1}
「溶岩のカギを使おう」{W}",,
12-00-02BA-00,12,0,6F479C,02BA,0,クレス,"{N1}
「カギがかかっている」{W}",,
12-00-02DA-00,12,0,6F479C,02DA,0,,"『封印を解かんと欲するならば、
　キーワードとなる言葉を』{W}",,
12-00-02DA-01,12,0,6F479C,02DA,1,,１．ケ　２．ス　３．キ　４．ア,,
12-00-0336-00,12,0,6F479C,0336,0,,１．ク　２．ラ　３．ザ　４．イ,,
12-00-0356-00,12,0,6F479C,0356,0,,１．ル　２．リ　３．カ　４．イ,,
12-00-0376-00,12,0,6F479C,0376,0,,１．チ　２．ド　３．ナ　４．ン,,
12-00-0396-00,12,0,6F479C,0396,0,,扉は開かれん・・・。{W},,
12-00-03AE-00,12,0,6F479C,03AE,0,,違う！{W},,
12-00-03B8-00,12,0,6F479C,03B8,0,,意味はあるが、違う！{W},,
12-00-03D0-00,12,0,6F479C,03D0,0,？？？,"？？？
「あ～、いた～」{W}",,
12-00-03EC-00,12,0,6F479C,03EC,0,クレス,"{N1}
「ここは・・・？」{W}",,
12-00-0408-00,12,0,6F479C,0408,0,ノーム,"ノーム
『誰だ～！』{W}",,
12-00-0408-01,12,0,6F479C,0408,1,ノーム,"ノーム
『ぼくのなわばりに入るのは～！！』{W}",,
12-00-044C-00,12,0,6F479C,044C,0,ノーム,"ノーム
『まいったよ～ん』{W}",,
12-00-044C-01,12,0,6F479C,044C,1,クラース,"{N4}
「よし、では契約を結ぼう」{W}",,
12-00-044C-02,12,0,6F479C,044C,2,ノーム,"ノーム
『ルビーの指輪がいいのら～』{W}",,
12-00-04B2-00,12,0,6F479C,04B2,0,クラース,"{N4}
「我、今、地の精に願い奉る」{W}",,
12-00-04B2-01,12,0,6F479C,04B2,1,クラース,"{N4}
「指輪の盟約のもと、我に精霊を従わ
　せたまえ」{W}",,
12-00-04B2-02,12,0,6F479C,04B2,2,クラース,"{N4}
「我が名は{N4}・・・」{W}",,
12-00-052E-00,12,0,6F479C,052E,0,,"{N4}は{TITLE:D1}を
召喚できるようになりました。{W}",,
12-00-055C-00,12,0,6F479C,055C,0,クレス,"{N1}
「これが・・・」{W}",,
12-00-055C-01,12,0,6F479C,055C,1,クレス,"{N1}
「イフリート・・・」{W}",,
12-00-055C-02,12,0,6F479C,055C,2,イフリート,"イフリート
『わしに何かようか！？』{W}",,
12-00-055C-03,12,0,6F479C,055C,3,クラース,"{N4}
「あなたと契約を結びたい」{W}",,
12-00-055C-04,12,0,6F479C,055C,4,イフリート,"イフリート
『ふふ・・・』{W}",,
12-00-055C-05,12,0,6F479C,055C,5,イフリート,"イフリート
『貴様ら、いい目をしているな』{W}",,
12-00-055C-06,12,0,6F479C,055C,6,イフリート,"イフリート
『・・・よかろう』{W}",,
12-00-055C-07,12,0,6F479C,055C,7,クラース,"{N4}
「本当かッ？」{W}",,
12-00-055C-08,12,0,6F479C,055C,8,イフリート,"イフリート
『・・・わしに勝利することができた
　らな！！』{W}",,
12-00-0696-00,12,0,6F479C,0696,0,イフリート,"イフリート
『むぅぅ・・・』{W}",,
12-00-0696-01,12,0,6F479C,0696,1,イフリート,"イフリート
『岩をも焼き尽くす、わしの炎に耐え
　うるとは・・・』{W}",,
12-00-0696-02,12,0,6F479C,0696,2,クラース,"{N4}
「では、契約を結ぼう」{W}",,
12-00-0696-03,12,0,6F479C,0696,3,イフリート,"イフリート
『・・・よかろう』{W}",,
12-00-0696-04,12,0,6F479C,0696,4,イフリート,"イフリート
『ガーネットの指輪を出すのだ』{W}",,
12-00-0764-00,12,0,6F479C,0764,0,クラース,"{N4}
「我、今、炎の精に願い奉る」{W}",,
12-00-0764-01,12,0,6F479C,0764,1,クラース,"{N4}
「指輪の盟約のもと、我に精霊を従わ
　せたまえ」{W}",,
12-00-0764-02,12,0,6F479C,0764,2,クラース,"{N4}
「我が名は{N4}・・・」{W}",,
12-00-07E0-00,12,0,6F479C,07E0,0,,"{N4}は{TITLE:D2}を
召喚できるようになりました。{W}",,
12-00-080E-00,12,0,6F479C,080E,0,？？？,"？？？
「迷子～、迷子～」{W}",,
12-00-082C-00,12,0,6F479C,082C,0,？？？,"？？？
「ぼく～、迷子なんだ～」{W}",,
12-00-082C-01,12,0,6F479C,082C,1,？？？,"？？？
「みんなの所へ～、連れてってよ～」{W}",,
12-00-082C-02,12,0,6F479C,082C,2,,{COL:3}連れて行きますか？{COL:2},,
12-00-0896-00,12,0,6F479C,0896,0,？？？,"？？？
「連れてって～」{W}",,
12-00-08B2-00,12,0,6F479C,08B2,0,？？？,"？？？
「ありがと～」{W}",,
12-00-08CC-00,12,0,6F479C,08CC,0,？？？,"？？？
「一人～、足りない～」{W}",,
12-00-08CC-01,12,0,6F479C,08CC,1,？？？,"？？？
「お前～、知らないか～？」{W}",,
12-00-0912-00,12,0,6F479C,0912,0,？？？,"？？？
「なんだ～？」{W}",,
12-00-0912-01,12,0,6F479C,0912,1,？？？,"？？？
「やる気か～？」{W}",,
12-00-0912-02,12,0,6F479C,0912,2,,{COL:3}戦いますか？{COL:2},,
12-00-095A-00,12,0,6F479C,095A,0,？？？,"？？？
「つまんない～」{W}",,
12-00-0976-00,12,0,6F479C,0976,0,？？？,"？？？
「ムダムダムダムダ～」{W}",,
12-00-0998-00,12,0,6F479C,0998,0,？？？,"？？？
「あれ～？」{W}",,
12-00-0998-01,12,0,6F479C,0998,1,？？？,"？？？
「何で警報がなるの～？」{W}",,
12-00-09D2-00,12,0,6F479C,09D2,0,クレス,"{N1}
「これは・・・、呪文書だ！」{W}",,
12-00-09F8-00,12,0,6F479C,09F8,0,,"{N3}は
{TITLE:B8}を覚えました。{W}",,
12-00-0A16-00,12,0,6F479C,0A16,0,クレス,"{N1}
「でも、ぼくが持っていてもしょうが
　ないな」{W}",,
12-00-0A16-01,12,0,6F479C,0A16,1,クレス,"{N1}
「戻しておこう」{W}",,
12-00-0A66-00,12,0,6F479C,0A66,0,クレス,"{N1}
「これは・・・、呪文書だ！」{W}",,
12-00-0A8C-00,12,0,6F479C,0A8C,0,,"{N3}は
{TITLE:C3}を覚えました。{W}",,
12-00-0AAA-00,12,0,6F479C,0AAA,0,クレス,"{N1}
「でも、ぼくが持っていてもしょうが
　ないな」{W}",,
12-00-0AAA-01,12,0,6F479C,0AAA,1,クレス,"{N1}
「戻しておこう」{W}",,
12-00-0AFA-00,12,0,6F479C,0AFA,0,クレス,"{N1}
「これは・・・、呪文書だ！」{W}",,
12-00-0B20-00,12,0,6F479C,0B20,0,,"{N3}は
{TITLE:C0}を覚えました。",,
12-00-0B3C-00,12,0,6F479C,0B3C,0,クレス,"{N1}
「でも、ぼくが持っていてもしょうが
　ないな」{W}",,
12-00-0B3C-01,12,0,6F479C,0B3C,1,クレス,"{N1}
「戻しておこう」{W}",,
12-00-0B8C-00,12,0,6F479C,0B8C,0,クレス,"{N1}
「これは・・・、呪文書だ！」{W}",,
12-00-0BB2-00,12,0,6F479C,0BB2,0,,"{N3}は
{TITLE:C6}を覚えました。{W}",,
12-00-0BD0-00,12,0,6F479C,0BD0,0,クレス,"{N1}
「でも、ぼくが持っていてもしょうが
　ないな」{W}",,
12-00-0BD0-01,12,0,6F479C,0BD0,1,クレス,"{N1}
「戻しておこう」{W}",,
12-00-0C20-00,12,0,6F479C,0C20,0,クレス,"{N1}
「これは・・・、呪文書だ！」{W}",,
12-00-0C46-00,12,0,6F479C,0C46,0,,"{N3}は
{TITLE:B9}を覚えました。{W}",,
12-00-0C64-00,12,0,6F479C,0C64,0,クレス,"{N1}
「でも、ぼくが持っていてもしょうが
　ないな」{W}",,
12-00-0C64-01,12,0,6F479C,0C64,1,クレス,"{N1}
「戻しておこう」{W}",,
12-00-0CB4-00,12,0,6F479C,0CB4,0,,ソーサラーリングを手に入れました。{W},,
12-00-0CDA-00,12,0,6F479C,0CDA,0,クレス,"{N1}
「これ・・・」{W}",,
12-00-0CDA-01,12,0,6F479C,0CDA,1,クレス,"{N1}
「なんに使うものだ・・・？」{W}",,
12-00-0CDA-02,12,0,6F479C,0CDA,2,クラース,"{N4}
「ただの指輪だろ？」{W}",,
12-00-0CDA-03,12,0,6F479C,0CDA,3,クレス,"{N1}
「でも、何でこんな所に？」{W}",,
12-00-0D54-00,12,0,6F479C,0D54,0,クレス,"{N1}
「なっ、何だ？」{W}",,
12-00-0D54-01,12,0,6F479C,0D54,1,クレス,"{N1}
「火花が出たぞ？」{W}",,
12-00-0D54-02,12,0,6F479C,0D54,2,クラース,"{N4}
「へえー、おもしろいな」{W}",,
12-00-0D54-03,12,0,6F479C,0D54,3,クラース,"{N4}
「それがあれば遠隔操作ができるかも
　しれないぞ」{W}",,
12-00-0DE2-00,12,0,6F479C,0DE2,0,クレス,"{N1}
「この巻物は忍術書だ」{W}",,
12-00-0E02-00,12,0,6F479C,0E02,0,,"{N6}は
{TITLE:B3}を覚えました。",,
12-00-0E1E-00,12,0,6F479C,0E1E,0,チェスター,"{N5}
「なぁ、何でここに来たんだ？」{W}",,
12-00-0E1E-01,12,0,6F479C,0E1E,1,クレス,"{N1}
「えっ、いや・・・、なにかあるかと
　思ってね」{W}",,
12-00-0E1E-02,12,0,6F479C,0E1E,2,クラース,"{N4}
「ウンディーネとは、私の時代に契約
　しているぞ」{W}",,
12-00-0E1E-03,12,0,6F479C,0E1E,3,チェスター,"{N5}
「ウンディーネのいた場所か？」{W}",,
12-00-0E1E-04,12,0,6F479C,0E1E,4,チェスター,"{N5}
「何て場所なんだ？」{W}",,
12-00-0EFA-00,12,0,6F479C,0EFA,0,アーチェ,"{N3}
「いちいちうっさいわねぇ」{W}",,
12-00-0F1E-00,12,0,6F479C,0F1E,0,アーチェ,"{N3}
「新食堂よッ！
　シンショクドウ！」{W}",,
12-00-0F4C-00,12,0,6F479C,0F4C,0,クラース,"{N4}
「・・・んッ？」{W}",,
12-00-0F66-00,12,0,6F479C,0F66,0,クラース,"{N4}
「なんだか今・・・、変な言い方をし
　なかったか？」{W}",,
12-00-0FA4-00,12,0,6F479C,0FA4,0,アーチェ,"{N3}
「・・・？」{W}",,
12-00-0FA4-01,12,0,6F479C,0FA4,1,アーチェ,"{N3}
「気にしない気にしない！」{W}",,
12-00-0FDC-00,12,0,6F479C,0FDC,0,アーチェ,"{N3}
「新食堂の話なんてしたら、おなかが
　すいちゃったよ・・・」{W}",,
12-00-1022-00,12,0,6F479C,1022,0,ミント,"{N2}
「？？？」{W}",,
12-00-1022-01,12,0,6F479C,1022,1,クレス,"{N1}
（浸食洞の話で、お腹が・・・？）{W}",,
12-00-105E-00,12,0,6F479C,105E,0,アーチェ,"{N3}
「ねぇ・・・{N1}」{W}",,
12-00-107A-00,12,0,6F479C,107A,0,アーチェ,"{N3}
「ここでちょっと食事してかない？」",,
12-00-10A4-00,12,0,6F479C,10A4,0,クレス,"{N1}
「まあ、それもいいかな」{W}",,
12-00-10C6-00,12,0,6F479C,10C6,0,アーチェ,"{N3}
「わーい▽」{W}",,
12-00-10DC-00,12,0,6F479C,10DC,0,クレス,"{N1}
「先を急ごう」{W}",,
12-00-10F4-00,12,0,6F479C,10F4,0,アーチェ,"{N3}
「ちぇ～！」{W}",,
12-00-110A-00,12,0,6F479C,110A,0,チェスター,"{N5}
「なぁ・・・、何でまたここに来たん
　だ？」{W}",,
12-00-110A-01,12,0,6F479C,110A,1,クレス,"{N1}
「えっ、いや・・・また何かあるかと
　思ってね」{W}",,
12-00-1178-00,12,0,6F479C,1178,0,クラース,"{N4}
「あの、おぞましい料理の記憶は消し
　たいんだが・・・」{W}",,
12-00-11BA-00,12,0,6F479C,11BA,0,チェスター,"{N5}
「確かに・・・」{W}",,
12-00-11D4-00,12,0,6F479C,11D4,0,アーチェ,"{N3}
「なによーッ！」{W}",,
12-00-11EE-00,12,0,6F479C,11EE,0,アーチェ,"{N3}
「いちいちうっさいわねぇ！」{W}",,
12-00-1214-00,12,0,6F479C,1214,0,アーチェ,"{N3}
「もう・・・、絶対、料理上手になっ
　てやるッ！！」{W}",,
12-00-1252-00,12,0,6F479C,1252,0,クラース,"{N4}
「なんだか料理の話をしてたら、腹が
　減ってきたな」{W}",,
12-00-1290-00,12,0,6F479C,1290,0,チェスター,"{N5}
「この前の二の舞は嫌だけどな」{W}",,
12-00-12B8-00,12,0,6F479C,12B8,0,アーチェ,"{N3}
「むっかー！」{W}",,
12-00-12B8-01,12,0,6F479C,12B8,1,アーチェ,"{N3}
「あんたには頼まれたって絶対作って
　やんない！」{W}",,
12-00-12B8-02,12,0,6F479C,12B8,2,クラース,"{N4}
「おいおい、そんなことでケンカする
　なって・・・」{W}",,
12-00-12B8-03,12,0,6F479C,12B8,3,クラース,"{N4}
「まったく・・・」{W}",,
12-00-1360-00,12,0,6F479C,1360,0,クレス,"{N1}
「でも、確かにちょっとお腹すいたな
　・・・」{W}",,
12-00-1398-00,12,0,6F479C,1398,0,ミント,"{N2}
「では・・・、今回は私が作りましょ
　うか？」{W}",,
12-00-13D0-00,12,0,6F479C,13D0,0,クラース,"{N4}
「おっ、いいね～」{W}",,
12-00-13EC-00,12,0,6F479C,13EC,0,クラース,"{N4}
「どうだ、{N1}」{W}",,
12-00-1406-00,12,0,6F479C,1406,0,クラース,"{N4}
「ここで食事していかないか？」",,
12-00-142C-00,12,0,6F479C,142C,0,クレス,"{N1}
「そうですね」{W}",,
12-00-1444-00,12,0,6F479C,1444,0,アーチェ,"{N3}
「わーい▽　ピクニックだー♪」{W}",,
12-00-146C-00,12,0,6F479C,146C,0,ミント,"{N2}
「じゃあ私は、早速料理に取り掛かり
　ますね」{W}",,
12-00-14A4-00,12,0,6F479C,14A4,0,クレス,"{N1}
「いえ、先を急ぎましょう」{W}",,
12-00-14C8-00,12,0,6F479C,14C8,0,クラース,"{N4}
「そうか・・・、確かに急いだ方がい
　いな」{W}",,
12-00-14C8-01,12,0,6F479C,14C8,1,チェスター,"{N5}
「そうそう、ここには苦い思い出しか
　ないからな」{W}",,
12-00-14C8-02,12,0,6F479C,14C8,2,アーチェ,"{N3}
「ふーんだっ！」{W}",,
12-00-1550-00,12,0,6F479C,1550,0,アーチェ,"{N3}
「・・・ここが最深部ね・・・」{W}",,
12-00-1578-00,12,0,6F479C,1578,0,アーチェ,"{N3}
「これが海洋深層水か」{W}",,
12-00-1598-00,12,0,6F479C,1598,0,アーチェ,"{N3}
「これを持っていけば・・・」{W}",,
12-00-1598-01,12,0,6F479C,1598,1,すず,"{N6}
「急ぎましょう！」{W}",,
12-00-15D8-00,12,0,6F479C,15D8,0,アーチェ,"{N3}
「悪い人間なんかにつかまっちゃダメ
　よ」{W}",,
12-00-160C-00,12,0,6F479C,160C,0,？？？,"？？？
「ぼく、ひとりぼっち～」{W}",,
12-00-160C-01,12,0,6F479C,160C,1,？？？,"？？？
「みんないなくなっちゃった～」{W}",,
12-00-1658-00,12,0,6F479C,1658,0,アーチェ,"{N3}
「この子を連れて行けば良いのね」{W}",,
12-00-1658-01,12,0,6F479C,1658,1,すず,"{N6}
「でも・・・、なんだかかわいそうで
　す」{W}",,
12-00-1658-02,12,0,6F479C,1658,2,アーチェ,"{N3}
「・・・そうだね」{W}",,
12-00-1658-03,12,0,6F479C,1658,3,,連れて行きますか？,,
12-00-16E0-00,12,0,6F479C,16E0,0,アーチェ,"{N3}
「この子、最後の一人みたい」{W}",,
12-00-16E0-01,12,0,6F479C,16E0,1,アーチェ,"{N3}
「連れてっちゃったら・・・かわいそ
　うだよね・・・」{W}",,
12-00-16E0-02,12,0,6F479C,16E0,2,すず,"{N6}
「はい・・・」{W}",,
12-00-16E0-03,12,0,6F479C,16E0,3,アーチェ,"{N3}
「・・・やめとこっか」{W}",,
12-00-16E0-04,12,0,6F479C,16E0,4,すず,"{N6}
「はい！」{W}",,
12-00-178A-00,12,0,6F479C,178A,0,アーチェ,"{N3}
「じゃあ、戻ろっか」{W}",,
12-00-178A-01,12,0,6F479C,178A,1,すず,"{N6}
「そうですね」{W}",,
12-00-17BE-00,12,0,6F479C,17BE,0,アーチェ,"{N3}
「でも、約束しちゃったから・・・」{W}",,
12-00-17BE-01,12,0,6F479C,17BE,1,すず,"{N6}
「・・・・・・・・・」{W}",,
12-00-17BE-02,12,0,6F479C,17BE,2,アーチェ,"{N3}
「ゴメンね」{W}",,
12-00-17BE-03,12,0,6F479C,17BE,3,？？？,"？？？
「やめて～」{W}",,
12-00-17BE-04,12,0,6F479C,17BE,4,？？？,"？？？
「にんげんが、ぼくのなかまみんなつ
　れてったんだ～」{W}",,
12-00-17BE-05,12,0,6F479C,17BE,5,？？？,"？？？
「みんなかえせ～」{W}",,
12-00-17BE-06,12,0,6F479C,17BE,6,アーチェ,"{N3}
「えっ・・・？」{W}",,
12-00-17BE-07,12,0,6F479C,17BE,7,すず,"{N6}
「どういう事でしょうか？」{W}",,
12-00-17BE-08,12,0,6F479C,17BE,8,アーチェ,"{N3}
「さあ・・・、ちょっと話を聞いてみ
　ようか」{W}",,
12-00-17BE-09,12,0,6F479C,17BE,9,すず,"{N6}
「ええ」{W}",,
12-00-190E-00,12,0,6F479C,190E,0,アーチェ,"{N3}
「・・・で、一体なにがあったの？」{W}",,
12-00-190E-01,12,0,6F479C,190E,1,？？？,"？？？
「にんげんたち、いきなりおそってき
　た～」{W}",,
12-00-190E-02,12,0,6F479C,190E,2,？？？,"？？？
「ぼくたちみんなにげようとしたけど
　どんどんみんなつかまった～」{W}",,
12-00-190E-03,12,0,6F479C,190E,3,アーチェ,"{N3}
「なんで人間は君たちを捕まえるのか
　わかる？」{W}",,
12-00-190E-04,12,0,6F479C,190E,4,？？？,"？？？
「わかんな～い」{W}",,
12-00-190E-05,12,0,6F479C,190E,5,すず,"{N6}
「どういうことでしょうか？」{W}",,
12-00-190E-06,12,0,6F479C,190E,6,？？？,"？？？
「にんげん、ぼくたちつかまえるとき
　いってた～」{W}",,
12-00-190E-07,12,0,6F479C,190E,7,？？？,"？？？
「『高く売れる』っていってた～」{W}",,
12-00-190E-08,12,0,6F479C,190E,8,？？？,"？？？
「みんなをかえせ～」{W}",,
12-00-1AB6-00,12,0,6F479C,1AB6,0,すず,"{N6}
「{N3}さん・・・」{W}",,
12-00-1AB6-01,12,0,6F479C,1AB6,1,すず,"{N6}
「どうしますか？」{W}",,
12-00-1AB6-02,12,0,6F479C,1AB6,2,,話を信じますか？,,
12-00-1AFC-00,12,0,6F479C,1AFC,0,アーチェ,"{N3}
「・・・・・・」{W}",,
12-00-1AFC-01,12,0,6F479C,1AFC,1,すず,"{N6}
「任務としては・・・、連れて帰らな
　ければいけません」{W}",,
12-00-1AFC-02,12,0,6F479C,1AFC,2,アーチェ,"{N3}
「でも・・・」{W}",,
12-00-1AFC-03,12,0,6F479C,1AFC,3,すず,"{N6}
「・・・任務に私情をはさんではいけ
　ません」{W}",,
12-00-1AFC-04,12,0,6F479C,1AFC,4,すず,"{N6}
「頼まれた事を正確にこなすのが任務
　です」{W}",,
12-00-1AFC-05,12,0,6F479C,1AFC,5,アーチェ,"{N3}
「・・・そう、言われても・・・」{W}",,
12-00-1AFC-06,12,0,6F479C,1AFC,6,すず,"{N6}
「・・・」{W}",,
12-00-1AFC-07,12,0,6F479C,1AFC,7,すず,"{N6}
「・・・連れて行って真相を確かめれ
　ば・・・」{W}",,
12-00-1AFC-08,12,0,6F479C,1AFC,8,すず,"{N6}
「それからでも・・・、遅くは無いの
　では？」{W}",,
12-00-1AFC-09,12,0,6F479C,1AFC,9,アーチェ,"{N3}
「・・・」{W}",,
12-00-1AFC-10,12,0,6F479C,1AFC,10,すず,"{N6}
「・・・もし、この子の言っている事
　が本当の事だったら・・・」{W}",,
12-00-1AFC-11,12,0,6F479C,1AFC,11,すず,"{N6}
「私たちでこの子の仲間を助け出して
　あげましょう！」{W}",,
12-00-1AFC-12,12,0,6F479C,1AFC,12,アーチェ,"{N3}
「そうね！」{W}",,
12-00-1D2A-00,12,0,6F479C,1D2A,0,アーチェ,"{N3}
「わかった？」{W}",,
12-00-1D2A-01,12,0,6F479C,1D2A,1,アーチェ,"{N3}
「君の言ってる事が本当だったら、君
　の仲間を助けてあげる」{W}",,
12-00-1D2A-02,12,0,6F479C,1D2A,2,アーチェ,"{N3}
「そのかわり、あたしたちと一緒にき
　てちょうだい」{W}",,
12-00-1D2A-03,12,0,6F479C,1D2A,3,アーチェ,"{N3}
「いい？」{W}",,
12-00-1D2A-04,12,0,6F479C,1D2A,4,？？？,"？？？
「わかった～」{W}",,
12-00-1DEC-00,12,0,6F479C,1DEC,0,すず,"{N6}
「それでは行きますよ」{W}",,
12-00-1E0C-00,12,0,6F479C,1E0C,0,アーチェ,"{N3}
「許せないッ！」{W}",,
12-00-1E0C-01,12,0,6F479C,1E0C,1,すず,"{N6}
「・・・・・・・・・」{W}",,
12-00-1E0C-02,12,0,6F479C,1E0C,2,アーチェ,"{N3}
「絶対に許せないんだから！」{W}",,
12-00-1E0C-03,12,0,6F479C,1E0C,3,すず,"{N6}
「・・・・・・・・・」{W}",,
12-00-1E0C-04,12,0,6F479C,1E0C,4,アーチェ,"{N3}
「・・・？」{W}",,
12-00-1E9A-00,12,0,6F479C,1E9A,0,アーチェ,"{N3}
「・・・{N6}ちゃん？」{W}",,
12-00-1E9A-01,12,0,6F479C,1E9A,1,アーチェ,"{N3}
「どうしたの？」{W}",,
12-00-1E9A-02,12,0,6F479C,1E9A,2,すず,"{N6}
「・・・でも、約束が・・・」{W}",,
12-00-1E9A-03,12,0,6F479C,1E9A,3,アーチェ,"{N3}
「そんなのはいいのよッ！！」{W}",,
12-00-1E9A-04,12,0,6F479C,1E9A,4,アーチェ,"{N3}
「あんな悪党の言う事なんて聞く必要
　ないわ！」{W}",,
12-00-1E9A-05,12,0,6F479C,1E9A,5,アーチェ,"{N3}
「いくよ、{N6}ちゃん！」{W}",,
12-00-1E9A-06,12,0,6F479C,1E9A,6,アーチェ,"{N3}
「ぜったい許さないんだからッ！！」{W}",,
12-00-1F9C-00,12,0,6F479C,1F9C,0,アーチェ,"{N3}
「君は悪い人間なんかに捕まんないよ
　う気をつけるんだよ」{W}",,
12-00-1F9C-01,12,0,6F479C,1F9C,1,？？？,"？？？
「わかった～」{W}",,
12-00-1FF8-00,12,0,6F479C,1FF8,0,アーチェ,"{N3}
「さっ、戻るわよ！！」{W}",,
12-00-1FF8-01,12,0,6F479C,1FF8,1,すず,"{N6}
「は、はい！！」{W}",,
12-00-2030-00,12,0,6F479C,2030,0,アーチェ,"{N3}
「ここの最奥地に行けば海洋深層水が
　取れるのね・・・」{W}",,
12-00-2030-01,12,0,6F479C,2030,1,すず,"{N6}
「急ぎましょう！」{W}",,
12-00-208C-00,12,0,6F479C,208C,0,アーチェ,"{N3}
「・・・ジメジメしてるな～・・・」{W}",,
12-00-20B8-00,12,0,6F479C,20B8,0,すず,"{N6}
「{N3}さん！！」{W}",,
12-00-20D2-00,12,0,6F479C,20D2,0,アーチェ,"{N3}
「あ、ゴメンゴメン」{W}",,
12-00-20F0-00,12,0,6F479C,20F0,0,すず,"{N6}
「そろそろ時間ですね・・・」{W}",,
12-00-20F0-01,12,0,6F479C,20F0,1,アーチェ,"{N3}
「え、もう！？」{W}",,
12-00-20F0-02,12,0,6F479C,20F0,2,アーチェ,"{N3}
「うぅ・・・、大丈夫かなぁ？」{W}",,
12-00-2154-00,12,0,6F479C,2154,0,,ミゲールの町に戻りますか？,,
12-00-2170-00,12,0,6F479C,2170,0,アーチェ,"{N3}
「一回町に戻ろうか」{W}",,
12-00-2170-01,12,0,6F479C,2170,1,すず,"{N6}
「わかりました」{W}",,
12-00-21A6-00,12,0,6F479C,21A6,0,,"ミゲールの町に戻る事ができますが、
戻ると今回の依頼は失敗となります。{W}",,
12-00-21A6-01,12,0,6F479C,21A6,1,,ミゲールの町に戻りますか？,,
12-00-220A-00,12,0,6F479C,220A,0,アーチェ,"{N3}
「一回町に戻ろうか」{W}",,
12-00-220A-01,12,0,6F479C,220A,1,すず,"{N6}
「わかりました」{W}",,
12-00-2240-00,12,0,6F479C,2240,0,,"依頼を受けた町に退却しますか？
",,
12-00-2262-00,12,0,6F479C,2262,0,アーチェ,"{N3}
「一回町に戻ろうか」{W}",,
12-00-2262-01,12,0,6F479C,2262,1,すず,"{N6}
「わかりました」{W}",,
12-00-2298-00,12,0,6F479C,2298,0,アーチェ,"{N3}
「この町にまだ困ってる人が
　いる気がする・・・」{W}",,
12-00-22D4-00,12,0,6F479C,22D4,0,アーチェ,"{N3}
「おっといけない！」{W}",,
12-00-22D4-01,12,0,6F479C,22D4,1,アーチェ,"{N3}
「まだ任務の途中だった・・・」{W}",,
12-00-2318-00,12,0,6F479C,2318,0,アーチェ,"{N3}
「まだ用事がすんでないよ・・・」{W}",,
13-00-0000-00,13,0,6FA8A0,0000,0,,ヴォルトの洞窟,,
13-00-0010-00,13,0,6FA8A0,0010,0,,炎の塔,,
13-00-0018-00,13,0,6FA8A0,0018,0,？？？,"？？？
『我らは炎の塔を守護する者』{W}",,
13-00-0018-01,13,0,6FA8A0,0018,1,？？？,"？？？
『お前たちの力、試させてもらう！』{W}",,
13-00-006C-00,13,0,6FA8A0,006C,0,クレス,"{N1}
「これは・・・、呪文書だ！」{W}",,
13-00-0092-00,13,0,6FA8A0,0092,0,,"{N3}は
{TITLE:BA}を覚えました。",,
13-00-00AE-00,13,0,6FA8A0,00AE,0,クレス,"{N1}
「でも、ぼくが持っていてもしょうが
　ないな」{W}",,
13-00-00AE-01,13,0,6FA8A0,00AE,1,クレス,"{N1}
「戻しておこう」{W}",,
13-00-00FE-00,13,0,6FA8A0,00FE,0,クレス,"{N1}
「完全に固定されて動かないや」{W}",,
13-00-0126-00,13,0,6FA8A0,0126,0,,"『昇り階段のある部屋の右側に、隠し
　通路有り』
と書いてある。{W}",,
13-00-016A-00,13,0,6FA8A0,016A,0,,{COL:3}レバーがあります。切り替えますか？{COL:2},,
13-00-0196-00,13,0,6FA8A0,0196,0,クレス,"{N1}
「このレバー、壊れてる」{W}",,
13-00-01B8-00,13,0,6FA8A0,01B8,0,,{COL:3}レバーがあります。倒しますか？{COL:2},,
13-00-01E0-00,13,0,6FA8A0,01E0,0,,"『魔力による転換　氷は炎へ、その逆
　もしかり・・・』{W}",,
13-00-01E0-01,13,0,6FA8A0,01E0,1,,『命を守るカギとなろう・・・』{W},,
13-00-01E0-02,13,0,6FA8A0,01E0,2,,と書かれている。{W},,
13-00-024C-00,13,0,6FA8A0,024C,0,クレス,"{N1}
「固く閉ざされている」{W}",,
13-00-026C-00,13,0,6FA8A0,026C,0,,"『見張り在中』
と書かれている。{W}",,
13-00-0290-00,13,0,6FA8A0,0290,0,,『この階に秘密の・・・』{W},,
13-00-0290-01,13,0,6FA8A0,0290,1,クレス,"{N1}
「すり減っていて読めないな」{W}",,
13-00-02D0-00,13,0,6FA8A0,02D0,0,,"『風は無　地は源　水は滅　火は力』
と書かれている。{W}",,
13-00-0308-00,13,0,6FA8A0,0308,0,,"『非常口』
と書かれている。{W}",,
13-00-0328-00,13,0,6FA8A0,0328,0,クレス,"{N1}
「あれッ・・・？」{W}",,
13-00-0328-01,13,0,6FA8A0,0328,1,クレス,"{N1}
「見えない壁がある・・・」{W}",,
13-00-0366-00,13,0,6FA8A0,0366,0,クレス,"{N1}
「こいつがヴォルトなのか？」{W}",,
13-00-0366-01,13,0,6FA8A0,0366,1,ヴォルト,"ヴォルト
『＆Ｓ７{G:6CB}②{G:6CC}）％＋）０（①Ｆ＋{G:6CB}
　Ｉ！！』{W}",,
13-00-0366-02,13,0,6FA8A0,0366,2,クラース,"{N4}
「なっ・・・、何言ってるんだ・・・
　こいつは？」{W}",,
13-00-0366-03,13,0,6FA8A0,0366,3,ヴォルト,"ヴォルト
『Ｈ▽２ＩＯＵ＜{G:6CB}７８８▽％☆{G:6CE}）
　＆！！！』{W}",,
13-00-043C-00,13,0,6FA8A0,043C,0,クラース,"{N4}
「何とかおとなしくなったか」{W}",,
13-00-043C-01,13,0,6FA8A0,043C,1,クラース,"{N4}
「では、契約を結ぶぞ」{W}",,
13-00-043C-02,13,0,6FA8A0,043C,2,クラース,"{N4}
「・・・私の言っていることが、わか
　るか？」{W}",,
13-00-043C-03,13,0,6FA8A0,043C,3,ヴォルト,"ヴォルト
『④９☆＆＝）Ｈ＆{G:6CC}Ｈ％３ＪＡ③／
　・・・』{W}",,
13-00-043C-04,13,0,6FA8A0,043C,4,クラース,"{N4}
「まっ、まあいい・・・Ω」{W}",,
13-00-043C-05,13,0,6FA8A0,043C,5,クレス,"{N1}
「でも{SPD:10}・・・、{SPD:FF}どの契約の指輪を使う
　んでしょうね？」{W}",,
13-00-043C-06,13,0,6FA8A0,043C,6,クラース,"{N4}
「うっ・・・Ω」{W}",,
13-00-043C-07,13,0,6FA8A0,043C,7,クラース,"{N4}
「ぜ、全部並べてみよう」{W}",,
13-00-0590-00,13,0,6FA8A0,0590,0,クラース,"{N4}
「我、今、雷の精に願い奉る」{W}",,
13-00-0590-01,13,0,6FA8A0,0590,1,クラース,"{N4}
「指輪の盟約のもと、我に精霊を従わ
　せたまえ」{W}",,
13-00-0590-02,13,0,6FA8A0,0590,2,クラース,"{N4}
「我が名は{N4}・・・」{W}",,
13-00-0590-03,13,0,6FA8A0,0590,3,クレス,"{N1}
「あっ、サードニックスの指輪が光り
　だした・・・」{W}",,
13-00-0648-00,13,0,6FA8A0,0648,0,,"{N4}は{TITLE:D7}を
召喚できるようになりました。{W}",,
13-00-0676-00,13,0,6FA8A0,0676,0,？？？,"？？？
『我が名はフラムベルク』{W}",,
13-00-0676-01,13,0,6FA8A0,0676,1,フラムベルク,"フラムベルク
『炎の剣を持ち去るというか』{W}",,
13-00-0676-02,13,0,6FA8A0,0676,2,フラムベルク,"フラムベルク
『あれにはオーディーン様の魂が宿っ
　ておられる・・・』{W}",,
13-00-0676-03,13,0,6FA8A0,0676,3,フラムベルク,"フラムベルク
『決して渡すわけにはいかぬ！』{W}",,
13-00-073C-00,13,0,6FA8A0,073C,0,フラムベルク,"フラムベルク
『ぬぅ・・・』{W}",,
13-00-073C-01,13,0,6FA8A0,073C,1,フラムベルク,"フラムベルク
『おっ・・・、お前たちなら我が命、
　預けてもいいだろう』{W}",,
13-00-073C-02,13,0,6FA8A0,073C,2,フラムベルク,"フラムベルク
『さあ、受け取るがいい・・・』{W}",,
13-00-073C-03,13,0,6FA8A0,073C,3,フラムベルク,"フラムベルク
『炎の剣をッ！！』{W}",,
13-00-07F6-00,13,0,6FA8A0,07F6,0,,フランヴェルジュを手に入れました。{W},,
13-00-07F6-01,13,0,6FA8A0,07F6,1,クレス,"{N1}
「なっ、何だ？」{W}",,
13-00-07F6-02,13,0,6FA8A0,07F6,2,クレス,"{N1}
「頭に直接話しかけて・・・」{W}",,
13-00-0858-00,13,0,6FA8A0,0858,0,フラムベルク,"フラムベルク
『ははは、強い・・・、強い気を感じ
　るぞッ！！』{W}",,
13-00-0858-01,13,0,6FA8A0,0858,1,フラムベルク,"フラムベルク
『そなたの体の中にある秘めたる力を
　・・・』{W}",,
13-00-0858-02,13,0,6FA8A0,0858,2,フラムベルク,"フラムベルク
『わたしが引き出してやろうではない
　か！』{W}",,
13-00-0916-00,13,0,6FA8A0,0916,0,クレス,"{N1}
「あ、頭に何かが注ぎこまれているよ
　うだ・・・」{W}",,
13-00-0952-00,13,0,6FA8A0,0952,0,,"{COL:3}{N1}は
虚空蒼破斬を覚えました。{COL:2}{W}",,
13-00-097E-00,13,0,6FA8A0,097E,0,クレス,"{N1}
「{N3}・・・」{W}",,
13-00-097E-01,13,0,6FA8A0,097E,1,クレス,"{N1}
「あれを取ってきてくれないか？」{W}",,
13-00-09BE-00,13,0,6FA8A0,09BE,0,アーチェ,"{N3}
「言うと思ったよ・・・」{W}",,
13-00-09BE-01,13,0,6FA8A0,09BE,1,アーチェ,"{N3}
「じゃ、ちょっと行ってくるね▽」",,
13-00-0A06-00,13,0,6FA8A0,0A06,0,チェスター,"{N5}
「{N3}～、
　ネコババするなよ～」{W}",,
13-00-0A32-00,13,0,6FA8A0,0A32,0,アーチェ,"{N3}
「うっさいなぁ！」{W}",,
13-00-0A32-01,13,0,6FA8A0,0A32,1,アーチェ,"{N3}
「するわけないでしょ！！」{W}",,
13-00-0A70-00,13,0,6FA8A0,0A70,0,アーチェ,"{N3}
「はい、{N1}！！」{W}",,
13-00-0A70-01,13,0,6FA8A0,0A70,1,クレス,"{N1}
「そんなに怒らなくても・・・」{W}",,
13-00-0A70-02,13,0,6FA8A0,0A70,2,アーチェ,"{N3}
「ふ～んだ！」{W}",,
13-00-0A70-03,13,0,6FA8A0,0A70,3,アーチェ,"{N3}
「{N5}なんて・・・」{W}",,
13-00-0A70-04,13,0,6FA8A0,0A70,4,アーチェ,"{N3}
「大っっっっきらい！！」{W}",,
13-00-0A70-05,13,0,6FA8A0,0A70,5,チェスター,"{N5}
「けっ、誰が好きになってくれなんて
　言った！？」{W}",,
13-00-0A70-06,13,0,6FA8A0,0A70,6,クラース,"{N4}
「おいおい、こんな所でケンカはやめ
　ないか」{W}",,
13-00-0A70-07,13,0,6FA8A0,0A70,7,チェスター,"{N5}
「はいはい・・・」{W}",,
13-00-0B8E-00,13,0,6FA8A0,0B8E,0,クレス,"{N1}
「どうした、{N3}？」{W}",,
13-00-0B8E-01,13,0,6FA8A0,0B8E,1,アーチェ,"{N3}
「何でもないよ！！」{W}",,
13-00-0BC8-00,13,0,6FA8A0,0BC8,0,,エメラルドリングと？ＣＬＯＴＨを手に入れました。{W},,
13-00-0BFC-00,13,0,6FA8A0,0BFC,0,？？？,"？？？
「忍の掟を忘れたのですか？」{W}",,
13-00-0BFC-01,13,0,6FA8A0,0BFC,1,？？？,"？？？
「忍の里へ帰りましょう」{W}",,
13-00-0BFC-02,13,0,6FA8A0,0BFC,2,？？？,"？？？
「今、戻れば・・・」{W}",,
13-00-0BFC-03,13,0,6FA8A0,0BFC,3,？？？,"？？？
「頭領のお許しを得られるように、わ
　たしが取計らいます」{W}",,
13-00-0BFC-04,13,0,6FA8A0,0BFC,4,忍者,"忍者
「黙れッ！！」{W}",,
13-00-0BFC-05,13,0,6FA8A0,0BFC,5,忍者,"忍者
「おまえこそ、ダオス様の崇高な理想
　がわからぬのか！」{W}",,
13-00-0BFC-06,13,0,6FA8A0,0BFC,6,？？？,"？？？
「あなた方はだまされています」{W}",,
13-00-0BFC-07,13,0,6FA8A0,0BFC,7,忍者,"忍者
「邪魔だてすると言うのなら、死んで
　もらう・・・」{W}",,
13-00-0D62-00,13,0,6FA8A0,0D62,0,？？？,"？？？
「・・・仕方がありません」{W}",,
13-00-0D88-00,13,0,6FA8A0,0D88,0,？？？,"？？？
「私は忍の掟に従い、務めを果たしま
　す」{W}",,
13-00-0D88-01,13,0,6FA8A0,0D88,1,？？？,"？？？
「お覚悟を・・・」{W}",,
13-00-0DDA-00,13,0,6FA8A0,0DDA,0,忍者,"忍者
「速すぎる・・・」{W}",,
13-00-0DF6-00,13,0,6FA8A0,0DF6,0,忍者,"忍者
「無念・・・」{W}",,
13-00-0E0E-00,13,0,6FA8A0,0E0E,0,クレス,"{N1}
「君は・・・」{W}",,
13-00-0E26-00,13,0,6FA8A0,0E26,0,クレス,"{N1}
「あっ、ちょっと待ってよ」{W}",,
13-00-0E26-01,13,0,6FA8A0,0E26,1,クレス,"{N1}
「・・・・・・」{W}",,
13-00-0E26-02,13,0,6FA8A0,0E26,2,クレス,"{N1}
「行っちゃったよ・・・」{W}",,
13-00-0E82-00,13,0,6FA8A0,0E82,0,？？？,"？？？
「こ、これしきの敵に遅れを取るなん
　て・・・」{W}",,
13-00-0E82-01,13,0,6FA8A0,0E82,1,忍者,"忍者
「さぁどうする、我らに従うか、ある
　いは死か・・・」{W}",,
13-00-0EFC-00,13,0,6FA8A0,0EFC,0,クレス,"{N1}
「助けなきゃ・・・」{W}",,
13-00-0EFC-01,13,0,6FA8A0,0EFC,1,ミント,"{N2}
「{N1}さん！」{W}",,
13-00-0EFC-02,13,0,6FA8A0,0EFC,2,ミント,"{N2}
「助けてあげましょう」{W}",,
13-00-0EFC-03,13,0,6FA8A0,0EFC,3,アーチェ,"{N3}
「{N1}、助けてあげよ」{W}",,
13-00-0EFC-04,13,0,6FA8A0,0EFC,4,クラース,"{N4}
「{N1}、助けるんだ」{W}",,
13-00-0EFC-05,13,0,6FA8A0,0EFC,5,チェスター,"{N5}
「{N1}、助けようぜ」{W}",,
13-00-0FA4-00,13,0,6FA8A0,0FA4,0,クレス,"{N1}
「おいおい・・・」{W}",,
13-00-0FA4-01,13,0,6FA8A0,0FA4,1,クレス,"{N1}
「また、ぼくひとりなんじゃないだろ
　うな〃」{W}",,
13-00-0FA4-02,13,0,6FA8A0,0FA4,2,？？？,"？？？
「くッ、こんな所で・・・」{W}",,
13-00-0FA4-03,13,0,6FA8A0,0FA4,3,クレス,"{N1}
「ふぅ、仕方がない・・・」{W}",,
13-00-103C-00,13,0,6FA8A0,103C,0,ミント,"{N2}
「{N1}さん！」{W}",,
13-00-103C-01,13,0,6FA8A0,103C,1,ミント,"{N2}
「がんばって下さい」{W}",,
13-00-103C-02,13,0,6FA8A0,103C,2,アーチェ,"{N3}
「{N1}、逃げるなぁ～」{W}",,
13-00-103C-03,13,0,6FA8A0,103C,3,クラース,"{N4}
「{N1}、手を抜くなよ」{W}",,
13-00-103C-04,13,0,6FA8A0,103C,4,チェスター,"{N5}
「おい{N1}！」{W}",,
13-00-103C-05,13,0,6FA8A0,103C,5,チェスター,"{N5}
「逃げるなんて情けないぜ」{W}",,
13-00-10E4-00,13,0,6FA8A0,10E4,0,クレス,"{N1}
「ふう、なんとか勝ったぞ」{W}",,
13-00-1108-00,13,0,6FA8A0,1108,0,？？？,"？？？
「罪もない人々への殺生の数々、許せ
　ません！」{W}",,
13-00-1144-00,13,0,6FA8A0,1144,0,？？？,"？？？
「大丈夫ですか？」{W}",,
13-00-1144-01,13,0,6FA8A0,1144,1,クレス,"{N1}
「な、なんか、ひどい目にあったけど
　・・・」{W}",,
13-00-1198-00,13,0,6FA8A0,1198,0,クレス,"{N1}
「なんとか生きてるみたいだ」{W}",,
13-00-1198-01,13,0,6FA8A0,1198,1,？？？,"？？？
「そうですか、良かった」{W}",,
13-00-11E0-00,13,0,6FA8A0,11E0,0,クレス,"{N1}
「こんな所で何してたんだい？」{W}",,
13-00-11E0-01,13,0,6FA8A0,11E0,1,？？？,"？？？
「・・・・・・」{W}",,
13-00-11E0-02,13,0,6FA8A0,11E0,2,クレス,"{N1}
「・・・・・・」{W}",,
13-00-11E0-03,13,0,6FA8A0,11E0,3,？？？,"？？？
「・・・・・・」{W}",,
13-00-11E0-04,13,0,6FA8A0,11E0,4,クレス,"{N1}
「言いたくないなら、事情は聞かない
　けどさ〃」{W}",,
13-00-11E0-05,13,0,6FA8A0,11E0,5,クレス,"{N1}
「それじゃ名前くらいなら教えてくれ
　るかな？」{W}",,
13-00-11E0-06,13,0,6FA8A0,11E0,6,？？？,"？？？
「・・・・・・」{W}",,
13-00-12DE-00,13,0,6FA8A0,12DE,0,？？？,"？？？
「{N6}・・・」{W}",,
13-00-12DE-01,13,0,6FA8A0,12DE,1,クレス,"{N1}
「{N6}ちゃんか・・・」{W}",,
13-00-12DE-02,13,0,6FA8A0,12DE,2,クレス,"{N1}
「ねえ、{N6}ちゃん」{W}",,
13-00-12DE-03,13,0,6FA8A0,12DE,3,クレス,"{N1}
「ぼくたちと一緒に行くかい？」{W}",,
13-00-12DE-04,13,0,6FA8A0,12DE,4,すず,"{N6}
「い、いえ・・・」{W}",,
13-00-12DE-05,13,0,6FA8A0,12DE,5,すず,"{N6}
「助けていただいて、ありがとうござ
　いました」{W}",,
13-00-12DE-06,13,0,6FA8A0,12DE,6,すず,"{N6}
「し、失礼します」{W}",,
13-00-13C4-00,13,0,6FA8A0,13C4,0,クレス,"{N1}
「どうしたんだろう？」{W}",,
13-00-13C4-01,13,0,6FA8A0,13C4,1,アーチェ,"{N3}
「何も言ってくれなきゃ、わからない
　じゃん」{W}",,
13-00-13C4-02,13,0,6FA8A0,13C4,2,チェスター,"{N5}
「誰かさんと違って、おしゃべりじゃ
　ないんだろう」{W}",,
13-00-13C4-03,13,0,6FA8A0,13C4,3,アーチェ,"{N3}
「誰かさんて誰よ！？」{W}",,
13-00-13C4-04,13,0,6FA8A0,13C4,4,チェスター,"{N5}
「さぁてね、誰だろうね」{W}",,
13-00-13C4-05,13,0,6FA8A0,13C4,5,ミント,"{N2}
「何か事情があるのでしょうか」{W}",,
13-00-14BA-00,13,0,6FA8A0,14BA,0,クラース,"{N4}
「わからんが、ヴォルトを探すのが先
　だな」{W}",,
13-00-14BA-01,13,0,6FA8A0,14BA,1,クレス,"{N1}
「そうですね」{W}",,
13-00-1506-00,13,0,6FA8A0,1506,0,クラース,"{N4}
「わからんが、私たちには関っている
　時間はないんだ」{W}",,
13-00-1506-01,13,0,6FA8A0,1506,1,クレス,"{N1}
「・・・・・・」{W}",,
13-00-155E-00,13,0,6FA8A0,155E,0,？？？,"？？？
「きゃあぁ〃」{W}",,
13-00-155E-01,13,0,6FA8A0,155E,1,クレス,"{N1}
「なんだ？」{W}",,
13-00-158C-00,13,0,6FA8A0,158C,0,クラース,"{N4}
「なあ{N1}・・・」{W}",,
13-00-158C-01,13,0,6FA8A0,158C,1,クラース,"{N4}
「今の声って・・・？」{W}",,
13-00-158C-02,13,0,6FA8A0,158C,2,クレス,"{N1}
「さっきの女の子の・・・？」{W}",,
13-00-158C-03,13,0,6FA8A0,158C,3,ミント,"{N2}
「・・・ですよね」{W}",,
13-00-158C-04,13,0,6FA8A0,158C,4,チェスター,"{N5}
「なにかあったんじゃないか？」{W}",,
13-00-158C-05,13,0,6FA8A0,158C,5,アーチェ,"{N3}
「行ってみようよ！」{W}",,
13-00-1646-00,13,0,6FA8A0,1646,0,クレス,"{N1}
「どうしたんだ？」{W}",,
13-00-1646-01,13,0,6FA8A0,1646,1,ミント,"{N2}
「しびれているようです！」{W}",,
13-00-1646-02,13,0,6FA8A0,1646,2,アーチェ,"{N3}
「しびれてるみたいじゃん」{W}",,
13-00-1646-03,13,0,6FA8A0,1646,3,クラース,"{N4}
「ああ、しびれてるな」{W}",,
13-00-1646-04,13,0,6FA8A0,1646,4,チェスター,"{N5}
「うん、しびれてるぞ」{W}",,
13-00-1646-05,13,0,6FA8A0,1646,5,？？？,"？？？
「うご、け、ま、せん・・・」{W}",,
13-00-1708-00,13,0,6FA8A0,1708,0,クレス,"{N1}
「助けなきゃ・・・」{W}",,
13-00-1708-01,13,0,6FA8A0,1708,1,ミント,"{N2}
「{N1}さん！」{W}",,
13-00-1708-02,13,0,6FA8A0,1708,2,ミント,"{N2}
「助けてあげて下さい！」{W}",,
13-00-1708-03,13,0,6FA8A0,1708,3,アーチェ,"{N3}
「{N1}、助けてあげよ」{W}",,
13-00-1708-04,13,0,6FA8A0,1708,4,クラース,"{N4}
「{N1}、助けるんだ」{W}",,
13-00-1708-05,13,0,6FA8A0,1708,5,チェスター,"{N5}
「{N1}、助けようぜ」{W}",,
13-00-1708-06,13,0,6FA8A0,1708,6,クレス,"{N1}
「ちょっ、ちょっと、なんでみんな
　ぼくに言うんだよ〃」{W}",,
13-00-1708-07,13,0,6FA8A0,1708,7,？？？,"？？？
「キャ・ア・ア・ア・ア！」{W}",,
13-00-1708-08,13,0,6FA8A0,1708,8,クレス,"{N1}
「ふぅ、仕方がない・・・」{W}",,
13-00-1838-00,13,0,6FA8A0,1838,0,クレス,"{N1}
「うっ、うわぁぁぁぁぁ！」{W}",,
13-00-1838-01,13,0,6FA8A0,1838,1,クレス,"{N1}
「シ・ビ・レ・ル・・・」{W}",,
13-00-187C-00,13,0,6FA8A0,187C,0,アーチェ,"{N3}
「ねぇ、大丈夫？」{W}",,
13-00-187C-01,13,0,6FA8A0,187C,1,？？？,"？？？
「・・・・・・」{W}",,
13-00-187C-02,13,0,6FA8A0,187C,2,？？？,"？？？
「はい、なんとか・・・」{W}",,
13-00-187C-03,13,0,6FA8A0,187C,3,ミント,"{N2}
「{N1}さん・・・」{W}",,
13-00-187C-04,13,0,6FA8A0,187C,4,ミント,"{N2}
「大丈夫ですか？」{W}",,
13-00-187C-05,13,0,6FA8A0,187C,5,クレス,"{N1}
「ああ・・・」{W}",,
13-00-187C-06,13,0,6FA8A0,187C,6,クレス,"{N1}
「でも、まだビリビリするよ」{W}",,
13-00-187C-07,13,0,6FA8A0,187C,7,クラース,"{N4}
「電気でしびれたんだな」{W}",,
13-00-187C-08,13,0,6FA8A0,187C,8,？？？,"？？？
「みなさん、申し訳ございませんでし
　た」{W}",,
13-00-187C-09,13,0,6FA8A0,187C,9,チェスター,"{N5}
「なあ・・・、こんなところで何して
　たんだ？」{W}",,
13-00-187C-10,13,0,6FA8A0,187C,10,クラース,"{N4}
「小さな子が一人で来る場所じゃない
　ぞ」{W}",,
13-00-1A00-00,13,0,6FA8A0,1A00,0,？？？,"？？？
「そ、それは・・・〃」{W}",,
13-00-1A00-01,13,0,6FA8A0,1A00,1,アーチェ,"{N3}
「ねえ、この子の服って変わってるよ
　ね」{W}",,
13-00-1A00-02,13,0,6FA8A0,1A00,2,？？？,"？？？
「し、失礼します」{W}",,
13-00-1A70-00,13,0,6FA8A0,1A70,0,アーチェ,"{N3}
「どうしたのかなぁ？」{W}",,
13-00-1A70-01,13,0,6FA8A0,1A70,1,チェスター,"{N5}
「さあな、急ぎなんだろう」{W}",,
13-00-1A70-02,13,0,6FA8A0,1A70,2,クレス,"{N1}
「とにかくぼくたちも先に進もう」{W}",,
13-00-1ADA-00,13,0,6FA8A0,1ADA,0,忍者,"忍者
「気に入ってもらえたかしら？」{W}",,
13-00-1B02-00,13,0,6FA8A0,1B02,0,忍者,"忍者
「わたしは修業中の忍者です」{W}",,
13-00-1B02-01,13,0,6FA8A0,1B02,1,忍者,"忍者
「ここでの修行で会得した忍術を、あ
　なたにも教えてあげましょうか？」",,
13-00-1B74-00,13,0,6FA8A0,1B74,0,忍者,"忍者
「ただし{VAR:E13880}００００ガルドよ」{W}",,
13-00-1B74-01,13,0,6FA8A0,1B74,1,,{SPD:0}{COL:2}{VAR:E138C810278980}ガルド払いますか？{COL:0}{SPD:FFFF},,
13-00-1BC8-00,13,0,6FA8A0,1BC8,0,,"{COL:2}{N6}は
{EXD:C88000E1388C80}を覚えました。{W}",,
13-00-1BC8-01,13,0,6FA8A0,1BC8,1,,"{COL:0}忍者
「ありがとう」{W}",,
13-00-1C09-00,13,0,6FA8A0,1C09,0,忍者,"忍者
「お金が足りないみたいね」{W}",,
13-00-1C2D-00,13,0,6FA8A0,1C2D,0,忍者,"忍者
「買ってよ」{W}",,
13-00-1C43-00,13,0,6FA8A0,1C43,0,忍者,"忍者
「お役に立てなくて残念だわ」{W}",,
14-00-0000-00,14,0,70091C,0000,0,,氷の洞窟,,
14-00-000A-00,14,0,70091C,000A,0,クレス,"{N1}
「これは・・・、呪文書だ！」{W}",,
14-00-0030-00,14,0,70091C,0030,0,,"{N3}は
{TITLE:C1}を覚えました。{W}",,
14-00-004E-00,14,0,70091C,004E,0,クレス,"{N1}
「でも、ぼくが持っていてもしょうが
　ないな」{W}",,
14-00-004E-01,14,0,70091C,004E,1,クレス,"{N1}
「戻しておこう」{W}",,
14-00-009E-00,14,0,70091C,009E,0,クレス,"{N1}
「凍っていて動かせない」{W}",,
14-00-00C0-00,14,0,70091C,00C0,0,,{COL:3}レバーがあります。切り替えますか？{COL:2},,
14-00-00EC-00,14,0,70091C,00EC,0,クレス,"{N1}
「あちッ！！」{W}",,
14-00-00EC-01,14,0,70091C,00EC,1,クレス,"{N1}
「あっち～・・・」{W}",,
14-00-011E-00,14,0,70091C,011E,0,クレス,"{N1}
「凍り付いていて動かせない」{W}",,
14-00-0144-00,14,0,70091C,0144,0,クレス,"{N1}
「こんな所に穴が開いてる」{W}",,
14-00-0144-01,14,0,70091C,0144,1,クレス,"{N1}
「狭くて入れないな・・・」{W}",,
14-00-0144-02,14,0,70091C,0144,2,クレス,"{N1}
「中から風が吹いているみたいだ」{W}",,
14-00-01B2-00,14,0,70091C,01B2,0,クレス,"{N1}
「あれっ？」{W}",,
14-00-01B2-01,14,0,70091C,01B2,1,クレス,"{N1}
「レバーが動かないや」{W}",,
14-00-01E6-00,14,0,70091C,01E6,0,クレス,"{N1}
「あれっ？」{W}",,
14-00-01E6-01,14,0,70091C,01E6,1,クレス,"{N1}
「レバーが動かないや」{W}",,
14-00-021A-00,14,0,70091C,021A,0,？？？,"？？？
『我が名はフェンビースト』{W}",,
14-00-021A-01,14,0,70091C,021A,1,フェンビースト,"フェンビースト
『氷の洞窟は不可侵の聖域！』{W}",,
14-00-021A-02,14,0,70091C,021A,2,フェンビースト,"フェンビースト
『我が御神刀にはフェンリル様の魂が
　封印されているのだ！』{W}",,
14-00-021A-03,14,0,70091C,021A,3,フェンビースト,"フェンビースト
『渡すわけにはいかぬ！！』{W}",,
14-00-02E8-00,14,0,70091C,02E8,0,フェンビースト,"フェンビースト
『ふっ、貴様らのような人間に命を預
　ける・・・』{W}",,
14-00-02E8-01,14,0,70091C,02E8,1,フェンビースト,"フェンビースト
『それもよかろう』{W}",,
14-00-02E8-02,14,0,70091C,02E8,2,フェンビースト,"フェンビースト
『さあ、受け取るがよい』{W}",,
14-00-02E8-03,14,0,70091C,02E8,3,フェンビースト,"フェンビースト
『氷の剣を！』{W}",,
14-00-039C-00,14,0,70091C,039C,0,,ヴォーパルソードを手に入れました。{W},,
14-00-039C-01,14,0,70091C,039C,1,クレス,"{N1}
「なっ、何だ？」{W}",,
14-00-039C-02,14,0,70091C,039C,2,クレス,"{N1}
「頭に直接話しかけて・・・」{W}",,
14-00-03FE-00,14,0,70091C,03FE,0,フェンビースト,"フェンビースト
『ふふっ、なかなかの力の持ち主だ』{W}",,
14-00-03FE-01,14,0,70091C,03FE,1,フェンビースト,"フェンビースト
『そなたならこの技を使いこなせるで
　あろう』{W}",,
14-00-03FE-02,14,0,70091C,03FE,2,フェンビースト,"フェンビースト
『さあ、受け取れぃ！』{W}",,
14-00-049C-00,14,0,70091C,049C,0,クレス,"{N1}
「あ、頭に何かが注ぎこまれているよ
　うだ・・・」{W}",,
14-00-04D8-00,14,0,70091C,04D8,0,,"{COL:3}{N1}は
次元斬を覚えました。{COL:2}{W}",,
15-00-0000-00,15,0,7024E0,0000,0,？？？,"？？？
「私の声が{SPD:10}・・・・・・{SPD:FF}、聞こえます
　か？」{W}",,
15-00-0040-00,15,0,7024E0,0040,0,クレス,"{N1}
（今・・・、女の人の声がしたような
　{SPD:10}・・・{SPD:FF}）{W}",,
15-00-0080-00,15,0,7024E0,0080,0,クレス,"{N1}
「穴の向こうから・・・、女性の声が
　・・・」{W}",,
15-00-0080-01,15,0,7024E0,0080,1,？？？,"？？？
「手を、こちらへ・・・」{W}",,
15-00-0080-02,15,0,7024E0,0080,2,クレス,"{N1}
「誰・・・、ですか？」{W}",,
15-00-0080-03,15,0,7024E0,0080,3,？？？,"？？？
「手を、こちらへ差し伸べて、下さい
　・・・」{W}",,
15-00-0080-04,15,0,7024E0,0080,4,？？？,"？？？
「あなたの助けになりたいのです」{W}",,
15-00-0080-05,15,0,7024E0,0080,5,,{COL:3}手を差し伸べますか？{COL:2},,
15-00-0176-00,15,0,7024E0,0176,0,クレス,"{N1}
「・・・これは・・・イヤリング？」{W}",,
15-00-0176-01,15,0,7024E0,0176,1,？？？,"？？？
「それを壁にかざして・・・」{W}",,
15-00-0176-02,15,0,7024E0,0176,2,？？？,"？？？
「あなたならきっと館から出られるわ
　・・・」{W}",,
15-00-0176-03,15,0,7024E0,0176,3,クレス,"{N1}
「ちょ、ちょっと待って！」{W}",,
15-00-0176-04,15,0,7024E0,0176,4,クレス,"{N1}
「あなたは・・・」{W}",,
15-00-0176-05,15,0,7024E0,0176,5,クレス,"{N1}
「・・・・・・」{W}",,
15-00-0176-06,15,0,7024E0,0176,6,クレス,"{N1}
「・・・とにかく、イヤリングをかざ
　してみよう」{W}",,
15-00-028E-00,15,0,7024E0,028E,0,クレス,"{N1}
「これは・・・！？」{W}",,
15-00-028E-01,15,0,7024E0,028E,1,クレス,"{N1}
「さっきの人に会って、お礼を言わな
　ければ{SPD:10}・・・{SPD:FF}」{W}",,
15-00-02F0-00,15,0,7024E0,02F0,0,？？？,"？？？
「手を差し伸べて・・・」{W}",,
15-00-02F0-01,15,0,7024E0,02F0,1,？？？,"？？？
「手を・・・」{W}",,
15-00-032C-00,15,0,7024E0,032C,0,クレス,"{N1}
「この穴からじゃ出られない・・・」{W}",,
15-00-0358-00,15,0,7024E0,0358,0,,{COL:3}剣で扉をこじ開けました。{COL:2}{W},,
15-00-037C-00,15,0,7024E0,037C,0,クレス,"{N1}
「素手じゃ無理か・・・」{W}",,
15-00-039E-00,15,0,7024E0,039E,0,クレス,"{N1}
「ここは・・・？」{W}",,
15-00-03BA-00,15,0,7024E0,03BA,0,ミント,"{N2}
「ここから水路につながってるみたい
　です」{W}",,
15-00-03BA-01,15,0,7024E0,03BA,1,ミント,"{N2}
「何とか・・・、開けられないかしら
　・・・」{W}",,
15-00-0426-00,15,0,7024E0,0426,0,,{COL:3}剣で鉄格子をこじ開けました。{COL:2}{W},,
15-00-044E-00,15,0,7024E0,044E,0,クレス,"{N1}
「素手じゃ無理か・・・」{W}",,
15-00-0470-00,15,0,7024E0,0470,0,クレス,"{N1}
「これ以上進むと見つかってしまうな
　・・・」{W}",,
15-00-04A8-00,15,0,7024E0,04A8,0,クレス,"{N1}
（この子は母の死を知らない）{W}",,
15-00-04A8-01,15,0,7024E0,04A8,1,クレス,"{N1}
（現実をこの子に見せるのは、あまり
　にもかわいそうだ・・・）{W}",,
15-00-0514-00,15,0,7024E0,0514,0,クレス,"{N1}
「そんな{SPD:10}・・・{SPD:FF}」{W}",,
15-00-0514-01,15,0,7024E0,0514,1,クレス,"{N1}
「あの手のぬくもりは何だったんだろ
　う・・・」{W}",,
15-00-056E-00,15,0,7024E0,056E,0,クレス,"{N1}
「大丈夫？」{W}",,
15-00-056E-01,15,0,7024E0,056E,1,クレス,"{N1}
「けがはない？」{W}",,
15-00-056E-02,15,0,7024E0,056E,2,？？？,"？？？
「あなたは・・・？」{W}",,
15-00-056E-03,15,0,7024E0,056E,3,クレス,"{N1}
「ぼくは{N1}」{W}",,
15-00-056E-04,15,0,7024E0,056E,4,クレス,"{N1}
「君は？」{W}",,
15-00-05E2-00,15,0,7024E0,05E2,0,？？？,"？？？
「{N2}」{W}",,
15-00-05E2-01,15,0,7024E0,05E2,1,ミント,"{N2}
「あの・・・、助けてくれてありがと
　うございます・・・」{W}",,
15-00-05E2-02,15,0,7024E0,05E2,2,クレス,"{N1}
「いつまでもここにはいられない、早
　く逃げよう」{W}",,
15-00-05E2-03,15,0,7024E0,05E2,3,ミント,"{N2}
「・・・お、お願い！！」{W}",,
15-00-05E2-04,15,0,7024E0,05E2,4,ミント,"{N2}
「私の母も助けて下さい！！」{W}",,
15-00-05E2-05,15,0,7024E0,05E2,5,ミント,"{N2}
「向こうの牢にいます・・・」{W}",,
15-00-06DA-00,15,0,7024E0,06DA,0,クレス,"{N1}
「えっ・・・？」{W}",,
15-00-06F4-00,15,0,7024E0,06F4,0,クレス,"{N1}
「・・・あそこには・・・、誰もいな
　かったよ」{W}",,
15-00-06F4-01,15,0,7024E0,06F4,1,クレス,"{N1}
「さぁ、早く！」{W}",,
15-00-06F4-02,15,0,7024E0,06F4,2,ミント,"{N2}
「{SPD:10}・・・{SPD:FF}で、でも・・・」{W}",,
15-00-06F4-03,15,0,7024E0,06F4,3,ミント,"{N2}
「確かにお母さんの声が聞こえていた
　んです！」{W}",,
15-00-06F4-04,15,0,7024E0,06F4,4,ミント,"{N2}
「私を・・・、励ましてくれていたん
　です・・・」{W}",,
15-00-06F4-05,15,0,7024E0,06F4,5,ミント,"{N2}
「確かに、お母さんが{SPD:10}・・・{SPD:FF}」{W}",,
15-00-080C-00,15,0,7024E0,080C,0,クレス,"{N1}
「剣が突き刺さってる・・・」{W}",,
15-00-080C-01,15,0,7024E0,080C,1,クレス,"{N1}
「ひどいことを・・・」{W}",,
15-00-080C-02,15,0,7024E0,080C,2,,"{COL:3}剣を抜くことができます。
抜きますか？{COL:2}",,
15-00-087E-00,15,0,7024E0,087E,0,クレス,"{N1}
「これを・・・、使わせてもらいます
　・・・！」{W}",,
15-00-08B8-00,15,0,7024E0,08B8,0,,{COL:3}ロングソードを手に入れました。{COL:2}{W},,
15-00-08E2-00,15,0,7024E0,08E2,0,クレス,"{N1}
「そのままにしておこう」{W}",,
15-00-0904-00,15,0,7024E0,0904,0,兵士,"兵士
「よし、入れ」{W}",,
15-00-091C-00,15,0,7024E0,091C,0,兵士,"兵士
「もたもたするな！」{W}",,
15-00-093A-00,15,0,7024E0,093A,0,兵士,"兵士
「おとなしくしていた方が長生きでき
　るぜ」{W}",,
15-00-093A-01,15,0,7024E0,093A,1,兵士,"兵士
「いいな」{W}",,
15-00-0982-00,15,0,7024E0,0982,0,クレス,"{N1}
「ちくしょうッ！！」{W}",,
15-00-09A0-00,15,0,7024E0,09A0,0,兵士,"兵士
「ミゲールの息子を、捕らえてきまし
　た！」{W}",,
15-00-09D6-00,15,0,7024E0,09D6,0,？？？,"？？？
「ごくろう」{W}",,
15-00-09EE-00,15,0,7024E0,09EE,0,？？？,"？？？
「ふっ、貴様のような若造が持ってい
　たとはな{SPD:10}・・・{SPD:FF}」{W}",,
15-00-09EE-01,15,0,7024E0,09EE,1,クレス,"{N1}
「お前らだな？」{W}",,
15-00-09EE-02,15,0,7024E0,09EE,2,クレス,"{N1}
「村を襲ったのは！」{W}",,
15-00-09EE-03,15,0,7024E0,09EE,3,？？？,"？？？
「ふん、知らぬな」{W}",,
15-00-0A88-00,15,0,7024E0,0A88,0,クレス,"{N1}
「かっ、・・・返せ！」{W}",,
15-00-0A88-01,15,0,7024E0,0A88,1,？？？,"？？？
「このペンダントは貰っておく」{W}",,
15-00-0A88-02,15,0,7024E0,0A88,2,？？？,"？？？
「おい、この若造の武器を奪って牢に
　入れておけ」{W}",,
15-00-0B0C-00,15,0,7024E0,0B0C,0,？？？,"？？？
「ふふ{SPD:10}・・・・・・{SPD:FF}」{W}",,
15-00-0B0C-01,15,0,7024E0,0B0C,1,？？？,"？？？
「これでついに・・・」{W}",,
15-00-0B54-00,15,0,7024E0,0B54,0,,"
{N1}
（な、なんだッ！？）{W}",,
15-00-0B54-01,15,0,7024E0,0B54,1,クレス,"{N1}
（あれは{SPD:10}・・・{SPD:FF}）{W}",,
16-00-0000-00,16,0,703DC0,0000,0,クレス,"{N1}
（あそこへは・・・、戻らないほうが
　いい・・・）{W}",,
16-00-003C-00,16,0,703DC0,003C,0,クレス,"{N1}
「ここまで来ればもう大丈夫だろう」{W}",,
16-00-0068-00,16,0,703DC0,0068,0,クレス,"{N1}
「{N2}、危ない！！」{W}",,
16-00-0086-00,16,0,703DC0,0086,0,クレス,"{N1}
「くッ・・・！？」{W}",,
16-00-0086-01,16,0,703DC0,0086,1,ミント,"{N2}
「{N1}さん！？」{W}",,
16-00-0086-02,16,0,703DC0,0086,2,クレス,"{N1}
「くそッ、油断した・・・」{W}",,
16-00-00DC-00,16,0,703DC0,00DC,0,ミント,"{N2}
「{N1}さん・・・」{W}",,
16-00-00DC-01,16,0,703DC0,00DC,1,ミント,"{N2}
「しっかりして・・・！
　{N1}さん！」{W}",,
16-00-0126-00,16,0,703DC0,0126,0,ミント,"{N2}
「追っ手{SPD:10}・・・？{SPD:FF}」{W}",,
16-00-0126-01,16,0,703DC0,0126,1,ミント,"{N2}
「逃げなきゃ・・・！」{W}",,
16-00-0168-00,16,0,703DC0,0168,0,,"　
　
　　父さん{SPD:10}、{SPD:FF}母さん{SPD:10}・・・{SPD:FF}。{W}",,
16-00-019E-00,16,0,703DC0,019E,0,クレス,"{N1}
「あれは・・・？」{W}",,
16-00-019E-01,16,0,703DC0,019E,1,ミント,"{N2}
「あれは記憶陣です」{W}",,
16-00-019E-02,16,0,703DC0,019E,2,クレス,"{N1}
「記憶陣？」{W}",,
16-00-019E-03,16,0,703DC0,019E,3,ミント,"{N2}
「あの上にのると、今まで自分の経験
　してきた記憶が・・・」{W}",,
16-00-019E-04,16,0,703DC0,019E,4,ミント,"{N2}
「残留思念になって残ると言われてい
　ます」{W}",,
16-00-0262-00,16,0,703DC0,0262,0,スペンドデビル,"スペンドデビル
『ここから先は通さねぇ！！』{W}",,
16-00-0292-00,16,0,703DC0,0292,0,,{N2}が仲間に加わりました。{W},,
16-00-0292-01,16,0,703DC0,0292,1,,戦闘中は法術で{N1}をサポートします。{W},,
16-00-0292-02,16,0,703DC0,0292,2,,"法術は自動的に使用しますが
『今この法術を使って欲しい』という
場合には{W}",,
16-00-0292-03,16,0,703DC0,0292,3,,"手動で使って欲しい法術を指定するこ
ともできます。{W}",,
16-00-0292-04,16,0,703DC0,0292,4,,"また、『この法術は使わないで』とい
う場合は{W}",,
16-00-0292-05,16,0,703DC0,0292,5,,"マップ上のメニューでの特技設定画面
にて、Ｌボタンを押すことで使用有無
を指定できます。{W}",,
16-00-0292-06,16,0,703DC0,0292,6,,"なお、使用しない法術はグレーで表示
されます。{W}",,
17-00-0000-00,17,0,704A10,0000,0,トリスタン,"トリスタン
「大器晩成じゃ」{W}",,
17-00-0020-00,17,0,704A10,0020,0,クレス,"{N1}
「これは・・・！」{W}",,
17-00-0020-01,17,0,704A10,0020,1,クレス,"{N1}
「何か不思議な力を感じる{SPD:10}・・・、{SPD:FF}大
　事にとっておこう」{W}",,
17-00-0084-00,17,0,704A10,0084,0,,{COL:3}レイスルビーを手に入れました。{COL:2}{W},,
17-00-00AE-00,17,0,704A10,00AE,0,クレス,"{N1}
「この石像、動かせそうだな・・・」{W}",,
17-00-00AE-01,17,0,704A10,00AE,1,クレス,"{N1}
「あれッ？」{W}",,
17-00-00AE-02,17,0,704A10,00AE,2,クレス,"{N1}
「今、動いたような・・・」{W}",,
17-00-0110-00,17,0,704A10,0110,0,,レイスルビーを取り戻しました。{W},,
17-00-0132-00,17,0,704A10,0132,0,,{COL:3}レバーがあります。倒しますか？{COL:2},,
17-00-015A-00,17,0,704A10,015A,0,,{COL:3}棺のフタを動かしますか？{COL:2},,
17-00-017C-00,17,0,704A10,017C,0,,プロテクトリングを手に入れました。{W},,
17-00-01A2-00,17,0,704A10,01A2,0,,スペクタクルズを手に入れました。{W},,
17-00-01C6-00,17,0,704A10,01C6,0,,アワーグラスを手に入れました。{W},,
17-00-01E8-00,17,0,704A10,01E8,0,,チェインメイルを手に入れました。{W},,
17-00-020C-00,17,0,704A10,020C,0,,ルーンボトルを手に入れました。{W},,
17-00-022E-00,17,0,704A10,022E,0,,固く閉ざされている。{W},,
17-00-022E-01,17,0,704A10,022E,1,,不思議な力で封印されているようだ。{W},,
17-00-026A-00,17,0,704A10,026A,0,クレス,"{N1}
「ここは一体・・・？」{W}",,
17-00-028A-00,17,0,704A10,028A,0,,"『誰も入るべからず』
と書かれている。{W}",,
17-00-02B4-00,17,0,704A10,02B4,0,クレス,"{N1}
「この扉・・・、取っ手もカギ穴もな
　いな」{W}",,
17-00-02B4-01,17,0,704A10,02B4,1,クレス,"{N1}
「何か特別な方法で開くのか？」{W}",,
17-00-0310-00,17,0,704A10,0310,0,クレス,"{N1}
「これって{SPD:10}・・・{SPD:FF}、何だろ？」{W}",,
17-00-033E-00,17,0,704A10,033E,0,クレス,"{N1}
「なっ、何だこりゃ？」{W}",,
17-00-033E-01,17,0,704A10,033E,1,クレス,"{N1}
「浮いてる・・・」{W}",,
17-00-033E-02,17,0,704A10,033E,2,クレス,"{N1}
「かっこい～」{W}",,
17-00-033E-03,17,0,704A10,033E,3,チェスター,"{N5}
「{SPD:10}・・・・・・{SPD:FF}」{W}",,
17-00-03AE-00,17,0,704A10,03AE,0,クレス,"{N1}
「あッ！」{W}",,
17-00-03C2-00,17,0,704A10,03C2,0,クレス,"{N1}
「レイスルビーを落としてしまった・
　・・」{W}",,
17-00-03F8-00,17,0,704A10,03F8,0,トリスタン,"トリスタン
「来おったな」{W}",,
17-00-03F8-01,17,0,704A10,03F8,1,トリスタン,"トリスタン
「モリスンはこの奥の地下墓地へ入っ
　ていったわい」{W}",,
17-00-03F8-02,17,0,704A10,03F8,2,クレス,"{N1}
「ここは一体・・・？」{W}",,
17-00-03F8-03,17,0,704A10,03F8,3,トリスタン,"トリスタン
「わしもようわからん」{W}",,
17-00-03F8-04,17,0,704A10,03F8,4,トリスタン,"トリスタン
「じゃが気を抜くでないぞ」{W}",,
17-00-03F8-05,17,0,704A10,03F8,5,クレス,"{N1}
「はいッ！」{W}",,
17-00-03F8-06,17,0,704A10,03F8,6,トリスタン,"トリスタン
「よし」{W}",,
17-00-03F8-07,17,0,704A10,03F8,7,トリスタン,"トリスタン
「では・・・、おんしに、はなむけを
　一つ・・・」{W}",,
17-00-03F8-08,17,0,704A10,03F8,8,トリスタン,"トリスタン
「奥義の何たるかを、教えてやろう」{W}",,
17-00-03F8-09,17,0,704A10,03F8,9,クレス,"{N1}
「奥義？」{W}",,
17-00-03F8-10,17,0,704A10,03F8,10,トリスタン,"トリスタン
「そうじゃ」{W}",,
17-00-03F8-11,17,0,704A10,03F8,11,トリスタン,"トリスタン
「おんしは、第三教練までは終えてお
　るかの？」{W}",,
17-00-03F8-12,17,0,704A10,03F8,12,クレス,"{N1}
「この間、第四教練まで終わりました
　・・・」{W}",,
17-00-03F8-13,17,0,704A10,03F8,13,トリスタン,"トリスタン
「ほう！」{W}",,
17-00-03F8-14,17,0,704A10,03F8,14,トリスタン,"トリスタン
「それじゃったら、すぐにできるよう
　になるじゃろ・・・」{W}",,
17-00-03F8-15,17,0,704A10,03F8,15,トリスタン,"トリスタン
「よく聞くのじゃ」{W}",,
17-00-03F8-16,17,0,704A10,03F8,16,トリスタン,"トリスタン
「奥義とは、ニつの必殺技の組み合わ
　せの上に成り立つものじゃ」{W}",,
17-00-03F8-17,17,0,704A10,03F8,17,トリスタン,"トリスタン
「精神の集中・・・」{W}",,
17-00-03F8-18,17,0,704A10,03F8,18,トリスタン,"トリスタン
「それに肉体の鍛練・・・」{W}",,
17-00-03F8-19,17,0,704A10,03F8,19,トリスタン,"トリスタン
「さらにニつの必殺技を極限まで鍛え
　上げることにより・・・」{W}",,
17-00-03F8-20,17,0,704A10,03F8,20,トリスタン,"トリスタン
「初めて繰り出すことが可能になる技
　じゃ」{W}",,
17-00-03F8-21,17,0,704A10,03F8,21,クレス,"{N1}
「{SPD:10}・・・{SPD:FF}理屈はわかります{SPD:10}・・・{SPD:FF}」{W}",,
17-00-03F8-22,17,0,704A10,03F8,22,トリスタン,"トリスタン
「とりあえず覚えておけ」{W}",,
17-00-03F8-23,17,0,704A10,03F8,23,トリスタン,"トリスタン
「魔神剣と飛燕連脚から成り立つ奥義
　・・・」{W}",,
17-00-03F8-24,17,0,704A10,03F8,24,トリスタン,"トリスタン
「それが魔神飛燕脚じゃ！」{W}",,
17-00-03F8-25,17,0,704A10,03F8,25,クレス,"{N1}
「そんな技、ぼくに使えるんだろうか
　・・・？」{W}",,
17-00-03F8-26,17,0,704A10,03F8,26,トリスタン,"トリスタン
「なに、ミゲールは１４になるころに
　は既に体得しておったぞ」{W}",,
17-00-03F8-27,17,0,704A10,03F8,27,トリスタン,"トリスタン
「血を信じろ」{W}",,
17-00-03F8-28,17,0,704A10,03F8,28,トリスタン,"トリスタン
「大器晩成、という言葉もあるしの」{W}",,
17-00-03F8-29,17,0,704A10,03F8,29,クレス,"{N1}
「・・・わかりました」{W}",,
17-00-03F8-30,17,0,704A10,03F8,30,トリスタン,"トリスタン
「がんばってこい」{W}",,
17-00-096A-00,17,0,704A10,096A,0,,"{COL:3}{N1}は
魔神飛燕脚を覚えました。{COL:2}{W}",,
17-00-0996-00,17,0,704A10,0996,0,,"{COL:2}{N1}は『{TITLE:182}』の称号を
得ました。{W}",,
17-00-0996-01,17,0,704A10,0996,1,,{COL:0},,
17-00-09C4-00,17,0,704A10,09C4,0,クレス,"{N1}
「あッ！」{W}",,
17-00-09C4-01,17,0,704A10,09C4,1,クレス,"{N1}
「しまった～」{W}",,
17-00-09C4-02,17,0,704A10,09C4,2,クレス,"{N1}
「下の階に落ちたか・・・」{W}",,
17-00-0A10-00,17,0,704A10,0A10,0,,き、貴様、なぜここに・・・！！,,
17-00-0A30-00,17,0,704A10,0A30,0,,やめろおおおおぉぉぉ！！！,,
17-00-0A4C-00,17,0,704A10,0A4C,0,,これで、私の家に代々続いた使命も終わりか{SPD:10}・・・{SPD:FF},,
17-00-0A84-00,17,0,704A10,0A84,0,,　そして十数年の月日が流れ・・・,,
17-00-0AA6-00,17,0,704A10,0AA6,0,モリスン,"モリスン
「お前の悪だくみもこれまでだ、
　マルス・ウルドール！」{W}",,
17-00-0AA6-01,17,0,704A10,0AA6,1,マルス,"マルス
「ふん、わざわざ見物に来たのか？」{W}",,
17-00-0AA6-02,17,0,704A10,0AA6,2,マルス,"マルス
「ほら、仲間も来たようだぞ」{W}",,
17-00-0B3E-00,17,0,704A10,0B3E,0,モリスン,"モリスン
「お前たちッ！」{W}",,
17-00-0B3E-01,17,0,704A10,0B3E,1,モリスン,"モリスン
「あれほど来るなと{SPD:10}・・・{SPD:FF}！」{W}",,
17-00-0B8C-00,17,0,704A10,0B8C,0,モリスン,"モリスン
「しまった！」{W}",,
17-00-0B8C-01,17,0,704A10,0B8C,1,マルス,"マルス
「はははっ、アホゥが！」{W}",,
17-00-0BCA-00,17,0,704A10,0BCA,0,チェスター,"{N5}
「なっ、何だ？」{W}",,
17-00-0BCA-01,17,0,704A10,0BCA,1,マルス,"マルス
「さあ、古の王の復活だ」{W}",,
17-00-0BCA-02,17,0,704A10,0BCA,2,クレス,"{N1}
「何だとッ！？」{W}",,
17-00-0BCA-03,17,0,704A10,0BCA,3,マルス,"マルス
「そうだな、冥土の土産に教えてやろ
　う・・・」{W}",,
17-00-0C58-00,17,0,704A10,0C58,0,マルス,"マルス
「ヴァルハラ戦役・・・」{W}",,
17-00-0C58-01,17,0,704A10,0C58,1,マルス,"マルス
「今より１００年ほど前に起こった戦
　い・・・」{W}",,
17-00-0C58-02,17,0,704A10,0C58,2,マルス,"マルス
「貴様らも知っておろう」{W}",,
17-00-0C58-03,17,0,704A10,0C58,3,マルス,"マルス
「当時、最大を誇ったニ国の連合を相
　手に・・・」{W}",,
17-00-0C58-04,17,0,704A10,0C58,4,マルス,"マルス
「圧倒的力を見せつけた一国の王がい
　た事を・・・」{W}",,
17-00-0C58-05,17,0,704A10,0C58,5,マルス,"マルス
「その王の名はダオス」{W}",,
17-00-0C58-06,17,0,704A10,0C58,6,マルス,"マルス
「しかし・・・」{W}",,
17-00-0C58-07,17,0,704A10,0C58,7,マルス,"マルス
「その男もあるパーティーの前に敗北
　することになる{SPD:10}・・・{SPD:FF}」{W}",,
17-00-0C58-08,17,0,704A10,0C58,8,モリスン,"モリスン
「そうだ、そのパーティーの一人が私
　の先祖だ」{W}",,
17-00-0C58-09,17,0,704A10,0C58,9,クレス,"{N1}
「モリスンさん・・・？」{W}",,
17-00-0C58-10,17,0,704A10,0C58,10,モリスン,"モリスン
「奴の名はマルス・ウルドール」{W}",,
17-00-0C58-11,17,0,704A10,0C58,11,モリスン,"モリスン
「ダオス復活をたくらんだ一団のボス
　だ」{W}",,
17-00-0C58-12,17,0,704A10,0C58,12,モリスン,"モリスン
「そして私と{N1}君、
　それにお嬢さんは・・・」{W}",,
17-00-0C58-13,17,0,704A10,0C58,13,モリスン,"モリスン
「その昔、ダオスと戦った者たちの子
　孫なのだ」{W}",,
17-00-0F0E-00,17,0,704A10,0F0E,0,クレス,"{N1}
「ぼくが？」{W}",,
17-00-0F0E-01,17,0,704A10,0F0E,1,ミント,"{N2}
「私が！？」{W}",,
17-00-0F0E-02,17,0,704A10,0F0E,2,モリスン,"モリスン
「そうだ・・・」{W}",,
17-00-0F0E-03,17,0,704A10,0F0E,3,モリスン,"モリスン
「そして、ここには少なからず、血縁
　を奴の手によって失った者がいる」{W}",,
17-00-0F0E-04,17,0,704A10,0F0E,4,モリスン,"モリスン
「これが、君たちと私・・・」{W}",,
17-00-0F0E-05,17,0,704A10,0F0E,5,モリスン,"モリスン
「そして奴{SPD:10}・・・{SPD:FF}」{W}",,
17-00-0F0E-06,17,0,704A10,0F0E,6,モリスン,"モリスン
「マルス・ウルドールとの関係だ！」{W}",,
17-00-0F0E-07,17,0,704A10,0F0E,7,マルス,"マルス
「ふん、そんな関係がどうした」{W}",,
17-00-0F0E-08,17,0,704A10,0F0E,8,クレス,"{N1}
「{SPD:10}・・・{SPD:FF}モリスンさんには悪いけど{SPD:10}・
　・・{SPD:FF}」{W}",,
17-00-0F0E-09,17,0,704A10,0F0E,9,クレス,"{N1}
「そんなことより{SPD:10}、{SPD:FF}ぼくや
　{N5}にとって{SPD:10}・・・{SPD:FF}」{W}",,
17-00-0F0E-10,17,0,704A10,0F0E,10,クレス,"{N1}
「そして{N2}の{SPD:10}・・・{SPD:FF}」{W}",,
17-00-10FC-00,17,0,704A10,10FC,0,チェスター,"{N5}
「お前は{SPD:10}・・・{SPD:FF}オレの妹や、みんなの
　カタキだッ！！」{W}",,
17-00-1144-00,17,0,704A10,1144,0,マルス,"マルス
「おお{SPD:10}・・・{SPD:FF}」{W}",,
17-00-1144-01,17,0,704A10,1144,1,マルス,"マルス
「これが・・・、
　古の王ダオス・・・」{W}",,
17-00-1144-02,17,0,704A10,1144,2,マルス,"マルス
「ダオスよ、古の王よ」{W}",,
17-00-1144-03,17,0,704A10,1144,3,マルス,"マルス
「我の命ずる所を聞け」{W}",,
17-00-1144-04,17,0,704A10,1144,4,マルス,"マルス
「我が名はマルス{SPD:10}・・・{SPD:FF}、
　マルス・ウルドール・・・」{W}",,
17-00-1144-05,17,0,704A10,1144,5,ダオス,"ダオス
「ふふ、運命の糸に操られていたこと
　に気づかぬ愚か者よ」{W}",,
17-00-1264-00,17,0,704A10,1264,0,マルス,"マルス
「何を言っている・・・？」{W}",,
17-00-1264-01,17,0,704A10,1264,1,マルス,"マルス
「封印を解いた、このオレが貴様の主
　だ！」{W}",,
17-00-1264-02,17,0,704A10,1264,2,ダオス,"ダオス
「私を、封印した者共を殺し、封印を
　解くカギを奪わせたのは・・・」{W}",,
17-00-1264-03,17,0,704A10,1264,3,ダオス,"ダオス
「他ならぬ、この私自身・・・」{W}",,
17-00-1264-04,17,0,704A10,1264,4,ダオス,"ダオス
「思い出させてやろうか？」{W}",,
17-00-1264-05,17,0,704A10,1264,5,ダオス,"ダオス
「三ヶ月前に訪れた時に、何があった
　かを・・・」{W}",,
17-00-1396-00,17,0,704A10,1396,0,マルス,"マルス
「ぬっ、ぬかせッ！！」{W}",,
17-00-13B8-00,17,0,704A10,13B8,0,モリスン,"モリスン
「危ない！」{W}",,
17-00-13B8-01,17,0,704A10,13B8,1,モリスン,"モリスン
「よけろッ！！」{W}",,
17-00-13EE-00,17,0,704A10,13EE,0,マルス,"マルス
「なにッ！？」{W}",,
17-00-1408-00,17,0,704A10,1408,0,ダオス,"ダオス
「お前にはもう用はない・・・」{W}",,
17-00-1432-00,17,0,704A10,1432,0,マルス,"マルス
「うっ{SPD:10}、{SPD:FF}うわーッ！！！！」",,
17-00-145E-00,17,0,704A10,145E,0,ダオス,"ダオス
「私が背負った、重大な運命を知らず
　・・・」{W}",,
17-00-145E-01,17,0,704A10,145E,1,ダオス,"ダオス
「勝手な振る舞いを行う・・・、人間
　たち・・・・・・」{W}",,
17-00-145E-02,17,0,704A10,145E,2,ダオス,"ダオス
「そして、私を封印した者どもの生き
　残り・・・」{W}",,
17-00-1516-00,17,0,704A10,1516,0,ダオス,"ダオス
「そこのお前ッ！！」{W}",,
17-00-1536-00,17,0,704A10,1536,0,ダオス,"ダオス
「とても許せるものではないぞ{SPD:10}・・・　・・・{SPD:FF}」{W}",,
17-00-1576-00,17,0,704A10,1576,0,モリスン,"モリスン
『奴は剣では倒せない』{W}",,
17-00-1576-01,17,0,704A10,1576,1,モリスン,"モリスン
『私が法術で、君たちをある場所へ送
　る』{W}",,
17-00-1576-02,17,0,704A10,1576,2,モリスン,"モリスン
『そこで、奴を倒す方法を学んでくる
　んだ』{W}",,
17-00-1576-03,17,0,704A10,1576,3,モリスン,"モリスン
『もう、これしか方法はない』{W}",,
17-00-1630-00,17,0,704A10,1630,0,クレス,"{N1}
「どういうことです！？」{W}",,
17-00-1630-01,17,0,704A10,1630,1,モリスン,"モリスン
「それとこの本をッ！」{W}",,
17-00-1674-00,17,0,704A10,1674,0,モリスン,"モリスン
「両親の遺志を継いでくれ！！」{W}",,
17-00-16A0-00,17,0,704A10,16A0,0,ダオス,"ダオス
「ククク{SPD:10}、{SPD:FF}死ね」{W}",,
17-00-16C4-00,17,0,704A10,16C4,0,チェスター,"{N5}
「くそッ、間に合わない！！」{W}",,
17-00-16EA-00,17,0,704A10,16EA,0,クレス,"{N1}
「{N5}・・・ッ！！」{W}",,
17-00-16EA-01,17,0,704A10,16EA,1,ミント,"{N2}
「{N5}さん！！」{W}",,
17-00-1720-00,17,0,704A10,1720,0,モリスン,"モリスン
「{N5}君、しっかり！」{W}",,
17-00-1744-00,17,0,704A10,1744,0,ダオス,"ダオス
「答えろ・・・」{W}",,
17-00-1744-01,17,0,704A10,1744,1,ダオス,"ダオス
「奴らをどこへやった？」{W}",,
17-00-1744-02,17,0,704A10,1744,2,モリスン,"モリスン
「くッ{SPD:10}・・・{SPD:FF}」{W}",,
17-00-1744-03,17,0,704A10,1744,3,モリスン,"モリスン
「言うと思っているのか！？」{W}",,
17-00-1744-04,17,0,704A10,1744,4,ダオス,"ダオス
「・・・ふッ、知っているぞ」{W}",,
17-00-1744-05,17,0,704A10,1744,5,ダオス,"ダオス
「あの輝きは、時間転移の光」{W}",,
17-00-1744-06,17,0,704A10,1744,6,ダオス,"ダオス
「いつの時代に送ったかは知らぬが・
　・・」{W}",,
17-00-1744-07,17,0,704A10,1744,7,ダオス,"ダオス
「自分自身を転移できないとは、まだ
　未熟だな」{W}",,
17-00-1744-08,17,0,704A10,1744,8,モリスン,"モリスン
「{SPD:10}・・・{SPD:FF}くそッ！！」{W}",,
17-00-1744-09,17,0,704A10,1744,9,ダオス,"ダオス
「クククク・・・」{W}",,
17-00-1744-10,17,0,704A10,1744,10,ダオス,"ダオス
「ここで朽ち果てるがいい！！」{W}",,
17-00-18F4-00,17,0,704A10,18F4,0,ダオス,"ダオス
「きっ、貴様たちは・・・！！」{W}",,
17-00-18F4-01,17,0,704A10,18F4,1,モリスン,"モリスン
「おお・・・・」{W}",,
17-00-18F4-02,17,0,704A10,18F4,2,チェスター,"{N5}
「{N1}・・・」{W}",,
17-00-18F4-03,17,0,704A10,18F4,3,クレス,"{N1}
「仲間も世界も、お前の好きにはさせ
　ない！」{W}",,
17-00-18F4-04,17,0,704A10,18F4,4,ダオス,"ダオス
「望むところ、私にはやらなければな
　らない使命がある！」{W}",,
17-00-18F4-05,17,0,704A10,18F4,5,ダオス,"ダオス
「こんな所で、倒れるわけにはいかな
　いのだ！！」{W}",,
17-00-1A06-00,17,0,704A10,1A06,0,クレス,"{N1}
「やった・・・！」",,
17-00-1A20-00,17,0,704A10,1A20,0,モリスン,"モリスン
「危ないッ、逃げろ！」{W}",,
17-00-1A44-00,17,0,704A10,1A44,0,クレス,"{N1}
「一体どうなっているんだ！？」{W}",,
17-00-1A44-01,17,0,704A10,1A44,1,モリスン,"モリスン
「ダオスが復活する時に膨大なエネル
　ギーが解放されたんだ！」{W}",,
17-00-1A44-02,17,0,704A10,1A44,2,モリスン,"モリスン
「地殻に異常が起きても、不思議じゃ
　ない！！」{W}",,
17-00-1AF2-00,17,0,704A10,1AF2,0,クレス,"{N1}
「早く！」{W}",,
17-00-1AF2-01,17,0,704A10,1AF2,1,クレス,"{N1}
「地下墓地が崩れるぞ！！」{W}",,
17-00-1B28-00,17,0,704A10,1B28,0,トリスタン,"トリスタン
「おお{N1}、モリスン！
　どうなっとるんじゃ！？」{W}",,
17-00-1B28-01,17,0,704A10,1B28,1,クレス,"{N1}
「トリスタン師匠！」{W}",,
17-00-1B28-02,17,0,704A10,1B28,2,クレス,"{N1}
「早く逃げて下さい！！」{W}",,
17-00-1BA6-00,17,0,704A10,1BA6,0,,"　　　　力尽きたダオスは
　　　溶岩の中へと呑み込まれ
　墓地の崩壊と共にその姿を消した",,
17-00-1C00-00,17,0,704A10,1C00,0,,　　　そして数日の時が過ぎ,,
17-00-1C1C-00,17,0,704A10,1C1C,0,,　　　　　召喚士{N4},,
17-00-1C32-00,17,0,704A10,1C32,0,,　　　　　魔術師{N3},,
17-00-1C48-00,17,0,704A10,1C48,0,,"　　　長い間苦楽を共にしてきた
　　二人の仲間との別れの時が来た",,
18-00-0000-00,18,0,70A44C,0000,0,,"魔科学はそのマナを消滅させるほど、
　　　消費する技術だった・・・。{W}",,
18-00-0000-01,18,0,70A44C,0000,1,,　放っておけば大樹は枯れてしまう。{W},,
18-00-0000-02,18,0,70A44C,0000,2,,"魔科学を使う人間とダオスの戦いは、
　　こうして始まったのだ・・・。{W}",,
18-00-00B2-00,18,0,70A44C,00B2,0,クラース,"{N4}
「とりあえず行く先々でエドワードの
　ことを聞いてみよう」{W}",,
18-00-00F6-00,18,0,70A44C,00F6,0,,ギース・ショップ,,
18-00-0108-00,18,0,70A44C,0108,0,,闇の洞窟,,
18-00-0112-00,18,0,70A44C,0112,0,旅の剣士,"旅の剣士
「私は修行中の身、よけいな雑念は捨
　てるべし」{W}",,
18-00-0150-00,18,0,70A44C,0150,0,旅の剣士,"旅の剣士
「おぬし、剣士か？」{W}",,
18-00-0150-01,18,0,70A44C,0150,1,旅の剣士,"旅の剣士
「ならばこの奥義書を授けよう」{W}",,
18-00-0150-02,18,0,70A44C,0150,2,旅の剣士,"旅の剣士
「私はもう習得したからな」{W}",,
18-00-01C2-00,18,0,70A44C,01C2,0,,"{COL:3}{N1}は
魔神閃空破を覚えました。{COL:2}{W}",,
18-00-01EE-00,18,0,70A44C,01EE,0,旅人,"旅人
「わしゃここで、悟りを開いているん
　じゃ」{W}",,
18-00-01EE-01,18,0,70A44C,01EE,1,旅人,"旅人
「邪魔するなッ！」{W}",,
18-00-023E-00,18,0,70A44C,023E,0,旅人,"旅人
「なんじゃ？」{W}",,
18-00-023E-01,18,0,70A44C,023E,1,旅人,"旅人
「もしかして、この奥義書が欲しいの
　か？」{W}",,
18-00-023E-02,18,0,70A44C,023E,2,旅人,"旅人
「なら１２０００ガルドじゃ！」{W}",,
18-00-023E-03,18,0,70A44C,023E,3,,{COL:3}買いますか？{COL:2},,
18-00-02C4-00,18,0,70A44C,02C4,0,旅人,"旅人
「まったく・・・」{W}",,
18-00-02E0-00,18,0,70A44C,02E0,0,旅人,"旅人
「金が足りんッ！！」{W}",,
18-00-02FE-00,18,0,70A44C,02FE,0,,"{COL:3}{N1}は
獅子飛燕脚を覚えました。{COL:2}{W}",,
18-00-02FE-01,18,0,70A44C,02FE,1,旅人,"旅人
「ふんッ！」{W}",,
18-00-033E-00,18,0,70A44C,033E,0,旅人,"旅人
「なんじゃ、お前らは？」{W}",,
18-00-033E-01,18,0,70A44C,033E,1,旅人,"旅人
「ここには何もないぞ！」{W}",,
18-00-0380-00,18,0,70A44C,0380,0,放浪者,"放浪者
「私たちは放浪者、自由気ままに旅を
　する者です」{W}",,
18-00-03BE-00,18,0,70A44C,03BE,0,放浪者,"放浪者
「あなた、剣士？」{W}",,
18-00-03BE-01,18,0,70A44C,03BE,1,放浪者,"放浪者
「じゃあこの奥義書あげるわ、もう習
　得したからね」{W}",,
18-00-041A-00,18,0,70A44C,041A,0,,"{COL:3}{N1}は
鳳凰千裂破を覚えました。{COL:2}{W}",,
18-00-0446-00,18,0,70A44C,0446,0,放浪者,"放浪者
「人生の目的を見つける旅を続けて、
　もう{VAR:E13580}年にもなります」{W}",,
18-00-0446-01,18,0,70A44C,0446,1,放浪者,"放浪者
「でも未だに見つかりません」{W}",,
18-00-04B7-00,18,0,70A44C,04B7,0,エドワードの妻・リリス,"エドワードの妻・リリス
「主人は、いつでも私達のそばにいま
　すわ」{W}",,
18-00-04FF-00,18,0,70A44C,04FF,0,エドワードの妻・リリス,"エドワードの妻・リリス
「みなさんお腹はすいていませんか？
　お食事、ご用意いたしますわ」",,
18-00-055B-00,18,0,70A44C,055B,0,リリス,"リリス
「主人が好きだった料理です」{W}",,
18-00-055B-01,18,0,70A44C,055B,1,リリス,"リリス
「どうぞ」{W}",,
18-00-0597-00,18,0,70A44C,0597,0,,"{COL:2}おさしみを料理できるようになりまし
た。{W}",,
18-00-0597-01,18,0,70A44C,0597,1,,{COL:0},,
18-00-05CB-00,18,0,70A44C,05CB,0,リリス,"リリス
「遠慮なさらずに・・・」{W}",,
18-00-05EF-00,18,0,70A44C,05EF,0,エドワードの娘・フレイヤ,"エドワードの娘・フレイヤ
「パパいなくなっちゃったけど、泣か
　ない」{W}",,
18-00-05EF-01,18,0,70A44C,05EF,1,フレイヤ,"フレイヤ
「パパ、立派だったんだよね」{W}",,
18-00-0661-00,18,0,70A44C,0661,0,エドワードの息子・フレイ,"エドワードの息子・フレイ
「ボクがママとフレイヤを守るんだ」{W}",,
18-00-06A1-00,18,0,70A44C,06A1,0,船長,"船長
「なんだ、フレイランドに行きたいの
　か？」{W}",,
18-00-06D7-00,18,0,70A44C,06D7,0,船長,"船長
「これはアルヴァニスタ行きの船だ」{W}",,
18-00-0703-00,18,0,70A44C,0703,0,船長,"船長
「料金は運賃、食費、保険料を含めて
　一人{VAR:E53880}ガルド」{W}",,
18-00-0703-01,18,0,70A44C,0703,1,船長,"船長
「全員で{VAR:E53A80}ガルドになるぜ」{W}",,
18-00-0703-02,18,0,70A44C,0703,2,船長,"船長
「行くか？」",,
18-00-077B-00,18,0,70A44C,077B,0,船長,"船長
「お金がなきゃどうしようもないよ」{W}",,
18-00-07A7-00,18,0,70A44C,07A7,0,船長,"船長
「では、出港～」{W}",,
18-00-07C1-00,18,0,70A44C,07C1,0,船長,"船長
「それじゃ」{W}",,
18-00-07D7-00,18,0,70A44C,07D7,0,サミー,"サミー
「あ、お姉ちゃん」{W}",,
18-00-07D7-01,18,0,70A44C,07D7,1,サミー,"サミー
「久しぶりだね」{W}",,
18-00-080F-00,18,0,70A44C,080F,0,サミー,"サミー
「いらっしゃい」{W}",,
18-00-080F-01,18,0,70A44C,080F,1,サミー,"サミー
「名工ギースの店へようこそ」{W}",,
18-00-0851-00,18,0,70A44C,0851,0,サミー,"サミー
「ありがとう、お兄ちゃん」{W}",,
18-00-0877-00,18,0,70A44C,0877,0,おじいさん,"おじいさん
「ここは、ドワーフ族の名工ギースの
　技術を受け継いだ鍛冶屋じゃ」{W}",,
18-00-0877-01,18,0,70A44C,0877,1,おじいさん,"おじいさん
「おお、久しぶりじゃのぅ」{W}",,
18-00-0877-02,18,0,70A44C,0877,2,おじいさん,"おじいさん
「ゆっくりしていくといい」{W}",,
18-00-0919-00,18,0,70A44C,0919,0,おじいさん,"おじいさん
「ここは、ドワーフ族の名工ギースの
　技術を受け継いだ鍛冶屋じゃ」{W}",,
18-00-0919-01,18,0,70A44C,0919,1,おじいさん,"おじいさん
「もちろん、ここで鍛えた物の販売も
　しておる」{W}",,
18-00-0919-02,18,0,70A44C,0919,2,おじいさん,"おじいさん
「値段は安いうえ、他の武具とは比較
　にならないほど精巧にできておる」{W}",,
18-00-0919-03,18,0,70A44C,0919,3,おじいさん,"おじいさん
「買って損はないぞぃ」{W}",,
18-00-0919-04,18,0,70A44C,0919,4,おじいさん,"おじいさん
「そうじゃ、おぬしに金持ちになるコ
　ツを教えてやろう」{W}",,
18-00-0919-05,18,0,70A44C,0919,5,おじいさん,"おじいさん
「アイテムの中に『交易品』と呼ばれ
　るものがあるじゃろ？」{W}",,
18-00-0919-06,18,0,70A44C,0919,6,おじいさん,"おじいさん
「それは店によって売れる値段が違う
　アイテムなんじゃ」{W}",,
18-00-0919-07,18,0,70A44C,0919,7,おじいさん,"おじいさん
「これを利用すれば、金ががっぽがっ
　ぽ入ってくるぞぃ」{W}",,
18-00-0B3D-00,18,0,70A44C,0B3D,0,研究員,"研究員
「いらっしゃい、ここはモリスン魔法
　研究所じゃ」{W}",,
18-00-0B3D-01,18,0,70A44C,0B3D,1,研究員,"研究員
「先代のモリスン殿の遺言でな」{W}",,
18-00-0B3D-02,18,0,70A44C,0B3D,2,研究員,"研究員
「ここを魔法研究所に使ってくれとい
　うことじゃ」{W}",,
18-00-0BDF-00,18,0,70A44C,0BDF,0,事務員,"事務員
「大変、生徒たちの食事の支度をしな
　きゃ・・・」{W}",,
18-00-0BDF-01,18,0,70A44C,0BDF,1,事務員,"事務員
「ここは全寮制の魔法学校よ」{W}",,
18-00-0BDF-02,18,0,70A44C,0BDF,2,事務員,"事務員
「ニ階が教室なの」{W}",,
18-00-0BDF-03,18,0,70A44C,0BDF,3,事務員,"事務員
「学校って言っても教えるんじゃなく
　て、自ら魔法の勉強をするのよ」{W}",,
18-00-0CAD-00,18,0,70A44C,0CAD,0,男の子,"男の子
「日々の努力が実を結ぶんだ」{W}",,
18-00-0CAD-01,18,0,70A44C,0CAD,1,男の子,"男の子
「急に、すごい力や知識の持ち主に、
　なれるわけないもんね」{W}",,
18-00-0D1B-00,18,0,70A44C,0D1B,0,女の子,"女の子
「私も魔法の勉強に来ているの」{W}",,
18-00-0D1B-01,18,0,70A44C,0D1B,1,女の子,"女の子
「ぜ～ったいに、世界一の魔法使いに
　なるの」{W}",,
18-00-0D1B-02,18,0,70A44C,0D1B,2,女の子,"女の子
「がんばるもん」{W}",,
18-00-0D97-00,18,0,70A44C,0D97,0,研究員,"研究員
「禁断の召喚術について研究していま
　す」{W}",,
18-00-0D97-01,18,0,70A44C,0D97,1,研究員,"研究員
「禁断の召喚術は主に魔界に関連した
　ものらしいですね」{W}",,
18-00-0D97-02,18,0,70A44C,0D97,2,研究員,"研究員
「やはり異世界のエネルギーを使うの
　は危険なんでしょうね」{W}",,
18-00-0E55-00,18,0,70A44C,0E55,0,研究員,"研究員
「禁断の魔法について研究をしていま
　す」{W}",,
18-00-0E55-01,18,0,70A44C,0E55,1,研究員,"研究員
「禁断の魔法は空間を操るものらしい
　ですね」{W}",,
18-00-0E55-02,18,0,70A44C,0E55,2,研究員,"研究員
「具体的にどういうものかはまだわか
　りませんが・・・」{W}",,
18-00-0F05-00,18,0,70A44C,0F05,0,剣士,"剣士
「これからは剣士も魔法が使えないと
　ね」{W}",,
18-00-0F05-01,18,0,70A44C,0F05,1,剣士,"剣士
「でも、全くわかんないよ」{W}",,
18-00-0F5B-00,18,0,70A44C,0F5B,0,研究員,"研究員
「魔法アイテムについて研究していま
　す」{W}",,
18-00-0F5B-01,18,0,70A44C,0F5B,1,研究員,"研究員
「魔力を帯びたアイテムの発祥の地に
　ついてね」{W}",,
18-00-0FCB-00,18,0,70A44C,0FCB,0,研究員,"研究員
「法術について研究しています」{W}",,
18-00-0FCB-01,18,0,70A44C,0FCB,1,研究員,"研究員
「法術とは、一体どういうものなので
　しょう？」{W}",,
18-00-0FCB-02,18,0,70A44C,0FCB,2,研究員,"研究員
「人間の内なる力か、それとも神の力
　か・・・」{W}",,
18-00-1069-00,18,0,70A44C,1069,0,研究員,"研究員
「モリスン殿は魔法の研究だけではな
　く、科学の研究も優れておった」{W}",,
18-00-1069-01,18,0,70A44C,1069,1,研究員,"研究員
「超古代文明の科学力に焦点をおいて
　研究をしておったらしいのぅ」{W}",,
18-00-1105-00,18,0,70A44C,1105,0,船乗り,"船乗り
「トレントの森には精霊様が住んでい
　るという話だ」{W}",,
18-00-1105-01,18,0,70A44C,1105,1,船乗り,"船乗り
「何て言ったっけ、おじん？」{W}",,
18-00-1105-02,18,0,70A44C,1105,2,クレス,"{N1}
（オリジン・・・？）{W}",,
18-00-1187-00,18,0,70A44C,1187,0,船乗り,"船乗り
「モーリア坑道？」{W}",,
18-00-1187-01,18,0,70A44C,1187,1,船乗り,"船乗り
「ここから真北に向かった所に入口が
　あるよ」{W}",,
18-00-11DD-00,18,0,70A44C,11DD,0,船乗り,"船乗り
「ふっ・・・」{W}",,
18-00-11DD-01,18,0,70A44C,11DD,1,船乗り,"船乗り
「海がオレを呼んでるぜ」{W}",,
18-00-1219-00,18,0,70A44C,1219,0,船乗り,"船乗り
「精霊？」{W}",,
18-00-1219-01,18,0,70A44C,1219,1,船乗り,"船乗り
「オレは知らん」{W}",,
18-00-1219-02,18,0,70A44C,1219,2,船乗り,"船乗り
「オリーブヴィレッジっていう村にい
　るんじゃないか？」{W}",,
18-00-1219-03,18,0,70A44C,1219,3,船乗り,"船乗り
「結構歴史のある村だからな」{W}",,
18-00-12B1-00,18,0,70A44C,12B1,0,船乗り,"船乗り
「昔、俺のばあさんに聞いたんだけど
　さ・・・」{W}",,
18-00-12B1-01,18,0,70A44C,12B1,1,船乗り,"船乗り
「ミッドガルズの北『白樺の森』と呼
　ばれる所に・・・」{W}",,
18-00-12B1-02,18,0,70A44C,12B1,2,船乗り,"船乗り
「不思議な生き物が住んでいるらしい
　ぜ」{W}",,
18-00-1363-00,18,0,70A44C,1363,0,船乗り,"船乗り
「モーリア坑道に行きたいの？」{W}",,
18-00-1363-01,18,0,70A44C,1363,1,船乗り,"船乗り
「でも、あそこは地下五階くらいで、
　行き止まりらしいよ」{W}",,
18-00-1363-02,18,0,70A44C,1363,2,船乗り,"船乗り
「何か特殊なアイテムでも使うのかな
　・・・？」{W}",,
18-00-1363-03,18,0,70A44C,1363,3,船乗り,"船乗り
「とか、探検家が言ってたけど」{W}",,
18-00-1433-00,18,0,70A44C,1433,0,船乗り,"船乗り
「オレの夢は世界中の海を回ってお宝
　を探すことなんだ」{W}",,
18-00-1433-01,18,0,70A44C,1433,1,船乗り,"船乗り
「こんな生活とはおさらばするぜ！」{W}",,
18-00-14A3-00,18,0,70A44C,14A3,0,船乗り,"船乗り
「海から吹く潮風・・・、照りつける
　太陽・・・」{W}",,
18-00-14A3-01,18,0,70A44C,14A3,1,船乗り,"船乗り
「いつかエミリと・・・」{W}",,
18-00-14A3-02,18,0,70A44C,14A3,2,船乗り,"船乗り
「二人だけで、船の旅をしようと思っ
　たんだけど・・・」{W}",,
18-00-14A3-03,18,0,70A44C,14A3,3,船乗り,"船乗り
「・・・ふられてしまった」{W}",,
18-00-1569-00,18,0,70A44C,1569,0,船乗り,"船乗り
「エミリーーーーッ！！」{W}",,
18-00-1569-01,18,0,70A44C,1569,1,船乗り,"船乗り
「カムバーーーーック！！」{W}",,
18-00-15B1-00,18,0,70A44C,15B1,0,船乗り,"船乗り
「海から吹く潮風・・・、照りつける
　太陽・・・」{W}",,
18-00-15B1-01,18,0,70A44C,15B1,1,船乗り,"船乗り
「いつか、シンシアと二人だけで船の
　旅をするんだ」{W}",,
18-00-162D-00,18,0,70A44C,162D,0,船乗り,"船乗り
「シンシアーーーッ！！」{W}",,
18-00-162D-01,18,0,70A44C,162D,1,船乗り,"船乗り
「きっとオレのものにするぜーー！」{W}",,
18-00-167D-00,18,0,70A44C,167D,0,漁師,"漁師
「精霊の話？」{W}",,
18-00-167D-01,18,0,70A44C,167D,1,漁師,"漁師
「ああ、知ってるよ」{W}",,
18-00-167D-02,18,0,70A44C,167D,2,漁師,"漁師
「昔々、今のような魔物が・・・」{W}",,
18-00-167D-03,18,0,70A44C,167D,3,クレス,"{N1}
「その話なら最初の部分を聞いたよ、　続きが知りたいんだ」{W}",,
18-00-167D-04,18,0,70A44C,167D,4,クレス,"{N1}
「月の精霊様が捕まったところから
　・・・」{W}",,
18-00-167D-05,18,0,70A44C,167D,5,漁師,"漁師
「あっ、そう」{W}",,
18-00-167D-06,18,0,70A44C,167D,6,漁師,"漁師
「え～と、その悪い人々は・・・」{W}",,
18-00-167D-07,18,0,70A44C,167D,7,漁師,"漁師
「月の精霊様を月の光が届かない真っ
　暗な地下牢に閉じこめてしまった」{W}",,
18-00-167D-08,18,0,70A44C,167D,8,漁師,"漁師
「そして、ついに世界中に毒がばらま
　かれ、人類は滅んでしまったんだ」{W}",,
18-00-167D-09,18,0,70A44C,167D,9,漁師,"漁師
「もちろん、その悪い人々も、ね」{W}",,
18-00-167D-10,18,0,70A44C,167D,10,漁師,"漁師
「しかし、世界は完全に滅んだわけで
　はなかった」{W}",,
18-00-167D-11,18,0,70A44C,167D,11,漁師,"漁師
「一部の人間が魔法で結界を張り、毒
　が入り込まない地域を作ったんだ」{W}",,
18-00-167D-12,18,0,70A44C,167D,12,漁師,"漁師
「それから、何百年という歳月が流れ
　た・・・」{W}",,
18-00-167D-13,18,0,70A44C,167D,13,漁師,"漁師
「生き残った人々は年月とともに増え
　ていき・・・」{W}",,
18-00-167D-14,18,0,70A44C,167D,14,漁師,"漁師
「また国家が作られるようになったん
　だ」{W}",,
18-00-167D-15,18,0,70A44C,167D,15,漁師,"漁師
「オレが知ってるのはここまで」{W}",,
18-00-167D-16,18,0,70A44C,167D,16,漁師,"漁師
「すまんな」{W}",,
18-00-19B7-00,18,0,70A44C,19B7,0,漁師,"漁師
「邪魔するなよ」{W}",,
18-00-19B7-01,18,0,70A44C,19B7,1,漁師,"漁師
「感傷に浸ってるところなんだから」{W}",,
18-00-19FB-00,18,0,70A44C,19FB,0,船乗り,"船乗り
「精霊の話？」{W}",,
18-00-19FB-01,18,0,70A44C,19FB,1,船乗り,"船乗り
「ああ、昔ばあさんから聞いたのなら
　昔々、今のような魔物が・・・」{W}",,
18-00-19FB-02,18,0,70A44C,19FB,2,クレス,"{N1}
「その話なら、最初の部分を聞いたよ
　続きが知りたいんだ」{W}",,
18-00-19FB-03,18,0,70A44C,19FB,3,クレス,"{N1}
「世界中に毒がばらまかれて、何百年
　か経ったあと」{W}",,
18-00-19FB-04,18,0,70A44C,19FB,4,船乗り,"船乗り
「ああ、え～と・・・」{W}",,
18-00-19FB-05,18,0,70A44C,19FB,5,船乗り,"船乗り
「結界の中の人々は、結界の張られた
　意味さえ忘れてしまった」{W}",,
18-00-19FB-06,18,0,70A44C,19FB,6,船乗り,"船乗り
「結界の外は闇の世界で、外に出た者
　は・・・」{W}",,
18-00-19FB-07,18,0,70A44C,19FB,7,船乗り,"船乗り
「生きて二度と戻れないと信じていた
　んだ」{W}",,
18-00-19FB-08,18,0,70A44C,19FB,8,船乗り,"船乗り
「そんな時代が何百年か過ぎた後、国
　家に忠誠を誓う若い兵士が現れた」{W}",,
18-00-19FB-09,18,0,70A44C,19FB,9,船乗り,"船乗り
「ある日、その兵士はこの国の地下に
　ある、遺跡の探索にでかけたんだ」{W}",,
18-00-19FB-10,18,0,70A44C,19FB,10,船乗り,"船乗り
「そこで見つけたものは何と、月の精
　霊様だったんだ」{W}",,
18-00-19FB-11,18,0,70A44C,19FB,11,船乗り,"船乗り
「兵士は精霊様の美しさに心を奪われ
　てしまった」{W}",,
18-00-19FB-12,18,0,70A44C,19FB,12,船乗り,"船乗り
「精霊様に、恋をしてしまったんだ」{W}",,
18-00-19FB-13,18,0,70A44C,19FB,13,船乗り,"船乗り
「しかしその国の王様は、またもや精
　霊様を閉じこめてしまった」{W}",,
18-00-19FB-14,18,0,70A44C,19FB,14,船乗り,"船乗り
「・・・精霊様の力を利用しようとし
　たんだな」{W}",,
18-00-19FB-15,18,0,70A44C,19FB,15,船乗り,"船乗り
「オレが知ってるのは、ここまでだ」{W}",,
18-00-1DB1-00,18,0,70A44C,1DB1,0,船乗り,"船乗り
「海を見ていると、心が広くなったよ
　うな気がするよ」{W}",,
18-00-1DF3-00,18,0,70A44C,1DF3,0,鍛冶職人,"鍛冶職人
「今日は早めに仕事終わらせよっと」{W}",,
18-00-1E23-00,18,0,70A44C,1E23,0,鍛冶職人,"鍛冶職人
「よぉ」{W}",,
18-00-1E23-01,18,0,70A44C,1E23,1,鍛冶職人,"鍛冶職人
「お前、象牙持ってないか？」{W}",,
18-00-1E23-02,18,0,70A44C,1E23,2,鍛冶職人,"鍛冶職人
「象牙で彫刻作りたいんだ」{W}",,
18-00-1E23-03,18,0,70A44C,1E23,3,鍛冶職人,"鍛冶職人
「その代わり、お前にもいいの作って
　やるぜ」{W}",,
18-00-1EC1-00,18,0,70A44C,1EC1,0,鍛冶職人,"鍛冶職人
「おっ、お前持ってるじゃねぇか！」{W}",,
18-00-1EC1-01,18,0,70A44C,1EC1,1,鍛冶職人,"鍛冶職人
「どうだ？」{W}",,
18-00-1EC1-02,18,0,70A44C,1EC1,2,鍛冶職人,"鍛冶職人
「この話、のらないか？」",,
18-00-1F2B-00,18,0,70A44C,1F2B,0,鍛冶職人,"鍛冶職人
「ちっ、さっさと帰りな」{W}",,
18-00-1F51-00,18,0,70A44C,1F51,0,鍛冶職人,"鍛冶職人
「よし、商談成立だ」{W}",,
18-00-1F51-01,18,0,70A44C,1F51,1,鍛冶職人,"鍛冶職人
「ニ時間ほど待っててくれ」{W}",,
18-00-1F51-02,18,0,70A44C,1F51,2,鍛冶職人,"鍛冶職人
「お前たちの分を、急いで作るから」{W}",,
18-00-1FC7-00,18,0,70A44C,1FC7,0,鍛冶職人,"鍛冶職人
「じいさん！」{W}",,
18-00-1FC7-01,18,0,70A44C,1FC7,1,鍛冶職人,"鍛冶職人
「ちょっと手伝ってくれよ！」{W}",,
18-00-200B-00,18,0,70A44C,200B,0,,　　　　ニ時間後・・・,,
18-00-2023-00,18,0,70A44C,2023,0,テン,"テン
「あ、お姉ちゃん！」{W}",,
18-00-2023-01,18,0,70A44C,2023,1,テン,"テン
「久しぶり！」{W}",,
18-00-2057-00,18,0,70A44C,2057,0,テン,"テン
「ごめんよ、もうないんだ」{W}",,
18-00-207B-00,18,0,70A44C,207B,0,テン,"テン
「いらっしゃい、おもしろいアイテム
　があるよ」{W}",,
18-00-20B5-00,18,0,70A44C,20B5,0,テン,"テン
「ありがとう！」{W}",,
18-00-20B5-01,18,0,70A44C,20B5,1,テン,"テン
「買ってくれたお礼に、ぼくが大切に
　している収集品をあげるよ」{W}",,
18-00-20B5-02,18,0,70A44C,20B5,2,テン,"テン
「これは、めったに手に入らない品物
　だからね」{W}",,
18-00-214F-00,18,0,70A44C,214F,0,,{COL:2}{ITEM:18F}を手に入れました。{W},,
18-00-216D-00,18,0,70A44C,216D,0,テン,"テン
「高いかもしれないけど、それだけの
　価値はあると思うよ」{W}",,
18-00-21B1-00,18,0,70A44C,21B1,0,行商人,"行商人
「やぁ、私は行商人です」{W}",,
18-00-21B1-01,18,0,70A44C,21B1,1,行商人,"行商人
「何か買いますか？」{W}",,
18-00-21F3-00,18,0,70A44C,21F3,0,行商人,"行商人
「まいどっ！」{W}",,
18-00-220D-00,18,0,70A44C,220D,0,クレス,"{N1}
「すりへってて、よく見えないな」{W}",,
18-00-2237-00,18,0,70A44C,2237,0,,"『北寄りの道、危険！』
と書かれている。{W}",,
18-00-2263-00,18,0,70A44C,2263,0,クレス,"{N1}
「ごめん下さ～い！」{W}",,
18-00-2281-00,18,0,70A44C,2281,0,？？？,"？？？
「どなたでしょうか？」{W}",,
18-00-22A3-00,18,0,70A44C,22A3,0,クラース,"{N4}
「私の名は{N4}」{W}",,
18-00-22A3-01,18,0,70A44C,22A3,1,クラース,"{N4}
「エドワードという方に会いたいのだ
　が{SPD:10}・・・、{SPD:FF}まずは、この手紙を」{W}",,
18-00-22A3-02,18,0,70A44C,22A3,2,？？？,"？？？
「まあ、ルーングロム様のご紹介です
　か」{W}",,
18-00-22A3-03,18,0,70A44C,22A3,3,リリス,"リリス
「私は妻のリリスといいます」{W}",,
18-00-22A3-04,18,0,70A44C,22A3,4,リリス,"リリス
「申し訳ありませんが、夫はただいま
　留守でして」{W}",,
18-00-22A3-05,18,0,70A44C,22A3,5,クラース,"{N4}
「う～ん、急ぎの用事なんだが」{W}",,
18-00-22A3-06,18,0,70A44C,22A3,6,リリス,"リリス
「ルーングロム様のご紹介でしたら、
　安心ですからお話しますが・・・」{W}",,
18-00-22A3-07,18,0,70A44C,22A3,7,リリス,"リリス
「夫は、来る戦争にアルヴァニスタが
　参戦できないことを知って・・・」{W}",,
18-00-22A3-08,18,0,70A44C,22A3,8,リリス,"リリス
「つい先日、ダオスを倒せる者たちを
　求めて旅に出たんです」{W}",,
18-00-22A3-09,18,0,70A44C,22A3,9,クラース,"{N4}
「・・・行き先は？」{W}",,
18-00-22A3-10,18,0,70A44C,22A3,10,リリス,"リリス
「確か、まずはフレイランドに行くと
　言ってました」{W}",,
18-00-250D-00,18,0,70A44C,250D,0,クレス,"{N1}
「フレイランド？」{W}",,
18-00-2529-00,18,0,70A44C,2529,0,クラース,"{N4}
「アルヴァニスタの東にある大陸のこ
　とだ」{W}",,
18-00-255F-00,18,0,70A44C,255F,0,クラース,"{N4}
「どうも、リリスさん」{W}",,
18-00-255F-01,18,0,70A44C,255F,1,リリス,"リリス
「あの・・・、ついでと言ってはなん
　ですが・・・」{W}",,
18-00-255F-02,18,0,70A44C,255F,2,リリス,"リリス
「夫に会ったら伝えて下さい」{W}",,
18-00-255F-03,18,0,70A44C,255F,3,リリス,"リリス
「みんな元気だと{SPD:10}・・・{SPD:FF}」{W}",,
18-00-255F-04,18,0,70A44C,255F,4,クラース,"{N4}
「わかった、伝えておこう」{W}",,
18-00-262F-00,18,0,70A44C,262F,0,クラース,"{N4}
「急げば追いつけるかもしれん、行く
　ぞ！」{W}",,
18-00-2665-00,18,0,70A44C,2665,0,クレス,"{N1}
「あっ、いや、その・・・」{W}",,
18-00-2665-01,18,0,70A44C,2665,1,？？？,"？？？
「用がないなら、お帰り下さい」{W}",,
18-00-26B1-00,18,0,70A44C,26B1,0,ミント,"{N2}
「用もないのにノックするのは失礼で
　すよ」{W}",,
18-00-26E7-00,18,0,70A44C,26E7,0,クレス,"{N1}
「こっ・・・、こいつは・・・、精霊
　なのか？」{W}",,
18-00-2721-00,18,0,70A44C,2721,0,？？？,"？？？
『我、名、シャドウ、闇、精霊』{W}",,
18-00-2721-01,18,0,70A44C,2721,1,シャドウ,"シャドウ
『お前たち、世界、脅威、ダオス、我
　闇、住人、洗脳、敵』{W}",,
18-00-2721-02,18,0,70A44C,2721,2,クレス,"{N1}
「・・・ひどく言葉がとぎれとぎれだ
　な」{W}",,
18-00-2721-03,18,0,70A44C,2721,3,クラース,"{N4}
「大体の意味はわかる」{W}",,
18-00-2721-04,18,0,70A44C,2721,4,クラース,"{N4}
「シャドウの仲間、闇の住人がダオス
　に洗脳されて敵になった」{W}",,
18-00-2721-05,18,0,70A44C,2721,5,クラース,"{N4}
「と、言いたいんだな？」{W}",,
18-00-2721-06,18,0,70A44C,2721,6,クラース,"{N4}
「・・・で、我々の仲間になってくれ
　ると・・・」{W}",,
18-00-2721-07,18,0,70A44C,2721,7,シャドウ,"シャドウ
『お前たち、我、仲間、違う』{W}",,
18-00-2721-08,18,0,70A44C,2721,8,シャドウ,"シャドウ
『我、闇、住人、救う為』{W}",,
18-00-2721-09,18,0,70A44C,2721,9,クラース,"{N4}
「わかった」{W}",,
18-00-2721-10,18,0,70A44C,2721,10,クラース,"{N4}
「目的が達成できたら契約は破棄して
　やる」{W}",,
18-00-2721-11,18,0,70A44C,2721,11,シャドウ,"シャドウ
『古、契約、指輪、アメジスト』{W}",,
18-00-2721-12,18,0,70A44C,2721,12,クラース,"{N4}
「よし、契約を結ぼう」{W}",,
18-00-295D-00,18,0,70A44C,295D,0,クラース,"{N4}
「我、今、闇の精に願い奉る」{W}",,
18-00-295D-01,18,0,70A44C,295D,1,クラース,"{N4}
「指輪の盟約のもと、我に精霊を従わ
　せたまえ」{W}",,
18-00-295D-02,18,0,70A44C,295D,2,クラース,"{N4}
「我が名は{N4}・・・」{W}",,
18-00-29D9-00,18,0,70A44C,29D9,0,,{TITLE:D5}を召喚できるようになりました。{W},,
18-00-29FF-00,18,0,70A44C,29FF,0,クレス,"{N1}
「これは・・・、石像か？」{W}",,
18-00-29FF-01,18,0,70A44C,29FF,1,クレス,"{N1}
「でも、こんな所に石像なんてあった
　かな？」{W}",,
18-00-29FF-02,18,0,70A44C,29FF,2,クレス,"{N1}
「持ち上げるのは無理か・・・」{W}",,
18-00-29FF-03,18,0,70A44C,29FF,3,クレス,"{N1}
「押したり引いたりするくらいならで
　きるか」{W}",,
18-00-29FF-04,18,0,70A44C,29FF,4,,"{COL:3}石像等の中には押したり引いたりする
事のできるものがあります。{W}",,
18-00-29FF-05,18,0,70A44C,29FF,5,,"操作は簡単。自分の真正面に石像が来
る位置で決定ボタンを押しながら移動
します。{W}",,
18-00-29FF-06,18,0,70A44C,29FF,6,,この石像で試してみましょう。{COL:2}{W},,
18-00-2B6D-00,18,0,70A44C,2B6D,0,クレス,"{N1}
「{N5}ッ！！！」{W}",,
18-00-2B87-00,18,0,70A44C,2B87,0,クレス,"{N1}
「{SPD:10}・・・・・・{SPD:FF}ここは{SPD:10}・・・{SPD:FF}」{W}",,
18-00-2BBD-00,18,0,70A44C,2BBD,0,クレス,"{N1}
「{N2}、{N2}！」{W}",,
18-00-2BD7-00,18,0,70A44C,2BD7,0,ミント,"{N2}
「{N1}・・・さん・・・
　ここは{SPD:10}・・・{SPD:FF}？」{W}",,
18-00-2BD7-01,18,0,70A44C,2BD7,1,クレス,"{N1}
「ぼくにもわかんないよ」{W}",,
18-00-2C33-00,18,0,70A44C,2C33,0,クレス,"{N1}
「ここは一体どこなんだ？」{W}",,
18-00-2C57-00,18,0,70A44C,2C57,0,ミント,"{N2}
「きれい{SPD:10}・・・{SPD:FF}」{W}",,
18-00-2C79-00,18,0,70A44C,2C79,0,クレス,"{N1}
「{SPD:10}・・・{SPD:FF}{N5}は？
　{SPD:10}・・・{SPD:FF}モリスンさんは！？」{W}",,
18-00-2C79-01,18,0,70A44C,2C79,1,ミント,"{N2}
「{SPD:10}・・・{SPD:FF}モリスンさんたちなら・・
　・」{W}",,
18-00-2C79-02,18,0,70A44C,2C79,2,ミント,"{N2}
「きっと・・・、いえ絶対、大丈夫で
　すよ{SPD:10}・・・{SPD:FF}」{W}",,
18-00-2D3B-00,18,0,70A44C,2D3B,0,クレス,"{N1}
「{SPD:10}・・・・・・{SPD:FF}」{W}",,
18-00-2D5D-00,18,0,70A44C,2D5D,0,ミント,"{N2}
「私たちは今できることをやりましょ
　うよ」{W}",,
18-00-2D5D-01,18,0,70A44C,2D5D,1,ミント,"{N2}
「ねッ、{N1}さん」{W}",,
18-00-2D5D-02,18,0,70A44C,2D5D,2,ミント,"{N2}
「元気を出して{SPD:10}・・・・・・{SPD:FF}」{W}",,
18-00-2DD9-00,18,0,70A44C,2DD9,0,クレス,"{N1}
「{SPD:10}・・・{SPD:FF}ごめん、ぼくばかり落ち込ん
　でいて{SPD:10}・・・{SPD:FF}」{W}",,
18-00-2DD9-01,18,0,70A44C,2DD9,1,ミント,"{N2}
「そんなこと・・・」{W}",,
18-00-2E43-00,18,0,70A44C,2E43,0,クレス,"{N1}
「そうだッ！」{W}",,
18-00-2E43-01,18,0,70A44C,2E43,1,クレス,"{N1}
「モリスンさんから貰った本！」{W}",,
18-00-2E43-02,18,0,70A44C,2E43,2,ミント,"{N2}
「本・・・？」{W}",,
18-00-2E97-00,18,0,70A44C,2E97,0,,{N1}は本を取り出して読み始めた。{W},,
18-00-2E97-01,18,0,70A44C,2E97,1,,"本には、古の王ダオスに関することが
書かれていた。{W}",,
18-00-2E97-02,18,0,70A44C,2E97,2,,"遠い昔、あるパーティーとダオスの戦
いがあったこと。{W}",,
18-00-2E97-03,18,0,70A44C,2E97,3,,"その決戦の最後の瞬間に、ダオスが時
間転移して別の時代へ逃れたこと。{W}",,
18-00-2E97-04,18,0,70A44C,2E97,4,,そして、逃れた先でモリスンや{N1}の父母・・・、それに{N2}の母親らによって・・・{W},,
18-00-2E97-05,18,0,70A44C,2E97,5,,ダオスが封印されたこと。{W},,
18-00-2E97-06,18,0,70A44C,2E97,6,,"ダオスの力を二つに分けて封印したペ
ンダントの一つが・・・{W}",,
18-00-2E97-07,18,0,70A44C,2E97,7,,"{N1}が父からもらった
ペンダントであること・・・。{W}",,
18-00-3045-00,18,0,70A44C,3045,0,ミント,"{N2}
「これは{SPD:10}・・・{SPD:FF}」{W}",,
18-00-3045-01,18,0,70A44C,3045,1,クレス,"{N1}
「ぼくたちが・・・、これからするこ
　とは・・・」{W}",,
18-00-3045-02,18,0,70A44C,3045,2,ミント,"{N2}
「ダオスを倒す方法を見つける事です
　ね」{W}",,
18-00-3045-03,18,0,70A44C,3045,3,ミント,"{N2}
「でも、とりあえず人のいる所を探し
　ましょう」{W}",,
18-00-3045-04,18,0,70A44C,3045,4,クレス,"{N1}
「ああ」{W}",,
18-00-311B-00,18,0,70A44C,311B,0,クレス,"{N1}
「・・・！！」{W}",,
18-00-311B-01,18,0,70A44C,311B,1,ミント,"{N2}
「・・・！」{W}",,
18-00-3147-00,18,0,70A44C,3147,0,ミント,"{N2}
「それは{SPD:10}・・・{SPD:FF}{N5}さんの弓
　{SPD:10}・・・{SPD:FF}」{W}",,
18-00-3147-01,18,0,70A44C,3147,1,クレス,"{N1}
「{N5}・・・！！」{W}",,
18-00-31A1-00,18,0,70A44C,31A1,0,ミント,"{N2}
「{N1}さん！」{W}",,
18-00-31A1-01,18,0,70A44C,31A1,1,ミント,"{N2}
「きっと・・・、きっと大丈夫だから
　{SPD:10}・・・{SPD:FF}」{W}",,
18-00-31F7-00,18,0,70A44C,31F7,0,クレス,"{N1}
「・・・ちくしょう！！」{W}",,
18-00-3219-00,18,0,70A44C,3219,0,エドワードの妻・リリス,"エドワードの妻・リリス
「まぁ、グロムさん」{W}",,
18-00-3219-01,18,0,70A44C,3219,1,ルーングロム,"ルーングロム
「ごぶさたしています」{W}",,
18-00-3219-02,18,0,70A44C,3219,2,ルーングロム,"ルーングロム
「エドワードについてはたいへん気の
　毒なことを・・・」{W}",,
18-00-3219-03,18,0,70A44C,3219,3,リリス,"リリス
「いえ・・・、どうぞお気になさらず
　に」{W}",,
18-00-3219-04,18,0,70A44C,3219,4,ルーングロム,"ルーングロム
「実は、エドワードの書斎に通しても
　らいたいのですが」{W}",,
18-00-3219-05,18,0,70A44C,3219,5,リリス,"リリス
「・・・構いませんが、カギがかかっ
　て入れないんですよ」{W}",,
18-00-3219-06,18,0,70A44C,3219,6,ルーングロム,"ルーングロム
「このカギは？」{W}",,
18-00-3219-07,18,0,70A44C,3219,7,リリス,"リリス
「まあ！」{W}",,
18-00-3219-08,18,0,70A44C,3219,8,リリス,"リリス
「なぜ？」{W}",,
18-00-3219-09,18,0,70A44C,3219,9,ルーングロム,"ルーングロム
「・・・エドワードから頼まれまして
　ね」{W}",,
18-00-3219-10,18,0,70A44C,3219,10,リリス,"リリス
「そういうことでしたら、どうぞこち
　らへ」{W}",,
18-00-342F-00,18,0,70A44C,342F,0,リリス,"リリス
「主人の書斎はこの扉をくぐったニ階
　にありますわ」{W}",,
18-00-346F-00,18,0,70A44C,346F,0,ルーングロム,"ルーングロム
「あいつは昔から一人である研究を続
　けていた」{W}",,
18-00-346F-01,18,0,70A44C,346F,1,ルーングロム,"ルーングロム
「それは時間転移についてだ」{W}",,
18-00-346F-02,18,0,70A44C,346F,2,クラース,"{N4}
「その集大成が、この本というわけか
　・・・」{W}",,
18-00-3513-00,18,0,70A44C,3513,0,アーチェ,"{N3}
「どうなの？」{W}",,
18-00-352B-00,18,0,70A44C,352B,0,クラース,"{N4}
「{SPD:10}・・・{SPD:FF}簡単に言うぞ」{W}",,
18-00-352B-01,18,0,70A44C,352B,1,クラース,"{N4}
「超古代に栄えた王国が海底に沈んで
　いるらしい」{W}",,
18-00-352B-02,18,0,70A44C,352B,2,クラース,"{N4}
「名はトールというが・・・」{W}",,
18-00-352B-03,18,0,70A44C,352B,3,クラース,"{N4}
「その王国は信じられない技術で時間
　転移を実現していた」{W}",,
18-00-352B-04,18,0,70A44C,352B,4,ミント,"{N2}
「超古代都市・・・トール？」{W}",,
18-00-352B-05,18,0,70A44C,352B,5,アーチェ,"{N3}
「でもさ、沈んだんじゃ、しょうがな
　いじゃん」{W}",,
18-00-352B-06,18,0,70A44C,352B,6,クラース,"{N4}
「・・・信じられない技術と言っただ
　ろ？」{W}",,
18-00-352B-07,18,0,70A44C,352B,7,クラース,"{N4}
「文面から察するに、まだその都市は
　滅んではいないらしい」{W}",,
18-00-352B-08,18,0,70A44C,352B,8,クラース,"{N4}
「だが、その海底まで行く手段が無い
　と書いてある」{W}",,
18-00-352B-09,18,0,70A44C,352B,9,ルーングロム,"ルーングロム
「・・・確かに」{W}",,
18-00-352B-10,18,0,70A44C,352B,10,ルーングロム,"ルーングロム
「そんな技術も魔法もないな」{W}",,
18-00-352B-11,18,0,70A44C,352B,11,クラース,"{N4}
「だが・・・{N4}なら{SPD:40}、{SPD:FF}
　できるだろう・・・」{W}",,
18-00-352B-12,18,0,70A44C,352B,12,クラース,"{N4}
「とも、書いてある」{W}",,
18-00-37A9-00,18,0,70A44C,37A9,0,ルーングロム,"ルーングロム
「で、どうするつもりだ？」{W}",,
18-00-37A9-01,18,0,70A44C,37A9,1,クラース,"{N4}
「位置的には・・・」{W}",,
18-00-37A9-02,18,0,70A44C,37A9,2,クラース,"{N4}
「ベネツィアの北東の沖合い約１００
　キロくらいの所なので・・・」{W}",,
18-00-37A9-03,18,0,70A44C,37A9,3,クラース,"{N4}
「まずはそこから調べてみます」{W}",,
18-00-37A9-04,18,0,70A44C,37A9,4,ルーングロム,"ルーングロム
「そうか」{W}",,
18-00-37A9-05,18,0,70A44C,37A9,5,ルーングロム,"ルーングロム
「できれば私もついて行きたいのだが
　そうもいかんしな」{W}",,
18-00-37A9-06,18,0,70A44C,37A9,6,ルーングロム,"ルーングロム
「がんばってくれ」{W}",,
18-00-38E5-00,18,0,70A44C,38E5,0,クラース,"{N4}
「まずは、ベネツィアに向かうか」{W}",,
18-00-390F-00,18,0,70A44C,390F,0,ミント,"{N2}
「待って下さい」{W}",,
18-00-390F-01,18,0,70A44C,390F,1,ミント,"{N2}
「トールに行ったら・・・」{W}",,
18-00-390F-02,18,0,70A44C,390F,2,ミント,"{N2}
「もう戻って来れないかもしれないで
　すよね？」{W}",,
18-00-390F-03,18,0,70A44C,390F,3,ミント,"{N2}
「だったら、先にユグドラシルを何と
　かしないと・・・」{W}",,
18-00-390F-04,18,0,70A44C,390F,4,ミント,"{N2}
「私たちの時代はユグドラシルが朽ち
　果てているんです」{W}",,
18-00-390F-05,18,0,70A44C,390F,5,ミント,"{N2}
「とすると・・・」{W}",,
18-00-390F-06,18,0,70A44C,390F,6,クラース,"{N4}
「マナが全く失われているわけで魔法
　も全く使えない・・・」{W}",,
18-00-390F-07,18,0,70A44C,390F,7,クラース,"{N4}
「と、いうわけだな」{W}",,
18-00-390F-08,18,0,70A44C,390F,8,クラース,"{N4}
「とすると・・・」{W}",,
18-00-390F-09,18,0,70A44C,390F,9,アーチェ,"{N3}
「魔法でしか傷つけられないダオスに
　は勝てない・・・」{W}",,
18-00-390F-10,18,0,70A44C,390F,10,アーチェ,"{N3}
「と、いうわけじゃん？」{W}",,
18-00-390F-11,18,0,70A44C,390F,11,クラース,"{N4}
「その通りだ」{W}",,
18-00-3B0D-00,18,0,70A44C,3B0D,0,クレス,"{N1}
「ちょっと待って、頭がこんがらがっ
　たんだけど・・・」{W}",,
18-00-3B4F-00,18,0,70A44C,3B4F,0,クラース,"{N4}
「つまりだ」{W}",,
18-00-3B4F-01,18,0,70A44C,3B4F,1,クラース,"{N4}
「君たちの時代でも魔法が使えるよう
　に・・・」{W}",,
18-00-3B4F-02,18,0,70A44C,3B4F,2,クラース,"{N4}
「ユグドラシルが朽ち果てないような
　方法を見つける」{W}",,
18-00-3B4F-03,18,0,70A44C,3B4F,3,クラース,"{N4}
「その次にベネツィアから船で沖合い
　に出て・・・」{W}",,
18-00-3B4F-04,18,0,70A44C,3B4F,4,クラース,"{N4}
「トールの位置を調べる」{W}",,
18-00-3B4F-05,18,0,70A44C,3B4F,5,クラース,"{N4}
「わかったか？」",,
18-00-3C4D-00,18,0,70A44C,3C4D,0,アーチェ,"{N3}
「アルヴァニスタの最新ファッション
　って言えば・・・」{W}",,
18-00-3C8F-00,18,0,70A44C,3C8F,0,クラース,"{N4}
「よくしゃべるなぁ・・・」{W}",,
18-00-3C8F-01,18,0,70A44C,3C8F,1,クラース,"{N4}
「オレはもう、退屈で死にそうだよ」{W}",,
18-00-3CDD-00,18,0,70A44C,3CDD,0,鍛冶職人,"鍛冶職人
「できたぞ～」{W}",,
18-00-3CF9-00,18,0,70A44C,3CF9,0,鍛冶職人,"鍛冶職人
「お待たせっ！」{W}",,
18-00-3CF9-01,18,0,70A44C,3CF9,1,鍛冶職人,"鍛冶職人
「象牙と言えばじゃんぱいだ！」{W}",,
18-00-3CF9-02,18,0,70A44C,3CF9,2,鍛冶職人,"鍛冶職人
「お前の持ってきた材料から{VAR:E13580}コ
　のじゃんぱいができたぞ」{W}",,
18-00-3D8A-00,18,0,70A44C,3D8A,0,,じゃんぱいを手に入れました。{W},,
18-00-3D8A-01,18,0,70A44C,3D8A,1,鍛冶職人,"鍛冶職人
「また象牙を手に入れたら、持ってき
　てくれよ」{W}",,
18-00-3DE6-00,18,0,70A44C,3DE6,0,クラース,"{N4}
「よし、行くぞ」{W}",,
18-00-3DE6-01,18,0,70A44C,3DE6,1,クラース,"{N4}
「・・・あれ、{N5}は？」{W}",,
18-00-3DE6-02,18,0,70A44C,3DE6,2,アーチェ,"{N3}
「外で待ってるよ」{W}",,
18-00-3E3A-00,18,0,70A44C,3E3A,0,アーチェ,"{N3}
「じゃあまたね、サミーちゃん」{W}",,
18-00-3E3A-01,18,0,70A44C,3E3A,1,サミー,"サミー
「うん！」{W}",,
18-00-3E3A-02,18,0,70A44C,3E3A,2,サミー,"サミー
「またね、お姉ちゃん」{W}",,
18-00-3E96-00,18,0,70A44C,3E96,0,チェスター,"{N5}
「やっと終わったか」{W}",,
18-00-3E96-01,18,0,70A44C,3E96,1,チェスター,"{N5}
「待ちくたびれちまったぜ」{W}",,
18-00-3ED6-00,18,0,70A44C,3ED6,0,アーチェ,"{N3}
「うわぁ～！」{W}",,
18-00-3EEE-00,18,0,70A44C,3EEE,0,アーチェ,"{N3}
「ねえ、見て見てっ！」{W}",,
18-00-3EEE-01,18,0,70A44C,3EEE,1,アーチェ,"{N3}
「すっごく景色良いよ！」{W}",,
18-00-3F2E-00,18,0,70A44C,3F2E,0,アーチェ,"{N3}
「ねっ、キレイでしょ！」{W}",,
18-00-3F2E-01,18,0,70A44C,3F2E,1,ミント,"{N2}
「そうですね」{W}",,
18-00-3F2E-02,18,0,70A44C,3F2E,2,ミント,"{N2}
「なんだか、清々しい気持ちになりま
　すね」{W}",,
18-00-3F2E-03,18,0,70A44C,3F2E,3,クラース,"{N4}
「そうだな」{W}",,
18-00-3F2E-04,18,0,70A44C,3F2E,4,クレス,"{N1}
「一瞬、戦いの事を忘れちゃうね」{W}",,
18-00-3FD6-00,18,0,70A44C,3FD6,0,クレス,"{N1}
「おっ、おい・・・」{W}",,
18-00-3FD6-01,18,0,70A44C,3FD6,1,クレス,"{N1}
「どっ、どこ行くんだ・・・？
　{N5}・・・？」{W}",,
18-00-402A-00,18,0,70A44C,402A,0,チェスター,"{N5}
「うおぉぉぉぉっ！！！」{W}",,
18-00-402A-01,18,0,70A44C,402A,1,チェスター,"{N5}
「ダオスは絶対に俺が倒す！！」{W}",,
18-00-4072-00,18,0,70A44C,4072,0,クレス,"{N1}
「そ・・・、そろそろ行こうか」{W}",,
18-00-4072-01,18,0,70A44C,4072,1,クラース,"{N4}
「そうだな・・・」{W}",,
18-00-40B4-00,18,0,70A44C,40B4,0,,{COL:2}{N5}は『{TITLE:1E2}』の称号を得ました。{W},,
18-00-40B4-01,18,0,70A44C,40B4,1,,{COL:0},,
18-00-40E0-00,18,0,70A44C,40E0,0,クレス,"{N1}
「{N5}・・・」{W}",,
18-00-40E0-01,18,0,70A44C,40E0,1,クレス,"{N1}
「少し休んだらどうだ」{W}",,
18-00-4116-00,18,0,70A44C,4116,0,チェスター,"{N5}
「{N1}か・・・」{W}",,
18-00-4130-00,18,0,70A44C,4130,0,クレス,"{N1}
「{N3}に言われた事{SPD:10}・・・{SPD:FF}
　気にしてるのか？」{W}",,
18-00-4170-00,18,0,70A44C,4170,0,チェスター,"{N5}
「まあ、それもあるけどな」{W}",,
18-00-4194-00,18,0,70A44C,4194,0,チェスター,"{N5}
「何よりも、お前の事が気になるんだ
　よ」{W}",,
18-00-41C8-00,18,0,70A44C,41C8,0,クレス,"{N1}
「・・・？」{W}",,
18-00-41DE-00,18,0,70A44C,41DE,0,チェスター,"{N5}
「お前と俺は、剣と弓の違いこそあれ
　共に修行をしてきた仲だ」{W}",,
18-00-4226-00,18,0,70A44C,4226,0,チェスター,"{N5}
「だが、俺とは違う時間の流れの中で
　お前は強くなった」{W}",,
18-00-4226-01,18,0,70A44C,4226,1,チェスター,"{N5}
「たくましくなった！」{W}",,
18-00-4286-00,18,0,70A44C,4286,0,チェスター,"{N5}
「なんだか{SPD:10}・・・{SPD:FF}
　焦っちまうんだよな・・・」{W}",,
18-00-42C6-00,18,0,70A44C,42C6,0,チェスター,"{N5}
「なあ、{N1}{SPD:10}・・・{SPD:FF}」{W}",,
18-00-42C6-01,18,0,70A44C,42C6,1,チェスター,"{N5}
「トーティス村のみんなが夢に出るこ
　とはあるか？」{W}",,
18-00-42C6-02,18,0,70A44C,42C6,2,クレス,"{N1}
「ああ{SPD:10}・・・{SPD:FF}」{W}",,
18-00-4346-00,18,0,70A44C,4346,0,チェスター,"{N5}
「俺はここのところ毎晩さ」{W}",,
18-00-436A-00,18,0,70A44C,436A,0,チェスター,"{N5}
「村が襲われた時の事を考えると、眠
　れなくなるんだ」{W}",,
18-00-43AA-00,18,0,70A44C,43AA,0,チェスター,"{N5}
「こうして弓を射ってると、気持ちが
　少しまぎれる{SPD:10}・・・{SPD:FF}」{W}",,
18-00-43F6-00,18,0,70A44C,43F6,0,チェスター,"{N5}
「{N1}・・・知ってたか？」{W}",,
18-00-43F6-01,18,0,70A44C,43F6,1,チェスター,"{N5}
「アミィの奴{SPD:10}、{SPD:FF}お前のことが好きだっ
　たんだぜ{SPD:10}・・・{SPD:FF}」{W}",,
18-00-4468-00,18,0,70A44C,4468,0,,この訓練によって{N5}に経験値が加算されます。{W},,
18-00-4498-00,18,0,70A44C,4498,0,,{SPD:0}{COL:2}ＬＥＶＥＬ　ＵＰ！{W},,
18-00-44B6-00,18,0,70A44C,44B6,0,,"{SPD:0}{COL:2}ＬＥＶＥＬ　ＵＰ！
ＮＥＷ　ＳＫＩＬＬ！{W}",,
18-00-44EA-00,18,0,70A44C,44EA,0,,{SPD:0}{COL:2}ＬＥＶＥＬ　ＵＰ！{W},,
18-00-4508-00,18,0,70A44C,4508,0,,"{SPD:0}{COL:2}ＬＥＶＥＬ　ＵＰ！
ＮＥＷ　ＳＫＩＬＬ！{W}",,
18-00-453C-00,18,0,70A44C,453C,0,,{COL:2}{N5}は『{TITLE:1DC}』の称号を得ました。{W},,
18-00-453C-01,18,0,70A44C,453C,1,,{COL:0},,
18-00-4568-00,18,0,70A44C,4568,0,アーチェ,"{N3}
「アンタ、何してんの？」{W}",,
18-00-4568-01,18,0,70A44C,4568,1,チェスター,"{N5}
「別に」{W}",,
18-00-4568-02,18,0,70A44C,4568,2,アーチェ,"{N3}
「別にって・・・
　こんな真夜中に・・・」{W}",,
18-00-45CC-00,18,0,70A44C,45CC,0,チェスター,"{N5}
「何をしようがオレの勝手だろ」{W}",,
18-00-45CC-01,18,0,70A44C,45CC,1,アーチェ,"{N3}
「・・・あたしが弱そうって言ったこ
　と、気にしてたんだ」{W}",,
18-00-4636-00,18,0,70A44C,4636,0,チェスター,"{N5}
「そんなんじゃねぇよ」{W}",,
18-00-4636-01,18,0,70A44C,4636,1,アーチェ,"{N3}
「じゃあ、なんなのよ？」{W}",,
18-00-4676-00,18,0,70A44C,4676,0,チェスター,"{N5}
「なんでもないって言ってるだろ！」{W}",,
18-00-4676-01,18,0,70A44C,4676,1,チェスター,"{N5}
「用がないんだったら、どっかへ行け
　よ」{W}",,
18-00-46D4-00,18,0,70A44C,46D4,0,アーチェ,"{N3}
「あっそ、わかったわよ」{W}",,
18-00-46F6-00,18,0,70A44C,46F6,0,アーチェ,"{N3}
「でもさ、焦ってもしょうがないと思
　うよ」{W}",,
18-00-46F6-01,18,0,70A44C,46F6,1,アーチェ,"{N3}
「じゃあね」{W}",,
18-00-4740-00,18,0,70A44C,4740,0,チェスター,"{N5}
「おい！」{W}",,
18-00-4754-00,18,0,70A44C,4754,0,チェスター,"{N5}
「お前に何がわかるっていうんだ」{W}",,
18-00-4754-01,18,0,70A44C,4754,1,チェスター,"{N5}
「俺は妹を殺された・・・
　まだ１１歳だったんだぞ！」{W}",,
18-00-4754-02,18,0,70A44C,4754,2,チェスター,"{N5}
「ところがどうだ！」{W}",,
18-00-4754-03,18,0,70A44C,4754,3,チェスター,"{N5}
「結局、その仇はダオスの奴に殺され
　ちまった」{W}",,
18-00-4754-04,18,0,70A44C,4754,4,チェスター,"{N5}
「この悔しさや焦りがお前にわかるの
　か？」{W}",,
18-00-4844-00,18,0,70A44C,4844,0,アーチェ,"{N3}
「それは・・・」{W}",,
18-00-485E-00,18,0,70A44C,485E,0,アーチェ,"{N3}
「それは・・・
　{N1}だって同じじゃん」{W}",,
18-00-485E-01,18,0,70A44C,485E,1,アーチェ,"{N3}
「妹さんのコト、忘れるべきだなんて
　言わないよ」{W}",,
18-00-485E-02,18,0,70A44C,485E,2,アーチェ,"{N3}
「だけど、あんたはその悔しさや焦り
　が見えすぎなのよ」{W}",,
18-00-490A-00,18,0,70A44C,490A,0,アーチェ,"{N3}
「見てると・・・
　息がつまっちゃうよ・・・」{W}",,
18-00-4942-00,18,0,70A44C,4942,0,チェスター,"{N5}
「・・・・・・」{W}",,
18-00-4942-01,18,0,70A44C,4942,1,チェスター,"{N5}
「・・・もう、行ってくれないか」{W}",,
18-00-4984-00,18,0,70A44C,4984,0,アーチェ,"{N3}
「・・・まあ、せいぜいがんばってよ
　ね、{N5}・・・」{W}",,
18-00-49C4-00,18,0,70A44C,49C4,0,,この訓練によって{N5}に経験値が加算されます。{W},,
18-00-49F4-00,18,0,70A44C,49F4,0,,{SPD:0}{COL:2}ＬＥＶＥＬ　ＵＰ！{W},,
18-00-4A12-00,18,0,70A44C,4A12,0,,"{SPD:0}{COL:2}ＬＥＶＥＬ　ＵＰ！
ＮＥＷ　ＳＫＩＬＬ！{W}",,
18-00-4A46-00,18,0,70A44C,4A46,0,,{SPD:0}{COL:2}ＬＥＶＥＬ　ＵＰ！{W},,
18-00-4A64-00,18,0,70A44C,4A64,0,,"{SPD:0}{COL:2}ＬＥＶＥＬ　ＵＰ！
ＮＥＷ　ＳＫＩＬＬ！{W}",,
18-00-4A98-00,18,0,70A44C,4A98,0,チェスター,"{N5}
「くそ・・・」{W}",,
18-00-4AB0-00,18,0,70A44C,4AB0,0,チェスター,"{N5}
「弱そうだぁ？」{W}",,
18-00-4ACA-00,18,0,70A44C,4ACA,0,チェスター,"{N5}
「ふざけんなよッ！」{W}",,
18-00-4AE8-00,18,0,70A44C,4AE8,0,チェスター,"{N5}
「あのバカ女！」{W}",,
18-00-4B02-00,18,0,70A44C,4B02,0,チェスター,"{N5}
「俺は・・・、足手まといになんかな
　らない！」{W}",,
18-00-4B3C-00,18,0,70A44C,4B3C,0,チェスター,"{N5}
「なってたまるものかッ！」{W}",,
18-00-4B60-00,18,0,70A44C,4B60,0,チェスター,"{N5}
「今に見てろ・・・」{W}",,
18-00-4B7E-00,18,0,70A44C,4B7E,0,チェスター,"{N5}
「絶対に見返してやるッ！」{W}",,
18-00-4BA2-00,18,0,70A44C,4BA2,0,,この訓練によって{N5}に経験値が加算されます。{W},,
18-00-4BD2-00,18,0,70A44C,4BD2,0,,{SPD:0}{COL:2}ＬＥＶＥＬ　ＵＰ！{W},,
18-00-4BF0-00,18,0,70A44C,4BF0,0,,"{SPD:0}{COL:2}ＬＥＶＥＬ　ＵＰ！
ＮＥＷ　ＳＫＩＬＬ！{W}",,
18-00-4C24-00,18,0,70A44C,4C24,0,,{SPD:0}{COL:2}ＬＥＶＥＬ　ＵＰ！{W},,
18-00-4C42-00,18,0,70A44C,4C42,0,,"{SPD:0}{COL:2}ＬＥＶＥＬ　ＵＰ！
ＮＥＷ　ＳＫＩＬＬ！{W}",,
18-00-4C76-00,18,0,70A44C,4C76,0,クラース,"{N4}
「{N1}」{W}",,
18-00-4C76-01,18,0,70A44C,4C76,1,クラース,"{N4}
「{N3}がいないぞ」{W}",,
18-00-4C76-02,18,0,70A44C,4C76,2,ミント,"{N2}
「この先へは{N3}さんと
　合流してからにしましょう」{W}",,
18-00-4CDE-00,18,0,70A44C,4CDE,0,研究員,"研究員
「なんじゃおぬしは・・・」{W}",,
18-00-4D04-00,18,0,70A44C,4D04,0,研究員,"研究員
「は～、忙しい忙しい・・・」{W}",,
18-00-4D2C-00,18,0,70A44C,4D2C,0,研究員？,"研究員？
「ちょっと邪魔だよ！！」{W}",,
18-00-4D2C-01,18,0,70A44C,4D2C,1,研究員？,"研究員？
「用があるなら二階にいきな」{W}",,
18-00-4D7A-00,18,0,70A44C,4D7A,0,研究員？,"研究員？
「眠い～～」{W}",,
18-00-4D7A-01,18,0,70A44C,4D7A,1,研究員？,"研究員？
「三日もねてないの・・・」{W}",,
18-00-4DBA-00,18,0,70A44C,4DBA,0,研究員,"研究員
「ほぅほぅ・・・」{W}",,
18-00-4DD8-00,18,0,70A44C,4DD8,0,研究員,"研究員
「あぁっ！？」{W}",,
18-00-4DD8-01,18,0,70A44C,4DD8,1,研究員,"研究員
「大事なところが破けてる！！」{W}",,
18-00-4E1A-00,18,0,70A44C,4E1A,0,研究員,"研究員
「こんにちは、{N3}さん」{W}",,
18-00-4E1A-01,18,0,70A44C,4E1A,1,研究員,"研究員
「お話はミゲールの町の神父さんから
　聞いております」{W}",,
18-00-4E1A-02,18,0,70A44C,4E1A,2,研究員,"研究員
「我々の研究の手伝いをしていただけ
　るそうで・・・」{W}",,
18-00-4E1A-03,18,0,70A44C,4E1A,3,アーチェ,"{N3}
「まあ、まだやるって決めたわけじゃ
　ないけど・・・」{W}",,
18-00-4E1A-04,18,0,70A44C,4E1A,4,アーチェ,"{N3}
「とりあえず、話ぐらいは聞いてみよ
　うかなって」{W}",,
18-00-4E1A-05,18,0,70A44C,4E1A,5,研究員,"研究員
「そうですか、では、まずは簡単に説
　明します」{W}",,
18-00-4E1A-06,18,0,70A44C,4E1A,6,研究員,"研究員
「私たちはモンスターの進化の研究を
　しています」{W}",,
18-00-4E1A-07,18,0,70A44C,4E1A,7,研究員,"研究員
「私の研究の結果では・・・」{W}",,
18-00-4E1A-08,18,0,70A44C,4E1A,8,研究員,"研究員
「クレイアイドルが特殊な進化過程を
　へてきたようなのです」{W}",,
18-00-4E1A-09,18,0,70A44C,4E1A,9,研究員,"研究員
「それを立証する為には・・・」{W}",,
18-00-4E1A-10,18,0,70A44C,4E1A,10,研究員,"研究員
「どうしてもクレイアイドルのサンプ
　ルが必要なのです」{W}",,
18-00-4E1A-11,18,0,70A44C,4E1A,11,研究員,"研究員
「どうにかクレイアイドルを捕獲して
　いただけないですかな？」{W}",,
18-00-4E1A-12,18,0,70A44C,4E1A,12,アーチェ,"{N3}
「う～ん・・・」{W}",,
18-00-4E1A-13,18,0,70A44C,4E1A,13,,引き受けますか？,,
18-00-50F2-00,18,0,70A44C,50F2,0,アーチェ,"{N3}
「ゴメン、今いそがしいから！」{W}",,
18-00-50F2-01,18,0,70A44C,50F2,1,研究員,"研究員
「そうですか、残念です」{W}",,
18-00-513C-00,18,0,70A44C,513C,0,アーチェ,"{N3}
「わかったわ」{W}",,
18-00-513C-01,18,0,70A44C,513C,1,アーチェ,"{N3}
「とりあえず、捕まえてくればいいの
　ね？」{W}",,
18-00-513C-02,18,0,70A44C,513C,2,研究員,"研究員
「おお、よろしくお願いします！」{W}",,
18-00-513C-03,18,0,70A44C,513C,3,アーチェ,"{N3}
「まかせといて！」{W}",,
18-00-51CC-00,18,0,70A44C,51CC,0,研究員,"研究員
「私の計算ではクレイアイドルは精霊
　の洞窟にいるでしょう」{W}",,
18-00-5214-00,18,0,70A44C,5214,0,アーチェ,"{N3}
「ごめんなさい、連れて来れなかった
　の・・・」{W}",,
18-00-5214-01,18,0,70A44C,5214,1,研究員,"研究員
「なんだって！」{W}",,
18-00-5214-02,18,0,70A44C,5214,2,アーチェ,"{N3}
「約束、守れなくってごめんなさい」{W}",,
18-00-5214-03,18,0,70A44C,5214,3,研究員,"研究員
「な、なんという事だ・・・」{W}",,
18-00-5214-04,18,0,70A44C,5214,4,研究員,"研究員
「・・・時空の英雄と言っても、所詮
　その程度だという事か・・・」{W}",,
18-00-5214-05,18,0,70A44C,5214,5,アーチェ,"{N3}
「ムカッ！！」{W}",,
18-00-5214-06,18,0,70A44C,5214,6,アーチェ,"{N3}
「なんなのよー、その言い草は！」{W}",,
18-00-5214-07,18,0,70A44C,5214,7,研究員,"研究員
「だってそうでしょう？」{W}",,
18-00-5214-08,18,0,70A44C,5214,8,研究員,"研究員
「私はあなた方を信用してお願いした
　んだ」{W}",,
18-00-5214-09,18,0,70A44C,5214,9,研究員,"研究員
「まったく、どう責任取るつもりなん
　だ！！」{W}",,
18-00-5214-10,18,0,70A44C,5214,10,アーチェ,"{N3}
「うぐ・・・」{W}",,
18-00-5214-11,18,0,70A44C,5214,11,研究員,"研究員
「まあ、良いでしょう・・・」{W}",,
18-00-5214-12,18,0,70A44C,5214,12,研究員,"研究員
「あなた方を信用した私が悪かったの
　でしょう」{W}",,
18-00-5214-13,18,0,70A44C,5214,13,アーチェ,"{N3}
「う・・・・・・」{W}",,
18-00-5462-00,18,0,70A44C,5462,0,アーチェ,"{N3}
「かえろっか・・・」{W}",,
18-00-5462-01,18,0,70A44C,5462,1,すず,"{N6}
「そうですね・・・」{W}",,
18-00-549C-00,18,0,70A44C,549C,0,研究員,"研究員
「まだいたんですか」{W}",,
18-00-549C-01,18,0,70A44C,549C,1,研究員,"研究員
「用がないのならさっさと帰って
　ください」{W}",,
18-00-54F2-00,18,0,70A44C,54F2,0,アーチェ,"{N3}
「約束どおり連れてきたわよ！」{W}",,
18-00-54F2-01,18,0,70A44C,54F2,1,研究員,"研究員
「おおっ！」{W}",,
18-00-54F2-02,18,0,70A44C,54F2,2,研究員,"研究員
「これぞまさにクレイアイドル！！」{W}",,
18-00-54F2-03,18,0,70A44C,54F2,3,研究員,"研究員
「さあ、早くこちらへ」{W}",,
18-00-54F2-04,18,0,70A44C,54F2,4,アーチェ,"{N3}
「その前に・・・」{W}",,
18-00-54F2-05,18,0,70A44C,54F2,5,アーチェ,"{N3}
「この子に聞いたんだけど・・・」{W}",,
18-00-54F2-06,18,0,70A44C,54F2,6,アーチェ,"{N3}
「この子の仲間のクレイアイドルたち
　の事、知らない？」{W}",,
18-00-55FE-00,18,0,70A44C,55FE,0,研究員,"研究員
「いったい、なんの事かね・・・？」{W}",,
18-00-55FE-01,18,0,70A44C,55FE,1,アーチェ,"{N3}
「・・・・・・別に」{W}",,
18-00-55FE-02,18,0,70A44C,55FE,2,アーチェ,"{N3}
「ちょっと気になっただけなんだけど
　さ・・・」{W}",,
18-00-55FE-03,18,0,70A44C,55FE,3,研究員,"研究員
「私が、なにか隠しているとでも？」{W}",,
18-00-55FE-04,18,0,70A44C,55FE,4,アーチェ,"{N3}
「別に～・・・」{W}",,
18-00-56C4-00,18,0,70A44C,56C4,0,研究員,"研究員
「そんな事よりも、さあ早くこちらに
　よこしなさい」{W}",,
18-00-56C4-01,18,0,70A44C,56C4,1,アーチェ,"{N3}
「なんか怪しいのよね～」{W}",,
18-00-56C4-02,18,0,70A44C,56C4,2,研究員,"研究員
「ば・・・、馬鹿なことを言うんじゃ
　ないよ」{W}",,
18-00-56C4-03,18,0,70A44C,56C4,3,研究員,"研究員
「私は何も隠し事などしていないよ」{W}",,
18-00-56C4-04,18,0,70A44C,56C4,4,アーチェ,"{N3}
「やーねー、ちょっとした冗談よ」{W}",,
18-00-56C4-05,18,0,70A44C,56C4,5,アーチェ,"{N3}
「思ったより厄介な依頼だったから、
　ちょっとイジワルしただけ▽」{W}",,
18-00-56C4-06,18,0,70A44C,56C4,6,研究員,"研究員
「ハハハ、まったく、人が悪いですな
　{N3}さん・・・」{W}",,
18-00-56C4-07,18,0,70A44C,56C4,7,アーチェ,"{N3}
「ふふ、で、この子はいくらで売れる
　の」{W}",,
18-00-56C4-08,18,0,70A44C,56C4,8,研究員,"研究員
「ああ、そうですね・・・」{W}",,
18-00-56C4-09,18,0,70A44C,56C4,9,研究員,"研究員
「大体・・・、２５，０００，０００
　ガルドの値がつくでしょう」{W}",,
18-00-58DA-00,18,0,70A44C,58DA,0,研究員,"研究員
「・・・・・・・・・あれ？」{W}",,
18-00-58DA-01,18,0,70A44C,58DA,1,アーチェ,"{N3}
「ついに正体を現したわね！！」{W}",,
18-00-58DA-02,18,0,70A44C,58DA,2,研究員,"研究員
「うわぁぁぁぁぁぁ・・・」{W}",,
18-00-594C-00,18,0,70A44C,594C,0,アーチェ,"{N3}
「さ、帰ろ▽　{N6}ちゃん」{W}",,
18-00-594C-01,18,0,70A44C,594C,1,すず,"{N6}
「・・・やりすぎなんじゃ・・・」{W}",,
18-00-594C-02,18,0,70A44C,594C,2,アーチェ,"{N3}
「いいのいいの▽」{W}",,
18-00-594C-03,18,0,70A44C,594C,3,アーチェ,"{N3}
「つかまってたクレイアイドルたちも
　無事に戻っていったし・・・」{W}",,
18-00-594C-04,18,0,70A44C,594C,4,アーチェ,"{N3}
「これにて一件落着って感じ？」{W}",,
18-00-594C-05,18,0,70A44C,594C,5,すず,"{N6}
「はぁ・・・・・・」{W}",,
18-00-5A3E-00,18,0,70A44C,5A3E,0,研究員,"研究員
「おや、{N3}さん」{W}",,
18-00-5A3E-01,18,0,70A44C,5A3E,1,研究員,"研究員
「クレイアイドルは連れていないよう
　ですが・・・」{W}",,
18-00-5A3E-02,18,0,70A44C,5A3E,2,アーチェ,"{N3}
「うっさい！」{W}",,
18-00-5AB0-00,18,0,70A44C,5AB0,0,アーチェ,"{N3}
「事情はクレイアイドルから
　聞いたわ！！」{W}",,
18-00-5AB0-01,18,0,70A44C,5AB0,1,アーチェ,"{N3}
「あんたたち、あのコの仲間をさらっ
　て売りさばいてたそうね！！」{W}",,
18-00-5AB0-02,18,0,70A44C,5AB0,2,アーチェ,"{N3}
「絶対に許さないわ！！」{W}",,
18-00-5AB0-03,18,0,70A44C,5AB0,3,アーチェ,"{N3}
「覚悟ッ！！」{W}",,
18-00-5B66-00,18,0,70A44C,5B66,0,アーチェ,"{N3}
「さて、帰ろっか▽」{W}",,
18-00-5B66-01,18,0,70A44C,5B66,1,すず,"{N6}
「ちょっと気の毒です」{W}",,
18-00-5B66-02,18,0,70A44C,5B66,2,アーチェ,"{N3}
「いいのよ、自業自得ってね▽」{W}",,
18-00-5B66-03,18,0,70A44C,5B66,3,すず,"{N6}
「はぁ・・・」{W}",,
18-00-5BDE-00,18,0,70A44C,5BDE,0,アーチェ,"{N3}
「ここはいつ来てものどかでいいねぇ
　{N6}ちゃん」{W}",,
18-00-5BDE-01,18,0,70A44C,5BDE,1,すず,"{N6}
「そうですね」{W}",,
18-00-5BDE-02,18,0,70A44C,5BDE,2,アーチェ,"{N3}
「さて、では行きますか！」{W}",,
18-00-5C52-00,18,0,70A44C,5C52,0,,精霊の洞窟へ向かいますか？,,
18-00-5C6E-00,18,0,70A44C,5C6E,0,鍛冶職人,"鍛冶職人
「よう、久しぶりだな！」{W}",,
18-00-5C6E-01,18,0,70A44C,5C6E,1,鍛冶職人,"鍛冶職人
「なんの用だい？」{W}",,
18-00-5C6E-02,18,0,70A44C,5C6E,2,アーチェ,"{N3}
「このアイヴォリーでじゃんぱいを
　作って欲しいんだけど」{W}",,
18-00-5C6E-03,18,0,70A44C,5C6E,3,鍛冶職人,"鍛冶職人
「おっ、そりゃ願ってもない頼みごと
　じゃないか」{W}",,
18-00-5C6E-04,18,0,70A44C,5C6E,4,鍛冶職人,"鍛冶職人
「ちょっと待っててくれよ、
　すぐに作ってやるから」{W}",,
18-00-5D72-00,18,0,70A44C,5D72,0,鍛冶職人,"鍛冶職人
「じいさん！」{W}",,
18-00-5D72-01,18,0,70A44C,5D72,1,鍛冶職人,"鍛冶職人
「ちょっと手伝ってくれよ！」{W}",,
18-00-5DB6-00,18,0,70A44C,5DB6,0,,　　　　ニ時間後・・・,,
18-00-5DCE-00,18,0,70A44C,5DCE,0,鍛冶職人,"鍛冶職人
「待たせたな」{W}",,
18-00-5DCE-01,18,0,70A44C,5DCE,1,鍛冶職人,"鍛冶職人
「ほら、出来たぜ」{W}",,
18-00-5DCE-02,18,0,70A44C,5DCE,2,,じゃんぱいを手に入れました{W},,
18-00-5DCE-03,18,0,70A44C,5DCE,3,アーチェ,"{N3}
「ありがとう」{W}",,
18-00-5E3A-00,18,0,70A44C,5E3A,0,すず,"{N6}
「それでは、戻りましょうか」{W}",,
18-00-5E3A-01,18,0,70A44C,5E3A,1,アーチェ,"{N3}
「そうね」{W}",,
18-00-5E72-00,18,0,70A44C,5E72,0,すず,"{N6}
「そろそろ時間ですね・・・」{W}",,
18-00-5E72-01,18,0,70A44C,5E72,1,アーチェ,"{N3}
「え、もう！？」{W}",,
18-00-5E72-02,18,0,70A44C,5E72,2,アーチェ,"{N3}
「うぅ・・・、大丈夫かなぁ？」{W}",,
18-00-5ED6-00,18,0,70A44C,5ED6,0,,ミゲールの町に戻りますか？,,
18-00-5EF2-00,18,0,70A44C,5EF2,0,アーチェ,"{N3}
「一回町に戻ろうか」{W}",,
18-00-5EF2-01,18,0,70A44C,5EF2,1,すず,"{N6}
「わかりました」{W}",,
18-00-5F28-00,18,0,70A44C,5F28,0,,"ミゲールの町に戻る事ができますが、
戻ると今回の依頼は失敗となります。{W}",,
18-00-5F28-01,18,0,70A44C,5F28,1,,ミゲールの町に戻りますか？,,
18-00-5F8C-00,18,0,70A44C,5F8C,0,アーチェ,"{N3}
「一回町に戻ろうか」{W}",,
18-00-5F8C-01,18,0,70A44C,5F8C,1,すず,"{N6}
「わかりました」{W}",,
18-00-5FC2-00,18,0,70A44C,5FC2,0,,"依頼を受けた町に退却しますか？
",,
18-00-5FE4-00,18,0,70A44C,5FE4,0,アーチェ,"{N3}
「一回町に戻ろうか」{W}",,
18-00-5FE4-01,18,0,70A44C,5FE4,1,すず,"{N6}
「わかりました」{W}",,
18-00-601A-00,18,0,70A44C,601A,0,アーチェ,"{N3}
「この町にまだ困ってる人が
　いる気がする・・・」{W}",,
18-00-6056-00,18,0,70A44C,6056,0,アーチェ,"{N3}
「おっといけない！」{W}",,
18-00-6056-01,18,0,70A44C,6056,1,アーチェ,"{N3}
「まだ任務の途中だった・・・」{W}",,
18-00-609A-00,18,0,70A44C,609A,0,アーチェ,"{N3}
「まだ用事がすんでないよ・・・」{W}",,
18-00-60C4-00,18,0,70A44C,60C4,0,,ＭＩＳＳＩＯＮ　ＣＯＭＰＬＥＴＥ！,,
19-00-0000-00,19,0,714ED0,0000,0,,１２星座の塔　{VAR:E0A080}階,,
19-00-0017-00,19,0,714ED0,0017,0,アーチェ,"{N3}
「『人にあらざる者が歌う、
　　　　　　　　暗き歌を望む』」{W}",,
19-00-005D-00,19,0,714ED0,005D,0,アーチェ,"{N3}
「『人にあらざる者が歌う、
　　　　　　楽しげな歌を望む』」{W}",,
19-00-00A3-00,19,0,714ED0,00A3,0,アーチェ,"{N3}
「『人にあらざる者が歌う、
　　　　　　　静かな歌を望む』」{W}",,
19-00-00E9-00,19,0,714ED0,00E9,0,アーチェ,"{N3}
「『人にあらざる者が歌う、
　　　　　　勇ましい歌を望む』」{W}",,
19-00-012F-00,19,0,714ED0,012F,0,アーチェ,"{N3}
「・・・って、書いてあるよ」{W}",,
19-00-0155-00,19,0,714ED0,0155,0,アーチェ,"{N3}
「この扉のレリーフって、星座になっ
　てない？」{W}",,
19-00-018F-00,19,0,714ED0,018F,0,クレス,"{N1}
「何かの力で封印されているようだ」{W}",,
19-00-01BB-00,19,0,714ED0,01BB,0,,{COL:3}スイッチがあります。押しますか？{COL:2},,
19-00-01E5-00,19,0,714ED0,01E5,0,クレス,"{N1}
「何も起こらない」{W}",,
19-00-0201-00,19,0,714ED0,0201,0,クレス,"{N1}
「あれは・・・」{W}",,
19-00-0201-01,19,0,714ED0,0201,1,クレス,"{N1}
「もしかして、精霊？」{W}",,
19-00-0239-00,19,0,714ED0,0239,0,？？？,"？？？
『私は精霊ルナ・・・』{W}",,
19-00-0239-01,19,0,714ED0,0239,1,ルナ,"ルナ
『アルテミスが御迷惑をおかけしたよ
　うで・・・』{W}",,
19-00-0239-02,19,0,714ED0,0239,2,クレス,"{N1}
「いえ、いいですよ」{W}",,
19-00-0239-03,19,0,714ED0,0239,3,クレス,"{N1}
「それより・・・」{W}",,
19-00-0239-04,19,0,714ED0,0239,4,クレス,"{N1}
「アルヴァニスタ王国のエンブレムを
　返して欲しいのですが」{W}",,
19-00-0239-05,19,0,714ED0,0239,5,ルナ,"ルナ
『そうでしたね』{W}",,
19-00-0327-00,19,0,714ED0,0327,0,,{COL:3}アルヴァニスタ王国のエンブレムを取り戻しました。{COL:2}{W},,
19-00-0363-00,19,0,714ED0,0363,0,クレス,"{N1}
「ありがとう」{W}",,
19-00-037B-00,19,0,714ED0,037B,0,？？？,"？？？
『私は精霊ルナ・・・』{W}",,
19-00-037B-01,19,0,714ED0,037B,1,ルナ,"ルナ
『何か用ですか？』{W}",,
19-00-03B7-00,19,0,714ED0,03B7,0,クラース,"{N4}
「ダオスを倒すために、あなたの力が
　必要なんだ」{W}",,
19-00-03B7-01,19,0,714ED0,03B7,1,クラース,"{N4}
「召喚の契約を結んで欲しい」{W}",,
19-00-03B7-02,19,0,714ED0,03B7,2,ルナ,"ルナ
『・・・・・・』{W}",,
19-00-03B7-03,19,0,714ED0,03B7,3,クラース,"{N4}
「力を示すのなら・・・、望むところ
　だ！」{W}",,
19-00-03B7-04,19,0,714ED0,03B7,4,ルナ,"ルナ
『私は戦いは望みません』{W}",,
19-00-03B7-05,19,0,714ED0,03B7,5,ルナ,"ルナ
『例え、魔物相手であっても・・・』{W}",,
19-00-03B7-06,19,0,714ED0,03B7,6,ルナ,"ルナ
『しかし今のこの世界、戦いなくして
　は生きられない』{W}",,
19-00-03B7-07,19,0,714ED0,03B7,7,ルナ,"ルナ
『この世界では仕方がないことなので
　しょう』{W}",,
19-00-03B7-08,19,0,714ED0,03B7,8,ルナ,"ルナ
『・・・あなたたちの力となりましょ
　う』{W}",,
19-00-03B7-09,19,0,714ED0,03B7,9,クラース,"{N4}
「本当かッ！？」{W}",,
19-00-03B7-10,19,0,714ED0,03B7,10,クレス,"{N1}
「ありがとう、ルナ」{W}",,
19-00-03B7-11,19,0,714ED0,03B7,11,クラース,"{N4}
「では、契約をしよう」{W}",,
19-00-03B7-12,19,0,714ED0,03B7,12,クラース,"{N4}
「{N1}たちはさがって」{W}",,
19-00-03B7-13,19,0,714ED0,03B7,13,ルナ,"ルナ
『アルテミス、聞いていますね』{W}",,
19-00-03B7-14,19,0,714ED0,03B7,14,ルナ,"ルナ
『私は行きます』{W}",,
19-00-03B7-15,19,0,714ED0,03B7,15,ルナ,"ルナ
『一人ぼっちでつらいでしょうが、が
　んばって・・・』{W}",,
19-00-03B7-16,19,0,714ED0,03B7,16,ルナ,"ルナ
『ムーンストーンの指輪を前に』{W}",,
19-00-0665-00,19,0,714ED0,0665,0,クラース,"{N4}
「我、今、月の精に願い奉る」{W}",,
19-00-0665-01,19,0,714ED0,0665,1,クラース,"{N4}
「指輪の盟約のもと、我に精霊を従わ
　せたまえ」{W}",,
19-00-0665-02,19,0,714ED0,0665,2,クラース,"{N4}
「我が名は{N4}・・・」{W}",,
19-00-06E1-00,19,0,714ED0,06E1,0,,"{N4}は{TITLE:D4}を
召喚できるようになりました。{W}",,
19-00-070F-00,19,0,714ED0,070F,0,？？？,"？？？
『なんだー、おまいらはー！』{W}",,
19-00-070F-01,19,0,714ED0,070F,1,？？？,"？？？
『こっから先はルナお姉ちゃんの部屋
　なんだぞ！』{W}",,
19-00-070F-02,19,0,714ED0,070F,2,？？？,"？？？
『勝手に入るなー！』{W}",,
19-00-0791-00,19,0,714ED0,0791,0,アルテミス,"アルテミス
『なんだ、またおまいらか』{W}",,
19-00-0791-01,19,0,714ED0,0791,1,クラース,"{N4}
「そこを通してくれないかなぁ」{W}",,
19-00-0791-02,19,0,714ED0,0791,2,クラース,"{N4}
「オレたちは、ルナに大事な用がある
　んだ」{W}",,
19-00-0815-00,19,0,714ED0,0815,0,クレス,"{N1}
「なっ、なんだ？」{W}",,
19-00-0815-01,19,0,714ED0,0815,1,？？？,"？？？
『あっ、おまいらか』{W}",,
19-00-0815-02,19,0,714ED0,0815,2,アーチェ,"{N3}
「あーッ！！」{W}",,
19-00-0815-03,19,0,714ED0,0815,3,アーチェ,"{N3}
「こいつミッドガルズの虫だ！」{W}",,
19-00-0815-04,19,0,714ED0,0815,4,？？？,"？？？
『虫じゃないもん！！』{W}",,
19-00-08AB-00,19,0,714ED0,08AB,0,クレス,"{N1}
「なっ、なんだ？」{W}",,
19-00-08C7-00,19,0,714ED0,08C7,0,？？？,"？？？
『ぼくはルナお姉ちゃんのおつきの妖
　精、アルテミスだい！』{W}",,
19-00-08C7-01,19,0,714ED0,08C7,1,クラース,"{N4}
「よっ、妖精だって！？」{W}",,
19-00-08C7-02,19,0,714ED0,08C7,2,ミント,"{N2}
「妖精って・・・、あの伝説の妖精で
　すか？」{W}",,
19-00-08C7-03,19,0,714ED0,08C7,3,クラース,"{N4}
「・・・そうだ」{W}",,
19-00-08C7-04,19,0,714ED0,08C7,4,クラース,"{N4}
「超古代文明末期の戦争で死滅したと
　言われている超生命体だ」{W}",,
19-00-08C7-05,19,0,714ED0,08C7,5,クラース,"{N4}
「まさか・・・、まだ生き残っていた
　とは・・・」{W}",,
19-00-08C7-06,19,0,714ED0,08C7,6,アルテミス,"アルテミス
『へーんだ、そんなに簡単には死なな
　いもんねー！』{W}",,
19-00-08C7-07,19,0,714ED0,08C7,7,アルテミス,"アルテミス
『とにかく、こっから先は通せんぼだ
　い！』{W}",,
19-00-08C7-08,19,0,714ED0,08C7,8,クラース,"{N4}
「どっ、どうすればそこを通してくれ
　るんだ？」{W}",,
19-00-0AB1-00,19,0,714ED0,0AB1,0,アルテミス,"アルテミス
『そうだなぁ・・・』{W}",,
19-00-0AB1-01,19,0,714ED0,0AB1,1,アルテミス,"アルテミス
『それじゃあ、そのピンクの髪の女の
　子が・・・』{W}",,
19-00-0AB1-02,19,0,714ED0,0AB1,2,アルテミス,"アルテミス
『誰かとキスをしたら・・・、通して
　やるよ』{W}",,
19-00-0AB1-03,19,0,714ED0,0AB1,3,アルテミス,"アルテミス
『ぼくでもいいけどね♪』{W}",,
19-00-0AB1-04,19,0,714ED0,0AB1,4,アーチェ,"{N3}
「えっ・・・、あ・・・」{W}",,
19-00-0B97-00,19,0,714ED0,0B97,0,クレス,"{N1}
「{N3}・・・？」{W}",,
19-00-0B97-01,19,0,714ED0,0B97,1,クレス,"{N1}
「ちょ、ちょっと待てよ！」{W}",,
19-00-0B97-02,19,0,714ED0,0B97,2,アーチェ,"{N3}
「ルナに会うためなんだから・・・、
　ねっ▽」{W}",,
19-00-0C09-00,19,0,714ED0,0C09,0,ミント,"{N2}
「ダメーーーッ！！」{W}",,
19-00-0C27-00,19,0,714ED0,0C27,0,？？？,"？？？
『アルテミス、いたずらはおよしなさ
　い』{W}",,
19-00-0C27-01,19,0,714ED0,0C27,1,アルテミス,"アルテミス
『は、は～い・・・』{W}",,
19-00-0C27-02,19,0,714ED0,0C27,2,クラース,"{N4}
「だっ、誰なんだ？」{W}",,
19-00-0C27-03,19,0,714ED0,0C27,3,？？？,"？？？
『アルテミス、あれを彼らに差し上げ
　なさい』{W}",,
19-00-0CD3-00,19,0,714ED0,0CD3,0,アルテミス,"アルテミス
『はい』{W}",,
19-00-0CD3-01,19,0,714ED0,0CD3,1,アルテミス,"アルテミス
『あのさ、お姉ちゃんってさ、魔法使
　いだよね？』{W}",,
19-00-0CD3-02,19,0,714ED0,0CD3,2,アルテミス,"アルテミス
『これ、あげるよ』{W}",,
19-00-0CD3-03,19,0,714ED0,0CD3,3,アーチェ,"{N3}
「これって・・・、呪文書！」{W}",,
19-00-0D6F-00,19,0,714ED0,0D6F,0,,{N3}は{TITLE:CA}を覚えました。{W},,
19-00-0D6F-01,19,0,714ED0,0D6F,1,アルテミス,"アルテミス
『この上にルナお姉ちゃんがいるよ』{W}",,
19-00-0D6F-02,19,0,714ED0,0D6F,2,アルテミス,"アルテミス
『ゴメンね、ばいばい』{W}",,
19-00-0DDF-00,19,0,714ED0,0DDF,0,アーチェ,"{N3}
「あの子、なんだかさみしい目をして
　いたね・・・」{W}",,
19-00-0DDF-01,19,0,714ED0,0DDF,1,クラース,"{N4}
「もしかして、あの妖精が最後の一人
　・・・」{W}",,
19-00-0E53-00,19,0,714ED0,0E53,0,アルテミス,"アルテミス
『ぼくは、元気な女の子がタイプなん
　だ』{W}",,
19-00-0E53-01,19,0,714ED0,0E53,1,アルテミス,"アルテミス
『連れてきたら、ここを通してやって
　もいいよ』{W}",,
19-00-0E53-02,19,0,714ED0,0E53,2,アルテミス,"アルテミス
『それじゃあね』{W}",,
19-00-0EE9-00,19,0,714ED0,0EE9,0,クラース,"{N4}
「なっ、なんだあのガキは！」{W}",,
19-00-0F0F-00,19,0,714ED0,0F0F,0,アルテミス,"アルテミス
（ルナお姉ちゃん・・・）{W}",,
19-00-0F37-00,19,0,714ED0,0F37,0,クレス,"{N1}
「この巻物は忍術書だ」{W}",,
19-00-0F57-00,19,0,714ED0,0F57,0,,"{COL:2}{N6}は
{TITLE:B4}を覚えました。{COL:0}",,
20-00-0000-00,20,0,7172E4,0000,0,,宿屋『ユークリッドＩＮＮ』,,
20-00-001C-00,20,0,7172E4,001C,0,,武具店『ホーリーナイト』,,
20-00-0036-00,20,0,7172E4,0036,0,,ユークリッド城,,
20-00-0046-00,20,0,7172E4,0046,0,,ユークリッド国営科学アカデミー,,
20-00-0066-00,20,0,7172E4,0066,0,,食べ物屋『あじおう』,,
20-00-007C-00,20,0,7172E4,007C,0,,道具屋『ほっかむり』,,
20-00-0092-00,20,0,7172E4,0092,0,,　伯父オルソンの家,,
20-00-00A6-00,20,0,7172E4,00A6,0,,　伯父オルソンの家,,
20-00-00BA-00,20,0,7172E4,00BA,0,,果物屋『マリオン』,,
20-00-00CE-00,20,0,7172E4,00CE,0,,雑貨屋『テンブ』,,
20-00-00E0-00,20,0,7172E4,00E0,0,,雑貨屋『テンブ』,,
20-00-00F2-00,20,0,7172E4,00F2,0,クレス,"{N1}
「かまどの中をのぞいてみよう」{W}",,
20-00-011A-00,20,0,7172E4,011A,0,クレス,"{N1}
「なっ、なんやー！？」{W}",,
20-00-013A-00,20,0,7172E4,013A,0,ハリソン,"ハリソン
「どうやらヴォルトを召喚できるよう
　になったようですね」{W}",,
20-00-013A-01,20,0,7172E4,013A,1,クラース,"{N4}
「ええ、それじゃあさっそくやってみ
　ます」{W}",,
20-00-01B6-00,20,0,7172E4,01B6,0,クラース,"{N4}
「ヴォルト・・・、お前の力を貸して
　欲しい」{W}",,
20-00-01B6-01,20,0,7172E4,01B6,1,クラース,"{N4}
「周りにある飛行機械にお前の力を注
　ぎこんで欲しいのだ」{W}",,
20-00-01B6-02,20,0,7172E4,01B6,2,ヴォルト,"ヴォルト
「Ｑ③{G:6CB}３＆ＪＷ＆{G:6CC}Ｇ？{G:6CD}（＆％{G:6CE}
　０％○５Ｔ」{W}",,
20-00-01B6-03,20,0,7172E4,01B6,3,クレス,"{N1}
「{N4}さん・・・」{W}",,
20-00-01B6-04,20,0,7172E4,01B6,4,クレス,"{N1}
「大丈夫ですか・・・？」{W}",,
20-00-01B6-05,20,0,7172E4,01B6,5,クラース,"{N4}
「た、たぶん・・・」{W}",,
20-00-01B6-06,20,0,7172E4,01B6,6,クラース,"{N4}
「{N3}、
　ホウキも一緒にやってしまおう」{W}",,
20-00-01B6-07,20,0,7172E4,01B6,7,アーチェ,"{N3}
「うん」{W}",,
20-00-0306-00,20,0,7172E4,0306,0,スタンリー,"スタンリー
「よし、これで大丈夫だろう」{W}",,
20-00-0306-01,20,0,7172E4,0306,1,スタンリー,"スタンリー
「後はこれを使うだけだ」{W}",,
20-00-0358-00,20,0,7172E4,0358,0,クラース,"{N4}
「それは？」{W}",,
20-00-0358-01,20,0,7172E4,0358,1,スタンリー,"スタンリー
「まあ、見てな」{W}",,
20-00-038C-00,20,0,7172E4,038C,0,チェスター,"{N5}
「レ、レアバードが吸い込まれた・・
　・！？」{W}",,
20-00-038C-01,20,0,7172E4,038C,1,ミント,"{N2}
「そのカプセルは？」{W}",,
20-00-038C-02,20,0,7172E4,038C,2,スタンリー,"スタンリー
「これは、ウィングパックと言うもの
　だ」{W}",,
20-00-038C-03,20,0,7172E4,038C,3,スタンリー,"スタンリー
「レアバードを中に収めることができ
　るアイテムさ」{W}",,
20-00-038C-04,20,0,7172E4,038C,4,スタンリー,"スタンリー
「これを使えば、レアバードを中に収
　めて持ち運ぶことができる」{W}",,
20-00-038C-05,20,0,7172E4,038C,5,スタンリー,"スタンリー
「持っていきな」{W}",,
20-00-04C6-00,20,0,7172E4,04C6,0,,ウィングパックを手に入れました。{W},,
20-00-04C6-01,20,0,7172E4,04C6,1,クレス,"{N1}
「ありがとうございます」{W}",,
20-00-04C6-02,20,0,7172E4,04C6,2,ハリソン,"ハリソン
「私は先にレアバードでアルヴァニス
　タに向かうよ」{W}",,
20-00-04C6-03,20,0,7172E4,04C6,3,ハリソン,"ハリソン
「一刻も早く君たちのことを王に報告
　したいからな」{W}",,
20-00-058A-00,20,0,7172E4,058A,0,スタンリー,"スタンリー
「あなたもウィングパックを持ってい
　くといい」{W}",,
20-00-058A-01,20,0,7172E4,058A,1,ハリソン,"ハリソン
「ありがとう」{W}",,
20-00-05E4-00,20,0,7172E4,05E4,0,ハリソン,"ハリソン
「それではみなさん、なるべく早く来
　て下さい」{W}",,
20-00-0622-00,20,0,7172E4,0622,0,スタンリー,"スタンリー
「それじゃあ、操作の説明をするぞ」{W}",,
20-00-0622-01,20,0,7172E4,0622,1,スタンリー,"スタンリー
「レアバードは最新の制御装置とバラ
　ンサーを積んだ小型飛行機だ」{W}",,
20-00-0622-02,20,0,7172E4,0622,2,スタンリー,"スタンリー
「乗員はただ指示されたボタンを押せ
　ばその通り動いてくれる」{W}",,
20-00-06F0-00,20,0,7172E4,06F0,0,スタンリー,"スタンリー
「Ａボタンで加速、Ｂボタンで着地」{W}",,
20-00-06F0-01,20,0,7172E4,06F0,1,スタンリー,"スタンリー
「町の中にも直接着地できるぞ」{W}",,
20-00-06F0-02,20,0,7172E4,06F0,2,スタンリー,"スタンリー
「当然だが、障害物や海には着地でき
　ない」{W}",,
20-00-06F0-03,20,0,7172E4,06F0,3,スタンリー,"スタンリー
「着地地点は影を見るといい」{W}",,
20-00-06F0-04,20,0,7172E4,06F0,4,スタンリー,"スタンリー
「十字ボタンの左右で旋回、上下で上
　昇・下降だ」{W}",,
20-00-06F0-05,20,0,7172E4,06F0,5,スタンリー,"スタンリー
「Ｒボタンを押しながら十字ボタンで
　細かい移動ができる」{W}",,
20-00-06F0-06,20,0,7172E4,06F0,6,スタンリー,"スタンリー
「それから・・・、
　離陸はＡボタンだ」{W}",,
20-00-06F0-07,20,0,7172E4,06F0,7,スタンリー,"スタンリー
「町の中での離陸は、危険だからでき
　ないぞ」{W}",,
20-00-06F0-08,20,0,7172E4,06F0,8,スタンリー,"スタンリー
「もう一回説明しようか？」",,
20-00-08D2-00,20,0,7172E4,08D2,0,ミント,"{N2}
「本当にありがとうございます」{W}",,
20-00-08D2-01,20,0,7172E4,08D2,1,スタンリー,"スタンリー
「故障したらいつでも来な」{W}",,
20-00-08D2-02,20,0,7172E4,08D2,2,スタンリー,"スタンリー
「まぁ・・・、そんなことはないと思
　うけど」{W}",,
20-00-08D2-03,20,0,7172E4,08D2,3,クレス,"{N1}
「よし、それじゃあアルヴァニスタに
　行こう！！」{W}",,
20-00-0998-00,20,0,7172E4,0998,0,男の子,"男の子
「ママ～、早くジャグラー見に行こう
　よ～！」{W}",,
20-00-09D2-00,20,0,7172E4,09D2,0,男の子,"男の子
「もうすぐ、この町に旅芸人が来るん
　だってさ」{W}",,
20-00-09D2-01,20,0,7172E4,09D2,1,男の子,"男の子
「楽しみだな」{W}",,
20-00-0A26-00,20,0,7172E4,0A26,0,女の人,"女の人
「外に出るならＵＶに注意しなくちゃ
　・・・」{W}",,
20-00-0A60-00,20,0,7172E4,0A60,0,女の人,"女の人
「ちょっと！」{W}",,
20-00-0A60-01,20,0,7172E4,0A60,1,女の人,"女の人
「勝手に人の家に上がりこまな
　いで！」{W}",,
20-00-0A60-02,20,0,7172E4,0A60,2,クレス,"{N1}
「あっ、す、すいません・・・」{W}",,
20-00-0AD2-00,20,0,7172E4,0AD2,0,宿屋,"宿屋
「えらっしゃい！」{W}",,
20-00-0AD2-01,20,0,7172E4,0AD2,1,宿屋,"宿屋
「ここは１００年以上続いている歴史
　ある宿屋ですぜ」{W}",,
20-00-0AD2-02,20,0,7172E4,0AD2,2,宿屋,"宿屋
「お泊まりっすね、一晩１０ガルドに
　なりやすぜ」",,
20-00-0B64-00,20,0,7172E4,0B64,0,宿屋,"宿屋
「お客さん、お金足んないよ」{W}",,
20-00-0B8A-00,20,0,7172E4,0B8A,0,宿屋,"宿屋
「ごゆっくり！」{W}",,
20-00-0BA4-00,20,0,7172E4,0BA4,0,宿屋,"宿屋
「またのおこしをお待ちしてますぜ」{W}",,
20-00-0BD0-00,20,0,7172E4,0BD0,0,女の子,"女の子
「はい、どいてどいて」{W}",,
20-00-0BD0-01,20,0,7172E4,0BD0,1,女の子,"女の子
「今、掃除中だからね」{W}",,
20-00-0BD0-02,20,0,7172E4,0BD0,2,女の子,"女の子
「私？」{W}",,
20-00-0BD0-03,20,0,7172E4,0BD0,3,女の子,"女の子
「ここでバイトしてるの」{W}",,
20-00-0BD0-04,20,0,7172E4,0BD0,4,女の子,"女の子
「宿屋って結構稼げるのよね」{W}",,
20-00-0C6C-00,20,0,7172E4,0C6C,0,クレス,"{N1}
（寝てる・・・）{W}",,
20-00-0C6C-01,20,0,7172E4,0C6C,1,クレス,"{N1}
（しかも目を開けながら・・・）{W}",,
20-00-0CAC-00,20,0,7172E4,0CAC,0,座長,"座長
「やあ」{W}",,
20-00-0CAC-01,20,0,7172E4,0CAC,1,座長,"座長
「私は旅芸人『ジャグランラン』の座
　長です」{W}",,
20-00-0CAC-02,20,0,7172E4,0CAC,2,座長,"座長
「この町は大きいし、治安もいいから
　しばらくここで稼ごうと思うんだ」{W}",,
20-00-0D42-00,20,0,7172E4,0D42,0,店員,"店員
「いらっしゃい」{W}",,
20-00-0D5C-00,20,0,7172E4,0D5C,0,お客さん,"お客さん
「さてと・・・、今夜のおかずは何に
　しようかしら・・・」{W}",,
20-00-0DA4-00,20,0,7172E4,0DA4,0,町の人,"町の人
「ウワサ話を一つ・・・」{W}",,
20-00-0DA4-01,20,0,7172E4,0DA4,1,町の人,"町の人
「・・・ユークリッドの独立騎士団か
　ら・・・」{W}",,
20-00-0DA4-02,20,0,7172E4,0DA4,2,町の人,"町の人
「数名の部下を引き連れて離反した男
　がいるらしいよ」{W}",,
20-00-0DA4-03,20,0,7172E4,0DA4,3,町の人,"町の人
「あくまでウワサだから」{W}",,
20-00-0E64-00,20,0,7172E4,0E64,0,おばあさん,"おばあさん
「この都は物に不自由せんから、いい
　所じゃよ」{W}",,
20-00-0E64-01,20,0,7172E4,0E64,1,おばあさん,"おばあさん
「昔は何もない、荒れ果てた土地だっ
　たんじゃよ」{W}",,
20-00-0EE4-00,20,0,7172E4,0EE4,0,少年,"少年
「もう食べらんないよ・・・」{W}",,
20-00-0F0A-00,20,0,7172E4,0F0A,0,少年,"少年
「リンゴ欲しいな～」{W}",,
20-00-0F0A-01,20,0,7172E4,0F0A,1,,"{COL:3}リンゴを買ってあげますか？{COL:2}
",,
20-00-0F4C-00,20,0,7172E4,0F4C,0,クレス,"{N1}
「ごめん、今、お金がないんだ」{W}",,
20-00-0F4C-01,20,0,7172E4,0F4C,1,少年,"少年
「ケチッ！」{W}",,
20-00-0F88-00,20,0,7172E4,0F88,0,少年,"少年
「ありがとうっ！」{W}",,
20-00-0FA4-00,20,0,7172E4,0FA4,0,クレス,"{N1}
（一体・・・、いくつ食うつもりなん
　だろう？）{W}",,
20-00-0FDE-00,20,0,7172E4,0FDE,0,少年,"少年
「ケーチッ！」{W}",,
20-00-0FF6-00,20,0,7172E4,0FF6,0,町の人,"町の人
「おなかすいた～っと」{W}",,
20-00-0FF6-01,20,0,7172E4,0FF6,1,町の人,"町の人
「何にしようかな～っと」{W}",,
20-00-103A-00,20,0,7172E4,103A,0,町の人,"町の人
「今夜は飲むぞーっ！！！」{W}",,
20-00-1060-00,20,0,7172E4,1060,0,防具屋,"防具屋
「いらっしゃ～い」{W}",,
20-00-107E-00,20,0,7172E4,107E,0,防具屋,"防具屋
「どうも、ありがとねー」{W}",,
20-00-10A2-00,20,0,7172E4,10A2,0,クレス,"{N1}
「あの～、すいません」{W}",,
20-00-10A2-01,20,0,7172E4,10A2,1,クレス,"{N1}
「・・・・・・」{W}",,
20-00-10A2-02,20,0,7172E4,10A2,2,クレス,"{N1}
「す・い・ま・せ・んっ！！」{W}",,
20-00-10FE-00,20,0,7172E4,10FE,0,武器屋,"武器屋
「ごっ、ごめんなさい」{W}",,
20-00-10FE-01,20,0,7172E4,10FE,1,武器屋,"武器屋
「あんまり退屈だったもので・・・」{W}",,
20-00-114C-00,20,0,7172E4,114C,0,武器屋,"武器屋
「いらっしゃいませ」{W}",,
20-00-116C-00,20,0,7172E4,116C,0,武器屋,"武器屋
「ありがとう、また来てね」{W}",,
20-00-1192-00,20,0,7172E4,1192,0,主人,"主人
「いや、まいったよ」{W}",,
20-00-1192-01,20,0,7172E4,1192,1,主人,"主人
「また、うちのブッシュベイビーがイ
　タズラしたらしい」{W}",,
20-00-1192-02,20,0,7172E4,1192,2,主人,"主人
「首輪をつけるのもかわいそうだし、
　何とかしなくちゃ・・・」{W}",,
20-00-1236-00,20,0,7172E4,1236,0,主人,"主人
「いらっしゃい、何にします？」{W}",,
20-00-125E-00,20,0,7172E4,125E,0,主人,"主人
「ありがとう」{W}",,
20-00-1276-00,20,0,7172E4,1276,0,店員,"店員
「いらっしゃい」{W}",,
20-00-1276-01,20,0,7172E4,1276,1,店員,"店員
「お会計は奥でお願いします」{W}",,
20-00-12B4-00,20,0,7172E4,12B4,0,オルソン,"オルソン
「{N1}、疲れているだろう」{W}",,
20-00-12B4-01,20,0,7172E4,12B4,1,オルソン,"オルソン
「もう休みなさい」{W}",,
20-00-12B4-02,20,0,7172E4,12B4,2,,{COL:3}休みますか？{COL:2},,
20-00-130E-00,20,0,7172E4,130E,0,オルソン,"オルソン
「そんなこと言わずに、もう休みなさ
　い」{W}",,
20-00-130E-01,20,0,7172E4,130E,1,,{COL:3}休みますか？{COL:2},,
20-00-135A-00,20,0,7172E4,135A,0,オルソン,"オルソン
「そうか・・・」{W}",,
20-00-135A-01,20,0,7172E4,135A,1,オルソン,"オルソン
「あまり無理するんじゃないぞ」{W}",,
20-00-13A2-00,20,0,7172E4,13A2,0,ジョアン,"ジョアン
「{N1}、元気出してね」{W}",,
20-00-13C6-00,20,0,7172E4,13C6,0,主人,"主人
「はい、いらっしゃい」{W}",,
20-00-13E6-00,20,0,7172E4,13E6,0,主人,"主人
「どうもありがとう」{W}",,
20-00-1404-00,20,0,7172E4,1404,0,門兵,"門兵
「異常無しっ！！」{W}",,
20-00-1420-00,20,0,7172E4,1420,0,門兵,"門兵
「ここは君の来るような所じゃない」{W}",,
20-00-1420-01,20,0,7172E4,1420,1,門兵,"門兵
「えッ？」{W}",,
20-00-1420-02,20,0,7172E4,1420,2,門兵,"門兵
「独立騎士団について・・・？」{W}",,
20-00-1420-03,20,0,7172E4,1420,3,門兵,"門兵
「あ～、え～・・・、私の知っている
　限りでは・・・」{W}",,
20-00-1420-04,20,0,7172E4,1420,4,門兵,"門兵
「隊長だったミゲール殿の後任に就い
　たのがマルス殿だ」{W}",,
20-00-1420-05,20,0,7172E4,1420,5,門兵,"門兵
「あの方もミゲール殿に引けをとらな
　い剛剣の使い手だった」{W}",,
20-00-1420-06,20,0,7172E4,1420,6,門兵,"門兵
「・・・だが、最近姿を見かけないの
　だ」{W}",,
20-00-1420-07,20,0,7172E4,1420,7,門兵,"門兵
「病床についているというので、家に
　いると思うのだが・・・」{W}",,
20-00-1420-08,20,0,7172E4,1420,8,門兵,"門兵
「家？」{W}",,
20-00-1420-09,20,0,7172E4,1420,9,門兵,"門兵
「町中の北東にあるよ」{W}",,
20-00-15EC-00,20,0,7172E4,15EC,0,門兵,"門兵
「どうぞ御自由にお入り下さい」{W}",,
20-00-15EC-01,20,0,7172E4,15EC,1,門兵,"門兵
「中で武術大会の受け付けを行ってい
　ます」{W}",,
20-00-1648-00,20,0,7172E4,1648,0,門兵,"門兵
「ここは立ち入り禁止だっ！」{W}",,
20-00-1648-01,20,0,7172E4,1648,1,門兵,"門兵
「なにっ、なぜローン島への橋が壊れ
　たかって？」{W}",,
20-00-1648-02,20,0,7172E4,1648,2,門兵,"門兵
「一ヶ月ほど前に大きな地震があった
　からな」{W}",,
20-00-1648-03,20,0,7172E4,1648,3,門兵,"門兵
「復旧のメドはたっていない」{W}",,
20-00-1702-00,20,0,7172E4,1702,0,男の子,"男の子
「ぼくの犬、すっごく頭いいんだよ、
　歌も歌うんだ」{W}",,
20-00-1702-01,20,0,7172E4,1702,1,,{COL:3}歌を聞きますか？{COL:2},,
20-00-175A-00,20,0,7172E4,175A,0,男の子,"男の子
「ホントなんだぞ！」{W}",,
20-00-177A-00,20,0,7172E4,177A,0,,ミュージック、スタート！！{W},,
20-00-1798-00,20,0,7172E4,1798,0,男の子,"男の子
「どう、すごいでしょ？」{W}",,
20-00-17BC-00,20,0,7172E4,17BC,0,男の子,"男の子
「『え～、もういいの？』って、言っ
　てるよ」{W}",,
20-00-17F6-00,20,0,7172E4,17F6,0,剣士,"剣士
「お前も大会に出るのか？」{W}",,
20-00-181A-00,20,0,7172E4,181A,0,剣士,"剣士
「大会にはそうとう強い連中が集まる
　らしいぜ」{W}",,
20-00-1854-00,20,0,7172E4,1854,0,兵士,"兵士
「どうしようかなぁ・・・」{W}",,
20-00-1854-01,20,0,7172E4,1854,1,兵士,"兵士
「参加しようかなぁ・・・」{W}",,
20-00-1854-02,20,0,7172E4,1854,2,兵士,"兵士
「でも痛そうだしなぁ・・・」{W}",,
20-00-18BE-00,20,0,7172E4,18BE,0,女剣士,"女剣士
「こいつ、優柔不断だから・・・」{W}",,
20-00-18EA-00,20,0,7172E4,18EA,0,奥さん,"奥さん
「ちょいと、あんた私の夫を知らない
　かい？」{W}",,
20-00-18EA-01,20,0,7172E4,18EA,1,奥さん,"奥さん
「まったく、このくそ忙しい時にいな
　くなるなんて！」{W}",,
20-00-1964-00,20,0,7172E4,1964,0,,{COL:3}話しますか？{COL:2},,
20-00-197A-00,20,0,7172E4,197A,0,クレス,"{N1}
「外にいましたよ」{W}",,
20-00-197A-01,20,0,7172E4,197A,1,クレス,"{N1}
「宿屋の裏です」{W}",,
20-00-197A-02,20,0,7172E4,197A,2,奥さん,"奥さん
「本当かい！？」{W}",,
20-00-197A-03,20,0,7172E4,197A,3,奥さん,"奥さん
「ありがとよ！」{W}",,
20-00-19E2-00,20,0,7172E4,19E2,0,奥さん,"奥さん
「まったく・・・」{W}",,
20-00-1A00-00,20,0,7172E4,1A00,0,長女,"長女
「私たち・・・」{W}",,
20-00-1A1A-00,20,0,7172E4,1A1A,0,次女,"次女
「三つ子・・・」{W}",,
20-00-1A34-00,20,0,7172E4,1A34,0,三女,"三女
「なんですぅ～」{W}",,
20-00-1A4E-00,20,0,7172E4,1A4E,0,兵士,"兵士
「オレの、超必殺技でぶちのめしてや
　るッ！」{W}",,
20-00-1A4E-01,20,0,7172E4,1A4E,1,兵士,"兵士
「３０ＨＩＴは出るぜッ！！」{W}",,
20-00-1A4E-02,20,0,7172E4,1A4E,2,兵士,"兵士
「じょ、冗談だよ・・・」{W}",,
20-00-1ACA-00,20,0,7172E4,1ACA,0,剣士,"剣士
「武術大会は武器も使用できるらしい
　ぜ」{W}",,
20-00-1ACA-01,20,0,7172E4,1ACA,1,剣士,"剣士
「でも、魔法はダメなんだ」{W}",,
20-00-1B20-00,20,0,7172E4,1B20,0,兵士,"兵士
「やっぱり最後の決めは乱舞だよな」{W}",,
20-00-1B4C-00,20,0,7172E4,1B4C,0,女剣士,"女剣士
「ガードキャンセルができるとさらに
　有利に・・・」{W}",,
20-00-1B4C-01,20,0,7172E4,1B4C,1,女剣士,"女剣士
「ここじゃ、役に立たないか」{W}",,
20-00-1BB2-00,20,0,7172E4,1BB2,0,町の人,"町の人
「なんだか、ベネツィアが大変なこと
　になっているらしいよ」{W}",,
20-00-1BB2-01,20,0,7172E4,1BB2,1,町の人,"町の人
「まあ、町が無くなったわけじゃない
　けどね」{W}",,
20-00-1C32-00,20,0,7172E4,1C32,0,衛兵,"衛兵
「この研究所は国営なのだ」{W}",,
20-00-1C32-01,20,0,7172E4,1C32,1,衛兵,"衛兵
「だから、なるべく秘密を厳守してく
　れ」{W}",,
20-00-1C88-00,20,0,7172E4,1C88,0,衛兵,"衛兵
「どうぞお入り下さい」{W}",,
20-00-1C88-01,20,0,7172E4,1C88,1,衛兵,"衛兵
「話は聞いてます」{W}",,
20-00-1CC2-00,20,0,7172E4,1CC2,0,衛兵,"衛兵
「ここから先は関係者以外立入禁止で
　す」{W}",,
20-00-1CF6-00,20,0,7172E4,1CF6,0,衛兵,"衛兵
「オレも空を飛んでみたいな～」{W}",,
20-00-1D1E-00,20,0,7172E4,1D1E,0,衛兵,"衛兵
「どうぞお入り下さい」{W}",,
20-00-1D1E-01,20,0,7172E4,1D1E,1,衛兵,"衛兵
「話は聞いてます」{W}",,
20-00-1D58-00,20,0,7172E4,1D58,0,衛兵,"衛兵
「ここから先は関係者以外立入禁止で
　す」{W}",,
20-00-1D8C-00,20,0,7172E4,1D8C,0,研究員,"研究員
「コーヒーでもいかが？」{W}",,
20-00-1DB0-00,20,0,7172E4,1DB0,0,研究員,"研究員
「我々はこの研究所で働いてる研究員
　です」{W}",,
20-00-1DB0-01,20,0,7172E4,1DB0,1,研究員,"研究員
「一応公務員になるのかな？」{W}",,
20-00-1DB0-02,20,0,7172E4,1DB0,2,研究員,"研究員
「国営だからね」{W}",,
20-00-1E28-00,20,0,7172E4,1E28,0,研究員,"研究員
「物質の最小単位を研究しています」{W}",,
20-00-1E28-01,20,0,7172E4,1E28,1,研究員,"研究員
「物を細かく分けていくと、どこまで
　いくんでしょうね？」{W}",,
20-00-1E9A-00,20,0,7172E4,1E9A,0,研究員,"研究員
「ヴォルトの洞窟の装置は、古代人が
　作ったと言われています」{W}",,
20-00-1E9A-01,20,0,7172E4,1E9A,1,研究員,"研究員
「あれも、トールの文明なのでしょう
　か？」{W}",,
20-00-1E9A-02,20,0,7172E4,1E9A,2,研究員,"研究員
「えッ？」{W}",,
20-00-1E9A-03,20,0,7172E4,1E9A,3,研究員,"研究員
「ああ・・・」{W}",,
20-00-1E9A-04,20,0,7172E4,1E9A,4,研究員,"研究員
「ヴォルトの精霊が住んでいると言わ
　れている洞窟のことです」{W}",,
20-00-1E9A-05,20,0,7172E4,1E9A,5,研究員,"研究員
「確か、ミゲールの町の南西にありま
　す」{W}",,
20-00-1FC2-00,20,0,7172E4,1FC2,0,研究員,"研究員
「一度、トールの文明を研究してみた
　いですね」{W}",,
20-00-1FFE-00,20,0,7172E4,1FFE,0,研究員,"研究員
「我々はミッドガルズの魔科学を引き
　継いで・・・」{W}",,
20-00-1FFE-01,20,0,7172E4,1FFE,1,研究員,"研究員
「魔科学だけでなく、さまざまな研究
　をしているんじゃ」{W}",,
20-00-1FFE-02,20,0,7172E4,1FFE,2,研究員,"研究員
「おぬし、知らぬのか？」{W}",,
20-00-1FFE-03,20,0,7172E4,1FFE,3,研究員,"研究員
「ミッドガルズ王国は、ダオスによっ
　て滅ぼされたんじゃよ」{W}",,
20-00-1FFE-04,20,0,7172E4,1FFE,4,研究員,"研究員
「今や廃墟が残るだけじゃ」{W}",,
20-00-210C-00,20,0,7172E4,210C,0,研究員,"研究員
「光について研究しています」{W}",,
20-00-210C-01,20,0,7172E4,210C,1,研究員,"研究員
「光とは、一体どういう物なのでしょ
　う・・・？」{W}",,
20-00-210C-02,20,0,7172E4,210C,2,研究員,"研究員
「どれくらい速いんでしょう？」{W}",,
20-00-2198-00,20,0,7172E4,2198,0,研究員,"研究員
「電気の研究中に偶然発見されたのが
　磁力だ」{W}",,
20-00-2198-01,20,0,7172E4,2198,1,研究員,"研究員
「レアバードはこの磁力と大地の地磁
　力を反発させて飛ぶんだ」{W}",,
20-00-2198-02,20,0,7172E4,2198,2,研究員,"研究員
「最近では・・・」{W}",,
20-00-2198-03,20,0,7172E4,2198,3,研究員,"研究員
「魔法使いのホウキも同じ原理である
　ことがわかったんだ」{W}",,
20-00-227A-00,20,0,7172E4,227A,0,研究員,"研究員
「ここでは、前に油を使った動力源の
　研究もしていたが・・・」{W}",,
20-00-227A-01,20,0,7172E4,227A,1,研究員,"研究員
「なにせ、地下だから煙がすごいんだ
　よな」{W}",,
20-00-227A-02,20,0,7172E4,227A,2,研究員,"研究員
「空気は汚しちゃいけないよ」{W}",,
20-00-2320-00,20,0,7172E4,2320,0,研究員,"研究員
「磁力を使って、音を保存する機械を
　作っています」{W}",,
20-00-2360-00,20,0,7172E4,2360,0,スタンリー,"スタンリー
「次は・・・」{W}",,
20-00-2360-01,20,0,7172E4,2360,1,スタンリー,"スタンリー
「もっと大量の人間が乗れるレアバー
　ドの研究でもしてみるか」{W}",,
20-00-23CA-00,20,0,7172E4,23CA,0,スタンリー,"スタンリー
「どうだ、ヴォルトの精霊は見つかっ
　たか？」{W}",,
20-00-2408-00,20,0,7172E4,2408,0,ハリソン,"ハリソン
「ヴォルトは、ミゲールの南西にある
　洞窟にいると言われている」{W}",,
20-00-2408-01,20,0,7172E4,2408,1,ハリソン,"ハリソン
「なるべく急いでくれ・・・！」{W}",,
20-00-2408-02,20,0,7172E4,2408,2,ハリソン,"ハリソン
「もう時間がないんだ・・・」{W}",,
20-00-24A8-00,20,0,7172E4,24A8,0,研究員,"研究員
「ここは寝室よ」{W}",,
20-00-24A8-01,20,0,7172E4,24A8,1,研究員,"研究員
「こういう仕事だと徹夜する人も多い
　のよねぇ」{W}",,
20-00-24FE-00,20,0,7172E4,24FE,0,マルスの妻,"マルスの妻
「主人は・・・、どこに行ってしまっ
　たのでしょう・・・」{W}",,
20-00-2548-00,20,0,7172E4,2548,0,クレス,"{N1}
「あなたは、もしかしてマルスさんの
　・・・」{W}",,
20-00-2548-01,20,0,7172E4,2548,1,マルスの妻,"マルスの妻
「はい・・・、マルスの妻です」{W}",,
20-00-2548-02,20,0,7172E4,2548,2,マルスの妻,"マルスの妻
「あなた、もしかして夫の居場所を知
　っているのですか！？」{W}",,
20-00-2548-03,20,0,7172E4,2548,3,クレス,"{N1}
「あっ、いえ・・・」{W}",,
20-00-2548-04,20,0,7172E4,2548,4,クレス,"{N1}
「ぼくはユークリッド城の兵士に聞い
　てここにきたんです」{W}",,
20-00-2548-05,20,0,7172E4,2548,5,クレス,"{N1}
「ぼくの父ミゲールは、元独立騎士団
　の隊長でして・・・」{W}",,
20-00-2548-06,20,0,7172E4,2548,6,クレス,"{N1}
「後任にマルスさんが就いたというこ
　とでここに来ました」{W}",,
20-00-2548-07,20,0,7172E4,2548,7,マルスの妻,"マルスの妻
「それはわざわざ・・・」{W}",,
20-00-2548-08,20,0,7172E4,2548,8,マルスの妻,"マルスの妻
「ですが、夫は、その・・・」{W}",,
20-00-2548-09,20,0,7172E4,2548,9,マルスの妻,"マルスの妻
「行方不明なんです」{W}",,
20-00-2548-10,20,0,7172E4,2548,10,クレス,"{N1}
「行方不明？」{W}",,
20-00-2548-11,20,0,7172E4,2548,11,マルスの妻,"マルスの妻
「三ヶ月ほど前になりますか・・・」{W}",,
20-00-2548-12,20,0,7172E4,2548,12,マルスの妻,"マルスの妻
「夜中に鎧を着て出かけたっきり帰っ
　てこず・・・」{W}",,
20-00-2548-13,20,0,7172E4,2548,13,マルスの妻,"マルスの妻
「てっきり仕事だと思っていたのです
　が・・・」{W}",,
20-00-2548-14,20,0,7172E4,2548,14,マルスの妻,"マルスの妻
「お城にも出てこず・・・、そのまま
　・・・」{W}",,
20-00-2548-15,20,0,7172E4,2548,15,クレス,"{N1}
「そうでしたか・・・」{W}",,
20-00-286A-00,20,0,7172E4,286A,0,女の人,"女の人
「こんにちは・・・」{W}",,
20-00-288A-00,20,0,7172E4,288A,0,町の人,"町の人
「あ～あ、オレも商売でひともうけし
　たいね」{W}",,
20-00-288A-01,20,0,7172E4,288A,1,町の人,"町の人
「オレの昔の友人が、交易品の輸出入
　で成功してね」{W}",,
20-00-288A-02,20,0,7172E4,288A,2,町の人,"町の人
「今や重役にまでのし上がってるよ」{W}",,
20-00-292E-00,20,0,7172E4,292E,0,クレス,"{N1}
「ごめんください！」{W}",,
20-00-292E-01,20,0,7172E4,292E,1,クレス,"{N1}
「伯父さん、いますかー！？」{W}",,
20-00-2970-00,20,0,7172E4,2970,0,クレスの伯父・オルソン,"{N1}の伯父・オルソン
「{N1}！」{W}",,
20-00-2994-00,20,0,7172E4,2994,0,クレス,"{N1}
「伯父さん、伯母さん・・・、お久し
　ぶりです」{W}",,
20-00-2994-01,20,0,7172E4,2994,1,オルソン,"オルソン
「{N1}も・・・
　元気そうでなによりだ」{W}",,
20-00-2994-02,20,0,7172E4,2994,2,オルソン,"オルソン
「ところで悪いウワサを聞いたのだが
　・・・」{W}",,
20-00-2994-03,20,0,7172E4,2994,3,オルソン,"オルソン
「トーティスの村が襲われたというの
　は本当なのか？」{W}",,
20-00-2A7E-00,20,0,7172E4,2A7E,0,クレス,"{N1}
「・・・本当です」{W}",,
20-00-2A7E-01,20,0,7172E4,2A7E,1,クレス,"{N1}
「父さんも、母さんも・・・」{W}",,
20-00-2ABE-00,20,0,7172E4,2ABE,0,オルソン,"オルソン
「そうか・・・、それじゃあウワサは
　本当だったのか」{W}",,
20-00-2ABE-01,20,0,7172E4,2ABE,1,クレス,"{N1}
「ええ・・・」{W}",,
20-00-2B18-00,20,0,7172E4,2B18,0,オルソンの妻・ジョアン,"オルソンの妻・ジョアン
「{N1}・・・」{W}",,
20-00-2B18-01,20,0,7172E4,2B18,1,ジョアン,"ジョアン
「そう気を落とさないで・・・」{W}",,
20-00-2B18-02,20,0,7172E4,2B18,2,ジョアン,"ジョアン
「しばらくうちに泊まっていくといい
　わ」{W}",,
20-00-2B18-03,20,0,7172E4,2B18,3,クレス,"{N1}
「すいません・・・、お世話になりま
　す」{W}",,
20-00-2BD4-00,20,0,7172E4,2BD4,0,,"　
　　　　その夜・・・{W}",,
20-00-2BF0-00,20,0,7172E4,2BF0,0,クレス,"{N1}
「伯父さん、これはッ！」{W}",,
20-00-2BF0-01,20,0,7172E4,2BF0,1,オルソン,"オルソン
「{SPD:10}・・・{SPD:FF}すまない」{W}",,
20-00-2BF0-02,20,0,7172E4,2BF0,2,オルソン,"オルソン
「こうしなければ・・・」{W}",,
20-00-2BF0-03,20,0,7172E4,2BF0,3,オルソン,"オルソン
「わしはおろか、都がトーティスの二
　の舞になってしまうんだ」{W}",,
20-00-2BF0-04,20,0,7172E4,2BF0,4,オルソン,"オルソン
「{SPD:10}・・・{SPD:FF}許してくれ」{W}",,
20-00-2BF0-05,20,0,7172E4,2BF0,5,？？？,"？？？
「さぁ、おとなしく我々に従ってもら
　おう」{W}",,
20-00-2D04-00,20,0,7172E4,2D04,0,クレス,"{N1}
「くッ{SPD:10}・・・{SPD:FF}」{W}",,
20-00-2D24-00,20,0,7172E4,2D24,0,？？？,"？？？
「さっさと歩けッ！！」{W}",,
20-00-2D46-00,20,0,7172E4,2D46,0,オルソン,"オルソン
「すまない{SPD:10}・・・{SPD:FF}」{W}",,
20-00-2D46-01,20,0,7172E4,2D46,1,オルソン,"オルソン
「{N1}{SPD:10}・・・{SPD:FF}」{W}",,
20-00-2D90-00,20,0,7172E4,2D90,0,主人,"主人
「いらっしゃい」{W}",,
20-00-2D90-01,20,0,7172E4,2D90,1,主人,"主人
「・・・どうしたの、お客さん？」{W}",,
20-00-2D90-02,20,0,7172E4,2D90,2,クレス,"{N1}
「あの・・・、後ろ・・・」{W}",,
20-00-2DF4-00,20,0,7172E4,2DF4,0,主人,"主人
「えッ？」{W}",,
20-00-2E08-00,20,0,7172E4,2E08,0,主人,"主人
「もうッ！」{W}",,
20-00-2E08-01,20,0,7172E4,2E08,1,主人,"主人
「また雑貨屋のペットね！」{W}",,
20-00-2E08-02,20,0,7172E4,2E08,2,主人,"主人
「一体どっから入りこんできたのかし
　ら？」{W}",,
20-00-2E08-03,20,0,7172E4,2E08,3,主人,"主人
「文句を言いに行かなくては！」{W}",,
20-00-2E9A-00,20,0,7172E4,2E9A,0,ハリソン,"ハリソン
「私は、アルヴァニスタ国の使者だ」{W}",,
20-00-2E9A-01,20,0,7172E4,2E9A,1,ハリソン,"ハリソン
「大事な用がある」{W}",,
20-00-2E9A-02,20,0,7172E4,2E9A,2,ハリソン,"ハリソン
「通してはくれぬか？」{W}",,
20-00-2E9A-03,20,0,7172E4,2E9A,3,衛兵,"衛兵
「申し訳ありませんが・・・」{W}",,
20-00-2E9A-04,20,0,7172E4,2E9A,4,衛兵,"衛兵
「ここから先は、関係者以外立ち入り
　禁止ですので・・・」{W}",,
20-00-2E9A-05,20,0,7172E4,2E9A,5,ハリソン,"ハリソン
「外交官特権でも、通してもらえない
　と？」{W}",,
20-00-2E9A-06,20,0,7172E4,2E9A,6,衛兵,"衛兵
「がっ、外交官特権・・・！」{W}",,
20-00-2FCC-00,20,0,7172E4,2FCC,0,衛兵,"衛兵
（どっ・・・、どうする？）{W}",,
20-00-2FCC-01,20,0,7172E4,2FCC,1,衛兵,"衛兵
（どうするったって{SPD:10}・・・、{SPD:FF}外交官特
　権じゃ、しょうがないよ）{W}",,
20-00-303E-00,20,0,7172E4,303E,0,衛兵,"衛兵
「わかりました」{W}",,
20-00-303E-01,20,0,7172E4,303E,1,衛兵,"衛兵
「どうぞお通り下さい」{W}",,
20-00-3076-00,20,0,7172E4,3076,0,クラース,"{N4}
「この方は？」{W}",,
20-00-3076-01,20,0,7172E4,3076,1,ハリソン,"ハリソン
「この人は、ユークリッド科学アカデ
　ミー所長のスタンリーです」{W}",,
20-00-3076-02,20,0,7172E4,3076,2,ハリソン,"ハリソン
「彼は飛行機械の研究をしています」{W}",,
20-00-3076-03,20,0,7172E4,3076,3,クレス,"{N1}
「飛行機械？」{W}",,
20-00-3076-04,20,0,7172E4,3076,4,スタンリー,"スタンリー
「それはオレが説明しよう」{W}",,
20-00-3076-05,20,0,7172E4,3076,5,スタンリー,"スタンリー
「後ろを見てくれ」{W}",,
20-00-3166-00,20,0,7172E4,3166,0,スタンリー,"スタンリー
「それが魔力をエネルギー源にして飛
　行する有人飛行機・・・」{W}",,
20-00-3166-01,20,0,7172E4,3166,1,スタンリー,"スタンリー
「『レアバード』だ」{W}",,
20-00-3166-02,20,0,7172E4,3166,2,スタンリー,"スタンリー
「研究中と言っても、既に実用されて
　いるものだがな」{W}",,
20-00-3166-03,20,0,7172E4,3166,3,スタンリー,"スタンリー
「ダオス討伐の協力とあらば、無償で
　譲ってやろう」{W}",,
20-00-3166-04,20,0,7172E4,3166,4,スタンリー,"スタンリー
「しかし、ハリソンの話では・・・」{W}",,
20-00-3166-05,20,0,7172E4,3166,5,スタンリー,"スタンリー
「アルヴァニスタまで飛ばなければな
　らないということだが」{W}",,
20-00-3166-06,20,0,7172E4,3166,6,スタンリー,"スタンリー
「レアバードには、そんな遠距離飛行
　能力は持ち合わせていない」{W}",,
20-00-3324-00,20,0,7172E4,3324,0,ハリソン,"ハリソン
「おいおい、君も魔科学技術者の端く
　れだろう？」{W}",,
20-00-3324-01,20,0,7172E4,3324,1,ハリソン,"ハリソン
「なんとか出力を上げる方法はないの
　か？」{W}",,
20-00-3324-02,20,0,7172E4,3324,2,スタンリー,"スタンリー
「・・・無茶を言うなよ・・・」{W}",,
20-00-3324-03,20,0,7172E4,3324,3,スタンリー,"スタンリー
「まあ、あることはあるが・・・」{W}",,
20-00-33F6-00,20,0,7172E4,33F6,0,クラース,"{N4}
「何でもいい、言ってくれ！」{W}",,
20-00-33F6-01,20,0,7172E4,33F6,1,スタンリー,"スタンリー
「レアバードは、基本的に魔力を電気
　に変えてエネルギーとしている」{W}",,
20-00-33F6-02,20,0,7172E4,33F6,2,スタンリー,"スタンリー
「だから、ヴォルトっていう雷の精霊
　の力を借りれば・・・」{W}",,
20-00-33F6-03,20,0,7172E4,33F6,3,スタンリー,"スタンリー
「まあ、ひょっとすればなんとかなる
　かもしれん・・・」{W}",,
20-00-33F6-04,20,0,7172E4,33F6,4,スタンリー,"スタンリー
「が{SPD:10}・・・、{SPD:FF}召喚士がこの辺りにはい
　なくてな」{W}",,
20-00-3544-00,20,0,7172E4,3544,0,クラース,"{N4}
「オレはその召喚士だ」{W}",,
20-00-3544-01,20,0,7172E4,3544,1,スタンリー,"スタンリー
「へっ・・・？」{W}",,
20-00-3544-02,20,0,7172E4,3544,2,クラース,"{N4}
「だから、オレは召喚士なんだ」{W}",,
20-00-3544-03,20,0,7172E4,3544,3,スタンリー,"スタンリー
「・・・」{W}",,
20-00-3544-04,20,0,7172E4,3544,4,アーチェ,"{N3}
「もしかして、その力があればあたし
　も『ホウキ』で長く飛べるかな？」{W}",,
20-00-3544-05,20,0,7172E4,3544,5,スタンリー,"スタンリー
「ええッ？」{W}",,
20-00-3544-06,20,0,7172E4,3544,6,スタンリー,"スタンリー
「う～ん・・・、まだ研究中だから、
　何とも言えないが・・・」{W}",,
20-00-3544-07,20,0,7172E4,3544,7,スタンリー,"スタンリー
「魔法使いのホウキも、魔力を電気エ
　ネルギーに変えて飛んでるとか」{W}",,
20-00-3544-08,20,0,7172E4,3544,8,スタンリー,"スタンリー
「残念ながら、立証はされていないが
　な」{W}",,
20-00-3544-09,20,0,7172E4,3544,9,チェスター,"{N5}
「わけわからんな・・・Ω」{W}",,
20-00-3720-00,20,0,7172E4,3720,0,クレス,"{N1}
「それじゃあ、とにかく急ごう」{W}",,
20-00-3720-01,20,0,7172E4,3720,1,スタンリー,"スタンリー
「慌てるなって」{W}",,
20-00-3720-02,20,0,7172E4,3720,2,スタンリー,"スタンリー
「精霊と契約するには指輪が必要なん
　だろ？」{W}",,
20-00-3720-03,20,0,7172E4,3720,3,スタンリー,"スタンリー
「持っていきな」{W}",,
20-00-3720-04,20,0,7172E4,3720,4,クラース,"{N4}
「おおッ！」{W}",,
20-00-3720-05,20,0,7172E4,3720,5,クラース,"{N4}
「契約の指輪を持ってるのか！？」{W}",,
20-00-3720-06,20,0,7172E4,3720,6,スタンリー,"スタンリー
「ああ」{W}",,
20-00-3720-07,20,0,7172E4,3720,7,スタンリー,"スタンリー
「アルヴァニスタのモーリア坑道調査
　隊が見つけたのを・・・」{W}",,
20-00-3720-08,20,0,7172E4,3720,8,スタンリー,"スタンリー
「研究用にもらったんだ」{W}",,
20-00-3720-09,20,0,7172E4,3720,9,クラース,"{N4}
「しかし{SPD:10}・・・、{SPD:FF}いいのか？」{W}",,
20-00-3720-10,20,0,7172E4,3720,10,スタンリー,"スタンリー
「いいって」{W}",,
20-00-3720-11,20,0,7172E4,3720,11,スタンリー,"スタンリー
「調べはしたが、全くわからん」{W}",,
20-00-38F6-00,20,0,7172E4,38F6,0,,契約の指輪サードニックスを手に入れました。{W},,
20-00-38F6-01,20,0,7172E4,38F6,1,スタンリー,"スタンリー
「うわさでは、ミゲールの南西にある
　洞窟にヴォルトがいるらしいな」{W}",,
20-00-38F6-02,20,0,7172E4,38F6,2,スタンリー,"スタンリー
「あそこは超古代文明の名残らしいん
　だが・・・」{W}",,
20-00-38F6-03,20,0,7172E4,38F6,3,スタンリー,"スタンリー
「いたる所に謎の装置があるとかない
　とか・・・」{W}",,
20-00-38F6-04,20,0,7172E4,38F6,4,クレス,"{N1}
「ありがとう、行ってみます」{W}",,
20-00-3A1A-00,20,0,7172E4,3A1A,0,すず,"{N6}
「わたしはここで待ってますから、み
　なさんは行ってきて下さい」{W}",,
20-00-3A1A-01,20,0,7172E4,3A1A,1,クレス,"{N1}
「ちょっと待ってておくれよ」{W}",,
20-00-3A88-00,20,0,7172E4,3A88,0,すず,"{N6}
「わたしは・・・」{W}",,
20-00-3A88-01,20,0,7172E4,3A88,1,すず,"{N6}
「わたしはここで待ってます」{W}",,
20-00-3A88-02,20,0,7172E4,3A88,2,クレス,"{N1}
「どうしたの？」{W}",,
20-00-3A88-03,20,0,7172E4,3A88,3,すず,"{N6}
「なんでもありません・・・」{W}",,
20-00-3A88-04,20,0,7172E4,3A88,4,クレス,"{N1}
「・・・・・・」{W}",,
20-00-3A88-05,20,0,7172E4,3A88,5,すず,"{N6}
「すみません・・・、行きたくないん
　です・・・」{W}",,
20-00-3A88-06,20,0,7172E4,3A88,6,すず,"{N6}
「ここから先には・・・」{W}",,
20-00-3A88-07,20,0,7172E4,3A88,7,クレス,"{N1}
「そっ、そうか・・・」{W}",,
20-00-3A88-08,20,0,7172E4,3A88,8,クレス,"{N1}
「気がつかなくてごめん・・・」{W}",,
20-00-3A88-09,20,0,7172E4,3A88,9,すず,"{N6}
「お気になさらずに、みなさんで行っ
　てきて下さい」{W}",,
20-00-3A88-10,20,0,7172E4,3A88,10,すず,"{N6}
「ここで待ってますから」{W}",,
20-00-3A88-11,20,0,7172E4,3A88,11,クレス,"{N1}
「それじゃ、すぐ戻ってくるから少し
　待っていておくれよ」{W}",,
20-00-3A88-12,20,0,7172E4,3A88,12,すず,"{N6}
「おかまいなく」{W}",,
20-00-3C70-00,20,0,7172E4,3C70,0,クレス,"{N1}
「お待たせ」{W}",,
20-00-3C70-01,20,0,7172E4,3C70,1,すず,"{N6}
「おかえりなさい」{W}",,
20-00-3CA0-00,20,0,7172E4,3CA0,0,料理人,"料理人
「ロールキャベツ作ってるかい？」{W}",,
20-00-3CCC-00,20,0,7172E4,3CCC,0,料理人,"料理人
「私は『すばらしき味の世界』の住人
　だ」{W}",,
20-00-3CCC-01,20,0,7172E4,3CCC,1,料理人,"料理人
「この味をより多くの人に伝えたい」{W}",,
20-00-3CCC-02,20,0,7172E4,3CCC,2,料理人,"料理人
「君も私の世界に触れてみないか？」",,
20-00-3D58-00,20,0,7172E4,3D58,0,料理人,"料理人
「この料理を伝授しよう！」{W}",,
20-00-3D7E-00,20,0,7172E4,3D7E,0,,"{COL:2}ロールキャベツを料理できるようにな
りました。{W}",,
20-00-3D7E-01,20,0,7172E4,3D7E,1,,{COL:0},,
20-00-3DB8-00,20,0,7172E4,3DB8,0,料理人,"料理人
「料理は作れば作るほど上達する！」{W}",,
20-00-3DB8-01,20,0,7172E4,3DB8,1,料理人,"料理人
「☆の印が料理熟練度の証しだ！」{W}",,
20-00-3DB8-02,20,0,7172E4,3DB8,2,料理人,"料理人
「☆が多いほど、料理の効果も上がる
　ので、日々修行するのだ！」{W}",,
20-00-3E5A-00,20,0,7172E4,3E5A,0,料理人,"料理人
「おお、なんということだ！」{W}",,
20-00-3E82-00,20,0,7172E4,3E82,0,チェスター,"{N5}
「宿屋に着くと落ち着くぜ」{W}",,
20-00-3E82-01,20,0,7172E4,3E82,1,クレス,"{N1}
「そうだな」{W}",,
20-00-3EBA-00,20,0,7172E4,3EBA,0,クラース,"{N4}
「ふぅ・・・」{W}",,
20-00-3EBA-01,20,0,7172E4,3EBA,1,クラース,"{N4}
「ユークリッドか{SPD:10}・・・{SPD:FF}」{W}",,
20-00-3EFA-00,20,0,7172E4,3EFA,0,クラース,"{N4}
「{SPD:10}・・・{SPD:FF}ミラルド」{W}",,
20-00-3F1E-00,20,0,7172E4,3F1E,0,チェスター,"{N5}
（なあ{N1}・・・）{W}",,
20-00-3F3A-00,20,0,7172E4,3F3A,0,チェスター,"{N5}
（さっきからさ、なんか様子が変じゃ
　ねえか？）{W}",,
20-00-3F74-00,20,0,7172E4,3F74,0,クレス,"{N1}
（確かに・・・）{W}",,
20-00-3F8E-00,20,0,7172E4,3F8E,0,クレス,"{N1}
「どうしたんですか？
　{N4}さん・・・？」{W}",,
20-00-3FC2-00,20,0,7172E4,3FC2,0,クラース,"{N4}
「えッ・・・？」{W}",,
20-00-3FDC-00,20,0,7172E4,3FDC,0,クラース,"{N4}
「あ、ああ・・・」{W}",,
20-00-3FDC-01,20,0,7172E4,3FDC,1,クラース,"{N4}
「な、なんでもないんだ」{W}",,
20-00-4018-00,20,0,7172E4,4018,0,,{N4}は『{TITLE:1C4}』の称号を得ました。{W},,
20-00-403C-00,20,0,7172E4,403C,0,すず,"{N6}
「そろそろ時間ですね・・・」{W}",,
20-00-403C-01,20,0,7172E4,403C,1,アーチェ,"{N3}
「え、もう！？」{W}",,
20-00-403C-02,20,0,7172E4,403C,2,アーチェ,"{N3}
「うぅ・・・、大丈夫かなぁ？」{W}",,
20-00-40A0-00,20,0,7172E4,40A0,0,,ミゲールの町に戻りますか？,,
20-00-40BC-00,20,0,7172E4,40BC,0,アーチェ,"{N3}
「一回町に戻ろうか」{W}",,
20-00-40BC-01,20,0,7172E4,40BC,1,すず,"{N6}
「わかりました」{W}",,
20-00-40F2-00,20,0,7172E4,40F2,0,,"ミゲールの町に戻る事ができますが、
戻ると今回の依頼は失敗となります。{W}",,
20-00-40F2-01,20,0,7172E4,40F2,1,,ミゲールの町に戻りますか？,,
20-00-4156-00,20,0,7172E4,4156,0,アーチェ,"{N3}
「一回町に戻ろうか」{W}",,
20-00-4156-01,20,0,7172E4,4156,1,すず,"{N6}
「わかりました」{W}",,
20-00-418C-00,20,0,7172E4,418C,0,,"依頼を受けた町に退却しますか？
",,
20-00-41AE-00,20,0,7172E4,41AE,0,アーチェ,"{N3}
「一回町に戻ろうか」{W}",,
20-00-41AE-01,20,0,7172E4,41AE,1,すず,"{N6}
「わかりました」{W}",,
20-00-41E4-00,20,0,7172E4,41E4,0,アーチェ,"{N3}
「この町にまだ困ってる人が
　いる気がする・・・」{W}",,
20-00-4220-00,20,0,7172E4,4220,0,アーチェ,"{N3}
「おっといけない！」{W}",,
20-00-4220-01,20,0,7172E4,4220,1,アーチェ,"{N3}
「まだ任務の途中だった・・・」{W}",,
20-00-4264-00,20,0,7172E4,4264,0,アーチェ,"{N3}
「まだ用事がすんでないよ・・・」{W}",,
21-00-0000-00,21,0,71E5A4,0000,0,,宿屋『ベイエリア』,,
21-00-0014-00,21,0,71E5A4,0014,0,,武器屋『水剣』,,
21-00-0024-00,21,0,71E5A4,0024,0,,防具屋『シースルー』,,
21-00-003A-00,21,0,71E5A4,003A,0,,食材屋『ウォーターフロント』,,
21-00-0058-00,21,0,71E5A4,0058,0,,道具屋『マラガの海』,,
21-00-006E-00,21,0,71E5A4,006E,0,,市長の家,,
21-00-0078-00,21,0,71E5A4,0078,0,,輸入会社『レイオット』,,
21-00-0090-00,21,0,71E5A4,0090,0,エルウィンの父・ドグ,"エルウィンの父・ドグ
「お前の結婚相手は、わしが決めてや
　る！！」{W}",,
21-00-0090-01,21,0,71E5A4,0090,1,ドグ,"ドグ
「そんな田舎娘などダメだ！！」{W}",,
21-00-0090-02,21,0,71E5A4,0090,2,エルウィン,"エルウィン
「どうして父さんが、ぼくの結婚相手
　を決めなきゃならないの！？」{W}",,
21-00-0090-03,21,0,71E5A4,0090,3,ドグ,"ドグ
「お前はわしの言うことさえ聞いてい
　ればいいんだ！！」{W}",,
21-00-0090-04,21,0,71E5A4,0090,4,エルウィン,"エルウィン
「ぼくは父さんの奴隷じゃないよ！」{W}",,
21-00-01BE-00,21,0,71E5A4,01BE,0,エルウィン,"エルウィン
「ナンシーッ！！！」{W}",,
21-00-01BE-01,21,0,71E5A4,01BE,1,ドグ,"ドグ
「あんな奴、ほっとけ！！」{W}",,
21-00-0204-00,21,0,71E5A4,0204,0,エルウィン,"エルウィン
「父さんは自分勝手なんだよ！」{W}",,
21-00-0204-01,21,0,71E5A4,0204,1,ドグ,"ドグ
「生意気言うなッ！！」{W}",,
21-00-0250-00,21,0,71E5A4,0250,0,ドグ,"ドグ
「エルウィン・・・！！」{W}",,
21-00-0272-00,21,0,71E5A4,0272,0,ドグ,"ドグ
「バカものがッ！！」{W}",,
21-00-0290-00,21,0,71E5A4,0290,0,宿屋,"宿屋
「いらっしゃいませ、お客様、お泊ま
　りですか？」{W}",,
21-00-0290-01,21,0,71E5A4,0290,1,宿屋,"宿屋
「一晩３５ガルドになります」",,
21-00-02EE-00,21,0,71E5A4,02EE,0,宿屋,"宿屋
「ごゆっくり」{W}",,
21-00-0306-00,21,0,71E5A4,0306,0,宿屋,"宿屋
「すいません、お金が足りません」{W}",,
21-00-0330-00,21,0,71E5A4,0330,0,宿屋,"宿屋
「またのおこしをお待ちしております
　わ」{W}",,
21-00-0364-00,21,0,71E5A4,0364,0,防具屋,"防具屋
「いらっしゃい」{W}",,
21-00-0380-00,21,0,71E5A4,0380,0,防具屋,"防具屋
「ありがとう」{W}",,
21-00-039A-00,21,0,71E5A4,039A,0,町の人,"町の人
「戦争、終わったんだってね」{W}",,
21-00-039A-01,21,0,71E5A4,039A,1,町の人,"町の人
「これでアルヴァニスタとミッドガル
　ズの関係も良くなるね」{W}",,
21-00-0408-00,21,0,71E5A4,0408,0,剣士,"剣士
「アルヴァニスタとミッドガルズは、
　昔から友好関係にあったんだけど」{W}",,
21-00-0408-01,21,0,71E5A4,0408,1,剣士,"剣士
「・・・最近おかしいんだよな」{W}",,
21-00-0408-02,21,0,71E5A4,0408,2,剣士,"剣士
「ミッドガルズが戦争しようとしてる
　のに・・・」{W}",,
21-00-0408-03,21,0,71E5A4,0408,3,剣士,"剣士
「アルヴァニスタは何もしないんだ」{W}",,
21-00-0408-04,21,0,71E5A4,0408,4,剣士,"剣士
「これっておかしいよね」{W}",,
21-00-0502-00,21,0,71E5A4,0502,0,女剣士,"女剣士
「さすが輸入の町ね、いいのがそろっ
　てるわ」{W}",,
21-00-053C-00,21,0,71E5A4,053C,0,女剣士,"女剣士
「あっ、あんた剣士？」{W}",,
21-00-053C-01,21,0,71E5A4,053C,1,女剣士,"女剣士
「奥義書、売ってやろうか？」{W}",,
21-00-053C-02,21,0,71E5A4,053C,2,クレス,"{N1}
「えっ、奥義書！？」{W}",,
21-00-053C-03,21,0,71E5A4,053C,3,女剣士,"女剣士
「闇市で手に入れたんだけど、使いこ
　なせそうにないんだ」{W}",,
21-00-053C-04,21,0,71E5A4,053C,4,女剣士,"女剣士
「どうだ？」{W}",,
21-00-053C-05,21,0,71E5A4,053C,5,女剣士,"女剣士
「今なら３０００ガルドでいいぜ」{W}",,
21-00-053C-06,21,0,71E5A4,053C,6,,{COL:3}買いますか？{COL:2},,
21-00-0638-00,21,0,71E5A4,0638,0,女剣士,"女剣士
「ちぇ、残念」{W}",,
21-00-0638-01,21,0,71E5A4,0638,1,女剣士,"女剣士
「いい金になると思ったのに」{W}",,
21-00-0678-00,21,0,71E5A4,0678,0,女剣士,"女剣士
「金が足りねぇって」{W}",,
21-00-0698-00,21,0,71E5A4,0698,0,,"{COL:3}{N1}は
襲爪千裂破を覚えました。{COL:2}{W}",,
21-00-0698-01,21,0,71E5A4,0698,1,女剣士,"女剣士
「まいどッ！」{W}",,
21-00-06DC-00,21,0,71E5A4,06DC,0,武器屋,"武器屋
「いらっしゃい」{W}",,
21-00-06F8-00,21,0,71E5A4,06F8,0,武器屋,"武器屋
「ありがとうございました」{W}",,
21-00-071E-00,21,0,71E5A4,071E,0,女剣士,"女剣士
「お前、エルフって知ってるか？」",,
21-00-0748-00,21,0,71E5A4,0748,0,女剣士,"女剣士
「エルフは、とても美しい生き物らし
　い」{W}",,
21-00-0748-01,21,0,71E5A4,0748,1,女剣士,"女剣士
「そして長生きもする」{W}",,
21-00-0748-02,21,0,71E5A4,0748,2,女剣士,"女剣士
「魔法も使える」{W}",,
21-00-0748-03,21,0,71E5A4,0748,3,女剣士,"女剣士
「だけど、心をなかなか開いてくれな
　い」{W}",,
21-00-0748-04,21,0,71E5A4,0748,4,女剣士,"女剣士
「それだけピュアな心の持ち主なんだ
　ろうね」{W}",,
21-00-0824-00,21,0,71E5A4,0824,0,女剣士,"女剣士
「それじゃさ、ハーフエルフは知って
　る？」",,
21-00-085A-00,21,0,71E5A4,085A,0,女剣士,"女剣士
「ハーフエルフは、人とエルフの混血
　なんだ」{W}",,
21-00-085A-01,21,0,71E5A4,085A,1,女剣士,"女剣士
「外見が人とあまり変わりはないけど
　・・・」{W}",,
21-00-085A-02,21,0,71E5A4,085A,2,女剣士,"女剣士
「エルフと同じように長生きだし、魔
　法も使えるんだ」{W}",,
21-00-090C-00,21,0,71E5A4,090C,0,女剣士,"女剣士
「あっ、そう」{W}",,
21-00-0926-00,21,0,71E5A4,0926,0,受付嬢,"受付嬢
「お客様、アポイントはお取りでしょ
　うか？」{W}",,
21-00-0960-00,21,0,71E5A4,0960,0,事務員,"事務員
「あ～あ、お茶くみも楽じゃないわ」{W}",,
21-00-098E-00,21,0,71E5A4,098E,0,部長,"部長
「アルヴァニスタには・・・」{W}",,
21-00-098E-01,21,0,71E5A4,098E,1,部長,"部長
「モーリア坑道っていうドワーフ族の
　鉱山跡があるんだ」{W}",,
21-00-098E-02,21,0,71E5A4,098E,2,部長,"部長
「ドワーフ族？」{W}",,
21-00-098E-03,21,0,71E5A4,098E,3,部長,"部長
「はるか昔に滅亡した地下の民族さ」{W}",,
21-00-0A36-00,21,0,71E5A4,0A36,0,部長,"部長
「おーい！アルヴァニスタの生産状
　況はどうなってるー！？」{W}",,
21-00-0A7C-00,21,0,71E5A4,0A7C,0,社員,"社員
「戦争で打撃を受けたミッドガルズに
　は、物資を送る必要があるな」{W}",,
21-00-0A7C-01,21,0,71E5A4,0A7C,1,社員,"社員
「こりゃ忙しくなるぞぉ！」{W}",,
21-00-0AEA-00,21,0,71E5A4,0AEA,0,社員,"社員
「たいへんだよ～」{W}",,
21-00-0AEA-01,21,0,71E5A4,0AEA,1,社員,"社員
「ミッドガルズが戦争に突入しそうだ
　から・・・」{W}",,
21-00-0AEA-02,21,0,71E5A4,0AEA,2,社員,"社員
「そこからの輸入が、ストップしちゃ
　って・・・」{W}",,
21-00-0B7A-00,21,0,71E5A4,0B7A,0,社員,"社員
「ミッドガルズで、何かすごい研究が
　されてるらしいよ」{W}",,
21-00-0B7A-01,21,0,71E5A4,0B7A,1,社員,"社員
「どんなのかはよくわからないけど」{W}",,
21-00-0BE6-00,21,0,71E5A4,0BE6,0,社員,"社員
「ダオスもいなくなって、仕事の方も
　軌道に乗ってきて・・・」{W}",,
21-00-0BE6-01,21,0,71E5A4,0BE6,1,社員,"社員
「言うことないねッ！！」{W}",,
21-00-0C4E-00,21,0,71E5A4,0C4E,0,社員,"社員
「ミッドガルズが戦争しようとしてい
　る相手は・・・」{W}",,
21-00-0C4E-01,21,0,71E5A4,0C4E,1,社員,"社員
「ダオス率いる魔物の軍隊らしいよ」{W}",,
21-00-0CB8-00,21,0,71E5A4,0CB8,0,エルウィン,"エルウィン
「やあ、君たちは・・・」{W}",,
21-00-0CB8-01,21,0,71E5A4,0CB8,1,エルウィン,"エルウィン
「こんにちわ」{W}",,
21-00-0CB8-02,21,0,71E5A4,0CB8,2,エルウィン,"エルウィン
「たいしたもてないもできないけど、
　ゆっくりしてってよ」{W}",,
21-00-0D44-00,21,0,71E5A4,0D44,0,エルウィン,"エルウィン
「やあ、君たちは・・・」{W}",,
21-00-0D44-01,21,0,71E5A4,0D44,1,エルウィン,"エルウィン
「何か用かい？」{W}",,
21-00-0D44-02,21,0,71E5A4,0D44,2,クレス,"{N1}
「あの、ナンシーさんがこの町に来て
　います」{W}",,
21-00-0D44-03,21,0,71E5A4,0D44,3,エルウィン,"エルウィン
「えッ・・・！？」{W}",,
21-00-0D44-04,21,0,71E5A4,0D44,4,エルウィン,"エルウィン
「ナンシーが{SPD:10}・・・{SPD:FF}」{W}",,
21-00-0D44-05,21,0,71E5A4,0D44,5,ミント,"{N2}
「本当に・・・、会いたがっているん
　です」{W}",,
21-00-0D44-06,21,0,71E5A4,0D44,6,ミント,"{N2}
「一度でいいから・・・、会ってみま
　せんか？」{W}",,
21-00-0D44-07,21,0,71E5A4,0D44,7,エルウィン,"エルウィン
「{SPD:10}・・・・・・{SPD:FF}わかったよ」{W}",,
21-00-0D44-08,21,0,71E5A4,0D44,8,エルウィン,"エルウィン
「それじゃあ・・・、中央広場の噴水
　の前で」{W}",,
21-00-0D44-09,21,0,71E5A4,0D44,9,クレス,"{N1}
「わかった、伝えるよ」{W}",,
21-00-0F00-00,21,0,71E5A4,0F00,0,エルウィン,"エルウィン
「すぐ行くから」{W}",,
21-00-0F20-00,21,0,71E5A4,0F20,0,エルウィン,"エルウィン
「子供はまず女の子で{SPD:10}・・・、{SPD:FF}次は男
　の子がいいな・・・」{W}",,
21-00-0F72-00,21,0,71E5A4,0F72,0,エルウィン,"エルウィン
「ぼくたち、もうすぐ結婚式をあげる
　んだ」{W}",,
21-00-0F72-01,21,0,71E5A4,0F72,1,エルウィン,"エルウィン
「君たちも出席してくれるよね？」",,
21-00-0FDA-00,21,0,71E5A4,0FDA,0,,"　
　　　　　数日後・・・・・・　",,
21-00-0FFE-00,21,0,71E5A4,0FFE,0,エルウィン,"エルウィン
「ぼくたち、もうすぐ結婚式をあげる
　んだ」{W}",,
21-00-0FFE-01,21,0,71E5A4,0FFE,1,エルウィン,"エルウィン
「できればみなさんに出席してもらい
　たいんだけど・・・」{W}",,
21-00-0FFE-02,21,0,71E5A4,0FFE,2,エルウィン,"エルウィン
「全員いる時にもう一度来てくれない
　か？」{W}",,
21-00-10BC-00,21,0,71E5A4,10BC,0,社員,"社員
「ここはリフレッシュルームだよ」{W}",,
21-00-10BC-01,21,0,71E5A4,10BC,1,社員,"社員
「向こうが社長室」{W}",,
21-00-1100-00,21,0,71E5A4,1100,0,社員,"社員
「ダオスっていくつなんだ？」{W}",,
21-00-1100-01,21,0,71E5A4,1100,1,社員,"社員
「１５０年くらい前にも現れたってい
　う話だけど・・・」{W}",,
21-00-1166-00,21,0,71E5A4,1166,0,社員,"社員
「やっと平和になって・・・」{W}",,
21-00-1166-01,21,0,71E5A4,1166,1,社員,"社員
「後は、若社長が社長になるのを待つ
　だけだね」{W}",,
21-00-11C4-00,21,0,71E5A4,11C4,0,社員,"社員
「やっと平和にはなったけど・・・」{W}",,
21-00-11C4-01,21,0,71E5A4,11C4,1,社員,"社員
「若社長がいないと寂しいね」{W}",,
21-00-1214-00,21,0,71E5A4,1214,0,社員,"社員
「社長もたいへんだよ」{W}",,
21-00-1214-01,21,0,71E5A4,1214,1,社員,"社員
「ミッドガルズ支社が、戦争のせいで
　アクセスできなくなったんだって」{W}",,
21-00-1282-00,21,0,71E5A4,1282,0,社員,"社員
「まあ、若社長がいれば大丈夫だけど
　ね」{W}",,
21-00-1282-01,21,0,71E5A4,1282,1,社員,"社員
「若社長・・・？」{W}",,
21-00-1282-02,21,0,71E5A4,1282,2,社員,"社員
「一階にいるエルウィンだよ」{W}",,
21-00-1282-03,21,0,71E5A4,1282,3,社員,"社員
「まだ営業マンだけどね」{W}",,
21-00-1314-00,21,0,71E5A4,1314,0,事務員,"事務員
「あらっ、お客さん？」{W}",,
21-00-1314-01,21,0,71E5A4,1314,1,事務員,"事務員
「紅茶でもいかが？」{W}",,
21-00-1354-00,21,0,71E5A4,1354,0,事務員,"事務員
「戦争が終わったのはよかったんだけ
　ど・・・」{W}",,
21-00-1354-01,21,0,71E5A4,1354,1,事務員,"事務員
「結局、ダオスがどこから来たのか、
　わからずじまいね」{W}",,
21-00-13D2-00,21,0,71E5A4,13D2,0,事務員,"事務員
「ここまで戦争が飛び火しなきゃいい
　けど・・・」{W}",,
21-00-13D2-01,21,0,71E5A4,13D2,1,事務員,"事務員
「ところで、ダオスってどこから来た
　のかしら？」{W}",,
21-00-144C-00,21,0,71E5A4,144C,0,エルウィンの父・ドグ,"エルウィンの父・ドグ
「きっ、君たち・・・」{W}",,
21-00-144C-01,21,0,71E5A4,144C,1,ドグ,"ドグ
「エルウィンを知らないか！？」{W}",,
21-00-144C-02,21,0,71E5A4,144C,2,ドグ,"ドグ
「エルウィンが・・・、行方不明にな
　ってしまったんだ！」{W}",,
21-00-144C-03,21,0,71E5A4,144C,3,クラース,"{N4}
「・・・それは、あなたに原因がある
　のでは？」{W}",,
21-00-144C-04,21,0,71E5A4,144C,4,クラース,"{N4}
「息子さんがかわいいあまりに、縛り
　つけていた・・・」{W}",,
21-00-144C-05,21,0,71E5A4,144C,5,クラース,"{N4}
「図星ですね・・・？」{W}",,
21-00-144C-06,21,0,71E5A4,144C,6,ドグ,"ドグ
「・・・確かにその通りだ」{W}",,
21-00-144C-07,21,0,71E5A4,144C,7,ドグ,"ドグ
「だが、もう心を入れ替えた」{W}",,
21-00-144C-08,21,0,71E5A4,144C,8,ドグ,"ドグ
「ただエルウィンが帰ってきさえすれ
　ば・・・」{W}",,
21-00-144C-09,21,0,71E5A4,144C,9,,{COL:3}エルウィンの居場所を話しますか？{COL:2},,
21-00-1620-00,21,0,71E5A4,1620,0,ドグ,"ドグ
「そうか・・・」{W}",,
21-00-1620-01,21,0,71E5A4,1620,1,ドグ,"ドグ
「もし、エルウィンの居場所がわかっ
　たら教えてくれないか？」{W}",,
21-00-1620-02,21,0,71E5A4,1620,2,ドグ,"ドグ
「礼はする」{W}",,
21-00-1694-00,21,0,71E5A4,1694,0,ドグ,"ドグ
「知っているのか！？」{W}",,
21-00-1694-01,21,0,71E5A4,1694,1,クレス,"{N1}
「ええ、アルヴァニスタにいました」{W}",,
21-00-1694-02,21,0,71E5A4,1694,2,クレス,"{N1}
「ナンシーも一緒でしたよ」{W}",,
21-00-1700-00,21,0,71E5A4,1700,0,ドグ,"ドグ
「・・・そうか」{W}",,
21-00-1700-01,21,0,71E5A4,1700,1,ドグ,"ドグ
「あの女がエルウィンを・・・」{W}",,
21-00-1740-00,21,0,71E5A4,1740,0,ドグ,"ドグ
「君たちには世話になったね」{W}",,
21-00-1740-01,21,0,71E5A4,1740,1,ドグ,"ドグ
「エルウィンが自ら選んだ道だ」{W}",,
21-00-1740-02,21,0,71E5A4,1740,2,ドグ,"ドグ
「もう何も言わない」{W}",,
21-00-17A8-00,21,0,71E5A4,17A8,0,社長,"社長
「なんだ、お前たちは？」{W}",,
21-00-17A8-01,21,0,71E5A4,17A8,1,社長,"社長
「勝手に入ってくるな！」{W}",,
21-00-17EA-00,21,0,71E5A4,17EA,0,店員,"店員
「いらっしゃい」{W}",,
21-00-1804-00,21,0,71E5A4,1804,0,店員,"店員
「ありがとうございました」{W}",,
21-00-1828-00,21,0,71E5A4,1828,0,町の人,"町の人
「さて、今夜のおかずは～っと」{W}",,
21-00-1852-00,21,0,71E5A4,1852,0,町の人,"町の人
「モーリア坑道に入るには許可証がい
　るらしいね」{W}",,
21-00-1852-01,21,0,71E5A4,1852,1,町の人,"町の人
「オレが旅の途中にアルヴァニスタに
　寄った時の話だ」{W}",,
21-00-1852-02,21,0,71E5A4,1852,2,町の人,"町の人
「さて、今夜のおかずは～っと」{W}",,
21-00-18F8-00,21,0,71E5A4,18F8,0,男の子,"男の子
「お父さん、早く帰ってこないかな」{W}",,
21-00-18F8-01,21,0,71E5A4,18F8,1,男の子,"男の子
「ぼくのお父さん漁師だから、なかな
　か帰ってこないんだ」{W}",,
21-00-196A-00,21,0,71E5A4,196A,0,女の子,"女の子
「掃除しなきゃ・・・」{W}",,
21-00-196A-01,21,0,71E5A4,196A,1,女の子,"女の子
「えっ、私？」{W}",,
21-00-196A-02,21,0,71E5A4,196A,2,女の子,"女の子
「ここでバイトしてるの」{W}",,
21-00-19C6-00,21,0,71E5A4,19C6,0,おばあさん,"おばあさん
「昔は精霊様も姿を現してたんじゃが　・・・」{W}",,
21-00-19C6-01,21,0,71E5A4,19C6,1,おばあさん,"おばあさん
「ここ最近はエルフの姿も見当たらん
　のぅ{SPD:10}・・・{SPD:FF}」{W}",,
21-00-19C6-02,21,0,71E5A4,19C6,2,おばあさん,"おばあさん
「何かの前触れかのぅ{SPD:10}・・・{SPD:FF}」{W}",,
21-00-1A7C-00,21,0,71E5A4,1A7C,0,ハーフエルフ,"ハーフエルフ
「２００年たっても料理一つ覚えない
　んだから・・・」{W}",,
21-00-1A7C-01,21,0,71E5A4,1A7C,1,ハーフエルフ,"ハーフエルフ
「ああ・・・、私はハーフエルフなん
　です」{W}",,
21-00-1A7C-02,21,0,71E5A4,1A7C,2,ハーフエルフ,"ハーフエルフ
「エルフやハーフエルフは人間よりも
　長生きするんですよ」{W}",,
21-00-1A7C-03,21,0,71E5A4,1A7C,3,ハーフエルフ,"ハーフエルフ
「ところで、あなたたちどこかで会い
　ませんでした？」{W}",,
21-00-1B90-00,21,0,71E5A4,1B90,0,ハーフエルフ,"ハーフエルフ
「さて、今夜のおかずは何にしようか
　な」{W}",,
21-00-1B90-01,21,0,71E5A4,1B90,1,ハーフエルフ,"ハーフエルフ
「お師匠様が家で待っているんです」{W}",,
21-00-1B90-02,21,0,71E5A4,1B90,2,ハーフエルフ,"ハーフエルフ
「早く家に帰らないとうるさくて・・
　・」{W}",,
21-00-1B90-03,21,0,71E5A4,1B90,3,ハーフエルフ,"ハーフエルフ
「ああ、魔法の師匠ですよ」{W}",,
21-00-1B90-04,21,0,71E5A4,1B90,4,ハーフエルフ,"ハーフエルフ
「ぼくの姉さんですけどね」{W}",,
21-00-1B90-05,21,0,71E5A4,1B90,5,ハーフエルフ,"ハーフエルフ
「家は、お父さんがエルフだったから
　・・・」{W}",,
21-00-1B90-06,21,0,71E5A4,1B90,6,ハーフエルフ,"ハーフエルフ
「どこかに行っちゃいましたけどね」{W}",,
21-00-1B90-07,21,0,71E5A4,1B90,7,ハーフエルフ,"ハーフエルフ
「子供を残して、とお思いでしょうが
　・・・」{W}",,
21-00-1B90-08,21,0,71E5A4,1B90,8,ハーフエルフ,"ハーフエルフ
「きっと何らかのわけがあったと思い
　ます」{W}",,
21-00-1B90-09,21,0,71E5A4,1B90,9,ハーフエルフ,"ハーフエルフ
「いつか帰ってきますよ」{W}",,
21-00-1D9E-00,21,0,71E5A4,1D9E,0,ハーフエルフ,"ハーフエルフ
「ご飯まだ～？」{W}",,
21-00-1D9E-01,21,0,71E5A4,1D9E,1,ハーフエルフ,"ハーフエルフ
「早くして～」{W}",,
21-00-1DDE-00,21,0,71E5A4,1DDE,0,ハーフエルフ,"ハーフエルフ
「師匠で～す」{W}",,
21-00-1DFE-00,21,0,71E5A4,1DFE,0,ハーフエルフ,"ハーフエルフ
「どう？」{W}",,
21-00-1DFE-01,21,0,71E5A4,1DFE,1,ハーフエルフ,"ハーフエルフ
「この間の魔法は？」{W}",,
21-00-1E3E-00,21,0,71E5A4,1E3E,0,ハーフエルフ,"ハーフエルフ
「あれっ、あなた魔法使い？」{W}",,
21-00-1E3E-01,21,0,71E5A4,1E3E,1,ハーフエルフ,"ハーフエルフ
「呪文書、売ってあげようか？」{W}",,
21-00-1E3E-02,21,0,71E5A4,1E3E,2,ハーフエルフ,"ハーフエルフ
「どの呪文書がいい？」{W}",,
21-00-1E3E-03,21,0,71E5A4,1E3E,3,,"　１．{TITLE:BB}
　２．{TITLE:C4}",,
21-00-1ED6-00,21,0,71E5A4,1ED6,0,ハーフエルフ,"ハーフエルフ
「２００ガルドになるけど、いいかし
　ら？」",,
21-00-1F12-00,21,0,71E5A4,1F12,0,,"{N3}は
{TITLE:BB}を覚えました。{W}",,
21-00-1F30-00,21,0,71E5A4,1F30,0,ハーフエルフ,"ハーフエルフ
「４０００ガルドになるけど、いいか
　しら？」",,
21-00-1F6E-00,21,0,71E5A4,1F6E,0,,"{N3}は
{TITLE:C4}を覚えました。{W}",,
21-00-1F8C-00,21,0,71E5A4,1F8C,0,ハーフエルフ,"ハーフエルフ
「あら、残念」{W}",,
21-00-1FAC-00,21,0,71E5A4,1FAC,0,ハーフエルフ,"ハーフエルフ
「ありがとう」{W}",,
21-00-1FCC-00,21,0,71E5A4,1FCC,0,ハーフエルフ,"ハーフエルフ
「お金が足りないわ」{W}",,
21-00-1FF2-00,21,0,71E5A4,1FF2,0,ハーフエルフ,"ハーフエルフ
「この魔法はもう覚えてるじゃない」{W}",,
21-00-2026-00,21,0,71E5A4,2026,0,道具屋,"道具屋
「いらっしゃい」{W}",,
21-00-2042-00,21,0,71E5A4,2042,0,道具屋,"道具屋
「どうも～」{W}",,
21-00-205A-00,21,0,71E5A4,205A,0,市長,"市長
「下でパーティーをやっておる」{W}",,
21-00-205A-01,21,0,71E5A4,205A,1,市長,"市長
「君もどうだね？」{W}",,
21-00-209C-00,21,0,71E5A4,209C,0,市長,"市長
「私がこのベネツィアの市長だ」{W}",,
21-00-209C-01,21,0,71E5A4,209C,1,市長,"市長
「えッ？」{W}",,
21-00-209C-02,21,0,71E5A4,209C,2,市長,"市長
「そんなこと聞いてないって？」{W}",,
21-00-209C-03,21,0,71E5A4,209C,3,市長,"市長
「ところで、君たちはどこから来たの
　かね？」{W}",,
21-00-209C-04,21,0,71E5A4,209C,4,クレス,"{N1}
「南ユークリッドから来ました」{W}",,
21-00-209C-05,21,0,71E5A4,209C,5,市長,"市長
「もしかしてベルアダムから？」{W}",,
21-00-209C-06,21,0,71E5A4,209C,6,市長,"市長
「そこにレニオスという人がいなかっ
　たかね？」{W}",,
21-00-209C-07,21,0,71E5A4,209C,7,クレス,"{N1}
「ええ、村長がそうです」{W}",,
21-00-209C-08,21,0,71E5A4,209C,8,市長,"市長
「なにッ！？」{W}",,
21-00-209C-09,21,0,71E5A4,209C,9,市長,"市長
「そうか・・・、あいつ、村長になっ
　たか・・・」{W}",,
21-00-209C-10,21,0,71E5A4,209C,10,市長,"市長
「レニオスはわしの双子の弟なんじゃ
　よ」{W}",,
21-00-209C-11,21,0,71E5A4,209C,11,市長,"市長
「南ユークリッドの開発をやるんだ、
　と・・・」{W}",,
21-00-209C-12,21,0,71E5A4,209C,12,市長,"市長
「この町から出て行って十年にもなる
　・・・」{W}",,
21-00-209C-13,21,0,71E5A4,209C,13,市長,"市長
「また会ったらよろしく言っておいて
　くれんか」{W}",,
21-00-22FE-00,21,0,71E5A4,22FE,0,女の子,"女の子
「やっと戦争も終わって、海外旅行も
　自由にできるようになったわ」{W}",,
21-00-22FE-01,21,0,71E5A4,22FE,1,女の子,"女の子
「私、一度でいいから白馬に会ってみ
　たいな」{W}",,
21-00-22FE-02,21,0,71E5A4,22FE,2,女の子,"女の子
「清らかな乙女しか会わないなんて、
　ロマンチックよね～」{W}",,
21-00-23C8-00,21,0,71E5A4,23C8,0,女の子,"女の子
「たまには、海外旅行に行きたいな」{W}",,
21-00-23C8-01,21,0,71E5A4,23C8,1,女の子,"女の子
「でも、ミッドガルズは戦争で無理で
　しょ」{W}",,
21-00-23C8-02,21,0,71E5A4,23C8,2,女の子,"女の子
「アルヴァニスタ行きの船は、船長が
　優柔不断で出ないし・・・」{W}",,
21-00-23C8-03,21,0,71E5A4,23C8,3,女の子,"女の子
「どうなってんのかな？」{W}",,
21-00-2498-00,21,0,71E5A4,2498,0,,（他愛もない世間話をしている）{W},,
21-00-24BA-00,21,0,71E5A4,24BA,0,女の人,"女の人
「今、デミテルの事を話していたの」{W}",,
21-00-24BA-01,21,0,71E5A4,24BA,1,女の人,"女の人
「デミテルは、魔法が使えるハーフエ
　ルフでした」{W}",,
21-00-24BA-02,21,0,71E5A4,24BA,2,女の人,"女の人
「昔は、この町で魔法の研究をしてい
　て・・・」{W}",,
21-00-24BA-03,21,0,71E5A4,24BA,3,女の人,"女の人
「人々の役に立っていたと聞きます」{W}",,
21-00-24BA-04,21,0,71E5A4,24BA,4,女の人,"女の人
「でも、一年前・・・」{W}",,
21-00-24BA-05,21,0,71E5A4,24BA,5,女の人,"女の人
「人が変わったように、すべての研究
　を捨てて・・・」{W}",,
21-00-24BA-06,21,0,71E5A4,24BA,6,女の人,"女の人
「はるか西の孤島に移り住んでしまい
　ました」{W}",,
21-00-2622-00,21,0,71E5A4,2622,0,クレス,"{N1}
「西の孤島？」{W}",,
21-00-2622-01,21,0,71E5A4,2622,1,クラース,"{N4}
「西の孤島か・・・」{W}",,
21-00-2622-02,21,0,71E5A4,2622,2,クラース,"{N4}
「船でなければ行けないな」{W}",,
21-00-2622-03,21,0,71E5A4,2622,3,クラース,"{N4}
「港に行ってみよう」{W}",,
21-00-2622-04,21,0,71E5A4,2622,4,クラース,"{N4}
「船長に頼めば、船を出してくれるか
　もしれない」{W}",,
21-00-26CE-00,21,0,71E5A4,26CE,0,,（他愛もない世間話をしている）{W},,
21-00-26F0-00,21,0,71E5A4,26F0,0,男の人,"男の人
「今、デミテルの話をしていたんだ」{W}",,
21-00-26F0-01,21,0,71E5A4,26F0,1,男の人,"男の人
「彼が、ここから出ていく夜・・・」{W}",,
21-00-26F0-02,21,0,71E5A4,26F0,2,男の人,"男の人
「まるで、なにかにとりつかれたよう
　な形相だったそうだよ」{W}",,
21-00-2790-00,21,0,71E5A4,2790,0,,（他愛もない世間話をしている）{W},,
21-00-27B2-00,21,0,71E5A4,27B2,0,,（他愛もない世間話をしている）{W},,
21-00-27D4-00,21,0,71E5A4,27D4,0,男の子,"男の子
「市長の家ってでかいな～」{W}",,
21-00-27FA-00,21,0,71E5A4,27FA,0,婦人,"婦人
「今、パーティーをやってるの」{W}",,
21-00-27FA-01,21,0,71E5A4,27FA,1,婦人,"婦人
「あなたもいかが？」{W}",,
21-00-283E-00,21,0,71E5A4,283E,0,男の子,"男の子
「何のパーティーかって？」{W}",,
21-00-283E-01,21,0,71E5A4,283E,1,男の子,"男の子
「誕生日会だよ」{W}",,
21-00-283E-02,21,0,71E5A4,283E,2,男の子,"男の子
「市長の兄の子供の友達の姉だって」{W}",,
21-00-283E-03,21,0,71E5A4,283E,3,男の子,"男の子
「何かよくわかんないや」{W}",,
21-00-28CC-00,21,0,71E5A4,28CC,0,市長の兄の子供の友達の姉,"市長の兄の子供の友達の姉
「姉で～す」{W}",,
21-00-28F6-00,21,0,71E5A4,28F6,0,ナンシー,"ナンシー
「あなたたちは・・・」{W}",,
21-00-291A-00,21,0,71E5A4,291A,0,クレス,"{N1}
「ナンシーさん！！」{W}",,
21-00-291A-01,21,0,71E5A4,291A,1,クレス,"{N1}
「何でこんな所に・・・？」{W}",,
21-00-291A-02,21,0,71E5A4,291A,2,ナンシー,"ナンシー
「ここまで旅の方に連れて来てもらっ
　たんです」{W}",,
21-00-291A-03,21,0,71E5A4,291A,3,ナンシー,"ナンシー
「彼に直接言いたくて・・・」{W}",,
21-00-29BE-00,21,0,71E5A4,29BE,0,ミント,"{N2}
「どうです？」{W}",,
21-00-29BE-01,21,0,71E5A4,29BE,1,ミント,"{N2}
「うまくいってますか？」{W}",,
21-00-29BE-02,21,0,71E5A4,29BE,2,ナンシー,"ナンシー
「それが{SPD:10}・・・{SPD:FF}」{W}",,
21-00-29BE-03,21,0,71E5A4,29BE,3,クレス,"{N1}
（また、何かあったらしいな・・・）{W}",,
21-00-29BE-04,21,0,71E5A4,29BE,4,ミント,"{N2}
「なにか力になれる？」{W}",,
21-00-29BE-05,21,0,71E5A4,29BE,5,クラース,"{N4}
「おいおい、こんな所で道草食ってる
　場合じゃ・・・」{W}",,
21-00-29BE-06,21,0,71E5A4,29BE,6,,{COL:3}彼女の力になりますか？{COL:2},,
21-00-2ABE-00,21,0,71E5A4,2ABE,0,ナンシー,"ナンシー
「彼の・・・、会社の前まで行けるん
　だけど・・・」{W}",,
21-00-2ABE-01,21,0,71E5A4,2ABE,1,ナンシー,"ナンシー
「足が震えて中に入れなくて{SPD:10}・・・{SPD:FF}」{W}",,
21-00-2ABE-02,21,0,71E5A4,2ABE,2,ミント,"{N2}
「エルウィンのアポイントを取ればい
　いのね？」{W}",,
21-00-2ABE-03,21,0,71E5A4,2ABE,3,ミント,"{N2}
「わかったわ」{W}",,
21-00-2B84-00,21,0,71E5A4,2B84,0,クレス,"{N1}
「ごめん、急いでいるから・・・」{W}",,
21-00-2BAE-00,21,0,71E5A4,2BAE,0,ナンシー,"ナンシー
「エルウィン{SPD:10}・・・{SPD:FF}」{W}",,
21-00-2BD8-00,21,0,71E5A4,2BD8,0,クレス,"{N1}
「アポイントを取ってきたよ」{W}",,
21-00-2BD8-01,21,0,71E5A4,2BD8,1,クレス,"{N1}
「中央広場の噴水の前で、待ってるっ
　て」{W}",,
21-00-2BD8-02,21,0,71E5A4,2BD8,2,ナンシー,"ナンシー
「あっ、ありがとう！」{W}",,
21-00-2BD8-03,21,0,71E5A4,2BD8,3,ナンシー,"ナンシー
「なんてお礼を言っていいか・・・」{W}",,
21-00-2BD8-04,21,0,71E5A4,2BD8,4,ミント,"{N2}
「そんなことより、早くエルウィンに
　会いに行って」{W}",,
21-00-2BD8-05,21,0,71E5A4,2BD8,5,ナンシー,"ナンシー
「はいッ！！」{W}",,
21-00-2CD6-00,21,0,71E5A4,2CD6,0,ナンシー,"ナンシー
「エルウィンの妻として、彼の支えに
　なりたいと思います」{W}",,
21-00-2D1E-00,21,0,71E5A4,2D1E,0,チェルシー,"チェルシー
「{N2}先生！」{W}",,
21-00-2D1E-01,21,0,71E5A4,2D1E,1,チェルシー,"チェルシー
「私、今から発表会するの！」{W}",,
21-00-2D1E-02,21,0,71E5A4,2D1E,2,チェルシー,"チェルシー
「先生も聞いてって！」{W}",,
21-00-2D8A-00,21,0,71E5A4,2D8A,0,チェルシー,"チェルシー
「ドキドキ・・・」{W}",,
21-00-2D8A-01,21,0,71E5A4,2D8A,1,ミント,"{N2}
「がんばってね」{W}",,
21-00-2DC4-00,21,0,71E5A4,2DC4,0,チェルシー,"チェルシー
「{N2}先生のおかげだよ」{W}",,
21-00-2DC4-01,21,0,71E5A4,2DC4,1,チェルシー,"チェルシー
「どうもありがとう」{W}",,
21-00-2E0E-00,21,0,71E5A4,2E0E,0,メイド,"メイド
「お嬢様の誕生日に、ピアノがプレゼ
　ントされたのですが・・・」{W}",,
21-00-2E0E-01,21,0,71E5A4,2E0E,1,メイド,"メイド
「まだまだ、あの通りですわ」{W}",,
21-00-2E80-00,21,0,71E5A4,2E80,0,メイド,"メイド
「お嬢様はピアノに夢中ですわ」{W}",,
21-00-2E80-01,21,0,71E5A4,2E80,1,メイド,"メイド
「練習がとても楽しいようです」{W}",,
21-00-2ED2-00,21,0,71E5A4,2ED2,0,メイド,"メイド
「お嬢様のピアノの上達ぶりはすごい
　ですわ」{W}",,
21-00-2ED2-01,21,0,71E5A4,2ED2,1,メイド,"メイド
「どんどんうまくなるのよ」{W}",,
21-00-2F30-00,21,0,71E5A4,2F30,0,町の人,"町の人
「今からピアノの発表会をやるんだけ
　ど、あなたも聞く？」",,
21-00-2F74-00,21,0,71E5A4,2F74,0,町の人,"町の人
「本当にピアノが上手ねぇ」{W}",,
21-00-2F9A-00,21,0,71E5A4,2F9A,0,町の人,"町の人
「さすがは市長の娘さんだ」{W}",,
21-00-2FC0-00,21,0,71E5A4,2FC0,0,女の子,"女の子
「もうっ！」{W}",,
21-00-2FC0-01,21,0,71E5A4,2FC0,1,女の子,"女の子
「お兄ちゃんったらあの子に夢中なん
　だから」{W}",,
21-00-3010-00,21,0,71E5A4,3010,0,社員,"社員
「船の航行が完全にストップしちゃっ
　て大変だよ」{W}",,
21-00-3010-01,21,0,71E5A4,3010,1,社員,"社員
「しょうがないから・・・」{W}",,
21-00-3010-02,21,0,71E5A4,3010,2,社員,"社員
「ユークリッドとかミゲールから物を
　取り寄せてるんだ」{W}",,
21-00-30AE-00,21,0,71E5A4,30AE,0,社員,"社員
「まぁ、不景気だけど、先々代のエル
　ウィン社長が・・・」{W}",,
21-00-30AE-01,21,0,71E5A4,30AE,1,社員,"社員
「魔科学を使った製品を独自で開発し
　てね」{W}",,
21-00-30AE-02,21,0,71E5A4,30AE,2,社員,"社員
「その商品で何とか切り抜けられるだ
　ろう」{W}",,
21-00-315A-00,21,0,71E5A4,315A,0,社員,"社員
「そういえば、モーリア坑道地質調査
　隊が・・・」{W}",,
21-00-315A-01,21,0,71E5A4,315A,1,社員,"社員
「坑道の最下層の下に、さらに何かあ
　るらしいとか言ってたな」{W}",,
21-00-31DC-00,21,0,71E5A4,31DC,0,スティーブン,"スティーブン
「営業に出かけなくては・・・」{W}",,
21-00-320C-00,21,0,71E5A4,320C,0,クレス,"{N1}
「えッ・・・？」{W}",,
21-00-320C-01,21,0,71E5A4,320C,1,クレス,"{N1}
「なっ、なんでエルウィンさんがここ
　に！？」{W}",,
21-00-320C-02,21,0,71E5A4,320C,2,？？？,"？？？
「はぁ・・・？」{W}",,
21-00-320C-03,21,0,71E5A4,320C,3,？？？,"？？？
「ぼくの名前は、スティーブンだけど
　・・・？」{W}",,
21-00-320C-04,21,0,71E5A4,320C,4,スティーブン,"スティーブン
「まてよ、確か先々代のおじいさんの
　名前がエルウィンだったか？」{W}",,
21-00-320C-05,21,0,71E5A4,320C,5,クレス,"{N1}
「あっ{SPD:10}・・・、{SPD:9F6}なっ、なんでもありま
　せん・・・」{W}",,
21-00-3344-00,21,0,71E5A4,3344,0,社長,"社長
「なんとかこのピンチを切り抜けなけ
　れば・・・」{W}",,
21-00-3344-01,21,0,71E5A4,3344,1,社長,"社長
「会社の存続に関わるからな」{W}",,
21-00-33A4-00,21,0,71E5A4,33A4,0,管理人,"管理人
「君は見学者かね？」{W}",,
21-00-33A4-01,21,0,71E5A4,33A4,1,管理人,"管理人
「この建物は、売りに出されているん
　だ」{W}",,
21-00-33A4-02,21,0,71E5A4,33A4,2,管理人,"管理人
「前の会社がつぶれてね」{W}",,
21-00-33A4-03,21,0,71E5A4,33A4,3,管理人,"管理人
「私はここの管理人だ」{W}",,
21-00-343A-00,21,0,71E5A4,343A,0,先生,"先生
「私は先生です」{W}",,
21-00-3454-00,21,0,71E5A4,3454,0,生徒？,"生徒？
「１＋２＝３で・・・」{W}",,
21-00-3476-00,21,0,71E5A4,3476,0,生徒,"生徒
「分数の割り算って、どうして上下を
　逆さまにすんの？」{W}",,
21-00-34B8-00,21,0,71E5A4,34B8,0,生徒,"生徒
「円周率！」{W}",,
21-00-34B8-01,21,0,71E5A4,34B8,1,生徒,"生徒
「３．１４１５９２６５３５８９７９
　・・・」{W}",,
21-00-3504-00,21,0,71E5A4,3504,0,生徒,"生徒
「早く給食になんないかなぁ」{W}",,
21-00-352A-00,21,0,71E5A4,352A,0,生徒,"生徒
「今、算数の時間なの」{W}",,
21-00-354A-00,21,0,71E5A4,354A,0,生徒,"生徒
「忍者の魔物が出るんだよ」{W}",,
21-00-354A-01,21,0,71E5A4,354A,1,生徒,"生徒
「どっから来たんだろうね？」{W}",,
21-00-3592-00,21,0,71E5A4,3592,0,生徒,"生徒
「宿題忘れて立たされてるんだ」{W}",,
21-00-35BA-00,21,0,71E5A4,35BA,0,受付,"受付
「ここはベネツィア学園よ」{W}",,
21-00-35DE-00,21,0,71E5A4,35DE,0,先生,"先生
「ここは前、輸入会社だったの」{W}",,
21-00-35DE-01,21,0,71E5A4,35DE,1,先生,"先生
「倒産したので、建物をそのまま利用
　して学校を設立したのよ」{W}",,
21-00-364C-00,21,0,71E5A4,364C,0,先生,"先生
「ここは職員室だよ」{W}",,
21-00-366A-00,21,0,71E5A4,366A,0,先生,"先生
「ダオス率いる魔物がどこから来るの
　か、未だにわかりません」{W}",,
21-00-366A-01,21,0,71E5A4,366A,1,先生,"先生
「ダオスの居場所がわかればまだ反撃
　のしようがあるのですが」{W}",,
21-00-36F8-00,21,0,71E5A4,36F8,0,先生,"先生
「ここから東の方向に・・・」{W}",,
21-00-36F8-01,21,0,71E5A4,36F8,1,先生,"先生
「フリーズキールっていう雪の町があ
　るんじゃよ」{W}",,
21-00-36F8-02,21,0,71E5A4,36F8,2,先生,"先生
「そこには教会があってのぅ」{W}",,
21-00-36F8-03,21,0,71E5A4,36F8,3,先生,"先生
「一度行ってみたいわい」{W}",,
21-00-379C-00,21,0,71E5A4,379C,0,先生,"先生
「あんれまぁ、いい男▽」{W}",,
21-00-37BE-00,21,0,71E5A4,37BE,0,先生,"先生
「今、音楽の授業をしているの」{W}",,
21-00-37E6-00,21,0,71E5A4,37E6,0,先生,"先生
「は～い、みなさんよくできました」{W}",,
21-00-3812-00,21,0,71E5A4,3812,0,生徒,"生徒
「シングルＣＤ買ってね」{W}",,
21-00-3834-00,21,0,71E5A4,3834,0,生徒,"生徒
「ラララ～」{W}",,
21-00-3834-01,21,0,71E5A4,3834,1,クレス,"{N1}
（ノリノリに歌っている）{W}",,
21-00-386A-00,21,0,71E5A4,386A,0,生徒,"生徒
「{SPD:10}ま・な・つ・の{SPD:FF}・太陽～背に受け～
　て～。オーイエ」{W}",,
21-00-386A-01,21,0,71E5A4,386A,1,生徒,"生徒
「作詞ってたいへんだよな」{W}",,
21-00-38D4-00,21,0,71E5A4,38D4,0,生徒,"生徒
「ラララ～」{W}",,
21-00-38D4-01,21,0,71E5A4,38D4,1,クレス,"{N1}
（ノリノリに歌っている、ちょっとオ
　ンチだ）{W}",,
21-00-3920-00,21,0,71E5A4,3920,0,生徒,"生徒
「ピカリン・ココリン、勇者様にな～
　れ！」{W}",,
21-00-3956-00,21,0,71E5A4,3956,0,生徒,"生徒
「ラララ～」{W}",,
21-00-3956-01,21,0,71E5A4,3956,1,生徒,"生徒
（ノリノリに歌っている、なかなかう
　まい）{W}",,
21-00-39A0-00,21,0,71E5A4,39A0,0,生徒,"生徒
「ピュ～ピュ～」{W}",,
21-00-39A0-01,21,0,71E5A4,39A0,1,クレス,"{N1}
（ノリノリに笛を吹いている）{W}",,
21-00-39DE-00,21,0,71E5A4,39DE,0,生徒,"生徒
「ミゲールの町の遥か南にいつも夜の
　大陸があるんだって」{W}",,
21-00-39DE-01,21,0,71E5A4,39DE,1,生徒,"生徒
「本当かな？」{W}",,
21-00-3A38-00,21,0,71E5A4,3A38,0,生徒,"生徒
「ドレミファ～」{W}",,
21-00-3A38-01,21,0,71E5A4,3A38,1,クレス,"{N1}
（ノリノリに歌っている）{W}",,
21-00-3A72-00,21,0,71E5A4,3A72,0,生徒,"生徒
「ぼく、将来先生のおむこさんになる
　んだ」{W}",,
21-00-3AA8-00,21,0,71E5A4,3AA8,0,生徒,"生徒
「ねえねえ、お兄ちゃんもここの生徒
　なの？」{W}",,
21-00-3AE0-00,21,0,71E5A4,3AE0,0,社長秘書,"社長秘書
「私は社長秘書です」{W}",,
21-00-3AE0-01,21,0,71E5A4,3AE0,1,クレス,"{N1}
（なんだか、ナンシーさんにそっくり
　だ・・・）{W}",,
21-00-3AE0-02,21,0,71E5A4,3AE0,2,社長秘書,"社長秘書
「なにか？」{W}",,
21-00-3AE0-03,21,0,71E5A4,3AE0,3,クレス,"{N1}
「あっ、何でもありません」{W}",,
21-00-3B74-00,21,0,71E5A4,3B74,0,ベネツィア市長,"ベネツィア市長
「最近、町の景気も下火になってきた
　よ」{W}",,
21-00-3B74-01,21,0,71E5A4,3B74,1,ベネツィア市長,"ベネツィア市長
「困ったもんだ」{W}",,
21-00-3BD4-00,21,0,71E5A4,3BD4,0,メイド,"メイド
「為替相場や株相場を見ても不景気な
　のは間違いないわね」{W}",,
21-00-3BD4-01,21,0,71E5A4,3BD4,1,メイド,"メイド
「これも・・・、みんなダオスのせい
　よっ！！」{W}",,
21-00-3BD4-02,21,0,71E5A4,3BD4,2,メイド,"メイド
「あっ、君にはちょっと難しかったか
　しら？」{W}",,
21-00-3C8C-00,21,0,71E5A4,3C8C,0,用務員,"用務員
「わしゃ用務員のおじさんじゃ」{W}",,
21-00-3CB6-00,21,0,71E5A4,3CB6,0,剣士,"剣士
「張り紙に、おもしろい話が載ってる
　ぜ」{W}",,
21-00-3CB6-01,21,0,71E5A4,3CB6,1,,"『この世界には三種の武具と呼ばれる
　ものが存在するという』{W}",,
21-00-3CB6-02,21,0,71E5A4,3CB6,2,,"『一つは指輪、残り二つは剣と言われ
　ている』{W}",,
21-00-3CB6-03,21,0,71E5A4,3CB6,3,剣士,"剣士
「・・・だってさ」{W}",,
21-00-3D72-00,21,0,71E5A4,3D72,0,兵士,"兵士
「私はアルヴァニスタから派遣された
　兵士です」{W}",,
21-00-3D72-01,21,0,71E5A4,3D72,1,兵士,"兵士
「ベネツィア市の犯罪防止のために来
　ました」{W}",,
21-00-3D72-02,21,0,71E5A4,3D72,2,兵士,"兵士
「私の故郷はベルアダムなんですよ」{W}",,
21-00-3D72-03,21,0,71E5A4,3D72,3,兵士,"兵士
「あそこの武器屋には何でも古めかし
　い本があるとか・・・」{W}",,
21-00-3D72-04,21,0,71E5A4,3D72,4,兵士,"兵士
「武器屋なくらいだから・・・」{W}",,
21-00-3D72-05,21,0,71E5A4,3D72,5,兵士,"兵士
「何かすごい剣技が記された本かもし
　れませんね」{W}",,
21-00-3EB0-00,21,0,71E5A4,3EB0,0,女剣士,"女剣士
「戦いは、例え相手が魔物であっても
　真剣勝負・・・」{W}",,
21-00-3EB0-01,21,0,71E5A4,3EB0,1,女剣士,"女剣士
「心を無にしていれば何事にも動じな
　い」{W}",,
21-00-3F26-00,21,0,71E5A4,3F26,0,男の子,"男の子
「ママにお使い頼まれてるんだ」{W}",,
21-00-3F50-00,21,0,71E5A4,3F50,0,収集家,"収集家
「次は何を集めようかな・・・」{W}",,
21-00-3F7A-00,21,0,71E5A4,3F7A,0,収集家,"収集家
「腹へったなぁ・・・」{W}",,
21-00-3F7A-01,21,0,71E5A4,3F7A,1,収集家,"収集家
「この{ITEM:186}と、食べ物を
　交換してくれないか？」{W}",,
21-00-3F7A-02,21,0,71E5A4,3F7A,2,収集家,"収集家
「メロンと・・・ああ、それからこん
　ぶがいいな」",,
21-00-4010-00,21,0,71E5A4,4010,0,収集家,"収集家
「頭の毛が気になる、今日この頃なん
　だよなぁ」{W}",,
21-00-404C-00,21,0,71E5A4,404C,0,収集家,"収集家
「メロンとこんぶを持ってないな」{W}",,
21-00-4078-00,21,0,71E5A4,4078,0,収集家,"収集家
「それじゃ、交換だ」{W}",,
21-00-4078-01,21,0,71E5A4,4078,1,,{COL:2}{ITEM:186}を手に入れました。{COL:0}{W},,
21-00-4078-02,21,0,71E5A4,4078,2,収集家,"収集家
「ありがとう」{W}",,
21-00-40D0-00,21,0,71E5A4,40D0,0,チェルシー,"チェルシー
「今練習中だから、邪魔しないでね」{W}",,
21-00-4102-00,21,0,71E5A4,4102,0,チェルシー,"チェルシー
「ピアノ、上手でしょう？」{W}",,
21-00-412C-00,21,0,71E5A4,412C,0,クレス,"{N1}
「あの・・・」{W}",,
21-00-4144-00,21,0,71E5A4,4144,0,市長の娘・チェルシー,"市長の娘・チェルシー
「練習中よ」{W}",,
21-00-4144-01,21,0,71E5A4,4144,1,チェルシー,"チェルシー
「話しかけないで」{W}",,
21-00-418A-00,21,0,71E5A4,418A,0,クレス,"{N1}
（あんまり、上手くないね・・・）{W}",,
21-00-41B4-00,21,0,71E5A4,41B4,0,チェルシー,"チェルシー
「むぅ！」{W}",,
21-00-41CE-00,21,0,71E5A4,41CE,0,チェルシー,"チェルシー
「それなら、うまくなるように教えて
　よ！」{W}",,
21-00-420A-00,21,0,71E5A4,420A,0,クレス,"{N1}
「えっ・・・、ぼくは・・・」{W}",,
21-00-420A-01,21,0,71E5A4,420A,1,チェルシー,"チェルシー
「ふーんだっ！」{W}",,
21-00-420A-02,21,0,71E5A4,420A,2,チェルシー,"チェルシー
「そんなことだろうと思ったわ」{W}",,
21-00-420A-03,21,0,71E5A4,420A,3,チェルシー,"チェルシー
「お姉ちゃん、教えてよ」{W}",,
21-00-42A0-00,21,0,71E5A4,42A0,0,ミント,"{N2}
「えっ、私・・・？」{W}",,
21-00-42BE-00,21,0,71E5A4,42BE,0,ミント,"{N2}
「・・・わかりました」{W}",,
21-00-42DE-00,21,0,71E5A4,42DE,0,ミント,"{N2}
「それでは、指慣らしからはじめてみ
　ましょう・・・」{W}",,
21-00-431E-00,21,0,71E5A4,431E,0,,"{COL:2}チェルシーは、ピアノが少しうまくな
りました。{W}",,
21-00-431E-01,21,0,71E5A4,431E,1,,{COL:0},,
21-00-4358-00,21,0,71E5A4,4358,0,チェルシー,"チェルシー
「あっ、お姉ちゃん！」{W}",,
21-00-4358-01,21,0,71E5A4,4358,1,チェルシー,"チェルシー
「私、ピアノに慣れてきたよ！」{W}",,
21-00-4358-02,21,0,71E5A4,4358,2,ミント,"{N2}
「それでは、少し難しい曲を練習して
　みましょう」{W}",,
21-00-43E4-00,21,0,71E5A4,43E4,0,,"{COL:2}チェルシーは、ピアノが少しうまくな
りました。{W}",,
21-00-43E4-01,21,0,71E5A4,43E4,1,,{COL:0},,
21-00-441E-00,21,0,71E5A4,441E,0,チェルシー,"チェルシー
「あっ、{N2}お姉ちゃん！」{W}",,
21-00-441E-01,21,0,71E5A4,441E,1,チェルシー,"チェルシー
「私、ちょっとうまくなったよ」{W}",,
21-00-441E-02,21,0,71E5A4,441E,2,ミント,"{N2}
「がんばりましょうね」{W}",,
21-00-4492-00,21,0,71E5A4,4492,0,,"{COL:2}チェルシーはピアノがうまくなりまし
た。{W}",,
21-00-4492-01,21,0,71E5A4,4492,1,,{COL:0},,
21-00-44C6-00,21,0,71E5A4,44C6,0,チェルシー,"チェルシー
「あっ、{N2}お姉ちゃん！」{W}",,
21-00-44C6-01,21,0,71E5A4,44C6,1,チェルシー,"チェルシー
「私、ちょっとうまくなったよ」{W}",,
21-00-44C6-02,21,0,71E5A4,44C6,2,チェルシー,"チェルシー
「お姉ちゃんのおかげだよ！」{W}",,
21-00-44C6-03,21,0,71E5A4,44C6,3,ミント,"{N2}
「・・・そんな」{W}",,
21-00-455E-00,21,0,71E5A4,455E,0,チェルシー,"チェルシー
「また、教えに来てね▽」{W}",,
21-00-4586-00,21,0,71E5A4,4586,0,,"{COL:2}チェルシーはピアノがうまくなりまし
た。{W}",,
21-00-4586-01,21,0,71E5A4,4586,1,,{COL:0},,
21-00-45BA-00,21,0,71E5A4,45BA,0,チェルシー,"チェルシー
「あっ、{N2}先生！」{W}",,
21-00-45BA-01,21,0,71E5A4,45BA,1,ミント,"{N2}
「先生だなんて・・・」{W}",,
21-00-45BA-02,21,0,71E5A4,45BA,2,チェルシー,"チェルシー
「私、また、うまくなったよ！」{W}",,
21-00-45BA-03,21,0,71E5A4,45BA,3,クレス,"{N1}
「へぇ、よかったじゃないか」{W}",,
21-00-464C-00,21,0,71E5A4,464C,0,チェルシー,"チェルシー
「つーん！」{W}",,
21-00-4668-00,21,0,71E5A4,4668,0,クレス,"{N1}
（最初に『うまくない』って言った事
　まだ怒ってるみたいだ）{W}",,
21-00-46AE-00,21,0,71E5A4,46AE,0,チェルシー,"チェルシー
「{N2}先生！」{W}",,
21-00-46AE-01,21,0,71E5A4,46AE,1,チェルシー,"チェルシー
「私もっとがんばるから！」{W}",,
21-00-46F4-00,21,0,71E5A4,46F4,0,,"{COL:2}チェルシーはピアノがうまくなりまし
た。{W}",,
21-00-46F4-01,21,0,71E5A4,46F4,1,,{COL:0},,
21-00-4728-00,21,0,71E5A4,4728,0,チェルシー,"チェルシー
「{N2}先生！」{W}",,
21-00-4728-01,21,0,71E5A4,4728,1,チェルシー,"チェルシー
「{N2}先生のおかげだよ」{W}",,
21-00-4728-02,21,0,71E5A4,4728,2,チェルシー,"チェルシー
「どうもありがとう」{W}",,
21-00-4728-03,21,0,71E5A4,4728,3,ミント,"{N2}
「・・・そんな」{W}",,
21-00-47A6-00,21,0,71E5A4,47A6,0,ミント,"{N2}
「あなたが努力したからですよ」{W}",,
21-00-47CE-00,21,0,71E5A4,47CE,0,,{N2}は『{TITLE:1A5}』の称号を得ました。{W},,
21-00-47F2-00,21,0,71E5A4,47F2,0,チェルシー,"チェルシー
「あのね、{N2}先生」{W}",,
21-00-47F2-01,21,0,71E5A4,47F2,1,チェルシー,"チェルシー
「お礼に、私が大切にしている収集品
　をもらって欲しいの！」{W}",,
21-00-47F2-02,21,0,71E5A4,47F2,2,チェルシー,"チェルシー
「これは、めったに手に入らない品物
　よ」{W}",,
21-00-4898-00,21,0,71E5A4,4898,0,,{COL:2}{ITEM:190}を手に入れました。{W},,
21-00-48B6-00,21,0,71E5A4,48B6,0,料理人,"料理人
「すし、にぎってるか？」{W}",,
21-00-48DA-00,21,0,71E5A4,48DA,0,料理人,"料理人
「俺は『すばらしき味の世界』の住人
　でぇ！」{W}",,
21-00-48DA-01,21,0,71E5A4,48DA,1,料理人,"料理人
「俺っちのこの味を、より多くの奴ら
　に食ってもらいてぇんだ！」{W}",,
21-00-48DA-02,21,0,71E5A4,48DA,2,料理人,"料理人
「おめぇら、どうだ？」",,
21-00-497C-00,21,0,71E5A4,497C,0,料理人,"料理人
「俺っちの腕を見な！」{W}",,
21-00-499E-00,21,0,71E5A4,499E,0,,{COL:2}すしを料理できるようになりました。{W},,
21-00-499E-01,21,0,71E5A4,499E,1,,{COL:0},,
21-00-49CC-00,21,0,71E5A4,49CC,0,料理人,"料理人
「てやんでぇ！」{W}",,
21-00-49E8-00,21,0,71E5A4,49E8,0,チェルシー,"チェルシー
「む～・・・」{W}",,
21-00-49E8-01,21,0,71E5A4,49E8,1,アーチェ,"{N3}
「・・・」{W}",,
21-00-49E8-02,21,0,71E5A4,49E8,2,チェルシー,"チェルシー
「・・・ダメ」{W}",,
21-00-49E8-03,21,0,71E5A4,49E8,3,チェルシー,"チェルシー
「ダメなの・・・」{W}",,
21-00-49E8-04,21,0,71E5A4,49E8,4,チェルシー,"チェルシー
「こんなんじゃ、ダメなの！」{W}",,
21-00-49E8-05,21,0,71E5A4,49E8,5,アーチェ,"{N3}
「あ、あの～・・・」{W}",,
21-00-4A9A-00,21,0,71E5A4,4A9A,0,チェルシー,"チェルシー
「なにっ！！」{W}",,
21-00-4A9A-01,21,0,71E5A4,4A9A,1,アーチェ,"{N3}
「あはは・・・、ごめんなさい」{W}",,
21-00-4A9A-02,21,0,71E5A4,4A9A,2,アーチェ,"{N3}
「なんでもありません・・・」{W}",,
21-00-4A9A-03,21,0,71E5A4,4A9A,3,チェルシー,"チェルシー
「あ、おねえちゃんたちは・・・」{W}",,
21-00-4A9A-04,21,0,71E5A4,4A9A,4,チェルシー,"チェルシー
「お願い！」{W}",,
21-00-4A9A-05,21,0,71E5A4,4A9A,5,チェルシー,"チェルシー
「ちょっと助けて欲しいの！」{W}",,
21-00-4A9A-06,21,0,71E5A4,4A9A,6,,話を聞きますか？,,
21-00-4B84-00,21,0,71E5A4,4B84,0,アーチェ,"{N3}
「ゴメン、
　ちょっと急いでるから・・・」{W}",,
21-00-4B84-01,21,0,71E5A4,4B84,1,チェルシー,"チェルシー
「・・・・・・フン」{W}",,
21-00-4BDA-00,21,0,71E5A4,4BDA,0,アーチェ,"{N3}
「とりあえず、話を聞いてみよう」{W}",,
21-00-4BDA-01,21,0,71E5A4,4BDA,1,チェルシー,"チェルシー
「ありがとう！」{W}",,
21-00-4C22-00,21,0,71E5A4,4C22,0,チェルシー,"チェルシー
「実は、最近ピアノの調子が
　悪くて・・・」{W}",,
21-00-4C22-01,21,0,71E5A4,4C22,1,チェルシー,"チェルシー
「先生に教えてもらってから、今まで
　こんな事はなかったんだけど」{W}",,
21-00-4C22-02,21,0,71E5A4,4C22,2,チェルシー,"チェルシー
「それでね、その肝心の頼み事なんだ
　けど・・・」{W}",,
21-00-4C22-03,21,0,71E5A4,4C22,3,チェルシー,"チェルシー
「だれか、優秀なピアニストを紹介し
　て欲しいの！」{W}",,
21-00-4D30-00,21,0,71E5A4,4D30,0,チェルシー,"チェルシー
「だれか、優秀なピアニストを紹介し
　て欲しいの！」{W}",,
21-00-4D74-00,21,0,71E5A4,4D74,0,チェルシー,"チェルシー
「む～・・・、どうにかならないかし
　ら・・・」{W}",,
21-00-4DB4-00,21,0,71E5A4,4DB4,0,すず,"{N6}
「早くそのサクラバさんという方を
　連れてきましょう」{W}",,
21-00-4DB4-01,21,0,71E5A4,4DB4,1,アーチェ,"{N3}
「そうね・・・」{W}",,
21-00-4E0C-00,21,0,71E5A4,4E0C,0,アーチェ,"{N3}
「おまたせ～」{W}",,
21-00-4E0C-01,21,0,71E5A4,4E0C,1,アーチェ,"{N3}
「こちらがサクラ・・・」{W}",,
21-00-4E44-00,21,0,71E5A4,4E44,0,チェルシー,"チェルシー
「きゃー、もしかしてサクラバさんで
　すか！」{W}",,
21-00-4E44-01,21,0,71E5A4,4E44,1,チェルシー,"チェルシー
「会えて感激ですぅー」{W}",,
21-00-4EA6-00,21,0,71E5A4,4EA6,0,アーチェ,"{N3}
「・・・任務完了・・・かな？」{W}",,
21-00-4EA6-01,21,0,71E5A4,4EA6,1,すず,"{N6}
「そうですね・・・」{W}",,
21-00-4EEA-00,21,0,71E5A4,4EEA,0,アーチェ,"{N3}
「優秀なピアニスト・・・・・・」{W}",,
21-00-4F14-00,21,0,71E5A4,4F14,0,すず,"{N6}
「{N3}さん」{W}",,
21-00-4F14-01,21,0,71E5A4,4F14,1,すず,"{N6}
「心当たりはあるんですか？」{W}",,
21-00-4F14-02,21,0,71E5A4,4F14,2,アーチェ,"{N3}
「そうねぇ・・・」{W}",,
21-00-4F14-03,21,0,71E5A4,4F14,3,,"１：確か、アルヴァニスタに・・・
２：確か、トールに・・・
３：確か、忍者の里に・・・",,
21-00-4FBE-00,21,0,71E5A4,4FBE,0,アーチェ,"{N3}
「ほら、いたじゃない！」{W}",,
21-00-4FE0-00,21,0,71E5A4,4FE0,0,すず,"{N6}
「？？？」{W}",,
21-00-4FE0-01,21,0,71E5A4,4FE0,1,アーチェ,"{N3}
「なんていったっけ、ほら・・・」{W}",,
21-00-4FE0-02,21,0,71E5A4,4FE0,2,,"１：夢見る少女エミリ
２：マッハ少年
３：サクラバ三世",,
21-00-5052-00,21,0,71E5A4,5052,0,アーチェ,"{N3}
「そう、エミリちゃん！」{W}",,
21-00-5052-01,21,0,71E5A4,5052,1,アーチェ,"{N3}
「あのコ、先輩とうまくいったのかし
　ら？」{W}",,
21-00-5052-02,21,0,71E5A4,5052,2,すず,"{N6}
「・・・なに言ってるんですか？？」{W}",,
21-00-50D2-00,21,0,71E5A4,50D2,0,アーチェ,"{N3}
「そう、マッハ少年！！」{W}",,
21-00-50D2-01,21,0,71E5A4,50D2,1,アーチェ,"{N3}
「あのコ速いのよ～」{W}",,
21-00-50D2-02,21,0,71E5A4,50D2,2,すず,"{N6}
「・・・なに言ってるんですか？？」{W}",,
21-00-513A-00,21,0,71E5A4,513A,0,アーチェ,"{N3}
「そう、サクラバ三世！」{W}",,
21-00-513A-01,21,0,71E5A4,513A,1,すず,"{N6}
「私はその方を知りません」{W}",,
21-00-513A-02,21,0,71E5A4,513A,2,アーチェ,"{N3}
「そっか～、あの演奏を聞いてないの
　か～」{W}",,
21-00-513A-03,21,0,71E5A4,513A,3,アーチェ,"{N3}
「よし、じゃあ早速行ってみよう」{W}",,
21-00-513A-04,21,0,71E5A4,513A,4,すず,"{N6}
「はい！」{W}",,
21-00-51EC-00,21,0,71E5A4,51EC,0,アーチェ,"{N3}
「トールだったらそれぐらいスゴイ人
　いそうじゃない？」{W}",,
21-00-51EC-01,21,0,71E5A4,51EC,1,アーチェ,"{N3}
「なんたって超古代都市ってくらいだ
　し！！」{W}",,
21-00-51EC-02,21,0,71E5A4,51EC,2,すず,"{N6}
「そうですか？」{W}",,
21-00-51EC-03,21,0,71E5A4,51EC,3,アーチェ,"{N3}
「そうよ、間違いないわ！」{W}",,
21-00-51EC-04,21,0,71E5A4,51EC,4,すず,"{N6}
「でも、あそこに人なんて住んでまし
　たっけ？」{W}",,
21-00-51EC-05,21,0,71E5A4,51EC,5,アーチェ,"{N3}
「あ・・・・・・」{W}",,
21-00-52F0-00,21,0,71E5A4,52F0,0,すず,"{N6}
「それ、絶対に嘘ですよね？」{W}",,
21-00-52F0-01,21,0,71E5A4,52F0,1,アーチェ,"{N3}
「あ、わかった？」{W}",,
21-00-52F0-02,21,0,71E5A4,52F0,2,すず,"{N6}
「・・・・・・・・・」{W}",,
21-00-534E-00,21,0,71E5A4,534E,0,メイド,"メイド
「最近お嬢様は何か悩んでいるようで
　す・・・」{W}",,
21-00-538A-00,21,0,71E5A4,538A,0,すず,"{N6}
「そろそろ時間ですね・・・」{W}",,
21-00-538A-01,21,0,71E5A4,538A,1,アーチェ,"{N3}
「え、もう！？」{W}",,
21-00-538A-02,21,0,71E5A4,538A,2,アーチェ,"{N3}
「うぅ・・・、大丈夫かなぁ？」{W}",,
21-00-53EE-00,21,0,71E5A4,53EE,0,,ミゲールの町に戻りますか？,,
21-00-540A-00,21,0,71E5A4,540A,0,アーチェ,"{N3}
「一回町に戻ろうか」{W}",,
21-00-540A-01,21,0,71E5A4,540A,1,すず,"{N6}
「わかりました」{W}",,
21-00-5440-00,21,0,71E5A4,5440,0,,"ミゲールの町に戻る事ができますが、
戻ると今回の依頼は失敗となります。{W}",,
21-00-5440-01,21,0,71E5A4,5440,1,,ミゲールの町に戻りますか？,,
21-00-54A4-00,21,0,71E5A4,54A4,0,アーチェ,"{N3}
「一回町に戻ろうか」{W}",,
21-00-54A4-01,21,0,71E5A4,54A4,1,すず,"{N6}
「わかりました」{W}",,
21-00-54DA-00,21,0,71E5A4,54DA,0,,"依頼を受けた町に退却しますか？
",,
21-00-54FC-00,21,0,71E5A4,54FC,0,アーチェ,"{N3}
「一回町に戻ろうか」{W}",,
21-00-54FC-01,21,0,71E5A4,54FC,1,すず,"{N6}
「わかりました」{W}",,
21-00-5532-00,21,0,71E5A4,5532,0,アーチェ,"{N3}
「この町にまだ困ってる人が
　いる気がする・・・」{W}",,
21-00-556E-00,21,0,71E5A4,556E,0,アーチェ,"{N3}
「おっといけない！」{W}",,
21-00-556E-01,21,0,71E5A4,556E,1,アーチェ,"{N3}
「まだ任務の途中だった・・・」{W}",,
21-00-55B2-00,21,0,71E5A4,55B2,0,アーチェ,"{N3}
「まだ用事がすんでないよ・・・」{W}",,
21-00-55DC-00,21,0,71E5A4,55DC,0,,ＭＩＳＳＩＯＮ　ＣＯＭＰＬＥＴＥ！,,
22-00-0000-00,22,0,726E30,0000,0,,道具屋『カレンダー』,,
22-00-0016-00,22,0,726E30,0016,0,,宿屋『アルヴァニスタＩＮＮ』,,
22-00-0034-00,22,0,726E30,0034,0,,スーパー『食べすぎ』,,
22-00-004A-00,22,0,726E30,004A,0,,武具屋『ライム』,,
22-00-005C-00,22,0,726E30,005C,0,,薬屋『どくだみ』,,
22-00-006E-00,22,0,726E30,006E,0,,冒険者ギルド『パニック』,,
22-00-0088-00,22,0,726E30,0088,0,アーチェ,"{N3}
「早く帰ってきてね▽」{W}",,
22-00-00A8-00,22,0,726E30,00A8,0,町の人,"町の人
「交易品って知っているか？」{W}",,
22-00-00A8-01,22,0,726E30,00A8,1,町の人,"町の人
「あれは地域によって価格が変動する
　品物なんだ」{W}",,
22-00-00A8-02,22,0,726E30,00A8,2,町の人,"町の人
「ある町ではたいした値段でなくても
　・・・」{W}",,
22-00-00A8-03,22,0,726E30,00A8,3,町の人,"町の人
「別の町だとべらぼうに高く売れるっ
　ていうことがあるんだぜ」{W}",,
22-00-018C-00,22,0,726E30,018C,0,道具屋,"道具屋
「らっしゃい！」{W}",,
22-00-01A8-00,22,0,726E30,01A8,0,道具屋,"道具屋
「どうも！」{W}",,
22-00-01C0-00,22,0,726E30,01C0,0,男の人,"男の人
「どうやら、私の夢がかないそうです
　ね」{W}",,
22-00-01C0-01,22,0,726E30,01C0,1,男の人,"男の人
「戦争が終わって、やっと平和が訪れ
　ましたから」{W}",,
22-00-0232-00,22,0,726E30,0232,0,男の人,"男の人
「家族四人、いつまでも幸せに暮らす
　のが私の夢です」{W}",,
22-00-0232-01,22,0,726E30,0232,1,男の人,"男の人
「しかし、この町もいつ戦争に巻き込
　まれるか・・・」{W}",,
22-00-02B4-00,22,0,726E30,02B4,0,女の人,"女の人
「う～ん、いい味」{W}",,
22-00-02B4-01,22,0,726E30,02B4,1,女の人,"女の人
「やっぱり、料理している時が一番幸
　せ▽」{W}",,
22-00-0308-00,22,0,726E30,0308,0,男の子,"男の子
「えーい！」{W}",,
22-00-0308-01,22,0,726E30,0308,1,男の子,"男の子
「勇者ごっこだーい！！」{W}",,
22-00-0342-00,22,0,726E30,0342,0,女の子,"女の子
「私は魔法使い、勇者様の手助けをす
　るの」{W}",,
22-00-0342-01,22,0,726E30,0342,1,女の子,"女の子
「勇者様～ッ！！」{W}",,
22-00-0396-00,22,0,726E30,0396,0,おじいさん,"おじいさん
「ダオスがいなくなって、やっと安心
　したわい」{W}",,
22-00-03D6-00,22,0,726E30,03D6,0,おじいさん,"おじいさん
「そろそろこの町から出て行かなけれ
　ばならないかのぅ」{W}",,
22-00-041E-00,22,0,726E30,041E,0,おばあさん,"おばあさん
「わしはミッドガルズに行った息子が
　心配じゃ」{W}",,
22-00-045E-00,22,0,726E30,045E,0,町の人,"町の人
「戦争は終わったけど・・・」{W}",,
22-00-045E-01,22,0,726E30,045E,1,町の人,"町の人
「私の父がミッドガルズから帰ってき
　ません」{W}",,
22-00-045E-02,22,0,726E30,045E,2,町の人,"町の人
「心配です・・・」{W}",,
22-00-04DA-00,22,0,726E30,04DA,0,町の人,"町の人
「おじいちゃんもおばあちゃんも不安
　になってるわ」{W}",,
22-00-04DA-01,22,0,726E30,04DA,1,町の人,"町の人
「戦争が、ここにも飛び火するんじゃ
　ないかって・・・」{W}",,
22-00-055C-00,22,0,726E30,055C,0,主人,"主人
「いらっしゃい」{W}",,
22-00-0576-00,22,0,726E30,0576,0,主人,"主人
「ありがとうございました」{W}",,
22-00-059A-00,22,0,726E30,059A,0,宿屋,"宿屋
「いらっしゃい」{W}",,
22-00-059A-01,22,0,726E30,059A,1,宿屋,"宿屋
「一晩４０ガルドになりますよ」{W}",,
22-00-059A-02,22,0,726E30,059A,2,宿屋,"宿屋
「泊まるかい？」",,
22-00-05F0-00,22,0,726E30,05F0,0,宿屋,"宿屋
「お客さん、お金が足りないよ」{W}",,
22-00-0618-00,22,0,726E30,0618,0,宿屋,"宿屋
「ゆっくりしていって下さい」{W}",,
22-00-063E-00,22,0,726E30,063E,0,クラース,"{N4}
「考えたんだが・・・」{W}",,
22-00-063E-01,22,0,726E30,063E,1,クラース,"{N4}
「王室内にダオスの息がかかっている
　とすると・・・」{W}",,
22-00-063E-02,22,0,726E30,063E,2,クラース,"{N4}
「ヘタに動くのは相手の思うツボだ」{W}",,
22-00-063E-03,22,0,726E30,063E,3,クラース,"{N4}
「魔術に関する情報をつかむどころか
　我々の命も危なくなる」{W}",,
22-00-063E-04,22,0,726E30,063E,4,ミント,"{N2}
「それじゃあ・・・、どうするんです
　か？」{W}",,
22-00-063E-05,22,0,726E30,063E,5,クラース,"{N4}
「ズバリ・・・、ダオスの側近に操ら
　れている王子を助ける」{W}",,
22-00-063E-06,22,0,726E30,063E,6,クレス,"{N1}
「えッ・・・！」{W}",,
22-00-063E-07,22,0,726E30,063E,7,クレス,"{N1}
「しっ、城に侵入するってこと？」{W}",,
22-00-063E-08,22,0,726E30,063E,8,クラース,"{N4}
「そうだ」{W}",,
22-00-063E-09,22,0,726E30,063E,9,クラース,"{N4}
「しかし、どうやって忍び込むか{SPD:10}、{SPD:FF}だ
　・・・」{W}",,
22-00-0812-00,22,0,726E30,0812,0,アーチェ,"{N3}
「なっ、何かな～？」{W}",,
22-00-0812-01,22,0,726E30,0812,1,アーチェ,"{N3}
「みんな・・・、そんな真剣な目で・
　・・？」{W}",,
22-00-0812-02,22,0,726E30,0812,2,アーチェ,"{N3}
「まっ、まさか、あたしのホウキで
　{SPD:10}・・・？{SPD:FF}」{W}",,
22-00-08A4-00,22,0,726E30,08A4,0,アーチェ,"{N3}
「ちょ、ちょっとマジ～？」{W}",,
22-00-08A4-01,22,0,726E30,08A4,1,アーチェ,"{N3}
「・・・一人ずつじゃなきゃ運べない
　よ～」{W}",,
22-00-08A4-02,22,0,726E30,08A4,2,クラース,"{N4}
「頼むッ！」{W}",,
22-00-08A4-03,22,0,726E30,08A4,3,クラース,"{N4}
「王子の近くに、必ずダオスの側近が
　いるはずなんだ」{W}",,
22-00-08A4-04,22,0,726E30,08A4,4,アーチェ,"{N3}
「{SPD:10}・・・{SPD:FF}わかった」{W}",,
22-00-08A4-05,22,0,726E30,08A4,5,アーチェ,"{N3}
「そうと決まれば、今夜にでも忍び込
　む？」{W}",,
22-00-08A4-06,22,0,726E30,08A4,6,アーチェ,"{N3}
「月がなければチャンスじゃん？」{W}",,
22-00-08A4-07,22,0,726E30,08A4,7,ミント,"{N2}
「でも・・・、いきなり行くのは危険
　じゃないかしら？」{W}",,
22-00-08A4-08,22,0,726E30,08A4,8,ミント,"{N2}
「装備とか、整えた方が・・・」{W}",,
22-00-0A32-00,22,0,726E30,0A32,0,,{COL:3}城に忍び込みますか？{COL:2},,
22-00-0A50-00,22,0,726E30,0A50,0,,{COL:3}本当によろしいですか？{COL:2},,
22-00-0A70-00,22,0,726E30,0A70,0,クレス,"{N1}
「よし、行こうッ！！」{W}",,
22-00-0A90-00,22,0,726E30,0A90,0,クレス,"{N1}
「また明日にしよう」{W}",,
22-00-0AAE-00,22,0,726E30,0AAE,0,宿屋,"宿屋
「また来て下さいね」{W}",,
22-00-0ACC-00,22,0,726E30,0ACC,0,町の人,"町の人
「魔術の源であるマナは、魔術的光合
　成によって生まれる」{W}",,
22-00-0ACC-01,22,0,726E30,0ACC,1,町の人,"町の人
「・・・なんて説があるんだ」{W}",,
22-00-0ACC-02,22,0,726E30,0ACC,2,町の人,"町の人
「けどさ、魔術的光合成ってなんなん
　だ？」{W}",,
22-00-0ACC-03,22,0,726E30,0ACC,3,町の人,"町の人
「花が魔法使うのかな？」{W}",,
22-00-0B90-00,22,0,726E30,0B90,0,防具屋,"防具屋
「いらっしゃい」{W}",,
22-00-0B90-01,22,0,726E30,0B90,1,防具屋,"防具屋
「いい防具そろってるよ」{W}",,
22-00-0BCE-00,22,0,726E30,0BCE,0,防具屋,"防具屋
「どうも、ありがとう」{W}",,
22-00-0BF0-00,22,0,726E30,0BF0,0,武器屋,"武器屋
「いらっしゃい」{W}",,
22-00-0BF0-01,22,0,726E30,0BF0,1,武器屋,"武器屋
「いい武器そろってるよ」{W}",,
22-00-0C2E-00,22,0,726E30,0C2E,0,武器屋,"武器屋
「どうも、ありがとう」{W}",,
22-00-0C50-00,22,0,726E30,0C50,0,クレス,"{N1}
「あっ、ブッシュベイビー」{W}",,
22-00-0C74-00,22,0,726E30,0C74,0,町の人,"町の人
「アルヴァニスタの王族の系図をたど
　っていくと・・・」{W}",,
22-00-0C74-01,22,0,726E30,0C74,1,町の人,"町の人
「途中でエルフがいるって話だ」{W}",,
22-00-0CE0-00,22,0,726E30,0CE0,0,町の人,"町の人
「エルフは美形だ」{W}",,
22-00-0CE0-01,22,0,726E30,0CE0,1,町の人,"町の人
「エルフは美人だ」{W}",,
22-00-0CE0-02,22,0,726E30,0CE0,2,町の人,"町の人
「キィーッくやしい！！！」{W}",,
22-00-0CE0-03,22,0,726E30,0CE0,3,町の人,"町の人
「でも、おいらも捨てたもんじゃない
　だろ？」{W}",,
22-00-0CE0-04,22,0,726E30,0CE0,4,町の人,"町の人
「へへっ、なにしろ毎日自然食品ばっ
　かり食べてるからな」{W}",,
22-00-0DBA-00,22,0,726E30,0DBA,0,薬屋,"薬屋
「らっしゃ～い、何にします？」{W}",,
22-00-0DE2-00,22,0,726E30,0DE2,0,薬屋,"薬屋
「ありがとうよ」{W}",,
22-00-0DFC-00,22,0,726E30,0DFC,0,マスター,"マスター
「いや～、しみじみするねぇ」{W}",,
22-00-0E26-00,22,0,726E30,0E26,0,マスター,"マスター
「お前らにピアノを聞かせてやろう」{W}",,
22-00-0E56-00,22,0,726E30,0E56,0,マスター,"マスター
「サクラバ三世っていう、すごいピア
　ニストが来てるんだ」{W}",,
22-00-0E9E-00,22,0,726E30,0E9E,0,マスター,"マスター
「サクラバっていう、すごいピアニス
　トが来てるんだ」{W}",,
22-00-0EE2-00,22,0,726E30,0EE2,0,マスター,"マスター
「聞いてって損はないぜ」{W}",,
22-00-0EE2-01,22,0,726E30,0EE2,1,,{COL:3}ピアノを聞きますか？{COL:2},,
22-00-0F24-00,22,0,726E30,0F24,0,マスター,"マスター
「まあ無理にとは言わないさ」{W}",,
22-00-0F4E-00,22,0,726E30,0F4E,0,マスター,"マスター
「おい、サクラバ！！」{W}",,
22-00-0F4E-01,22,0,726E30,0F4E,1,マスター,"マスター
「・・・一つ頼むぜ」{W}",,
22-00-0F92-00,22,0,726E30,0F92,0,マスター,"マスター
「どうだい、すごいだろ？」{W}",,
22-00-0F92-01,22,0,726E30,0F92,1,マスター,"マスター
「いや～、何て言うか・・・、心に染
　み渡る曲だよな」{W}",,
22-00-0FFC-00,22,0,726E30,0FFC,0,クレス,"{N1}
「モーリア坑道の入坑許可証が届いて
　ると思うんですけど」{W}",,
22-00-0FFC-01,22,0,726E30,0FFC,1,マスター,"マスター
「おう、来てるぜ」{W}",,
22-00-0FFC-02,22,0,726E30,0FFC,2,マスター,"マスター
「あんたが{N1}か」{W}",,
22-00-0FFC-03,22,0,726E30,0FFC,3,マスター,"マスター
「それじゃここに受け取りのサインを
　してくれ」{W}",,
22-00-10B8-00,22,0,726E30,10B8,0,,{COL:3}モーリア坑道の入坑許可証を手に入れました。{COL:2}{W},,
22-00-10EE-00,22,0,726E30,10EE,0,クレス,"{N1}
「ありがとう」{W}",,
22-00-1106-00,22,0,726E30,1106,0,マスター,"マスター
「だが、今行っても仕方ないぜ」{W}",,
22-00-1106-01,22,0,726E30,1106,1,マスター,"マスター
「途中で行き止まりになってるらしい
　んだ」{W}",,
22-00-1106-02,22,0,726E30,1106,2,クレス,"{N1}
「行き止まり？」{W}",,
22-00-1106-03,22,0,726E30,1106,3,クラース,"{N4}
「一度行ってみないと、どんな状況か
　わからんな・・・」{W}",,
22-00-1106-04,22,0,726E30,1106,4,ミント,"{N2}
「モーリア坑道の前に別な所を探索し
　てみませんか？」{W}",,
22-00-1106-05,22,0,726E30,1106,5,クラース,"{N4}
「そうだなぁ・・・」{W}",,
22-00-1106-06,22,0,726E30,1106,6,クラース,"{N4}
「なあ{N1}・・・」{W}",,
22-00-1106-07,22,0,726E30,1106,7,クラース,"{N4}
「ここは君の判断にまかせるよ」{W}",,
22-00-125C-00,22,0,726E30,125C,0,マスター,"マスター
「ここはてめーらのようなガキが来る
　所じゃねえ」{W}",,
22-00-125C-01,22,0,726E30,125C,1,マスター,"マスター
「さっさと帰んな」{W}",,
22-00-12BA-00,22,0,726E30,12BA,0,エルウィン,"エルウィン
「父さんには、内緒にしておいてくれ
　よ」{W}",,
22-00-12F4-00,22,0,726E30,12F4,0,ミント,"{N2}
「それじゃがんばってね、ナンシーさ
　ん」{W}",,
22-00-12F4-01,22,0,726E30,12F4,1,ナンシー,"ナンシー
「ありがとう{N2}さん」{W}",,
22-00-134A-00,22,0,726E30,134A,0,クレス,"{N1}
「あの、もしかしてエルウィンとナン
　シー？」{W}",,
22-00-1382-00,22,0,726E30,1382,0,エルウィン,"エルウィン
「やあ、{N1}！」{W}",,
22-00-1382-01,22,0,726E30,1382,1,ナンシー,"ナンシー
「お久しぶりです」{W}",,
22-00-1382-02,22,0,726E30,1382,2,クレス,"{N1}
「本当に駆け落ちしたんですね」{W}",,
22-00-1382-03,22,0,726E30,1382,3,エルウィン,"エルウィン
「ああ、でも後悔はしてないよ」{W}",,
22-00-1382-04,22,0,726E30,1382,4,エルウィン,"エルウィン
「彼女と一緒ならどこへでも行くつも
　りだ」{W}",,
22-00-1382-05,22,0,726E30,1382,5,ナンシー,"ナンシー
「でも・・・、しばらくはここにいま
　す」{W}",,
22-00-1382-06,22,0,726E30,1382,6,ナンシー,"ナンシー
「ミッドガルズが不安定な状況ですか
　らね」{W}",,
22-00-1382-07,22,0,726E30,1382,7,エルウィン,"エルウィン
「ぼくたちがここにいる事は父さんに
　内緒にしておいてくれよ」{W}",,
22-00-1506-00,22,0,726E30,1506,0,エルウィン,"エルウィン
「ありがとう・・・、本当にありがと
　う」{W}",,
22-00-1540-00,22,0,726E30,1540,0,ナンシー,"ナンシー
「なんてお礼を言っていいか・・・、
　このご恩は一生忘れません」{W}",,
22-00-158E-00,22,0,726E30,158E,0,お姉さん,"お姉さん
「ねえ、お兄さん」{W}",,
22-00-158E-01,22,0,726E30,158E,1,お姉さん,"お姉さん
「私といいことしない？」{W}",,
22-00-15D2-00,22,0,726E30,15D2,0,お兄さん,"お兄さん
「ねえ、彼女」{W}",,
22-00-15D2-01,22,0,726E30,15D2,1,お兄さん,"お兄さん
「ぼくといい所に行かない？」{W}",,
22-00-1616-00,22,0,726E30,1616,0,クレス,"{N1}
（ナンパしているようだ・・・）{W}",,
22-00-163E-00,22,0,726E30,163E,0,男の人,"男の人
「あっ、あの、結構です・・・」{W}",,
22-00-1668-00,22,0,726E30,1668,0,女の人,"女の人
「しつこい男はきらいだよ！」{W}",,
22-00-1668-01,22,0,726E30,1668,1,女の人,"女の人
「また出直しておいで！」{W}",,
22-00-16B2-00,22,0,726E30,16B2,0,町の人,"町の人
「モーリア坑道には・・・」{W}",,
22-00-16B2-01,22,0,726E30,16B2,1,町の人,"町の人
「まだまだ深い謎が隠されているって
　いう話だよ」{W}",,
22-00-1714-00,22,0,726E30,1714,0,町の人,"町の人
「今はもう見ることのないドワーフ族
　の鉱山」{W}",,
22-00-1714-01,22,0,726E30,1714,1,町の人,"町の人
「それがモーリア坑道跡さ」{W}",,
22-00-1772-00,22,0,726E30,1772,0,兵士,"兵士
「ドワーフ族は・・・」{W}",,
22-00-1772-01,22,0,726E30,1772,1,兵士,"兵士
「その器用な手でへんてこりんなアイ
　テムを作っていたらしいぜ」{W}",,
22-00-17DA-00,22,0,726E30,17DA,0,兵士,"兵士
「モーリア坑道にはたいそうなお宝が
　眠ってるっていう話だぜ」{W}",,
22-00-1822-00,22,0,726E30,1822,0,サクラバ三世,"サクラバ三世
「祖父は、すばらしいピアニストだっ
　たんです」{W}",,
22-00-1822-01,22,0,726E30,1822,1,サクラバ三世,"サクラバ三世
「私もピアノを弾きますが、祖父には
　かないません」{W}",,
22-00-18A8-00,22,0,726E30,18A8,0,サクラバ,"サクラバ
「酒飲んでるほうが調子がいいんだよ
　なぁ・・・」{W}",,
22-00-18E8-00,22,0,726E30,18E8,0,サクラバ,"サクラバ
「ところで、秘密の言葉を買わないか
　い？」{W}",,
22-00-18E8-01,22,0,726E30,18E8,1,サクラバ,"サクラバ
「１０００ガルドでいいや」{W}",,
22-00-18E8-02,22,0,726E30,18E8,2,,{COL:3}秘密の言葉を買いますか？{COL:2},,
22-00-1968-00,22,0,726E30,1968,0,サクラバ,"サクラバ
「あっ、そう」{W}",,
22-00-1984-00,22,0,726E30,1984,0,サクラバ,"サクラバ
「お金足りないよ」",,
22-00-19A2-00,22,0,726E30,19A2,0,サクラバ,"サクラバ
「それは『キクリン』だ」{W}",,
22-00-19A2-01,22,0,726E30,19A2,1,サクラバ,"サクラバ
「これは、とある探検家から聞いたも
　のなんだけど・・・」{W}",,
22-00-19A2-02,22,0,726E30,19A2,2,サクラバ,"サクラバ
「ある洞窟の入口を開ける為の呪文と
　言われているんだ」{W}",,
22-00-1A52-00,22,0,726E30,1A52,0,剣士,"剣士
「召喚魔法の中には禁呪文もあるそう
　な」{W}",,
22-00-1A52-01,22,0,726E30,1A52,1,剣士,"剣士
「どこで手に入れるんだろう？」{W}",,
22-00-1AAC-00,22,0,726E30,1AAC,0,剣士,"剣士
「モーリア坑道に入るには・・・」{W}",,
22-00-1AAC-01,22,0,726E30,1AAC,1,剣士,"剣士
「ギルドでもらえる王室発行の許可証
　がないと入れないんだ」{W}",,
22-00-1AAC-02,22,0,726E30,1AAC,2,剣士,"剣士
「オレはキャンセル待ちさ」{W}",,
22-00-1B3C-00,22,0,726E30,1B3C,0,女剣士,"女剣士
「フレイランドの溶岩地帯には古の塔
　があるっていう話だよ」{W}",,
22-00-1B84-00,22,0,726E30,1B84,0,女剣士,"女剣士
「モーリア坑道の入坑許可証って、す
　ごく高いらしいわ」{W}",,
22-00-1B84-01,22,0,726E30,1B84,1,女剣士,"女剣士
「まぁ、コネでもあれば別らしいけど
　・・・」{W}",,
22-00-1C00-00,22,0,726E30,1C00,0,兵士,"兵士
「うええ・・・、気持ち悪い・・・」{W}",,
22-00-1C00-01,22,0,726E30,1C00,1,兵士,"兵士
「飲み過ぎました・・・」{W}",,
22-00-1C4C-00,22,0,726E30,1C4C,0,兵士,"兵士
「きっ、君、剣士{SPD:10}・・・{SPD:FF}？」{W}",,
22-00-1C4C-01,22,0,726E30,1C4C,1,兵士,"兵士
「この{SPD:10}・・・、{SPD:FF}奥義書{SPD:10}、{SPD:FF}売ってやろう
　か{SPD:10}・・・{SPD:FF}？」{W}",,
22-00-1C4C-02,22,0,726E30,1C4C,2,クレス,"{N1}
「えっ、奥義書！？」{W}",,
22-00-1C4C-03,22,0,726E30,1C4C,3,兵士,"兵士
「うっ、うう{SPD:10}・・・{SPD:FF}」{W}",,
22-00-1C4C-04,22,0,726E30,1C4C,4,兵士,"兵士
「６０００ガルドで{SPD:10}・・・、{SPD:FF}いいぜ{SPD:10}・
　・・{SPD:FF}」{W}",,
22-00-1C4C-05,22,0,726E30,1C4C,5,,{COL:3}買いますか？{COL:2},,
22-00-1D62-00,22,0,726E30,1D62,0,兵士,"兵士
「うう{SPD:10}・・・{SPD:FF}」{W}",,
22-00-1D82-00,22,0,726E30,1D82,0,兵士,"兵士
「かっ{SPD:10}、{SPD:FF}金が{SPD:10}・・・・・・{SPD:FF}、足りない
　よ{SPD:10}・・・{SPD:FF}」{W}",,
22-00-1DD4-00,22,0,726E30,1DD4,0,,"{COL:3}{N1}は
魔神千裂破を覚えました。{COL:2}{W}",,
22-00-1DD4-01,22,0,726E30,1DD4,1,兵士,"兵士
「どっ、どうも・・・」{W}",,
22-00-1DD4-02,22,0,726E30,1DD4,2,クレス,"{N1}
（そんな状態でよくショーバイできる
　なぁ・・・）{W}",,
22-00-1E58-00,22,0,726E30,1E58,0,町の人,"町の人
「もう犬はいいよ・・・」{W}",,
22-00-1E7C-00,22,0,726E30,1E7C,0,町の人,"町の人
「散歩も楽じゃないわ」{W}",,
22-00-1E9E-00,22,0,726E30,1E9E,0,？？？,"？？？
『オレは犬じゃねぇ！』{W}",,
22-00-1E9E-01,22,0,726E30,1E9E,1,？？？,"？？？
『狼だっ！！』{W}",,
22-00-1ED8-00,22,0,726E30,1ED8,0,町の人,"町の人
「最近物価が高くなって困るわ」{W}",,
22-00-1F02-00,22,0,726E30,1F02,0,町の人,"町の人
「卵焼きはちゃんと『だし』に卵をま
　ぜて焼かなきゃね」{W}",,
22-00-1F02-01,22,0,726E30,1F02,1,町の人,"町の人
「えっ、卵？」{W}",,
22-00-1F02-02,22,0,726E30,1F02,2,町の人,"町の人
「あれはオリーブヴィレッジの特産品
　なんだ」{W}",,
22-00-1F02-03,22,0,726E30,1F02,3,町の人,"町の人
「あそこの卵は黄身がしっかりしてて
　うまいよ～」{W}",,
22-00-1FD2-00,22,0,726E30,1FD2,0,おばあさん,"おばあさん
「ダオスさえいなければのぅ」{W}",,
22-00-1FFE-00,22,0,726E30,1FFE,0,男の子,"男の子
「お菓子食べたいな～」{W}",,
22-00-2020-00,22,0,726E30,2020,0,町の人,"町の人
「おでんはやっぱり味の染みついた、
　『どなべ』で作らなきゃ！」{W}",,
22-00-206C-00,22,0,726E30,206C,0,女の人,"女の人
「おばあちゃんから聞いたことあるん
　だけど・・・」{W}",,
22-00-206C-01,22,0,726E30,206C,1,女の人,"女の人
「ミッドガルズの北西、ヴァルハラ平
　原の西にある森に・・・」{W}",,
22-00-206C-02,22,0,726E30,206C,2,女の人,"女の人
「なんだか、角の生えた白馬がいるん
　だって」{W}",,
22-00-206C-03,22,0,726E30,206C,3,女の人,"女の人
「その白馬は清らかな乙女にしか会わ
　ないそうよ」{W}",,
22-00-2168-00,22,0,726E30,2168,0,剣士,"剣士
「三種の武具を求めて、世界中を旅し
　てるんだ」{W}",,
22-00-2168-01,22,0,726E30,2168,1,剣士,"剣士
「この世界には三種の武具と呼ばれる
　ものがあって・・・」{W}",,
22-00-2168-02,22,0,726E30,2168,2,剣士,"剣士
「一つは指輪、残りは剣ということら
　しいんだ」{W}",,
22-00-2168-03,22,0,726E30,2168,3,剣士,"剣士
「剣のうち、一つはフリーズキール大
　陸にあるという話だが」{W}",,
22-00-2168-04,22,0,726E30,2168,4,剣士,"剣士
「それらしいものは何一つなかったん
　だよな・・・」{W}",,
22-00-2168-05,22,0,726E30,2168,5,剣士,"剣士
「・・・くそッ！！」{W}",,
22-00-22B8-00,22,0,726E30,22B8,0,兵士,"兵士
「モーリア坑道？」{W}",,
22-00-22B8-01,22,0,726E30,22B8,1,兵士,"兵士
「それなら、ここから南東方向に進ん
　だ所に入口がある」{W}",,
22-00-22B8-02,22,0,726E30,22B8,2,兵士,"兵士
「フレイランド行きの船着き場の真北
　だ」{W}",,
22-00-2346-00,22,0,726E30,2346,0,町の人,"町の人
「先輩で～す」{W}",,
22-00-2360-00,22,0,726E30,2360,0,クレス,"{N1}
「かまどの中をのぞいてみよう」{W}",,
22-00-2388-00,22,0,726E30,2388,0,クレス,"{N1}
「なんで・・・？」",,
22-00-23A2-00,22,0,726E30,23A2,0,エルウィン,"エルウィン
「ぼくたちは・・・、結婚するって決
　めたんだ！」{W}",,
22-00-23A2-01,22,0,726E30,23A2,1,エルウィン,"エルウィン
「帰ってくれ！！」{W}",,
22-00-23A2-02,22,0,726E30,23A2,2,ドグ,"ドグ
「わがままを言うなッ！」{W}",,
22-00-23A2-03,22,0,726E30,23A2,3,ドグ,"ドグ
「ベネツィアに帰るぞ！！」{W}",,
22-00-23A2-04,22,0,726E30,23A2,4,,{COL:3}エルウィンたちを助けますか？{COL:2},,
22-00-246A-00,22,0,726E30,246A,0,クラース,"{N4}
「もう関らない方がいいかもな」{W}",,
22-00-2492-00,22,0,726E30,2492,0,クレス,"{N1}
「ちょっ・・・、ちょっと二人共、落
　ち着いて・・・」{W}",,
22-00-24D2-00,22,0,726E30,24D2,0,ドグ,"ドグ
「お前たちには関係ない話だ！」{W}",,
22-00-24D2-01,22,0,726E30,24D2,1,ドグ,"ドグ
「ほっといてもらおうか！！」{W}",,
22-00-24D2-02,22,0,726E30,24D2,2,ミント,"{N2}
「なんでそんなにナンシーを毛嫌いす
　るんですか！？」{W}",,
22-00-255C-00,22,0,726E30,255C,0,ドグ,"ドグ
「{SPD:10}・・・・・・{SPD:FF}」{W}",,
22-00-257E-00,22,0,726E30,257E,0,ドグ,"ドグ
「・・・・・・毛嫌いしているわけで
　はない」{W}",,
22-00-257E-01,22,0,726E30,257E,1,ドグ,"ドグ
「エルウィンには、不幸な人生を送っ
　てもらいたくないからだ」{W}",,
22-00-257E-02,22,0,726E30,257E,2,ドグ,"ドグ
「今の会社が軌道に乗るまでどれだけ
　苦労したか」{W}",,
22-00-257E-03,22,0,726E30,257E,3,ドグ,"ドグ
「それに・・・」{W}",,
22-00-257E-04,22,0,726E30,257E,4,クレス,"{N1}
「それに・・・？」{W}",,
22-00-257E-05,22,0,726E30,257E,5,ドグ,"ドグ
「私の妻は、そのためにエルウィンが
　小さいころに死んでしまったのだ」{W}",,
22-00-257E-06,22,0,726E30,257E,6,ドグ,"ドグ
「きっとあいつは、わしを{G:6D1}んでいる
　じゃろう・・・」{W}",,
22-00-26F4-00,22,0,726E30,26F4,0,エルウィン,"エルウィン
「父さん{SPD:10}・・・{SPD:FF}」{W}",,
22-00-26F4-01,22,0,726E30,26F4,1,ドグ,"ドグ
「エルウィンには同じ過ちを繰り返し
　て欲しくないのだ・・・」{W}",,
22-00-26F4-02,22,0,726E30,26F4,2,エルウィン,"エルウィン
「父さん{SPD:10}・・・、{SPD:FF}母さんは決して{G:6D1}ん
　じゃいないと思う」{W}",,
22-00-26F4-03,22,0,726E30,26F4,3,エルウィン,"エルウィン
「母さんは生前・・・、いつもぼくに
　言ってたよ・・・」{W}",,
22-00-26F4-04,22,0,726E30,26F4,4,エルウィン,"エルウィン
「父さんは{SPD:10}・・・、{SPD:FF}すばらしい人だっ
　て{SPD:10}・・・{SPD:FF}」{W}",,
22-00-2844-00,22,0,726E30,2844,0,エルウィン,"エルウィン
「父さんッ！」{W}",,
22-00-2844-01,22,0,726E30,2844,1,ドグ,"ドグ
「だいぶ、会社を空けているから仕事
　がたまってるはずだ」{W}",,
22-00-2844-02,22,0,726E30,2844,2,ドグ,"ドグ
「お前にも手伝ってもらうぞ」{W}",,
22-00-2844-03,22,0,726E30,2844,3,ドグ,"ドグ
「{SPD:10}・・・{SPD:FF}それに{SPD:10}・・・、{SPD:FF}ナンシーにも
　な・・・」{W}",,
22-00-2844-04,22,0,726E30,2844,4,エルウィン,"エルウィン
「父さん・・・！」{W}",,
22-00-2844-05,22,0,726E30,2844,5,ナンシー,"ナンシー
「お義父さん・・・」{W}",,
22-00-2950-00,22,0,726E30,2950,0,ミント,"{N2}
「よかった・・・」{W}",,
22-00-2950-01,22,0,726E30,2950,1,クラース,"{N4}
「まっ、結果オーライってとこかな」{W}",,
22-00-2950-02,22,0,726E30,2950,2,クレス,"{N1}
「そうですね」{W}",,
22-00-29AC-00,22,0,726E30,29AC,0,料理人,"料理人
「ナポリタン作ってるかい？」{W}",,
22-00-29D4-00,22,0,726E30,29D4,0,料理人,"料理人
「私は『すばらしき味の世界』の住人
　だ」{W}",,
22-00-29D4-01,22,0,726E30,29D4,1,料理人,"料理人
「この味をより多くの人に伝えたい」{W}",,
22-00-29D4-02,22,0,726E30,29D4,2,料理人,"料理人
「君も私の世界に触れてみないか？」",,
22-00-2A60-00,22,0,726E30,2A60,0,料理人,"料理人
「この料理を伝授しよう！」{W}",,
22-00-2A86-00,22,0,726E30,2A86,0,,"{COL:2}ナポリタンを料理できるようになりま
した。{W}",,
22-00-2A86-01,22,0,726E30,2A86,1,,{COL:0},,
22-00-2ABC-00,22,0,726E30,2ABC,0,料理人,"料理人
「おお、なんということだ！」{W}",,
22-00-2AE4-00,22,0,726E30,2AE4,0,料理人,"料理人
「さかななべ作ってるかい？」{W}",,
22-00-2B0C-00,22,0,726E30,2B0C,0,料理人,"料理人
「私は『すばらしき味の世界』の住人
　だ」{W}",,
22-00-2B0C-01,22,0,726E30,2B0C,1,料理人,"料理人
「この味をより多くの人に伝えたい」{W}",,
22-00-2B0C-02,22,0,726E30,2B0C,2,料理人,"料理人
「君も私の世界に触れてみないか？」",,
22-00-2B98-00,22,0,726E30,2B98,0,料理人,"料理人
「この料理を伝授しよう！」{W}",,
22-00-2BBE-00,22,0,726E30,2BBE,0,,"{COL:2}さかななべを料理できるようになりま
した。{W}",,
22-00-2BBE-01,22,0,726E30,2BBE,1,,{COL:0},,
22-00-2BF4-00,22,0,726E30,2BF4,0,料理人,"料理人
「おお、なんということだ！」{W}",,
22-00-2C1C-00,22,0,726E30,2C1C,0,サクラバ三世,"サクラバ三世
「私がサクラバ三世だけど？」{W}",,
22-00-2C1C-01,22,0,726E30,2C1C,1,アーチェ,"{N3}
「ちょっと一緒に来て！！」{W}",,
22-00-2C1C-02,22,0,726E30,2C1C,2,サクラバ三世,"サクラバ三世
「わ、ちょ、ちょっと・・・、なんな
　んだ、あんたは」{W}",,
22-00-2C1C-03,22,0,726E30,2C1C,3,アーチェ,"{N3}
「行くよー、{N6}ちゃん」{W}",,
22-00-2C1C-04,22,0,726E30,2C1C,4,すず,"{N6}
「・・・いいんですか？」{W}",,
22-00-2C1C-05,22,0,726E30,2C1C,5,アーチェ,"{N3}
「全然ＯＫ！」{W}",,
22-00-2C1C-06,22,0,726E30,2C1C,6,すず,"{N6}
「知りませんよ？」{W}",,
22-00-2D22-00,22,0,726E30,2D22,0,マスター,"マスター
「サクラバならそこにいるぜ」{W}",,
22-00-2D4C-00,22,0,726E30,2D4C,0,男,"男
「君の瞳の中の俺に乾杯！！」{W}",,
22-00-2D70-00,22,0,726E30,2D70,0,女,"女
「・・・・・・」{W}",,
22-00-2D88-00,22,0,726E30,2D88,0,兵士,"兵士
「なんか・・・・・・場違い？」{W}",,
22-00-2DB0-00,22,0,726E30,2DB0,0,すず,"{N6}
「そろそろ時間ですね・・・」{W}",,
22-00-2DB0-01,22,0,726E30,2DB0,1,アーチェ,"{N3}
「え、もう！？」{W}",,
22-00-2DB0-02,22,0,726E30,2DB0,2,アーチェ,"{N3}
「うぅ・・・、大丈夫かなぁ？」{W}",,
22-00-2E14-00,22,0,726E30,2E14,0,,ミゲールの町に戻りますか？,,
22-00-2E30-00,22,0,726E30,2E30,0,アーチェ,"{N3}
「一回町に戻ろうか」{W}",,
22-00-2E30-01,22,0,726E30,2E30,1,すず,"{N6}
「わかりました」{W}",,
22-00-2E66-00,22,0,726E30,2E66,0,,"ミゲールの町に戻る事ができますが、
戻ると今回の依頼は失敗となります。{W}",,
22-00-2E66-01,22,0,726E30,2E66,1,,ミゲールの町に戻りますか？,,
22-00-2ECA-00,22,0,726E30,2ECA,0,アーチェ,"{N3}
「一回町に戻ろうか」{W}",,
22-00-2ECA-01,22,0,726E30,2ECA,1,すず,"{N6}
「わかりました」{W}",,
22-00-2F00-00,22,0,726E30,2F00,0,,"依頼を受けた町に退却しますか？
",,
22-00-2F22-00,22,0,726E30,2F22,0,アーチェ,"{N3}
「一回町に戻ろうか」{W}",,
22-00-2F22-01,22,0,726E30,2F22,1,すず,"{N6}
「わかりました」{W}",,
22-00-2F58-00,22,0,726E30,2F58,0,アーチェ,"{N3}
「この町にまだ困ってる人が
　いる気がする・・・」{W}",,
22-00-2F94-00,22,0,726E30,2F94,0,アーチェ,"{N3}
「おっといけない！」{W}",,
22-00-2F94-01,22,0,726E30,2F94,1,アーチェ,"{N3}
「まだ任務の途中だった・・・」{W}",,
22-00-2FD8-00,22,0,726E30,2FD8,0,アーチェ,"{N3}
「まだ用事がすんでないよ・・・」{W}",,
23-00-0000-00,23,0,72C084,0000,0,クレス,"{N1}
「確か、伯父さんの家は北西の方だっ
　たな」{W}",,
23-00-0036-00,23,0,72C084,0036,0,,ユークリッドの都,,
23-00-0048-00,23,0,72C084,0048,0,,　　　ユークリッド王国の歴史{W},,
23-00-0048-01,23,0,72C084,0048,1,,"ユークリッド王国は約１２０年の歴史
がある。{W}",,
23-00-0048-02,23,0,72C084,0048,2,,"ユークリッド王国の前身、ユークリッ
ド共和国は三つの部族が合わさった国
である。{W}",,
23-00-0048-03,23,0,72C084,0048,3,,"一つはベネツィア大陸を治めていたデ
ロイノ族。{W}",,
23-00-0048-04,23,0,72C084,0048,4,,"一つはユークリッド大陸南部を治めて
いたメイルガン族。{W}",,
23-00-0048-05,23,0,72C084,0048,5,,"（五十年前に崩壊した地下墓地はこの
　部族が建設したという説がある）{W}",,
23-00-0048-06,23,0,72C084,0048,6,,"そしてユークリッド大陸北部を治めて
いたユークリッド族。{W}",,
23-00-0048-07,23,0,72C084,0048,7,,"現在の王であるユークリッド２１世・
ラルフ＝ド＝ユークリッドニアの祖先
である。{W}",,
23-00-0222-00,23,0,72C084,0222,0,,　　　　　世界の少数部族{W},,
23-00-0222-01,23,0,72C084,0222,1,,"世界中には１００人以下の少数部族が
約２５０あると言われている。{W}",,
23-00-0222-02,23,0,72C084,0222,2,,"その内の一つに、非常に珍しい文化を
持った部族がある。{W}",,
23-00-0222-03,23,0,72C084,0222,3,,それがジャポンである。{W},,
23-00-0222-04,23,0,72C084,0222,4,,"ジャポンで一番知られているのは忍者
である。{W}",,
23-00-0222-05,23,0,72C084,0222,5,,"その他に、完全に外部との接触を拒ん
できた、この部族ならではの道具類が
あるという。{W}",,
23-00-0354-00,23,0,72C084,0354,0,,　　　　エルフ族について{W},,
23-00-0354-01,23,0,72C084,0354,1,,"エルフは長命・潜在能力として持つ、
魔力・美形など、人間とは違った特徴
を持っている。{W}",,
23-00-0354-02,23,0,72C084,0354,2,,"そのエルフの発祥の地は未だに定かで
はない。現在はトレントの森という説
が有力視されている。{W}",,
23-00-0354-03,23,0,72C084,0354,3,,"一説には超古代の空中浮遊都市で神に
よって創造された生物なのだという。{W}",,
23-00-0354-04,23,0,72C084,0354,4,,"しかしこれはかなり伝説色の濃い部分
がある。{W}",,
23-00-049C-00,23,0,72C084,049C,0,,　　　超古代文明の文化九巻{W},,
23-00-049C-01,23,0,72C084,049C,1,,"超古代文明のエネルギー源は電気もし
くは油から生み出されていたようであ
る。{W}",,
23-00-049C-02,23,0,72C084,049C,2,,"特に電気を使った機械等は我々の想像
をはるかに越えた技術を有していたと
いう。{W}",,
23-00-049C-03,23,0,72C084,049C,3,,"一説によると、機械の人間を製造して
いたということである。{W}",,
23-00-0594-00,23,0,72C084,0594,0,,"　『宿泊ならこちら！
　　サービス満点、料理もうまい
　　ユークリッドＩＮＮへ！』{W}",,
23-00-0594-01,23,0,72C084,0594,1,,と書かれている。{W},,
23-00-05FC-00,23,0,72C084,05FC,0,クレス,"{N1}
「ごめんくださーい！」{W}",,
23-00-05FC-01,23,0,72C084,05FC,1,クレス,"{N1}
「留守か・・・」{W}",,
23-00-0634-00,23,0,72C084,0634,0,ユークリッド王,"ユークリッド王
「そなたたちは？」{W}",,
23-00-0634-01,23,0,72C084,0634,1,クラース,"{N4}
「お初にお目にかかります」{W}",,
23-00-0634-02,23,0,72C084,0634,2,クラース,"{N4}
「我々はダオス討伐の旅を続けている
　者たちです」{W}",,
23-00-0634-03,23,0,72C084,0634,3,ユークリッド王,"ユークリッド王
「ほう！」{W}",,
23-00-0634-04,23,0,72C084,0634,4,ユークリッド王,"ユークリッド王
「するとそなたたちがアルヴァニスタ
　王の言っていた勇者か」{W}",,
23-00-0634-05,23,0,72C084,0634,5,アーチェ,"{N3}
「勇者だって」{W}",,
23-00-0634-06,23,0,72C084,0634,6,アーチェ,"{N3}
「おおげさだよ」{W}",,
23-00-0634-07,23,0,72C084,0634,7,クラース,"{N4}
「{N3}！」{W}",,
23-00-0634-08,23,0,72C084,0634,8,クラース,"{N4}
「王の前で失礼だぞ！」{W}",,
23-00-0634-09,23,0,72C084,0634,9,ユークリッド王,"ユークリッド王
「よいよい」{W}",,
23-00-0634-10,23,0,72C084,0634,10,ユークリッド王,"ユークリッド王
「では、おぬしたちにささやかながら
　旅の資金を授けようではないか」{W}",,
23-00-0634-11,23,0,72C084,0634,11,クラース,"{N4}
「よろしいのですか！？」{W}",,
23-00-0634-12,23,0,72C084,0634,12,ユークリッド王,"ユークリッド王
「我らの国は軍隊を持たぬ」{W}",,
23-00-0634-13,23,0,72C084,0634,13,ユークリッド王,"ユークリッド王
「頼れるのは、おぬしらのような若い
　戦士たちなのじゃ」{W}",,
23-00-0634-14,23,0,72C084,0634,14,ユークリッド王,"ユークリッド王
「支援はおしまぬ」{W}",,
23-00-0634-15,23,0,72C084,0634,15,,{COL:3}資金援助を受けますか？{COL:2},,
23-00-08CA-00,23,0,72C084,08CA,0,ミント,"{N2}
「どうぞ、お気になさらずに」{W}",,
23-00-08CA-01,23,0,72C084,08CA,1,ユークリッド王,"ユークリッド王
「そうか・・・」{W}",,
23-00-08CA-02,23,0,72C084,08CA,2,ユークリッド王,"ユークリッド王
「あいわかった」{W}",,
23-00-08CA-03,23,0,72C084,08CA,3,ユークリッド王,"ユークリッド王
「吉報を待っておるぞ」{W}",,
23-00-095C-00,23,0,72C084,095C,0,,{COL:3}８００００ガルド手に入れました。{COL:2}{W},,
23-00-095C-01,23,0,72C084,095C,1,クラース,"{N4}
「ありがとうございます」{W}",,
23-00-095C-02,23,0,72C084,095C,2,ユークリッド王,"ユークリッド王
「うむ、吉報を待っておるぞ」{W}",,
23-00-09D6-00,23,0,72C084,09D6,0,何でも屋,"何でも屋
「らっしゃい」{W}",,
23-00-09D6-01,23,0,72C084,09D6,1,何でも屋,"何でも屋
「いい薬があるよ」{W}",,
23-00-0A10-00,23,0,72C084,0A10,0,何でも屋,"何でも屋
「ありがとやんした」{W}",,
23-00-0A32-00,23,0,72C084,0A32,0,,"何でも屋『めろめろ』主人
「えらっしゃい」{W}",,
23-00-0A60-00,23,0,72C084,0A60,0,,"何でも屋『めろめろ』主人
「ありがとやんした」{W}",,
23-00-0A92-00,23,0,72C084,0A92,0,男の子,"男の子
「兄ちゃん、見かけない顔だね」{W}",,
23-00-0A92-01,23,0,72C084,0A92,1,男の子,"男の子
「どっから来たの？」{W}",,
23-00-0ADA-00,23,0,72C084,0ADA,0,男の子,"男の子
「すっごーい！」{W}",,
23-00-0ADA-01,23,0,72C084,0ADA,1,男の子,"男の子
「あの人サーカスの人かなー？」{W}",,
23-00-0B1E-00,23,0,72C084,0B1E,0,男の子,"男の子
「今日は何して遊ぼうかな～？」{W}",,
23-00-0B48-00,23,0,72C084,0B48,0,女の子,"女の子
「きゃははははは！！」{W}",,
23-00-0B48-01,23,0,72C084,0B48,1,女の子,"女の子
「おもしろーい！！」{W}",,
23-00-0B88-00,23,0,72C084,0B88,0,女の子,"女の子
「あーあ、退屈・・・」{W}",,
23-00-0BAA-00,23,0,72C084,0BAA,0,町の人,"町の人
「なんでも、トーティスの村が襲われ
　たそうですね」{W}",,
23-00-0BAA-01,23,0,72C084,0BAA,1,町の人,"町の人
「ここは大丈夫でしょうか・・・？」{W}",,
23-00-0C16-00,23,0,72C084,0C16,0,町の人,"町の人
「いやー、平和ですねー」{W}",,
23-00-0C16-01,23,0,72C084,0C16,1,町の人,"町の人
「なにがいいってさ、やっぱ平和が一
　番！」{W}",,
23-00-0C70-00,23,0,72C084,0C70,0,町の人,"町の人
「すごいうまいねー、あの人」{W}",,
23-00-0C70-01,23,0,72C084,0C70,1,町の人,"町の人
「どうやったらあんな器用なことでき
　るのかしら？」{W}",,
23-00-0CD6-00,23,0,72C084,0CD6,0,町の人,"町の人
「近々、この町に旅芸人が来るらしい
　わ」{W}",,
23-00-0CD6-01,23,0,72C084,0CD6,1,町の人,"町の人
「この町は平和でいいんだけど、いま
　いち娯楽が少ないよのね」{W}",,
23-00-0D54-00,23,0,72C084,0D54,0,おじいさん,"おじいさん
「ほっほっほ」{W}",,
23-00-0D54-01,23,0,72C084,0D54,1,おじいさん,"おじいさん
「ジャグチとは、おもしろいものじゃ
　の～」{W}",,
23-00-0D54-02,23,0,72C084,0D54,2,クレス,"{N1}
（もしかしてジャグラーの間違いじゃ
　・・・）{W}",,
23-00-0DE2-00,23,0,72C084,0DE2,0,おじいさん,"おじいさん
「いい天気じゃの」{W}",,
23-00-0E04-00,23,0,72C084,0E04,0,おじいさん,"おじいさん
「そういえば、オルソンの家に数日前
　に騎士が出入りしていたが・・・」{W}",,
23-00-0E04-01,23,0,72C084,0E04,1,おじいさん,"おじいさん
「なんだったんだろうかのぅ？」{W}",,
23-00-0E86-00,23,0,72C084,0E86,0,クレス,"{N1}
「あの・・・、この家にいた人はどこ
　へ？」{W}",,
23-00-0E86-01,23,0,72C084,0E86,1,町の人,"町の人
「ああ、オルソンさんか」{W}",,
23-00-0E86-02,23,0,72C084,0E86,2,町の人,"町の人
「それが、突然行方がわからなくなっ
　てしまったんだ」{W}",,
23-00-0F1E-00,23,0,72C084,0F1E,0,町の人,"町の人
「なんだか南の方に真っ黒な雲が立ち
　こめておったの」{W}",,
23-00-0F1E-01,23,0,72C084,0F1E,1,町の人,"町の人
「にわか雨でも降ったか・・・」{W}",,
23-00-0F88-00,23,0,72C084,0F88,0,男の人,"男の人
「この時が永遠に続けばいいのに・・
　・」{W}",,
23-00-0FBE-00,23,0,72C084,0FBE,0,女の人,"女の人
「・・・」{W}",,
23-00-0FD4-00,23,0,72C084,0FD4,0,剣士,"剣士
「あっ、すまぬ」{W}",,
23-00-0FD4-01,23,0,72C084,0FD4,1,剣士,"剣士
「トーティスの村へはどう行ったらい
　いのだ？」{W}",,
23-00-0FD4-02,23,0,72C084,0FD4,2,剣士,"剣士
「ミゲール殿に会いたいのだ」{W}",,
23-00-0FD4-03,23,0,72C084,0FD4,3,剣士,"剣士
「かつて、ユークリッドの独立騎士団
　の隊長を務めていた・・・」{W}",,
23-00-0FD4-04,23,0,72C084,0FD4,4,剣士,"剣士
「ミゲール殿の武勇はユークリッド大
　陸全土に響き渡っている」{W}",,
23-00-0FD4-05,23,0,72C084,0FD4,5,剣士,"剣士
「一度お手合わせ願いたいのだ」{W}",,
23-00-10FE-00,23,0,72C084,10FE,0,ジャグラー,"ジャグラー
「はーい、よってらっしゃい見てらっ
　しゃい」{W}",,
23-00-10FE-01,23,0,72C084,10FE,1,ジャグラー,"ジャグラー
「見てって損はないよー」{W}",,
23-00-1162-00,23,0,72C084,1162,0,男の子,"男の子
「ぼくもやってみたいな～」{W}",,
23-00-1188-00,23,0,72C084,1188,0,女の子,"女の子
「わーい、わーい！！」{W}",,
23-00-11AA-00,23,0,72C084,11AA,0,ダンナ,"ダンナ
「すっ・・・、すいません！」{W}",,
23-00-11AA-01,23,0,72C084,11AA,1,ダンナ,"ダンナ
「ごめんなさいッ！！」{W}",,
23-00-11F2-00,23,0,72C084,11F2,0,ダンナ,"ダンナ
「女房から逃げてきたんだ」{W}",,
23-00-11F2-01,23,0,72C084,11F2,1,ダンナ,"ダンナ
「まったく、うるさいったらないぜ」{W}",,
23-00-1244-00,23,0,72C084,1244,0,奥さん,"奥さん
「この、ぼんくらッ！！」{W}",,
23-00-1244-01,23,0,72C084,1244,1,奥さん,"奥さん
「まったく、こんな所で油売ってるん
　じゃないよ！」{W}",,
23-00-12A6-00,23,0,72C084,12A6,0,店員,"店員
「いらっしゃい」{W}",,
23-00-12A6-01,23,0,72C084,12A6,1,店員,"店員
「いいのがそろってるよ」{W}",,
23-00-12A6-02,23,0,72C084,12A6,2,店員,"店員
「お会計は中でね」{W}",,
23-00-12FA-00,23,0,72C084,12FA,0,お兄ちゃん,"お兄ちゃん
「どっ、どいてくれよ！」{W}",,
23-00-12FA-01,23,0,72C084,12FA,1,お兄ちゃん,"お兄ちゃん
「今、逃げてるんだからっ！」{W}",,
23-00-134C-00,23,0,72C084,134C,0,妹,"妹
「お兄ちゃんたら全然お店の手伝いし
　ないのよ、もうっ！！」{W}",,
23-00-1390-00,23,0,72C084,1390,0,町の人,"町の人
「この町には、科学研究所があるんだ
　ぜ」{W}",,
23-00-1390-01,23,0,72C084,1390,1,町の人,"町の人
「かっこいいよな」{W}",,
23-00-1390-02,23,0,72C084,1390,2,町の人,"町の人
「えっ、場所？」{W}",,
23-00-1390-03,23,0,72C084,1390,3,町の人,"町の人
「北西のでっかい家だよ」{W}",,
23-00-141E-00,23,0,72C084,141E,0,女の人,"女の人
「えっ！？」{W}",,
23-00-141E-01,23,0,72C084,141E,1,女の人,"女の人
「あなた空を飛ぶ乗り物、持っている
　の？」{W}",,
23-00-141E-02,23,0,72C084,141E,2,女の人,"女の人
「私も頼んでみようかしら？」{W}",,
23-00-141E-03,23,0,72C084,141E,3,女の人,"女の人
「・・・でも値段高そうね」{W}",,
23-00-14B6-00,23,0,72C084,14B6,0,女の人,"女の人
「この町の科学研究所では、空を飛ぶ
　研究をしているらしいわ」{W}",,
23-00-14B6-01,23,0,72C084,14B6,1,女の人,"女の人
「でも、どうやって飛ぶのかしら？」{W}",,
23-00-152C-00,23,0,72C084,152C,0,メイド,"メイド
「みんなすごいわね～」{W}",,
23-00-152C-01,23,0,72C084,152C,1,メイド,"メイド
「ごつい男ばっかり」{W}",,
23-00-152C-02,23,0,72C084,152C,2,メイド,"メイド
「女剣士もいるみたいだけど」{W}",,
23-00-1592-00,23,0,72C084,1592,0,兵士,"兵士
「この先は、闘技場の観客席になりま
　す」{W}",,
23-00-15C6-00,23,0,72C084,15C6,0,兵士,"兵士
「連日、たくさんの人が見に来ている
　よ」{W}",,
23-00-15C6-01,23,0,72C084,15C6,1,兵士,"兵士
「どこから来るんだろう？」{W}",,
23-00-161C-00,23,0,72C084,161C,0,兵士,"兵士
「ここは謁見の間です」{W}",,
23-00-163C-00,23,0,72C084,163C,0,兵士,"兵士
「王の前では失礼のないように」{W}",,
23-00-1664-00,23,0,72C084,1664,0,兵士,"兵士
「こちらで武術大会の説明を行ってい
　ます」{W}",,
23-00-1664-01,23,0,72C084,1664,1,兵士,"兵士
「説明を聞きますか？」",,
23-00-16B6-00,23,0,72C084,16B6,0,兵士,"兵士
「天下一武術大会は、ダオス討伐部隊
　を作る目的で開かれています」{W}",,
23-00-16B6-01,23,0,72C084,16B6,1,兵士,"兵士
「大会は勝ち抜き戦、我々が送る魔物
　と戦ってもらいます」{W}",,
23-00-16B6-02,23,0,72C084,16B6,2,兵士,"兵士
「八回連続して勝ち抜くと終了です」{W}",,
23-00-16B6-03,23,0,72C084,16B6,3,兵士,"兵士
「部隊に志願するかどうかは本人の自
　由ですが・・・」{W}",,
23-00-16B6-04,23,0,72C084,16B6,4,兵士,"兵士
「どちらにしても勝ち抜くと賞金がで
　ます」{W}",,
23-00-16B6-05,23,0,72C084,16B6,5,兵士,"兵士
「パーティーは組めません」{W}",,
23-00-16B6-06,23,0,72C084,16B6,6,兵士,"兵士
「参戦できるのは一人のみです」{W}",,
23-00-16B6-07,23,0,72C084,16B6,7,兵士,"兵士
「剣や剣を使った必殺技等の使用は構
　いませんが、魔法は使用禁止です」{W}",,
23-00-16B6-08,23,0,72C084,16B6,8,兵士,"兵士
「また回復アイテム等はこちらで用意
　したもののみ使用可能です」{W}",,
23-00-16B6-09,23,0,72C084,16B6,9,兵士,"兵士
「また、こちらは希望者のみですが・
　・・」{W}",,
23-00-16B6-10,23,0,72C084,16B6,10,兵士,"兵士
「八回連続勝者には、さらに強い魔物
　と戦える権利があります」{W}",,
23-00-16B6-11,23,0,72C084,16B6,11,兵士,"兵士
「その魔物にも勝つと{SPD:10}・・・、{SPD:FF}その後
　はお楽しみです」{W}",,
23-00-16B6-12,23,0,72C084,16B6,12,兵士,"兵士
「受け付けは左手のろうかの奥です」{W}",,
23-00-19A8-00,23,0,72C084,19A8,0,剣士,"剣士
「魔物と戦うのか～」{W}",,
23-00-19A8-01,23,0,72C084,19A8,1,剣士,"剣士
「ちょっといやだな～」{W}",,
23-00-19E4-00,23,0,72C084,19E4,0,剣士,"剣士
「さてと・・・、いっちょ腕試しとい
　くかっ！！」{W}",,
23-00-1A20-00,23,0,72C084,1A20,0,女剣士,"女剣士
「こいつ・・・」{W}",,
23-00-1A20-01,23,0,72C084,1A20,1,女剣士,"女剣士
「さっきから同じ事ばっかり言って戦
　わないんだぜ」{W}",,
23-00-1A7A-00,23,0,72C084,1A7A,0,兵士,"兵士
「目押しを駆使すれば・・・」{W}",,
23-00-1AA0-00,23,0,72C084,1AA0,0,剣士,"剣士
「必殺技がすべて使えればなぁ」{W}",,
23-00-1AA0-01,23,0,72C084,1AA0,1,剣士,"剣士
「聞くところによると・・・」{W}",,
23-00-1AA0-02,23,0,72C084,1AA0,2,剣士,"剣士
「必殺技や奥義を全部だせるアイテム
　があるとかないとか」{W}",,
23-00-1B2E-00,23,0,72C084,1B2E,0,女剣士,"女剣士
「この人、戦う直前になっておなかが
　痛くなったんだって」{W}",,
23-00-1B2E-01,23,0,72C084,1B2E,1,女剣士,"女剣士
「情けない・・・」{W}",,
23-00-1B90-00,23,0,72C084,1B90,0,兵士,"兵士
「収集品の中には・・・」{W}",,
23-00-1B90-01,23,0,72C084,1B90,1,兵士,"兵士
「ひとつに対して複数のアイテムを求
　められる事があるらしいよ」{W}",,
23-00-1B90-02,23,0,72C084,1B90,2,兵士,"兵士
「損か、得か、良く考えないとね」{W}",,
23-00-1C22-00,23,0,72C084,1C22,0,女剣士,"女剣士
「八回連続か・・・、きっつ～」{W}",,
23-00-1C4C-00,23,0,72C084,1C4C,0,魔術師,"魔術師
「ちぇっ、魔法使えないのか」{W}",,
23-00-1C74-00,23,0,72C084,1C74,0,メイド,"メイド
「あらっ、見学者かしら」{W}",,
23-00-1C74-01,23,0,72C084,1C74,1,メイド,"メイド
「お茶でもいかが？」{W}",,
23-00-1CB6-00,23,0,72C084,1CB6,0,メイド,"メイド
「ダオスも前までは、ここまで攻めて
　こなかったのに・・・」{W}",,
23-00-1CB6-01,23,0,72C084,1CB6,1,メイド,"メイド
「数ヶ月前にベネツィアの港が襲われ
　たのよ」{W}",,
23-00-1D36-00,23,0,72C084,1D36,0,メイド,"メイド
「メイドも楽じゃないわ」{W}",,
23-00-1D5A-00,23,0,72C084,1D5A,0,メイド,"メイド
「お掃除、お掃除、ランランラン▽」{W}",,
23-00-1D88-00,23,0,72C084,1D88,0,兵士,"兵士
「ここは王様の部屋です」{W}",,
23-00-1DAA-00,23,0,72C084,1DAA,0,兵士,"兵士
「王様はより国民との交流を望んでお
　られてな」{W}",,
23-00-1DAA-01,23,0,72C084,1DAA,1,兵士,"兵士
「城は、いつでも一般公開しているん
　だ」{W}",,
23-00-1DAA-02,23,0,72C084,1DAA,2,兵士,"兵士
「だから王様の部屋も見学できるとい
　うわけだ」{W}",,
23-00-1DAA-03,23,0,72C084,1DAA,3,兵士,"兵士
「でも、物を盗ったらいかんよ」{W}",,
23-00-1E74-00,23,0,72C084,1E74,0,メイド,"メイド
『私、あの大臣嫌いよ』{W}",,
23-00-1E74-01,23,0,72C084,1E74,1,メイド,"メイド
『口うるさいったらありゃしないの』{W}",,
23-00-1EC2-00,23,0,72C084,1EC2,0,大臣,"大臣
「ここは王の部屋ざんす」{W}",,
23-00-1EC2-01,23,0,72C084,1EC2,1,大臣,"大臣
「汚しちゃいけないざんすよ」{W}",,
23-00-1F08-00,23,0,72C084,1F08,0,男の子,"男の子
「すっげー、たっけぇなー！」{W}",,
23-00-1F30-00,23,0,72C084,1F30,0,女の子,"女の子
「高い、高～い！」{W}",,
23-00-1F4E-00,23,0,72C084,1F4E,0,男の子,"男の子
「うう・・・、怖いよ～・・・」{W}",,
23-00-1F78-00,23,0,72C084,1F78,0,男の子,"男の子
「隣の子、高所恐怖症なんだ」{W}",,
23-00-1FA0-00,23,0,72C084,1FA0,0,女の子,"女の子
「あのね・・・」{W}",,
23-00-1FA0-01,23,0,72C084,1FA0,1,女の子,"女の子
「あたし、カードを集めてるの」{W}",,
23-00-1FA0-02,23,0,72C084,1FA0,2,女の子,"女の子
「{ITEM:18B}が欲しいなぁと、
　思ってるんだけど・・・」{W}",,
23-00-2020-00,23,0,72C084,2020,0,女の子,"女の子
「あっ、持ってるのね」{W}",,
23-00-2020-01,23,0,72C084,2020,1,女の子,"女の子
「ねえ、私の{ITEM:18A}と交換
　して！」",,
23-00-206C-00,23,0,72C084,206C,0,女の子,"女の子
「わーい▽」{W}",,
23-00-2084-00,23,0,72C084,2084,0,,{COL:2}{ITEM:18A}を手に入れました。{COL:0}{W},,
23-00-20A6-00,23,0,72C084,20A6,0,女の子,"女の子
「あれ、{ITEM:18A}・・・
　たくさん持ってるの？」{W}",,
23-00-20A6-01,23,0,72C084,20A6,1,女の子,"女の子
「それじゃ、交換する必要ないわね」{W}",,
23-00-20A6-02,23,0,72C084,20A6,2,女の子,"女の子
「またね▽」{W}",,
23-00-2120-00,23,0,72C084,2120,0,女の子,"女の子
「がっかり・・・」{W}",,
23-00-213E-00,23,0,72C084,213E,0,女の子,"女の子
「あ～あ、{ITEM:18B}」{W}",,
23-00-215A-00,23,0,72C084,215A,0,男の子,"男の子
「海が見える～」{W}",,
23-00-2176-00,23,0,72C084,2176,0,先生,"先生
「私は先生です」{W}",,
23-00-2176-01,23,0,72C084,2176,1,先生,"先生
「今日はクラスの子供たちを連れて社
　会見学なの」{W}",,
23-00-21CA-00,23,0,72C084,21CA,0,男の人,"男の人
「すっげー、たっけぇなー！」{W}",,
23-00-21F2-00,23,0,72C084,21F2,0,メイド,"メイド
「この階は主に応接間として使われて
　いるのよ」{W}",,
23-00-21F2-01,23,0,72C084,21F2,1,メイド,"メイド
「奥には書庫もあるわ」{W}",,
23-00-224E-00,23,0,72C084,224E,0,兵士,"兵士
「ここは王様が集められた本が保管さ
　れています」{W}",,
23-00-224E-01,23,0,72C084,224E,1,兵士,"兵士
「本の閲覧は自由ですよ」{W}",,
23-00-22AA-00,23,0,72C084,22AA,0,兵士,"兵士
「王の前である」{W}",,
23-00-22AA-01,23,0,72C084,22AA,1,兵士,"兵士
「そそうのないように」{W}",,
23-00-22E2-00,23,0,72C084,22E2,0,兵士,"兵士
「眠い・・・」{W}",,
23-00-22FA-00,23,0,72C084,22FA,0,兵士,"兵士
「ダオスの軍隊は、まだここまで来て
　いないが、油断は禁物だ」{W}",,
23-00-2342-00,23,0,72C084,2342,0,兵士,"兵士
「ユークリッド城へようこそ」{W}",,
23-00-2368-00,23,0,72C084,2368,0,兵士,"兵士
「お前、イシュタル伝説って知ってる
　か？」{W}",,
23-00-2368-01,23,0,72C084,2368,1,兵士,"兵士
「女神イシュタルを悪魔ドルアーガか
　ら守るために・・・」{W}",,
23-00-2368-02,23,0,72C084,2368,2,兵士,"兵士
「ギルとカイが立ち上がり、悪魔を見
　事倒すという伝説だ」{W}",,
23-00-2368-03,23,0,72C084,2368,3,兵士,"兵士
「しかし果たして伝説と言えるのかど
　うか・・・？」{W}",,
23-00-2368-04,23,0,72C084,2368,4,兵士,"兵士
「実際、この世界には・・・」{W}",,
23-00-2368-05,23,0,72C084,2368,5,兵士,"兵士
「その伝説に出てきた十種のアイテム
　が存在しているんだ」{W}",,
23-00-2368-06,23,0,72C084,2368,6,兵士,"兵士
「ジェットブーツはその内の一つとい
　う話だ」{W}",,
23-00-24FA-00,23,0,72C084,24FA,0,兵士,"兵士
「オレも大会見たいな～」{W}",,
23-00-251C-00,23,0,72C084,251C,0,ユークリッド王,"ユークリッド王
「ゆっくりしていくといい」{W}",,
23-00-254A-00,23,0,72C084,254A,0,王妃,"王妃
「そなたたちの勇気に敬意を払い、勇
　者と呼ばせてもらいます」{W}",,
23-00-254A-01,23,0,72C084,254A,1,王妃,"王妃
「勇者殿、どうかこの世界を救って下
　さい」{W}",,
23-00-25C6-00,23,0,72C084,25C6,0,兵士,"兵士
「君も大会に出場するのか？」{W}",,
23-00-25EC-00,23,0,72C084,25EC,0,兵士,"兵士
「大会の受け付けはこちらです」{W}",,
23-00-25EC-01,23,0,72C084,25EC,1,兵士,"兵士
「挑戦しますか？」",,
23-00-262C-00,23,0,72C084,262C,0,兵士,"兵士
「君の挑戦を待ってるよ」{W}",,
23-00-264E-00,23,0,72C084,264E,0,兵士,"兵士
「本当によろしいですか？」",,
23-00-2670-00,23,0,72C084,2670,0,兵士,"兵士
「君の挑戦を待ってるよ」{W}",,
23-00-2692-00,23,0,72C084,2692,0,兵士,"兵士
「では、回復アイテムを一時預かりま
　す」{W}",,
23-00-2692-01,23,0,72C084,2692,1,兵士,"兵士
「また、公平を規す為に・・・」{W}",,
23-00-2692-02,23,0,72C084,2692,2,兵士,"兵士
「回復アイテムは、こちらで用意した
　ものを使用して頂きます」{W}",,
23-00-2692-03,23,0,72C084,2692,3,兵士,"兵士
「では、御武運を」{W}",,
23-00-274C-00,23,0,72C084,274C,0,チェスター,"{N5}
「{N1}、がんばれよ！」{W}",,
23-00-274C-01,23,0,72C084,274C,1,ミント,"{N2}
「無理はしないで下さいね」{W}",,
23-00-274C-02,23,0,72C084,274C,2,クラース,"{N4}
「自分の力を試すいい機会だ」{W}",,
23-00-274C-03,23,0,72C084,274C,3,アーチェ,"{N3}
「がんばってね▽」{W}",,
23-00-274C-04,23,0,72C084,274C,4,クレス,"{N1}
「ああ！」{W}",,
23-00-27DE-00,23,0,72C084,27DE,0,兵士,"兵士
「会場はこの扉の奥です」{W}",,
23-00-2800-00,23,0,72C084,2800,0,兵士,"兵士
「がんばりたまえ」{W}",,
23-00-281C-00,23,0,72C084,281C,0,黒鎧騎士団,"黒鎧騎士団
「今、魔物討伐の遠征で城の兵士のほ
　とんど出払っているんだ」{W}",,
23-00-286A-00,23,0,72C084,286A,0,黒鎧騎士団,"黒鎧騎士団
「我々はユークリッド黒鎧騎士団だ」{W}",,
23-00-289C-00,23,0,72C084,289C,0,黒鎧騎士団,"黒鎧騎士団
「この騎士団の入団テストは世界一厳
　しい」{W}",,
23-00-289C-01,23,0,72C084,289C,1,黒鎧騎士団,"黒鎧騎士団
「まさにエリート中のエリートの集団
　だ」{W}",,
23-00-2910-00,23,0,72C084,2910,0,黒鎧騎士団,"黒鎧騎士団
「今の騎士団の中にはリーダーとなれ
　る者がいない」{W}",,
23-00-2910-01,23,0,72C084,2910,1,黒鎧騎士団,"黒鎧騎士団
「昔は、マルス殿やミゲール殿といっ
　た、剛剣使いがいたのだが・・・」{W}",,
23-00-29A8-00,23,0,72C084,29A8,0,ハリソン,"ハリソン
「ここが魔科学研究所です」{W}",,
23-00-29D0-00,23,0,72C084,29D0,0,ミント,"{N2}
「{N1}さん・・・、
　大丈夫ですか？」{W}",,
23-00-29D0-01,23,0,72C084,29D0,1,クレス,"{N1}
「ここは・・・？」{W}",,
23-00-29D0-02,23,0,72C084,29D0,2,クラース,"{N4}
「ユークリッド城の医務室だ」{W}",,
23-00-29D0-03,23,0,72C084,29D0,3,クラース,"{N4}
「残念だったな、武術大会」{W}",,
23-00-29D0-04,23,0,72C084,29D0,4,チェスター,"{N5}
「まっ、次があるさ」{W}",,
23-00-29D0-05,23,0,72C084,29D0,5,チェスター,"{N5}
「何度でも挑戦できるんだから」{W}",,
23-00-29D0-06,23,0,72C084,29D0,6,クラース,"{N4}
「起きられるか？」{W}",,
23-00-29D0-07,23,0,72C084,29D0,7,クレス,"{N1}
「ああ・・・、大丈夫だ」{W}",,
23-00-2ADC-00,23,0,72C084,2ADC,0,ユークリッド王,"ユークリッド王
「武術大会での戦いぶり、非常にすば
　らしいものであった」{W}",,
23-00-2ADC-01,23,0,72C084,2ADC,1,クレス,"{N1}
「ありがとうございます」{W}",,
23-00-2B4A-00,23,0,72C084,2B4A,0,ユークリッド王,"ユークリッド王
「しかし、本当に残念じゃ」{W}",,
23-00-2B4A-01,23,0,72C084,2B4A,1,ユークリッド王,"ユークリッド王
「おぬしらのような勇者が・・・」{W}",,
23-00-2B4A-02,23,0,72C084,2B4A,2,ユークリッド王,"ユークリッド王
「我が国のダオス討伐隊に入隊してく
　れれば・・・」{W}",,
23-00-2B4A-03,23,0,72C084,2B4A,3,クレス,"{N1}
「申し訳ありません」{W}",,
23-00-2B4A-04,23,0,72C084,2B4A,4,ユークリッド王,"ユークリッド王
「まあよい・・・」{W}",,
23-00-2C30-00,23,0,72C084,2C30,0,ユークリッド王,"ユークリッド王
「では、おぬしたちにぜひ頼みたいこ
　とがある」{W}",,
23-00-2C30-01,23,0,72C084,2C30,1,ユークリッド王,"ユークリッド王
「武術大会は単に強さを誇示するため
　のものではない・・・」{W}",,
23-00-2C30-02,23,0,72C084,2C30,2,ユークリッド王,"ユークリッド王
「実は、ダオスを倒すための特別討伐
　部隊・・・」{W}",,
23-00-2C30-03,23,0,72C084,2C30,3,ユークリッド王,"ユークリッド王
「『ダオス討伐隊』の隊員を見つける
　ためのものなんじゃ」{W}",,
23-00-2C30-04,23,0,72C084,2C30,4,ユークリッド王,"ユークリッド王
「ぜひ、おぬしたちに入隊してもらい
　たい」{W}",,
23-00-2C30-05,23,0,72C084,2C30,5,ユークリッド王,"ユークリッド王
「どうじゃ？」{W}",,
23-00-2C30-06,23,0,72C084,2C30,6,クレス,"{N1}
「えっ、いや、それは・・・」{W}",,
23-00-2C30-07,23,0,72C084,2C30,7,クラース,"{N4}
「王様、大変申し訳ありませんが・・
　・」{W}",,
23-00-2C30-08,23,0,72C084,2C30,8,クラース,"{N4}
「我々は我々でダオス討伐を、と考え
　ています」{W}",,
23-00-2C30-09,23,0,72C084,2C30,9,クラース,"{N4}
「なんと言ったらいいか・・・」{W}",,
23-00-2C30-10,23,0,72C084,2C30,10,クラース,"{N4}
「ダオスとは時を越えた因縁みたいな
　ものを感じるのです」{W}",,
23-00-2C30-11,23,0,72C084,2C30,11,ユークリッド王,"ユークリッド王
「{SPD:10}・・・・・・{SPD:FF}ふむ、そうか」{W}",,
23-00-2C30-12,23,0,72C084,2C30,12,ユークリッド王,"ユークリッド王
「無理にとは言わぬ」{W}",,
23-00-2F02-00,23,0,72C084,2F02,0,ユークリッド王,"ユークリッド王
「では、褒賞を与えよう」{W}",,
23-00-2F02-01,23,0,72C084,2F02,1,ユークリッド王,"ユークリッド王
「ぜひ受け取ってくれ」{W}",,
23-00-2F56-00,23,0,72C084,2F56,0,王妃,"王妃
「これからの旅に役立てなさい」{W}",,
23-00-2F56-01,23,0,72C084,2F56,1,クレス,"{N1}
「ありがとうございます」{W}",,
23-00-2F9E-00,23,0,72C084,2F9E,0,クレス,"{N1}
「これは・・・、奥義書！！」{W}",,
23-00-2FC4-00,23,0,72C084,2FC4,0,,"{COL:3}{N1}は
獅子吼破斬を覚えました。{COL:2}{W}",,
23-00-2FF0-00,23,0,72C084,2FF0,0,,{COL:3}特産品セットを手に入れました。{W},,
23-00-2FF0-01,23,0,72C084,2FF0,1,,{COL:2},,
23-00-301A-00,23,0,72C084,301A,0,,{COL:3}お守りセットを手に入れました。{W},,
23-00-301A-01,23,0,72C084,301A,1,,{COL:2},,
23-00-3044-00,23,0,72C084,3044,0,,{COL:3}お肉セットを手に入れました。{W},,
23-00-3044-01,23,0,72C084,3044,1,,{COL:2},,
23-00-306C-00,23,0,72C084,306C,0,,{COL:3}薬草セットを手に入れました。{W},,
23-00-306C-01,23,0,72C084,306C,1,,{COL:2},,
23-00-3094-00,23,0,72C084,3094,0,,{COL:3}ボトルセットを手に入れました。{W},,
23-00-3094-01,23,0,72C084,3094,1,,{COL:2},,
23-00-30BE-00,23,0,72C084,30BE,0,,{COL:3}マジカルアイテムセットを手に入れました。{W},,
23-00-30BE-01,23,0,72C084,30BE,1,,{COL:2},,
23-00-30F2-00,23,0,72C084,30F2,0,,{COL:3}魔法使い系スターアイテムセットを手に入れました。{W},,
23-00-30F2-01,23,0,72C084,30F2,1,,{COL:2},,
23-00-312E-00,23,0,72C084,312E,0,,{COL:3}戦士系スターアイテムセットを手に入れました。{W},,
23-00-312E-01,23,0,72C084,312E,1,,{COL:2},,
23-00-3166-00,23,0,72C084,3166,0,,{COL:3}グミセットを手に入れました。{W},,
23-00-3166-01,23,0,72C084,3166,1,,{COL:2},,
23-00-318E-00,23,0,72C084,318E,0,,{COL:3}３００００ガルド手に入れました。{W},,
23-00-318E-01,23,0,72C084,318E,1,,{COL:2},,
23-00-31BA-00,23,0,72C084,31BA,0,ユークリッド王,"ユークリッド王
「ダオス討伐の旅の無事を祈っている
　ぞ」{W}",,
23-00-31F8-00,23,0,72C084,31F8,0,料理人,"料理人
「ステーキ作ってるかい？」{W}",,
23-00-321E-00,23,0,72C084,321E,0,料理人,"料理人
「私は『すばらしき味の世界』の住人
　だ」{W}",,
23-00-321E-01,23,0,72C084,321E,1,料理人,"料理人
「この味をより多くの人に伝えたい」{W}",,
23-00-321E-02,23,0,72C084,321E,2,料理人,"料理人
「君も私の世界に触れてみないか？」",,
23-00-32AA-00,23,0,72C084,32AA,0,料理人,"料理人
「この料理を伝授しよう！」{W}",,
23-00-32D0-00,23,0,72C084,32D0,0,,"{COL:2}ステーキを料理できるようになりまし
た。{W}",,
23-00-32D0-01,23,0,72C084,32D0,1,,{COL:0},,
23-00-3304-00,23,0,72C084,3304,0,料理人,"料理人
「おお、なんということだ！」{W}",,
23-00-332C-00,23,0,72C084,332C,0,クラース,"{N4}
「こっ{SPD:10}・・・、{SPD:FF}ここがあのユークリッ
　ドだというのか？」{W}",,
23-00-332C-01,23,0,72C084,332C,1,クラース,"{N4}
「さすがに、私のいた時代とは違って
　いるのだな・・・」{W}",,
23-00-33B6-00,23,0,72C084,33B6,0,クレス,"{N1}
「ぼくらの時代では、すでにこんな感
　じでしたよ」{W}",,
23-00-33F2-00,23,0,72C084,33F2,0,クラース,"{N4}
「そうか{SPD:10}・・・{SPD:FF}」{W}",,
23-00-3414-00,23,0,72C084,3414,0,メイ,"メイ
「もう、迷子にならないからね」{W}",,
23-00-3414-01,23,0,72C084,3414,1,ミント,"{N2}
「気を付けるのよ」{W}",,
23-00-3414-02,23,0,72C084,3414,2,メイ,"メイ
「うん」{W}",,
23-00-3466-00,23,0,72C084,3466,0,女の子,"女の子
「おかーさーん、どこー」{W}",,
23-00-348A-00,23,0,72C084,348A,0,ミント,"{N2}
「{N1}さん」{W}",,
23-00-348A-01,23,0,72C084,348A,1,ミント,"{N2}
「この子、迷子のようです」{W}",,
23-00-348A-02,23,0,72C084,348A,2,ミント,"{N2}
「助けてあげましょう！」",,
23-00-34E0-00,23,0,72C084,34E0,0,クレス,"{N1}
「そうだね」{W}",,
23-00-34F6-00,23,0,72C084,34F6,0,ミント,"{N2}
「どうしたの？」{W}",,
23-00-34F6-01,23,0,72C084,34F6,1,女の子,"女の子
「ママがいないの」{W}",,
23-00-34F6-02,23,0,72C084,34F6,2,女の子,"女の子
「うわーん、ママーッ！」{W}",,
23-00-354E-00,23,0,72C084,354E,0,クレス,"{N1}
「困ったな・・・」{W}",,
23-00-356A-00,23,0,72C084,356A,0,ミント,"{N2}
「ねえ、あなたのお名前は？」{W}",,
23-00-356A-01,23,0,72C084,356A,1,女の子,"女の子
「・・・メイ」{W}",,
23-00-356A-02,23,0,72C084,356A,2,ミント,"{N2}
「メイちゃん」{W}",,
23-00-356A-03,23,0,72C084,356A,3,ミント,"{N2}
「私たちがお母さんのところまで連れ
　ていってあげようか？」{W}",,
23-00-356A-04,23,0,72C084,356A,4,メイ,"メイ
「・・・うん」{W}",,
23-00-356A-05,23,0,72C084,356A,5,ミント,"{N2}
「じゃあメイちゃん、私たちの後につ
　いてきてね」{W}",,
23-00-3652-00,23,0,72C084,3652,0,クレス,"{N1}
「でも、時間がないし・・・」{W}",,
23-00-3652-01,23,0,72C084,3652,1,ミント,"{N2}
「そうですか・・・」{W}",,
23-00-3694-00,23,0,72C084,3694,0,メイ,"メイ
「・・・ママ」{W}",,
23-00-36AC-00,23,0,72C084,36AC,0,メイ,"メイ
「うわーん！」{W}",,
23-00-36AC-01,23,0,72C084,36AC,1,メイ,"メイ
「おいてかないでよー！」{W}",,
23-00-36E4-00,23,0,72C084,36E4,0,クレス,"{N1}
「ご、ゴメンね・・・」{W}",,
23-00-3704-00,23,0,72C084,3704,0,お母さん,"お母さん
「ありがとうございました」{W}",,
23-00-372C-00,23,0,72C084,372C,0,女の人,"女の人
「すみません、娘とはぐれてしまった
　んです」{W}",,
23-00-372C-01,23,0,72C084,372C,1,女の人,"女の人
「心当たりはございませんか？」{W}",,
23-00-378E-00,23,0,72C084,378E,0,メイ,"メイ
「あっ、ママ！！」{W}",,
23-00-37AA-00,23,0,72C084,37AA,0,メイ,"メイ
「うわーーーん！」{W}",,
23-00-37AA-01,23,0,72C084,37AA,1,メイ,"メイ
「おいてかないでーっ！！」{W}",,
23-00-37AA-02,23,0,72C084,37AA,2,メイ,"メイ
「うわーーーん！！」{W}",,
23-00-37AA-03,23,0,72C084,37AA,3,メイ,"メイ
「ママーーッ！！」{W}",,
23-00-381E-00,23,0,72C084,381E,0,お母さん,"お母さん
「メイ！」{W}",,
23-00-381E-01,23,0,72C084,381E,1,メイ,"メイ
「ママー！」{W}",,
23-00-381E-02,23,0,72C084,381E,2,お母さん,"お母さん
「まったく・・・、離れないようにっ
　て言ったじゃない」{W}",,
23-00-381E-03,23,0,72C084,381E,3,メイ,"メイ
「ごめんなさい」{W}",,
23-00-38A6-00,23,0,72C084,38A6,0,お母さん,"お母さん
「本当に、うちの娘がご迷惑をおかけ
　しました」{W}",,
23-00-38A6-01,23,0,72C084,38A6,1,ミント,"{N2}
「いえ・・・」{W}",,
23-00-38A6-02,23,0,72C084,38A6,2,メイ,"メイ
「お姉ちゃん、ありがとね」{W}",,
23-00-38A6-03,23,0,72C084,38A6,3,お母さん,"お母さん
「これは、気持ちばかりのお礼です」{W}",,
23-00-38A6-04,23,0,72C084,38A6,4,お母さん,"お母さん
「どうか受け取ってください」{W}",,
23-00-3972-00,23,0,72C084,3972,0,,メンタルリングを手に入れました。{W},,
23-00-3996-00,23,0,72C084,3996,0,,ティーカップを手に入れました。{W},,
23-00-39B8-00,23,0,72C084,39B8,0,,エリクシールを手に入れました。{W},,
23-00-39DA-00,23,0,72C084,39DA,0,,グミセットを手に入れました。{W},,
23-00-39FA-00,23,0,72C084,39FA,0,,アップルグミを手に入れました。{W},,
23-00-3A1C-00,23,0,72C084,3A1C,0,お母さん,"お母さん
「ありがとうございました」{W}",,
23-00-3A44-00,23,0,72C084,3A44,0,すず,"{N6}
「母上・・・」{W}",,
23-00-3A5C-00,23,0,72C084,3A5C,0,クレス,"{N1}
「{N6}ちゃん・・・？」{W}",,
23-00-3A5C-01,23,0,72C084,3A5C,1,すず,"{N6}
「な、なんでもありません」{W}",,
23-00-3A5C-02,23,0,72C084,3A5C,2,すず,"{N6}
「・・・行きましょう」{W}",,
23-00-3ABC-00,23,0,72C084,3ABC,0,,"{N6}は『{TITLE:1F5}』の称号を
得ました。{W}",,
24-00-0000-00,24,0,732054,0000,0,,ベネツィア市,,
24-00-000E-00,24,0,732054,000E,0,,ベネツィア港,,
24-00-001C-00,24,0,732054,001C,0,船長,"船長
「金さえくれればどこへでも連れてく
　から」{W}",,
24-00-001C-01,24,0,732054,001C,1,船長,"船長
「これからもよろしく！」{W}",,
24-00-0072-00,24,0,732054,0072,0,,ベネツィア港,,
24-00-0080-00,24,0,732054,0080,0,,張り紙がある。{W},,
24-00-0080-01,24,0,732054,0080,1,,"『魔物増加のため、出港を見合わせて
　います。御了承下さい』　　　　　　　ベネツィア船舶委員会{W}",,
24-00-0080-02,24,0,732054,0080,2,,と書かれている。{W},,
24-00-0104-00,24,0,732054,0104,0,町の人,"町の人
「ユークリッド国ではほとんどの人が
　・・・」{W}",,
24-00-0104-01,24,0,732054,0104,1,町の人,"町の人
「ユグドラシルを神として崇めている
　んだ」{W}",,
24-00-0104-02,24,0,732054,0104,2,町の人,"町の人
「大地の精霊であるユグドラシルが、
　世界を守ってるんだって」{W}",,
24-00-01BC-00,24,0,732054,01BC,0,町の人,"町の人
「でっかい港町でしょ？」{W}",,
24-00-01BC-01,24,0,732054,01BC,1,町の人,"町の人
「いろんな人がいて、いろんな出会い
　がある{SPD:10}、{SPD:FF}そういう町なの」{W}",,
24-00-0230-00,24,0,732054,0230,0,男の子,"男の子
「ぼくも魔法が使えたらな～」{W}",,
24-00-0230-01,24,0,732054,0230,1,男の子,"男の子
「エルフじゃないから無理だけど{SPD:10}・・
　・{SPD:FF}」{W}",,
24-00-0294-00,24,0,732054,0294,0,町の人,"町の人
「この世界のどこかに、エルフの集落
　ってのがあるらしいよ」{W}",,
24-00-0294-01,24,0,732054,0294,1,町の人,"町の人
「どこにあるんだろ？」{W}",,
24-00-02FC-00,24,0,732054,02FC,0,おじいさん,"おじいさん
「昔は、この町にもエルフがたくさん
　いたんじゃがのぅ」{W}",,
24-00-0344-00,24,0,732054,0344,0,おばあさん,"おばあさん
「いい天気ね」{W}",,
24-00-0362-00,24,0,732054,0362,0,町の人,"町の人
「いや～、海だねぇ～」{W}",,
24-00-0362-01,24,0,732054,0362,1,町の人,"町の人
「こう・・・、なんて言うか、ロマン
　を感じるねぇ～」{W}",,
24-00-03C4-00,24,0,732054,03C4,0,船乗り,"船乗り
「最近ヒマでしょうがないな」{W}",,
24-00-03EC-00,24,0,732054,03EC,0,船乗り,"船乗り
「これは、アルヴァニスタへの定期船
　だ」{W}",,
24-00-03EC-01,24,0,732054,03EC,1,船乗り,"船乗り
「いつ出るかって？」{W}",,
24-00-03EC-02,24,0,732054,03EC,2,船乗り,"船乗り
「船長に聞いてくれ」{W}",,
24-00-045E-00,24,0,732054,045E,0,船乗り,"船乗り
「最近物騒だから、荷物運びの依頼も
　めっきり減ってしまった」{W}",,
24-00-045E-01,24,0,732054,045E,1,船乗り,"船乗り
「まったく・・・」{W}",,
24-00-04C4-00,24,0,732054,04C4,0,船乗り,"船乗り
「ああ、これはミッドガルズ国への定
　期船だったんだけど」{W}",,
24-00-04C4-01,24,0,732054,04C4,1,船乗り,"船乗り
「戦争で入れなくなってね」{W}",,
24-00-04C4-02,24,0,732054,04C4,2,船乗り,"船乗り
「仕事がなくて、困ってるところさ」{W}",,
24-00-055A-00,24,0,732054,055A,0,船乗り,"船乗り
「なあ、ひょっとしてお前ら、どこか
　に行きたいのか？」{W}",,
24-00-055A-01,24,0,732054,055A,1,船乗り,"船乗り
「船長に頼めば何とかなるんじゃない
　か？」{W}",,
24-00-055A-02,24,0,732054,055A,2,船乗り,"船乗り
「・・・ヒマだから」{W}",,
24-00-05F2-00,24,0,732054,05F2,0,ナンシー,"ナンシー
「彼・・・、本当に来てくれるかしら
　・・・？」{W}",,
24-00-05F2-01,24,0,732054,05F2,1,クレス,"{N1}
「来てくれるって！」{W}",,
24-00-05F2-02,24,0,732054,05F2,2,クレス,"{N1}
「・・・ほらっ、来たよ」{W}",,
24-00-066C-00,24,0,732054,066C,0,エルウィン,"エルウィン
「あなたが{SPD:10}・・・{SPD:FF}ナンシーさん？」{W}",,
24-00-066C-01,24,0,732054,066C,1,ナンシー,"ナンシー
「はい{SPD:10}・・・{SPD:FF}」{W}",,
24-00-066C-02,24,0,732054,066C,2,ミント,"{N2}
『さっ、私たちはもう行きましょう』{W}",,
24-00-066C-03,24,0,732054,066C,3,クレス,"{N1}
『そうだね』{W}",,
24-00-0704-00,24,0,732054,0704,0,ナンシー,"ナンシー
「あの{SPD:10}、{SPD:FF}その{SPD:10}・・・{SPD:FF}」{W}",,
24-00-0736-00,24,0,732054,0736,0,ナンシー,"ナンシー
「私、どうしたら・・・」{W}",,
24-00-075C-00,24,0,732054,075C,0,エルウィン,"エルウィン
「ありがとう」{W}",,
24-00-075C-01,24,0,732054,075C,1,エルウィン,"エルウィン
「こんなステキな人なら、もっと早く
　会うべきだったよ」{W}",,
24-00-07C0-00,24,0,732054,07C0,0,エルウィン,"エルウィン
「ぼくは、一体どうしたらいいんだ・
　・・？」{W}",,
24-00-07C0-01,24,0,732054,07C0,1,,{COL:3}エルウィンを励ましますか？{COL:2},,
24-00-0820-00,24,0,732054,0820,0,クレス,"{N1}
「エルウィン・・・、元気出してくれ
　よ」{W}",,
24-00-0820-01,24,0,732054,0820,1,エルウィン,"エルウィン
「しかし、父さんは許してくれそうに
　ないし・・・」{W}",,
24-00-0820-02,24,0,732054,0820,2,クラース,"{N4}
「まぁ、駆け落ちするのが一番いいか
　もな」{W}",,
24-00-0820-03,24,0,732054,0820,3,ミント,"{N2}
「{N4}さんッ！！」{W}",,
24-00-0820-04,24,0,732054,0820,4,ミント,"{N2}
「なんてことを・・・！」{W}",,
24-00-0820-05,24,0,732054,0820,5,エルウィン,"エルウィン
「いや、その人の言うとおりかもしれ
　ない」{W}",,
24-00-0820-06,24,0,732054,0820,6,ミント,"{N2}
「でも・・・」{W}",,
24-00-0954-00,24,0,732054,0954,0,クラース,"{N4}
「まっ、彼ならうまくやっていけるん
　じゃないかな」{W}",,
24-00-0954-01,24,0,732054,0954,1,クレス,"{N1}
「そういうもんなの？」{W}",,
24-00-0954-02,24,0,732054,0954,2,クラース,"{N4}
「男と女の関係なんてそんなものさ」{W}",,
24-00-0954-03,24,0,732054,0954,3,クラース,"{N4}
「お前たちも、もうちょっと大きくな
　ればわかるって」{W}",,
24-00-0A18-00,24,0,732054,0A18,0,船乗り,"船乗り
「おか～さ～ん！」{W}",,
24-00-0A36-00,24,0,732054,0A36,0,船乗り,"船乗り
「早くダオスをなんとかしないと・・
　・」{W}",,
24-00-0A6C-00,24,0,732054,0A6C,0,船乗り,"船乗り
「アルヴァニスタ行き定期船は出港で
　きねぇんだ」{W}",,
24-00-0A6C-01,24,0,732054,0A6C,1,船乗り,"船乗り
「ベネツィア船舶委員会がさ」{W}",,
24-00-0A6C-02,24,0,732054,0A6C,2,船乗り,"船乗り
「いっさいの船の操業をストップしち
　まってね」{W}",,
24-00-0A6C-03,24,0,732054,0A6C,3,船乗り,"船乗り
「困ったもんだぜ」{W}",,
24-00-0B26-00,24,0,732054,0B26,0,船乗り,"船乗り
「掃除だけはせなあかん・・・」{W}",,
24-00-0B50-00,24,0,732054,0B50,0,町の人,"町の人
「この世界のどこかに闇に覆われた大
　陸があるらしいよ」{W}",,
24-00-0B50-01,24,0,732054,0B50,1,町の人,"町の人
「これもダオスの仕業かな？」{W}",,
24-00-0BBA-00,24,0,732054,0BBA,0,女の人,"女の人
「ああ・・・、私ってなんて美人なの
　かしら」{W}",,
24-00-0BBA-01,24,0,732054,0BBA,1,女の人,"女の人
「水鏡にうつすたびにほれぼれしちゃ
　うわ・・・」{W}",,
24-00-0BBA-02,24,0,732054,0BBA,2,クレス,"{N1}
（なんかすごいナルシスト・・・）{W}",,
24-00-0C58-00,24,0,732054,0C58,0,男の子,"男の子
「うわさだけど、どっかの森に隠れ里
　があるらしいよ」{W}",,
24-00-0C58-01,24,0,732054,0C58,1,男の子,"男の子
「どんな人たちが住んでいるんだろう
　ね？」{W}",,
24-00-0CD0-00,24,0,732054,0CD0,0,町の人,"町の人
「アルヴァニスタや水鏡ユミルの近く
　では・・・」{W}",,
24-00-0CD0-01,24,0,732054,0CD0,1,町の人,"町の人
「剣士や魔術師が修行をしているらし
　いよ」{W}",,
24-00-0D44-00,24,0,732054,0D44,0,女の子,"女の子
「学校サボっちゃった」{W}",,
24-00-0D44-01,24,0,732054,0D44,1,女の子,"女の子
「よい子のみんなは真似しちゃダメだ
　よ」{W}",,
24-00-0D9A-00,24,0,732054,0D9A,0,,船長「あ～あ、退屈・・・」{W},,
24-00-0DB8-00,24,0,732054,0DB8,0,船長,"船長
「なんだ？」{W}",,
24-00-0DB8-01,24,0,732054,0DB8,1,船長,"船長
「何か用か？」{W}",,
24-00-0DB8-02,24,0,732054,0DB8,2,船長,"船長
「用がないならさっさと船から出て行
　け！」{W}",,
24-00-0E18-00,24,0,732054,0E18,0,船長,"船長
「なんだ？」{W}",,
24-00-0E18-01,24,0,732054,0E18,1,船長,"船長
「何か用か？」{W}",,
24-00-0E18-02,24,0,732054,0E18,2,船長,"船長
「用がないならさっさと船から出て行
　け！」{W}",,
24-00-0E18-03,24,0,732054,0E18,3,クレス,"{N1}
「この船で連れて行ってほしいのです
　が・・・」{W}",,
24-00-0E18-04,24,0,732054,0E18,4,船長,"船長
「あっ、客か、こりゃ失礼・・・」{W}",,
24-00-0ED8-00,24,0,732054,0ED8,0,船長,"船長
「あっ、あんたらは・・・」{W}",,
24-00-0EFC-00,24,0,732054,0EFC,0,船長,"船長
「・・・で、どちらまで？」{W}",,
24-00-0F20-00,24,0,732054,0F20,0,,"１．デミテルの住んでる島
２．北海の孤島",,
24-00-0F4A-00,24,0,732054,0F4A,0,,"１．デミテルの住んでる島
２．北海の孤島
３．トールの海上位置",,
24-00-0F8A-00,24,0,732054,0F8A,0,クラース,"{N4}
「西の孤島までお願いしたい」{W}",,
24-00-0F8A-01,24,0,732054,0F8A,1,船長,"船長
「西の孤島？」{W}",,
24-00-0F8A-02,24,0,732054,0F8A,2,船長,"船長
「あの、デミテルが住んでるっていう
　ウワサの島か」{W}",,
24-00-1002-00,24,0,732054,1002,0,船長,"船長
「料金は片道運賃、食費、保険料を含
　めて一人{VAR:E54A80}ガルド」{W}",,
24-00-1002-01,24,0,732054,1002,1,船長,"船長
「全員で{VAR:E54C80}ガルドになるぜ」{W}",,
24-00-1002-02,24,0,732054,1002,2,船長,"船長
「行くかい？」",,
24-00-1080-00,24,0,732054,1080,0,船長,"船長
「料金は往復運賃、食費、保険料を含
　めて一人{VAR:E54A80}ガルド」{W}",,
24-00-1080-01,24,0,732054,1080,1,船長,"船長
「全員で{VAR:E54C80}ガルドになるぜ」{W}",,
24-00-1080-02,24,0,732054,1080,2,船長,"船長
「行くかい？」",,
24-00-10FE-00,24,0,732054,10FE,0,船長,"船長
「お金が足りなきゃどうしようもねぇ
　な」{W}",,
24-00-1132-00,24,0,732054,1132,0,クラース,"{N4}
「おいおい、まだユグドラシルを復活
　させてないぞ」{W}",,
24-00-1170-00,24,0,732054,1170,0,ミント,"{N2}
「{N1}さん」{W}",,
24-00-1170-01,24,0,732054,1170,1,ミント,"{N2}
「{N3}さんも
　連れて行かないと・・・」{W}",,
24-00-11B6-00,24,0,732054,11B6,0,船長,"船長
「では出港！」{W}",,
24-00-11CE-00,24,0,732054,11CE,0,船長,"船長
「またいつでも来てくれ」{W}",,
24-00-11CE-01,24,0,732054,11CE,1,船長,"船長
「・・・どうせヒマだから」{W}",,
24-00-1212-00,24,0,732054,1212,0,船長,"船長
「またいつでも来てくれ」{W}",,
24-00-1212-01,24,0,732054,1212,1,船長,"船長
「・・・どうせヒマだから」{W}",,
24-00-1256-00,24,0,732054,1256,0,船長,"船長
「船は出ないよ」{W}",,
24-00-1256-01,24,0,732054,1256,1,船長,"船長
「こんな時に出港するやつの顔を見て
　みたいよ」{W}",,
24-00-12A8-00,24,0,732054,12A8,0,船長,"船長
「やあ、あんたらか」{W}",,
24-00-12A8-01,24,0,732054,12A8,1,船長,"船長
「これはアルヴァニスタ行きの船だ」{W}",,
24-00-12F0-00,24,0,732054,12F0,0,クレス,"{N1}
「船長、いったい船はいつ出るんです
　か？」{W}",,
24-00-12F0-01,24,0,732054,12F0,1,船長,"船長
「そんなこと言われてもねぇ」{W}",,
24-00-12F0-02,24,0,732054,12F0,2,船長,"船長
「アルヴァニスタだっていつダオスに
　襲われても不思議じゃないんだよ」{W}",,
24-00-12F0-03,24,0,732054,12F0,3,船長,"船長
「そんな危険な所には行けないよ」{W}",,
24-00-12F0-04,24,0,732054,12F0,4,船長,"船長
「あ～あ、どうしよう・・・」{W}",,
24-00-13E4-00,24,0,732054,13E4,0,クレス,"{N1}
「{N3}？」{W}",,
24-00-13E4-01,24,0,732054,13E4,1,アーチェ,"{N3}
「ねぇ、船長さん▽」{W}",,
24-00-13E4-02,24,0,732054,13E4,2,アーチェ,"{N3}
「{N3}のお願い・・・」{W}",,
24-00-13E4-03,24,0,732054,13E4,3,アーチェ,"{N3}
「聞いてくれないかなぁ」{W}",,
24-00-13E4-04,24,0,732054,13E4,4,アーチェ,"{N3}
「もし聞いてくれたら、後でいいこと
　してあ{SPD:10}・{SPD:FF}げ{SPD:10}・{SPD:FF}る▽」{W}",,
24-00-13E4-05,24,0,732054,13E4,5,船長,"船長
「{SPD:10}・・・・・・・・・{SPD:FF}」{W}",,
24-00-14C8-00,24,0,732054,14C8,0,船長,"船長
「前にもそのセリフ聞かなかったか・
　・・？」{W}",,
24-00-14C8-01,24,0,732054,14C8,1,船長,"船長
「まあ、あんたらがいるなら多少の危
　険も大丈夫だろ」{W}",,
24-00-153E-00,24,0,732054,153E,0,船長,"船長
「・・・子供にそんなこと言われても
　ねぇ」{W}",,
24-00-153E-01,24,0,732054,153E,1,アーチェ,"{N3}
「あーっ、ひっどーい！！」{W}",,
24-00-153E-02,24,0,732054,153E,2,クラース,"{N4}
「船長、金は出すから・・・」{W}",,
24-00-153E-03,24,0,732054,153E,3,クラース,"{N4}
「アルヴァニスタへ頼むッ！！」{W}",,
24-00-153E-04,24,0,732054,153E,4,船長,"船長
「{SPD:10}・・・・・・{SPD:FF}わかったよ」{W}",,
24-00-160A-00,24,0,732054,160A,0,,{COL:2}{SPD:2}{N3}は『{TITLE:1B7}』の称号を得ました。{COL:0},,
24-00-1638-00,24,0,732054,1638,0,船長,"船長
「料金は運賃、食費、保険料を含めて
　一人{VAR:E54A80}ガルド」{W}",,
24-00-1638-01,24,0,732054,1638,1,船長,"船長
「全員で{VAR:E54C80}ガルドになるぜ」{W}",,
24-00-1638-02,24,0,732054,1638,2,船長,"船長
「行くか？」",,
24-00-16B0-00,24,0,732054,16B0,0,船長,"船長
「お金がなきゃどうしようもないよ」{W}",,
24-00-16DC-00,24,0,732054,16DC,0,船長,"船長
「では、出港～」{W}",,
24-00-16F6-00,24,0,732054,16F6,0,船長,"船長
「それじゃ」{W}",,
24-00-170C-00,24,0,732054,170C,0,ハリソン,"ハリソン
「来ましたか」{W}",,
24-00-170C-01,24,0,732054,170C,1,ハリソン,"ハリソン
「しかし問題が起こりました」{W}",,
24-00-170C-02,24,0,732054,170C,2,ハリソン,"ハリソン
「船が出港できないそうです」{W}",,
24-00-170C-03,24,0,732054,170C,3,船長,"船長
「すまんな」{W}",,
24-00-170C-04,24,0,732054,170C,4,船長,"船長
「ダオスは海にも勢力を伸ばしつつあ
　る」{W}",,
24-00-170C-05,24,0,732054,170C,5,船長,"船長
「危険すぎるよ」{W}",,
24-00-170C-06,24,0,732054,170C,6,クレス,"{N1}
「しかしこのままじゃ・・・」{W}",,
24-00-170C-07,24,0,732054,170C,7,ハリソン,"ハリソン
「{SPD:10}・・・{SPD:FF}しょうがない」{W}",,
24-00-170C-08,24,0,732054,170C,8,ハリソン,"ハリソン
「あそこをあたってみるか」{W}",,
24-00-170C-09,24,0,732054,170C,9,クラース,"{N4}
「なにか、別の方法でもあるのです
　か？」{W}",,
24-00-170C-10,24,0,732054,170C,10,ハリソン,"ハリソン
「途中ユークリッドによりませんで
　したか？」{W}",,
24-00-170C-11,24,0,732054,170C,11,ハリソン,"ハリソン
「あそこには・・・」{W}",,
24-00-170C-12,24,0,732054,170C,12,ハリソン,"ハリソン
「・・・あまり大きな声では言えな
　いのですが・・・」{W}",,
24-00-170C-13,24,0,732054,170C,13,ハリソン,"ハリソン
「国営の、魔科学研究所があるので
　す」{W}",,
24-00-170C-14,24,0,732054,170C,14,クレス,"{N1}
「魔科学研究所・・・」{W}",,
24-00-170C-15,24,0,732054,170C,15,ハリソン,"ハリソン
「海がダメなら空ですよ」{W}",,
24-00-170C-16,24,0,732054,170C,16,アーチェ,"{N3}
「空って、飛んでいくの！？」{W}",,
24-00-170C-17,24,0,732054,170C,17,ハリソン,"ハリソン
「詳しい話は研究所でしましょう」{W}",,
24-00-19DE-00,24,0,732054,19DE,0,船乗り,"船乗り
「数十年前・・・」{W}",,
24-00-19DE-01,24,0,732054,19DE,1,船乗り,"船乗り
「世界中の海をテリトリーにしていた
　海賊がいたんだ」{W}",,
24-00-19DE-02,24,0,732054,19DE,2,船乗り,"船乗り
「名前はアイフリード」{W}",,
24-00-19DE-03,24,0,732054,19DE,3,船乗り,"船乗り
「決して、悪い奴ではなかったけども
　・・・」{W}",,
24-00-19DE-04,24,0,732054,19DE,4,船乗り,"船乗り
「何を考えてるかわからない、謎の男
　だったよ」{W}",,
24-00-1ACE-00,24,0,732054,1ACE,0,町の人,"町の人
「海賊アイフリードは・・・」{W}",,
24-00-1ACE-01,24,0,732054,1ACE,1,町の人,"町の人
「ミッドガルズ軍の船団との戦いに敗
　北してしまったんだ」{W}",,
24-00-1ACE-02,24,0,732054,1ACE,2,町の人,"町の人
「そして頭のアイフリードは処刑され
　てしまったそうな」{W}",,
24-00-1ACE-03,24,0,732054,1ACE,3,町の人,"町の人
「・・・合掌」{W}",,
24-00-1B94-00,24,0,732054,1B94,0,船頭,"船頭
「らっしゃ～い、料金は５０ガルドだ
　よ」{W}",,
24-00-1BC8-00,24,0,732054,1BC8,0,船頭,"船頭
「けど、あんたはツケがあるんでそれ
　を含めて・・・」{W}",,
24-00-1BC8-01,24,0,732054,1BC8,1,船頭,"船頭
「{VAR:E95080}ガルド頂くぜ」{W}",,
24-00-1BC8-02,24,0,732054,1BC8,2,船頭,"船頭
「どこに行く？」{W}",,
24-00-1C3D-00,24,0,732054,1C3D,0,船頭,"船頭
「どこに行く？」{W}",,
24-00-1C57-00,24,0,732054,1C57,0,,"どこへ行きますか？
{COL:3}　１．武器屋　　２．防具屋
　３．市長の家　４．町の南側{COL:2}",,
24-00-1CAD-00,24,0,732054,1CAD,0,,"どこへ行きますか？
{COL:3}　１．町の北側　２．防具屋
　３．市長の家　４．町の南側{COL:2}",,
24-00-1D03-00,24,0,732054,1D03,0,,"どこへ行きますか？
{COL:3}　１．町の北側　２．武器屋
　３．市長の家　４．町の南側{COL:2}",,
24-00-1D59-00,24,0,732054,1D59,0,,"どこへ行きますか？
{COL:3}　１．町の北側　２．武器屋
　３．防具屋　　４．町の南側{COL:2}",,
24-00-1DAF-00,24,0,732054,1DAF,0,,"どこへ行きますか？
{COL:3}　１．町の北側　２．武器屋
　３．防具屋　　４．市長の家{COL:2}",,
24-00-1E05-00,24,0,732054,1E05,0,船頭,"船頭
「金が足りんぞ」{W}",,
24-00-1E05-01,24,0,732054,1E05,1,船頭,"船頭
「ひやかしなら、よそでやってくれ」{W}",,
24-00-1E49-00,24,0,732054,1E49,0,船頭,"船頭
「とは言っても、ここは船でしか出ら
　れないからな」{W}",,
24-00-1E49-01,24,0,732054,1E49,1,船頭,"船頭
「ツケにしといてやるよ」{W}",,
24-00-1E49-02,24,0,732054,1E49,2,船頭,"船頭
「乗りな」{W}",,
24-00-1EB9-00,24,0,732054,1EB9,0,船頭,"船頭
「ありがとやんした～」{W}",,
24-00-1ED9-00,24,0,732054,1ED9,0,船頭,"船頭
「ありがとやんした～」{W}",,
24-00-1EF9-00,24,0,732054,1EF9,0,船頭,"船頭
「どうぞごゆるりと！」{W}",,
24-00-1EF9-01,24,0,732054,1EF9,1,船頭,"船頭
「帰りもよろしく！」{W}",,
24-00-1F35-00,24,0,732054,1F35,0,神父,"神父
「汝、すこやかなときも病める時も・
　・・」{W}",,
24-00-1F35-01,24,0,732054,1F35,1,神父,"神父
「共に力を合わせ、生きていく事を、
　誓いますか？」{W}",,
24-00-1F35-02,24,0,732054,1F35,2,ナンシー,"ナンシー
「はい、誓います」{W}",,
24-00-1F35-03,24,0,732054,1F35,3,神父,"神父
「汝、いつまでも妻を愛し続ける事を
　誓いますか？」{W}",,
24-00-1F35-04,24,0,732054,1F35,4,エルウィン,"エルウィン
「誓います」{W}",,
24-00-1F35-05,24,0,732054,1F35,5,神父,"神父
「それでは、誓いの口づけを」{W}",,
24-00-203F-00,24,0,732054,203F,0,アーチェ,"{N3}
「あっ、ラッキ～♪」{W}",,
24-00-205D-00,24,0,732054,205D,0,エルウィン,"エルウィン
「父さん、ぼくたち二人が父さん
　を応援していきます」{W}",,
24-00-20A3-00,24,0,732054,20A3,0,ドグ,"ドグ
「うおぉぉん、エルウィン」{W}",,
24-00-20A3-01,24,0,732054,20A3,1,ナンシー,"ナンシー
「お義父さん泣かないで下さい」{W}",,
24-00-20A3-02,24,0,732054,20A3,2,ナンシー,"ナンシー
「私も、精一杯エルウィンを盛り立て
　るよう頑張ります」{W}",,
24-00-20A3-03,24,0,732054,20A3,3,ドグ,"ドグ
「よかったなあ、エルウィン」{W}",,
24-00-2159-00,24,0,732054,2159,0,ドグ,"ドグ
「これできっと母さんも・・・」{W}",,
24-00-2181-00,24,0,732054,2181,0,ドグ,"ドグ
「うおぉぉん〃」{W}",,
24-00-2181-01,24,0,732054,2181,1,エルウィン,"エルウィン
「父さん、落ち着いて」{W}",,
24-00-21BF-00,24,0,732054,21BF,0,ナンシーの母・マギー,"ナンシーの母・マギー
「ナンシーの事をよろしく頼みます」{W}",,
24-00-21FB-00,24,0,732054,21FB,0,ミント,"{N2}
「二人とも幸せそう・・・」{W}",,
24-00-21FB-01,24,0,732054,21FB,1,ミント,"{N2}
「良かった・・・」{W}",,
24-00-2239-00,24,0,732054,2239,0,エルウィン,"エルウィン
「{N2}さん・・・」{W}",,
24-00-2239-01,24,0,732054,2239,1,エルウィン,"エルウィン
「そして{N1}さん・・・
　本当にありがとう」{W}",,
24-00-2239-02,24,0,732054,2239,2,ナンシー,"ナンシー
「あの時、{N2}さんに
　勇気をもらったおかげです」{W}",,
24-00-2239-03,24,0,732054,2239,3,ナンシー,"ナンシー
「{N2}さん・・・」{W}",,
24-00-2239-04,24,0,732054,2239,4,ナンシー,"ナンシー
「これを受けとって下さい」{W}",,
24-00-2317-00,24,0,732054,2317,0,,ホワイトグローブを手に入れました。{W},,
24-00-233D-00,24,0,732054,233D,0,ナンシー,"ナンシー
「次はあなたの番ね▽」{W}",,
24-00-2361-00,24,0,732054,2361,0,ミント,"{N2}
「えッ・・・〃」{W}",,
24-00-237B-00,24,0,732054,237B,0,クラース,"{N4}
「汝、すこやかなときも病める時も{SPD:10}・
　・・、{SPD:FF}か」{W}",,
24-00-237B-01,24,0,732054,237B,1,クラース,"{N4}
「何か困難な問題が発生した時に初め
　て・・・」{W}",,
24-00-237B-02,24,0,732054,237B,2,クラース,"{N4}
「真実の愛情が、問われるということ
　か」{W}",,
24-00-237B-03,24,0,732054,237B,3,クレス,"{N1}
「きっと、あの人たちなら大丈夫です
　よ」{W}",,
24-00-237B-04,24,0,732054,237B,4,クレス,"{N1}
「なにしろ、困難な問題を乗り越えた
　二人ですから・・・」{W}",,
24-00-249B-00,24,0,732054,249B,0,アーチェ,"{N3}
「見た見た、{N2}？」{W}",,
24-00-249B-01,24,0,732054,249B,1,アーチェ,"{N3}
「あんなドレス、着てみたいね」{W}",,
24-00-249B-02,24,0,732054,249B,2,アーチェ,"{N3}
「あたし、今すぐ結婚したくなっちゃ
　った」{W}",,
24-00-2513-00,24,0,732054,2513,0,アーチェ,"{N3}
「ねえ、{N1}・・・」{W}",,
24-00-2513-01,24,0,732054,2513,1,アーチェ,"{N3}
「あたしと結婚しよ▽」{W}",,
24-00-254F-00,24,0,732054,254F,0,アーチェ,"{N3}
「今すぐ、ねッ▽」{W}",,
24-00-256B-00,24,0,732054,256B,0,クレス,"{N1}
「な・・・〃」{W}",,
24-00-2583-00,24,0,732054,2583,0,クレス,"{N1}
「何を言ってるんだ！」{W}",,
24-00-25A3-00,24,0,732054,25A3,0,,{COL:2}何と答えますか？{W},,
24-00-25A3-01,24,0,732054,25A3,1,,"{SPD:0}１．{N3}、結婚しよう
２．{N2}、結婚しよう
３．{N4}さん、助けて{SPD:FFFF}{COL:0}",,
24-00-2607-00,24,0,732054,2607,0,クレス,"{N1}
（な、何を考えてるんだぼくは！）{W}",,
24-00-2607-01,24,0,732054,2607,1,クレス,"{N1}
（そんなこと、言えるはずないじゃな
　いか）{W}",,
24-00-2665-00,24,0,732054,2665,0,クレス,"{N1}
（な、何を考えてるんだぼくは！）{W}",,
24-00-2665-01,24,0,732054,2665,1,クレス,"{N1}
（そんなこと、突然、言えるはずない
　じゃないか）{W}",,
24-00-26C9-00,24,0,732054,26C9,0,クレス,"{N1}
「黙ってないで助けてくださいよ
　{N4}さん〃」{W}",,
24-00-26C9-01,24,0,732054,26C9,1,クラース,"{N4}
「いやぁ・・・{N1}」{W}",,
24-00-26C9-02,24,0,732054,26C9,2,クラース,"{N4}
「色男はつらいな」{W}",,
24-00-26C9-03,24,0,732054,26C9,3,クレス,"{N1}
「そんなぁ、助けて下さい」{W}",,
24-00-2759-00,24,0,732054,2759,0,クレス,"{N1}
「ぼ、ぼぼ、ぼくは！」{W}",,
24-00-2759-01,24,0,732054,2759,1,アーチェ,"{N3}
「・・・・・・」{W}",,
24-00-2791-00,24,0,732054,2791,0,アーチェ,"{N3}
「やぁ～ねぇ～冗談よ、ジョ～ダン」{W}",,
24-00-27BD-00,24,0,732054,27BD,0,,{COL:2}{N2}は『{TITLE:1A0}』の称号を得ました。{COL:0}{W},,
25-00-0000-00,25,0,736E5C,0000,0,司会者,"司会者
「おめでとう！！」{W}",,
25-00-0000-01,25,0,736E5C,0000,1,司会者,"司会者
「君の勝ちだ！！」{W}",,
25-00-0000-02,25,0,736E5C,0000,2,司会者,"司会者
「さあ、約束のアイテムをプレゼント
　しよう」{W}",,
25-00-0072-00,25,0,736E5C,0072,0,司会者,"司会者
「何がいい？」{W}",,
25-00-0072-01,25,0,736E5C,0072,1,,"１．Ｓフラッグ２．シルバーマトック
３．？ＢＯＷ　４．？ＢＯＷ",,
25-00-00CA-00,25,0,736E5C,00CA,0,,Ｓフラッグを手に入れました。{W},,
25-00-00EA-00,25,0,736E5C,00EA,0,,シルバーマトックを手に入れました。{W},,
25-00-0110-00,25,0,736E5C,0110,0,,？ＢＯＷを手に入れました。{W},,
25-00-012E-00,25,0,736E5C,012E,0,,？ＢＯＷを手に入れました。{W},,
25-00-014C-00,25,0,736E5C,014C,0,司会者,"司会者
「まあ、そんな事言わず・・・」{W}",,
25-00-0176-00,25,0,736E5C,0176,0,司会者,"司会者
「何がいい？」{W}",,
25-00-0176-01,25,0,736E5C,0176,1,,"１．けがわ　　　　２．さんご
３．？ＳＷＯＲＤ　４．？ＳＷＯＲＤ",,
25-00-01D0-00,25,0,736E5C,01D0,0,,けがわを手に入れました。{W},,
25-00-01EC-00,25,0,736E5C,01EC,0,,さんごを手に入れました。{W},,
25-00-0208-00,25,0,736E5C,0208,0,,？ＳＷＯＲＤを手に入れました。{W},,
25-00-022A-00,25,0,736E5C,022A,0,,？ＳＷＯＲＤを手に入れました。{W},,
25-00-024C-00,25,0,736E5C,024C,0,司会者,"司会者
「まあ、そんな事言わず・・・」{W}",,
25-00-0276-00,25,0,736E5C,0276,0,司会者,"司会者
「またの挑戦、待ってるぜ！！」{W}",,
25-00-02A0-00,25,0,736E5C,02A0,0,司会者,"司会者
「残念」{W}",,
25-00-02A0-01,25,0,736E5C,02A0,1,司会者,"司会者
「またこの次、がんばってくれっ！」{W}",,
25-00-02E0-00,25,0,736E5C,02E0,0,,アルヴァニスタの都,,
25-00-02F4-00,25,0,736E5C,02F4,0,,アルヴァニスタ港,,
25-00-0306-00,25,0,736E5C,0306,0,,アルヴァニスタ港,,
25-00-0318-00,25,0,736E5C,0318,0,町の人,"町の人
「うなーん！！」{W}",,
25-00-0318-01,25,0,736E5C,0318,1,町の人,"町の人
「データ全部消えちゃったー！」{W}",,
25-00-035C-00,25,0,736E5C,035C,0,町の人,"町の人
「よぉーし！！」{W}",,
25-00-035C-01,25,0,736E5C,035C,1,町の人,"町の人
「２０ＨＩＴぉぉぉぉ！！！」{W}",,
25-00-039E-00,25,0,736E5C,039E,0,クレス,"{N1}
「牛がいるみたいだ・・・」{W}",,
25-00-03C2-00,25,0,736E5C,03C2,0,クレス,"{N1}
「犬がいるみたいだ・・・」{W}",,
25-00-03E6-00,25,0,736E5C,03E6,0,クレス,"{N1}
「猫がいるみたいだ・・・」{W}",,
25-00-040A-00,25,0,736E5C,040A,0,,"張り紙にこう書かれている。
『ただいま休業中』{W}",,
25-00-043C-00,25,0,736E5C,043C,0,,ＬＡＰ{VAR:E13680}：{VAR:E13A80}分{VAR:E13B80}秒{VAR:E13C80}{W},,
25-00-0460-00,25,0,736E5C,0460,0,,ＬＡＰ{VAR:E13680}：{VAR:E13A80}分{VAR:E13B80}秒{VAR:E13C80}{W},,
25-00-0484-00,25,0,736E5C,0484,0,,「ゴーーーール！！！！」{W},,
25-00-04A0-00,25,0,736E5C,04A0,0,司会者,"司会者
「ＬＡＰ３は、
　{VAR:E13A80}分{VAR:E13B80}秒{VAR:E13C80}」{W}",,
25-00-04A0-01,25,0,736E5C,04A0,1,司会者,"司会者
「ＴＩＭＥは、
　{VAR:E13D80}分{VAR:E13E80}秒{VAR:E13F80}」{W}",,
25-00-0504-00,25,0,736E5C,0504,0,司会者,"司会者
「ちょっと待ってくれよ」{W}",,
25-00-0528-00,25,0,736E5C,0528,0,司会者,"司会者
「やめるかい？」",,
25-00-0542-00,25,0,736E5C,0542,0,司会者,"司会者
「また挑戦してくれ！！」{W}",,
25-00-0566-00,25,0,736E5C,0566,0,司会者,"司会者
「第１２８回アルヴァニスタ記念レー
　ス大会～！」{W}",,
25-00-0566-01,25,0,736E5C,0566,1,司会者,"司会者
「さあ、君もレースですばらしいアイ
　テムをもらおう！」{W}",,
25-00-05E6-00,25,0,736E5C,05E6,0,司会者,"司会者
「君も挑戦してみないか？」{W}",,
25-00-05E6-01,25,0,736E5C,05E6,1,司会者,"司会者
「この町で一番速い少年と競争して、
　君が勝ったら・・・」{W}",,
25-00-05E6-02,25,0,736E5C,05E6,2,司会者,"司会者
「すばらしいアイテムをプレゼントし
　よう！」{W}",,
25-00-0688-00,25,0,736E5C,0688,0,司会者,"司会者
「挑戦するかい？」",,
25-00-06A4-00,25,0,736E5C,06A4,0,マッハ少年,"マッハ少年
「もうやりたくないよ」{W}",,
25-00-06A4-01,25,0,736E5C,06A4,1,マッハ少年,"マッハ少年
「兄ちゃん速すぎるもん」{W}",,
25-00-06A4-02,25,0,736E5C,06A4,2,司会者,"司会者
「・・・だってさ」{W}",,
25-00-06A4-03,25,0,736E5C,06A4,3,司会者,"司会者
「これで、君はこの町で一番速いこと
　が証明された」{W}",,
25-00-06A4-04,25,0,736E5C,06A4,4,司会者,"司会者
「おめでとう！！」{W}",,
25-00-0766-00,25,0,736E5C,0766,0,司会者,"司会者
「よーし」{W}",,
25-00-0766-01,25,0,736E5C,0766,1,司会者,"司会者
「では、説明を聞くかい？」",,
25-00-079E-00,25,0,736E5C,079E,0,司会者,"司会者
「レースはこの町を三周する」{W}",,
25-00-079E-01,25,0,736E5C,079E,1,司会者,"司会者
「あとは君の腕しだいだ」{W}",,
25-00-079E-02,25,0,736E5C,079E,2,司会者,"司会者
「途中でやめたい時はオレに話しかけ
　てくれ」{W}",,
25-00-079E-03,25,0,736E5C,079E,3,司会者,"司会者
「この町から出たり、家の中に入った
　りしても失格になるぞ」{W}",,
25-00-079E-04,25,0,736E5C,079E,4,司会者,"司会者
「コースの説明も聞くかい？」",,
25-00-088A-00,25,0,736E5C,088A,0,司会者,"司会者
「では、コースの説明だ」{W}",,
25-00-088A-01,25,0,736E5C,088A,1,司会者,"司会者
「彼女がコースを歩くから、それを覚
　えてくれ」{W}",,
25-00-088A-02,25,0,736E5C,088A,2,お姉さん,"お姉さん
「ではコースの説明をしますね」{W}",,
25-00-088A-03,25,0,736E5C,088A,3,お姉さん,"お姉さん
「まずここ、東の広場がスタートとゴ
　ールになります」{W}",,
25-00-088A-04,25,0,736E5C,088A,4,お姉さん,"お姉さん
「真ん中の黄色いエリアにタッチすれ
　ばＯＫです」{W}",,
25-00-0992-00,25,0,736E5C,0992,0,お姉さん,"お姉さん
「スタートしたらこの町のメインスト
　リートに出ます」{W}",,
25-00-09D6-00,25,0,736E5C,09D6,0,お姉さん,"お姉さん
「メインストリートから中央広場に出
　たら、広場の北側を通って下さい」{W}",,
25-00-0A2A-00,25,0,736E5C,0A2A,0,お姉さん,"お姉さん
「またメインストリートを走り抜け、
　行き止まりで北に向かいます」{W}",,
25-00-0A7A-00,25,0,736E5C,0A7A,0,お姉さん,"お姉さん
「それから南の通りに出て、そこを走
　り抜けます」{W}",,
25-00-0ABA-00,25,0,736E5C,0ABA,0,お姉さん,"お姉さん
「通りを抜けたら、また中央広場に出
　ます」{W}",,
25-00-0ABA-01,25,0,736E5C,0ABA,1,お姉さん,"お姉さん
「広場は南側を通って下さい」{W}",,
25-00-0B1C-00,25,0,736E5C,0B1C,0,お姉さん,"お姉さん
「メインストリートを抜け、東の広場
　に戻ってゴールです」{W}",,
25-00-0B64-00,25,0,736E5C,0B64,0,お姉さん,"お姉さん
「ほんのちょっとでもコースを外れる
　とゴールしても失格になります」{W}",,
25-00-0B64-01,25,0,736E5C,0B64,1,お姉さん,"お姉さん
「もう一回説明を聞きますか？」",,
25-00-0BDE-00,25,0,736E5C,0BDE,0,司会者,"司会者
「それでは、位置について！！」{W}",,
25-00-0C08-00,25,0,736E5C,0C08,0,司会者,"司会者
「君の挑戦を待ってるよ！」{W}",,
25-00-0C2E-00,25,0,736E5C,0C2E,0,司会者,"司会者
「フライング！やり直しだ」{W}",,
25-00-0C54-00,25,0,736E5C,0C54,0,マッハ少年,"マッハ少年
「もういいよ」{W}",,
25-00-0C54-01,25,0,736E5C,0C54,1,マッハ少年,"マッハ少年
「兄ちゃん速すぎるよ」{W}",,
25-00-0C96-00,25,0,736E5C,0C96,0,マッハ少年,"マッハ少年
「よッ！」{W}",,
25-00-0C96-01,25,0,736E5C,0C96,1,マッハ少年,"マッハ少年
「一勝負する？」{W}",,
25-00-0CCE-00,25,0,736E5C,0CCE,0,マッハ少年,"マッハ少年
「くやし～！負けたー！」{W}",,
25-00-0CF6-00,25,0,736E5C,0CF6,0,マッハ少年,"マッハ少年
「へっ！もう一勝負する？」{W}",,
25-00-0D20-00,25,0,736E5C,0D20,0,お姉さん,"お姉さん
「どう？」{W}",,
25-00-0D20-01,25,0,736E5C,0D20,1,お姉さん,"お姉さん
「あなたも参加してみない？」{W}",,
25-00-0D60-00,25,0,736E5C,0D60,0,お姉さん,"お姉さん
「ＣＯＵＲＳＥ　ＲＥＣＯＲＤは
　{VAR:E13A80}分{VAR:E13B80}秒{VAR:E13C80}」{W}",,
25-00-0DA5-00,25,0,736E5C,0DA5,0,お姉さん,"お姉さん
「そしてＦＡＳＴＥＳＴ　ＬＡＰは
　{VAR:E13A80}分{VAR:E13B80}秒{VAR:E13C80}よ」{W}",,
25-00-0DEE-00,25,0,736E5C,0DEE,0,お姉さん,"お姉さん
「がんばって！！」{W}",,
25-00-0E0E-00,25,0,736E5C,0E0E,0,ギャラリー,"ギャラリー
「君、速いね～」{W}",,
25-00-0E2E-00,25,0,736E5C,0E2E,0,ギャラリー,"ギャラリー
「あの少年、メチャクチャ速いよ」{W}",,
25-00-0E2E-01,25,0,736E5C,0E2E,1,ギャラリー,"ギャラリー
「勝てる人いるのかな・・・？」{W}",,
25-00-0E8A-00,25,0,736E5C,0E8A,0,女の子,"女の子
「今、レースゲームやってるのよ」{W}",,
25-00-0E8A-01,25,0,736E5C,0E8A,1,女の子,"女の子
「勝つと、すっごい{SPD:10}・・・{SPD:FF}」{W}",,
25-00-0E8A-02,25,0,736E5C,0E8A,2,女の子,"女の子
「・・・か、どうかわかんないけど、
　アイテムがもらえるんだって」{W}",,
25-00-0F2E-00,25,0,736E5C,0F2E,0,町の人,"町の人
「王子様、魔物にとりつかれていたん
　だって？」{W}",,
25-00-0F2E-01,25,0,736E5C,0F2E,1,町の人,"町の人
「でも、助かってよかったよかった」{W}",,
25-00-0F96-00,25,0,736E5C,0F96,0,町の人,"町の人
「レアード王子はみんなのアイドルな
　んだ」{W}",,
25-00-0F96-01,25,0,736E5C,0F96,1,町の人,"町の人
「人格、武勇、魔術、容姿、すべて申
　し分なし！」{W}",,
25-00-0F96-02,25,0,736E5C,0F96,2,町の人,"町の人
「でも最近、姿を見せてくれなくて少
　し寂しいよ」{W}",,
25-00-1046-00,25,0,736E5C,1046,0,男の子,"男の子
「行け、行けぇ！！！」{W}",,
25-00-1068-00,25,0,736E5C,1068,0,男の子,"男の子
「な～んかおもしろいことないかなぁ
　・・・」{W}",,
25-00-10A2-00,25,0,736E5C,10A2,0,町の人,"町の人
「酒場に行けば冒険者がいつもたむろ
　しているよ」{W}",,
25-00-10A2-01,25,0,736E5C,10A2,1,町の人,"町の人
「モーリア坑道探索が目当てなのさ」{W}",,
25-00-110C-00,25,0,736E5C,110C,0,兵士,"兵士
「ようこそ、アルヴァニスタへ」{W}",,
25-00-110C-01,25,0,736E5C,110C,1,兵士,"兵士
「ここでは多くのエルフが重要職に就
　いているんだ」{W}",,
25-00-110C-02,25,0,736E5C,110C,2,兵士,"兵士
「他の国だったら職に就くのさえ難し
　いが・・・」{W}",,
25-00-110C-03,25,0,736E5C,110C,3,兵士,"兵士
「魔法をこの国の文化に最大限に取り
　入れていこう！」{W}",,
25-00-110C-04,25,0,736E5C,110C,4,兵士,"兵士
「と、いうのが国王の方針なんだ」{W}",,
25-00-1210-00,25,0,736E5C,1210,0,クレス,"{N1}
「何やってるんですか？」{W}",,
25-00-1210-01,25,0,736E5C,1210,1,男の人,"男の人
「空の人を呼んでるんだ」{W}",,
25-00-1210-02,25,0,736E5C,1210,2,クレス,"{N1}
「空の人？」{W}",,
25-00-1210-03,25,0,736E5C,1210,3,男の人,"男の人
「そう」{W}",,
25-00-1210-04,25,0,736E5C,1210,4,男の人,"男の人
「あの空の彼方には・・・」{W}",,
25-00-1210-05,25,0,736E5C,1210,5,男の人,"男の人
「ぼく等とは違った種族の人たちがい
　るんだ」{W}",,
25-00-1210-06,25,0,736E5C,1210,6,男の人,"男の人
「まさに、神にも匹敵する人たちさ」{W}",,
25-00-1302-00,25,0,736E5C,1302,0,男の人,"男の人
「来たれ！」{W}",,
25-00-1302-01,25,0,736E5C,1302,1,男の人,"男の人
「わが友！！」{W}",,
25-00-1332-00,25,0,736E5C,1332,0,女の人,"女の人
「つき合いでやってるんだけど{SPD:10}・・・{SPD:FF}
　私、何してるんだろ・・・？」{W}",,
25-00-1388-00,25,0,736E5C,1388,0,兵士,"兵士
「城の魔術師のルーングロム様は、エ
　ルフでありながら・・・」{W}",,
25-00-1388-01,25,0,736E5C,1388,1,兵士,"兵士
「とても人間に近い感性の持ち主らし
　い」{W}",,
25-00-1402-00,25,0,736E5C,1402,0,船長,"船長
「仕事したくな～い」{W}",,
25-00-1420-00,25,0,736E5C,1420,0,船長,"船長
「やあ、あんたらか」{W}",,
25-00-1420-01,25,0,736E5C,1420,1,船長,"船長
「ベネツィアへ行くのか？」{W}",,
25-00-1460-00,25,0,736E5C,1460,0,船長,"船長
「料金は運賃、食費、保険料を含めて
　一人{VAR:E54480}ガルド」{W}",,
25-00-1460-01,25,0,736E5C,1460,1,船長,"船長
「全員で{VAR:E54680}ガルドになるぜ」{W}",,
25-00-1460-02,25,0,736E5C,1460,2,船長,"船長
「行くか？」",,
25-00-14D8-00,25,0,736E5C,14D8,0,船長,"船長
「お金がなきゃどうしようもないよ」{W}",,
25-00-1504-00,25,0,736E5C,1504,0,船長,"船長
「では、出港～」{W}",,
25-00-151E-00,25,0,736E5C,151E,0,船長,"船長
「それじゃ」{W}",,
25-00-1534-00,25,0,736E5C,1534,0,船乗り,"船乗り
「ダオスの軍勢がミッドガルズをしつ
　こく攻撃しているらしい」{W}",,
25-00-1534-01,25,0,736E5C,1534,1,船乗り,"船乗り
「一体あの国に何があるっていうんだ
　ろう？」{W}",,
25-00-15B6-00,25,0,736E5C,15B6,0,船乗り,"船乗り
「軍事大国っていうのも考えものだよ
　ね」{W}",,
25-00-15B6-01,25,0,736E5C,15B6,1,船乗り,"船乗り
「ミッドガルズのことさ」{W}",,
25-00-15B6-02,25,0,736E5C,15B6,2,船乗り,"船乗り
「ダオスの率いる軍勢と、今もいざこ
　ざを起こしているだろ？」{W}",,
25-00-15B6-03,25,0,736E5C,15B6,3,船乗り,"船乗り
「それに引き換え、アルヴァニスタは
　平和でいいよなぁ」{W}",,
25-00-1698-00,25,0,736E5C,1698,0,男の人,"男の人
「海！」{W}",,
25-00-1698-01,25,0,736E5C,1698,1,男の人,"男の人
「我がふるさと！」{W}",,
25-00-1698-02,25,0,736E5C,1698,2,男の人,"男の人
「広く美しくまさに人類の母なり！」{W}",,
25-00-1698-03,25,0,736E5C,1698,3,男の人,"男の人
「海を大切にしよう！！」{W}",,
25-00-1716-00,25,0,736E5C,1716,0,女の人,"女の人
「私、今お妃候補修行中なの」{W}",,
25-00-1716-01,25,0,736E5C,1716,1,女の人,"女の人
「いつかはタマノコシになってみせる
　わ！」{W}",,
25-00-1716-02,25,0,736E5C,1716,2,女の人,"女の人
「ああ～、私の王子様は何処～」{W}",,
25-00-179C-00,25,0,736E5C,179C,0,町の人,"町の人
「暑い夏、青春の夏！」{W}",,
25-00-179C-01,25,0,736E5C,179C,1,町の人,"町の人
「夏はいいよね」{W}",,
25-00-17D8-00,25,0,736E5C,17D8,0,女の人,"女の人
「こんないい天気の日は海にでも行っ
　て泳ぎたいわ」{W}",,
25-00-1818-00,25,0,736E5C,1818,0,町の人,"町の人
「忍者の里って知ってる？」{W}",,
25-00-1818-01,25,0,736E5C,1818,1,町の人,"町の人
「トレントの森のどこかに入口がある
　っていう話だよ」{W}",,
25-00-187E-00,25,0,736E5C,187E,0,おばあさん,"おばあさん
「精霊様は住んでいる地域を守るだけ
　でなく・・・」{W}",,
25-00-187E-01,25,0,736E5C,187E,1,おばあさん,"おばあさん
「魔法の伝承書も守っているというこ
　とじゃ」{W}",,
25-00-18FE-00,25,0,736E5C,18FE,0,町の人,"町の人
「精霊アスカは・・・」{W}",,
25-00-18FE-01,25,0,736E5C,18FE,1,町の人,"町の人
「その昔、超古代文明トールの人々に
　よって捕らえられたらしいです」{W}",,
25-00-18FE-02,25,0,736E5C,18FE,2,町の人,"町の人
「精霊をも拘束してしまう文明だった
　とは・・・」{W}",,
25-00-19AA-00,25,0,736E5C,19AA,0,お金持ち,"お金持ち
「世界一周旅行ができないか頼んでい
　るところです」{W}",,
25-00-19EC-00,25,0,736E5C,19EC,0,お金持ち,"お金持ち
「頼むから旅行させてくれよ」{W}",,
25-00-1A16-00,25,0,736E5C,1A16,0,船乗り,"船乗り
「ダオスもいなくなったことだし、世
　界一周もいいかな・・・」{W}",,
25-00-1A60-00,25,0,736E5C,1A60,0,船乗り,"船乗り
「こいつ、今の世界事情がどんなもの
　か全くわかってねぇんだ」{W}",,
25-00-1AAA-00,25,0,736E5C,1AAA,0,船乗り,"船乗り
「無理だって！！」{W}",,
25-00-1AC8-00,25,0,736E5C,1AC8,0,船乗り,"船乗り
「これは貨物船だよ」{W}",,
25-00-1AC8-01,25,0,736E5C,1AC8,1,船乗り,"船乗り
「ベルアダム周辺に開発物資を運ぶの
　が仕事なんだ」{W}",,
25-00-1B26-00,25,0,736E5C,1B26,0,船長,"船長
「これはベルアダム行きの貨物船だ」{W}",,
25-00-1B26-01,25,0,736E5C,1B26,1,船長,"船長
「片道しか乗せられないぞ」{W}",,
25-00-1B26-02,25,0,736E5C,1B26,2,船長,"船長
「料金は片道運賃、食費、保険料を含
　めて一人{VAR:E54480}ガルド」{W}",,
25-00-1B26-03,25,0,736E5C,1B26,3,船長,"船長
「全員で、{VAR:E54680}ガルドになるがいい
　か？」",,
25-00-1BE8-00,25,0,736E5C,1BE8,0,船長,"船長
「そうか」{W}",,
25-00-1BFC-00,25,0,736E5C,1BFC,0,船長,"船長
「お金がなくちゃいけないな」{W}",,
25-00-1C22-00,25,0,736E5C,1C22,0,船長,"船長
「では、出港～！」{W}",,
25-00-1C3E-00,25,0,736E5C,1C3E,0,船乗り,"船乗り
「アルヴァニスタの食料事情がかんば
　しくないから・・・」{W}",,
25-00-1C3E-01,25,0,736E5C,1C3E,1,船乗り,"船乗り
「ベルアダム方面から米を輸入してこ
　いだって」{W}",,
25-00-1CBE-00,25,0,736E5C,1CBE,0,船乗り,"船乗り
「米の輸入は・・・、見合わせた方が
　・・・」{W}",,
25-00-1CF8-00,25,0,736E5C,1CF8,0,身なりの良い男,"身なりの良い男
「アルヴァニスタの食料事情がかんば
　しくないから・・・」{W}",,
25-00-1CF8-01,25,0,736E5C,1CF8,1,身なりの良い男,"身なりの良い男
「ベルアダム方面から米輸入の交渉を
　しているところだ」{W}",,
25-00-1D90-00,25,0,736E5C,1D90,0,身なりの良い男,"身なりの良い男
「王の命令なのだ」{W}",,
25-00-1D90-01,25,0,736E5C,1D90,1,身なりの良い男,"身なりの良い男
「何とかしてくれないか？」{W}",,
25-00-1DE2-00,25,0,736E5C,1DE2,0,船乗り,"船乗り
「なあ、おもしろい話を聞かせてやろ
　う」{W}",,
25-00-1DE2-01,25,0,736E5C,1DE2,1,船乗り,"船乗り
「海賊アイフリードは知ってるか？」{W}",,
25-00-1DE2-02,25,0,736E5C,1DE2,2,船乗り,"船乗り
「奴が処刑された後、ミッドガルズの
　軍がアジトに乗り込んだが・・・」{W}",,
25-00-1DE2-03,25,0,736E5C,1DE2,3,船乗り,"船乗り
「そこには奴が略奪した金品が一つも
　なかったんだ」{W}",,
25-00-1ED2-00,25,0,736E5C,1ED2,0,船乗り,"船乗り
「なあ、おもしろい話を聞かせてやろ
　う」{W}",,
25-00-1ED2-01,25,0,736E5C,1ED2,1,船乗り,"船乗り
「海賊アイフリードについてのウワサ
　でな」{W}",,
25-00-1ED2-02,25,0,736E5C,1ED2,2,船乗り,"船乗り
「奴が略奪した金品は世界中に点在す
　る無人島なんかに隠したらしい」{W}",,
25-00-1F8C-00,25,0,736E5C,1F8C,0,おじいさん,"おじいさん
「ウワサで聞いたんだが海賊アイフリ
　ードの子息が生きているらしいね」{W}",,
25-00-1F8C-01,25,0,736E5C,1F8C,1,おじいさん,"おじいさん
「どこにいるかって？」{W}",,
25-00-1F8C-02,25,0,736E5C,1F8C,2,おじいさん,"おじいさん
「さあ・・・？」{W}",,
25-00-2024-00,25,0,736E5C,2024,0,おじいさん,"おじいさん
「北というのは死を暗示する縁起の悪
　い方向じゃ」{W}",,
25-00-2024-01,25,0,736E5C,2024,1,おじいさん,"おじいさん
「覚えといた方がええ」{W}",,
25-00-208A-00,25,0,736E5C,208A,0,クラース,"{N4}
「世話になったな、船長」{W}",,
25-00-208A-01,25,0,736E5C,208A,1,船長,"船長
「いや、なに」{W}",,
25-00-208A-02,25,0,736E5C,208A,2,船長,"船長
「こんな時代だ、人間助け合って生き
　なきゃいけねぇからな」{W}",,
25-00-208A-03,25,0,736E5C,208A,3,船長,"船長
「それじゃ」{W}",,
25-00-208A-04,25,0,736E5C,208A,4,アーチェ,"{N3}
「ありがと、船長さん▽」{W}",,
25-00-213A-00,25,0,736E5C,213A,0,ミント,"{N2}
「ありがとうございます」{W}",,
25-00-215C-00,25,0,736E5C,215C,0,クレス,"{N1}
「よし、早速アルヴァニスタ城に行こ
　う」{W}",,
25-00-215C-01,25,0,736E5C,215C,1,クレス,"{N1}
「早く王子を助けないと・・・」{W}",,
25-00-215C-02,25,0,736E5C,215C,2,クラース,"{N4}
「まあ待て、私に考えがある」{W}",,
25-00-215C-03,25,0,736E5C,215C,3,クラース,"{N4}
「宿についたらこれからのことについ
　て話をしよう」{W}",,
25-00-2216-00,25,0,736E5C,2216,0,,"　　　ヴァルハラ平原を舞台に
　　　　大陸最大の戦いが
　　　ついに始まろうとしていた",,
25-00-226E-00,25,0,736E5C,226E,0,すず,"{N6}
「ところで、そのサクラバ三世という
　方はどこにいるのですか？」{W}",,
25-00-226E-01,25,0,736E5C,226E,1,アーチェ,"{N3}
「ギルドの酒場にいるはずよ」{W}",,
25-00-226E-02,25,0,736E5C,226E,2,すず,"{N6}
「ギルド？」{W}",,
25-00-226E-03,25,0,736E5C,226E,3,アーチェ,"{N3}
「そう、確か・・・」{W}",,
25-00-230C-00,25,0,736E5C,230C,0,アーチェ,"{N3}
「はぁ、ひどい目にあった・・・」{W}",,
25-00-230C-01,25,0,736E5C,230C,1,すず,"{N6}
「・・・・・・」{W}",,
25-00-230C-02,25,0,736E5C,230C,2,アーチェ,"{N3}
「ご、ごめんってば」{W}",,
25-00-230C-03,25,0,736E5C,230C,3,すず,"{N6}
「・・・本当はどこなんですか？」{W}",,
25-00-2392-00,25,0,736E5C,2392,0,,"１：武具屋「ライム」の地下
２：左下の家の地下
３：薬屋「どくだみ」の地下",,
25-00-23DE-00,25,0,736E5C,23DE,0,アーチェ,"{N3}
「じゃあ、早速行ってみよう」{W}",,
25-00-2404-00,25,0,736E5C,2404,0,アーチェ,"{N3}
「じゃあ、早速行ってみよう」{W}",,
25-00-242A-00,25,0,736E5C,242A,0,アーチェ,"{N3}
「じゃあ、早速行ってみよう」{W}",,
25-00-2450-00,25,0,736E5C,2450,0,司会者,"司会者
「マッハ少年に勝利したあなたを
　称える意味で」{W}",,
25-00-2450-01,25,0,736E5C,2450,1,司会者,"司会者
「『マッハせいねん』の称号を与えよ
　う」{W}",,
25-00-2450-02,25,0,736E5C,2450,2,クレス,"{N1}
「やったぜ」{W}",,
25-00-24D4-00,25,0,736E5C,24D4,0,,{COL:2}{N1}は『{TITLE:192}』の称号を得ました。{COL:0}{W},,
25-00-2500-00,25,0,736E5C,2500,0,チェスター,"{N5}
「オレが走るぜ」{W}",,
25-00-2500-01,25,0,736E5C,2500,1,クレス,"{N1}
「がんばれよ」",,
25-00-252E-00,25,0,736E5C,252E,0,司会者,"司会者
「マッハ少年に勝利したあなたを
　称える意味で」{W}",,
25-00-252E-01,25,0,736E5C,252E,1,司会者,"司会者
「『マッハ青年』の称号を・・・」{W}",,
25-00-252E-02,25,0,736E5C,252E,2,チェスター,"{N5}
「・・・おい、もっとカッコいい
　呼び名をくれよ」{W}",,
25-00-252E-03,25,0,736E5C,252E,3,司会者,"司会者
「えっ、あっ、そうかい？」{W}",,
25-00-252E-04,25,0,736E5C,252E,4,チェスター,"{N5}
「何か、俺にふさわしいイカした
　呼び名が欲しいんだよ」{W}",,
25-00-252E-05,25,0,736E5C,252E,5,司会者,"司会者
「えーと・・・」{W}",,
25-00-252E-06,25,0,736E5C,252E,6,チェスター,"{N5}
「今の俺の走りっぷりを見てさ、
　何かあるだろう、ほら！」{W}",,
25-00-252E-07,25,0,736E5C,252E,7,司会者,"司会者
「そうだなぁ・・・」{W}",,
25-00-252E-08,25,0,736E5C,252E,8,司会者,"司会者
「マッハ少年に勝利したあなたを
　称える意味で・・・」{W}",,
25-00-252E-09,25,0,736E5C,252E,9,司会者,"司会者
「『激・マッハ野郎』
　の称号を与えよう！」{W}",,
25-00-252E-10,25,0,736E5C,252E,10,チェスター,"{N5}
「・・・・・・」{W}",,
25-00-252E-11,25,0,736E5C,252E,11,チェスター,"{N5}
「カッコ悪りぃ・・・」{W}",,
25-00-2758-00,25,0,736E5C,2758,0,,{COL:2}{N5}は『げきマッハやろう』の称号を得ました。{COL:0}{W},,
25-00-2790-00,25,0,736E5C,2790,0,武器屋,"武器屋
「はい、らっしゃい」{W}",,
25-00-27B0-00,25,0,736E5C,27B0,0,武器屋,"武器屋
「ちょ、ちょっとお客さん！！」{W}",,
25-00-27B0-01,25,0,736E5C,27B0,1,武器屋,"武器屋
「カウンターの中に入ってこないでく
　ださいよ！！」{W}",,
25-00-2818-00,25,0,736E5C,2818,0,武器屋,"武器屋
「そんなとこ調べてもなにもないで
　すって！！」{W}",,
25-00-2854-00,25,0,736E5C,2854,0,武器屋,"武器屋
「誰か～～！！変な人が・・・」{W}",,
25-00-287E-00,25,0,736E5C,287E,0,アーチェ,"{N3}
「・・・イタッ！」{W}",,
25-00-289A-00,25,0,736E5C,289A,0,アーチェ,"{N3}
「イタタッ！！」{W}",,
25-00-289A-01,25,0,736E5C,289A,1,アーチェ,"{N3}
「きゃ～～、なんなの～～！？」{W}",,
25-00-28DA-00,25,0,736E5C,28DA,0,クラース,"{N4}
「{N1}」{W}",,
25-00-28DA-01,25,0,736E5C,28DA,1,クラース,"{N4}
「{N3}がいないぞ」{W}",,
25-00-28DA-02,25,0,736E5C,28DA,2,ミント,"{N2}
「この先へは{N3}さんと
　合流してからにしましょう」{W}",,
25-00-2942-00,25,0,736E5C,2942,0,すず,"{N6}
「そろそろ時間ですね・・・」{W}",,
25-00-2942-01,25,0,736E5C,2942,1,アーチェ,"{N3}
「え、もう！？」{W}",,
25-00-2942-02,25,0,736E5C,2942,2,アーチェ,"{N3}
「うぅ・・・、大丈夫かなぁ？」{W}",,
25-00-29A6-00,25,0,736E5C,29A6,0,,ミゲールの町に戻りますか？,,
25-00-29C2-00,25,0,736E5C,29C2,0,アーチェ,"{N3}
「一回町に戻ろうか」{W}",,
25-00-29C2-01,25,0,736E5C,29C2,1,すず,"{N6}
「わかりました」{W}",,
25-00-29F8-00,25,0,736E5C,29F8,0,,"ミゲールの町に戻る事ができますが、
戻ると今回の依頼は失敗となります。{W}",,
25-00-29F8-01,25,0,736E5C,29F8,1,,ミゲールの町に戻りますか？,,
25-00-2A5C-00,25,0,736E5C,2A5C,0,アーチェ,"{N3}
「一回町に戻ろうか」{W}",,
25-00-2A5C-01,25,0,736E5C,2A5C,1,すず,"{N6}
「わかりました」{W}",,
25-00-2A92-00,25,0,736E5C,2A92,0,,"依頼を受けた町に退却しますか？
",,
25-00-2AB4-00,25,0,736E5C,2AB4,0,アーチェ,"{N3}
「一回町に戻ろうか」{W}",,
25-00-2AB4-01,25,0,736E5C,2AB4,1,すず,"{N6}
「わかりました」{W}",,
25-00-2AEA-00,25,0,736E5C,2AEA,0,アーチェ,"{N3}
「この町にまだ困ってる人が
　いる気がする・・・」{W}",,
25-00-2B26-00,25,0,736E5C,2B26,0,アーチェ,"{N3}
「おっといけない！」{W}",,
25-00-2B26-01,25,0,736E5C,2B26,1,アーチェ,"{N3}
「まだ任務の途中だった・・・」{W}",,
25-00-2B6A-00,25,0,736E5C,2B6A,0,アーチェ,"{N3}
「まだ用事がすんでないよ・・・」{W}",,
26-00-0000-00,26,0,73C968,0000,0,,マザーコンピュータールーム,,
26-00-001C-00,26,0,73C968,001C,0,,コモンルーム,,
26-00-002A-00,26,0,73C968,002A,0,クレス,"{N1}
「これは・・・、呪文書だ！」{W}",,
26-00-0050-00,26,0,73C968,0050,0,,"{N3}は
{TITLE:C9}を覚えました。{W}",,
26-00-006E-00,26,0,73C968,006E,0,クレス,"{N1}
「でも、ぼくが持っていてもしょうが
　ないな」{W}",,
26-00-006E-01,26,0,73C968,006E,1,クレス,"{N1}
「戻しておこう」{W}",,
26-00-00BE-00,26,0,73C968,00BE,0,クレス,"{N1}
「さびついていて開かない」{W}",,
26-00-00E2-00,26,0,73C968,00E2,0,クレス,"{N1}
「開きそうなんだけど・・・、ダメだ
　開かない」{W}",,
26-00-011C-00,26,0,73C968,011C,0,クレス,"{N1}
「なんだろ、これ？」{W}",,
26-00-011C-01,26,0,73C968,011C,1,クレス,"{N1}
「スイッチが・・・、たくさんあって
　・・・」{W}",,
26-00-011C-02,26,0,73C968,011C,2,ミント,"{N2}
「細長い穴もありますね」{W}",,
26-00-0190-00,26,0,73C968,0190,0,クレス,"{N1}
「一体どうすれば・・・？」{W}",,
26-00-0190-01,26,0,73C968,0190,1,クラース,"{N4}
「ちょっと待て」{W}",,
26-00-0190-02,26,0,73C968,0190,2,クラース,"{N4}
「もしかして、さっきのトランプをそ
　の細長い穴に・・・」{W}",,
26-00-020E-00,26,0,73C968,020E,0,,"『カード認識・・・・・・
　セキュリティシステム解除』{W}",,
26-00-0248-00,26,0,73C968,0248,0,クレス,"{N1}
「いっ、今しゃべったぞ！？」{W}",,
26-00-0248-01,26,0,73C968,0248,1,クレス,"{N1}
「誰かいるのか？」{W}",,
26-00-0248-02,26,0,73C968,0248,2,アーチェ,"{N3}
「でもさ・・・、人の気配なんてない
　じゃん？」{W}",,
26-00-02C0-00,26,0,73C968,02C0,0,クレス,"{N1}
「なんだろ、これ？」{W}",,
26-00-02C0-01,26,0,73C968,02C0,1,クレス,"{N1}
「スイッチが・・・、たくさんあって
　・・・」{W}",,
26-00-02C0-02,26,0,73C968,02C0,2,ミント,"{N2}
「細長い穴もありますね」{W}",,
26-00-0334-00,26,0,73C968,0334,0,クレス,"{N1}
「コモン・キーを使おう」{W}",,
26-00-0356-00,26,0,73C968,0356,0,クレス,"{N1}
「ダメだ、カギが合わない」{W}",,
26-00-037A-00,26,0,73C968,037A,0,クレス,"{N1}
「カギがかかっている」{W}",,
26-00-039A-00,26,0,73C968,039A,0,クレス,"{N1}
「開いたッ！」{W}",,
26-00-03B2-00,26,0,73C968,03B2,0,クレス,"{N1}
「んッ・・・？」{W}",,
26-00-03B2-01,26,0,73C968,03B2,1,クレス,"{N1}
「これは・・・」{W}",,
26-00-03B2-02,26,0,73C968,03B2,2,ミント,"{N2}
「・・・とらんぷ？」{W}",,
26-00-03B2-03,26,0,73C968,03B2,3,アーチェ,"{N3}
「変な模様・・・」{W}",,
26-00-03B2-04,26,0,73C968,03B2,4,アーチェ,"{N3}
「古代人も、トランプして遊んだのか
　なぁ？」{W}",,
26-00-03B2-05,26,0,73C968,03B2,5,クラース,"{N4}
「そんなもの、いらんだろ？」{W}",,
26-00-03B2-06,26,0,73C968,03B2,6,クラース,"{N4}
「さっさと行くぞ」{W}",,
26-00-03B2-07,26,0,73C968,03B2,7,,{COL:3}トランプを持っていきますか？{COL:2},,
26-00-04B2-00,26,0,73C968,04B2,0,,{COL:3}トランプを手に入れました。{W},,
26-00-04D4-00,26,0,73C968,04D4,0,クレス,"{N1}
「これは一体・・・？」{W}",,
26-00-04D4-01,26,0,73C968,04D4,1,クラース,"{N4}
「かなり特殊な装置のようだな」{W}",,
26-00-051A-00,26,0,73C968,051A,0,クレス,"{N1}
「なっ、なんだ！？」{W}",,
26-00-0538-00,26,0,73C968,0538,0,クラース,"{N4}
「これは・・・？」{W}",,
26-00-0554-00,26,0,73C968,0554,0,オズ,"オズ
『セレクト・オブジェクション』{W}",,
26-00-0554-01,26,0,73C968,0554,1,,"１．タイムワープ
２．メディカル・トリートメント",,
26-00-05AC-00,26,0,73C968,05AC,0,オズ,"オズ
『セレクト・オブジェクション』{W}",,
26-00-05AC-01,26,0,73C968,05AC,1,,"１．タイムワープ
２．メディカル・トリートメント
３．精霊アスカについて",,
26-00-061C-00,26,0,73C968,061C,0,オズ,"オズ
『都市機能システムダウン』{W}",,
26-00-061C-01,26,0,73C968,061C,1,オズ,"オズ
『現在整備中につき、タイムワープは
　できない』{W}",,
26-00-0678-00,26,0,73C968,0678,0,クレス,"{N1}
「今から１０２年後の５月２１日、
　地下墓地の一番奥だ！」{W}",,
26-00-06BC-00,26,0,73C968,06BC,0,オズ,"オズ
『エネルギーが不足・・・』{W}",,
26-00-06BC-01,26,0,73C968,06BC,1,オズ,"オズ
『都市機能回復の必要性有り』{W}",,
26-00-06BC-02,26,0,73C968,06BC,2,オズ,"オズ
『決定権は市長にあるが、死亡が確認
　されている』{W}",,
26-00-06BC-03,26,0,73C968,06BC,3,オズ,"オズ
『よって決定権はあなたたちにある』{W}",,
26-00-0768-00,26,0,73C968,0768,0,アーチェ,"{N3}
「一体どういうこと？」{W}",,
26-00-0768-01,26,0,73C968,0768,1,クラース,"{N4}
「よくわからんが、その都市機能を回
　復させないことには・・・」{W}",,
26-00-0768-02,26,0,73C968,0768,2,クラース,"{N4}
「時間転移ができないということらし
　いな」{W}",,
26-00-0804-00,26,0,73C968,0804,0,オズ,"オズ
『都市機能を回復させるか？』",,
26-00-0828-00,26,0,73C968,0828,0,オズ,"オズ
『音声確認・・・』{W}",,
26-00-0828-01,26,0,73C968,0828,1,オズ,"オズ
『これより、都市機能を回復させる』{W}",,
26-00-0828-02,26,0,73C968,0828,2,オズ,"オズ
『トール市民に警告、トール市民に警
　告・・・』{W}",,
26-00-08A6-00,26,0,73C968,08A6,0,クレス,"{N1}
「なっ、なんかとんでもないことして
　るんじゃないか！？」{W}",,
26-00-08EA-00,26,0,73C968,08EA,0,オズ,"オズ
『音声確認・・・』{W}",,
26-00-08EA-01,26,0,73C968,08EA,1,オズ,"オズ
『新陳代謝超促進光、照射』{W}",,
26-00-0928-00,26,0,73C968,0928,0,アーチェ,"{N3}
「えっ、えっ・・・？」{W}",,
26-00-0928-01,26,0,73C968,0928,1,アーチェ,"{N3}
「けがが治ってる・・・」{W}",,
26-00-0928-02,26,0,73C968,0928,2,クラース,"{N4}
「すっ、すごい・・・」{W}",,
26-00-0928-03,26,0,73C968,0928,3,クラース,"{N4}
「なんて科学力だっ・・・！」{W}",,
26-00-09AA-00,26,0,73C968,09AA,0,オズ,"オズ
『音声確認・・・』{W}",,
26-00-09AA-01,26,0,73C968,09AA,1,オズ,"オズ
『データベース検索
　{SPD:10}・・・・・・・・・・{SPD:FF}』{W}",,
26-00-09AA-02,26,0,73C968,09AA,2,オズ,"オズ
『・・・検索終了』{W}",,
26-00-09AA-03,26,0,73C968,09AA,3,オズ,"オズ
『精霊アスカについて』{W}",,
26-00-09AA-04,26,0,73C968,09AA,4,オズ,"オズ
『認識番号ＲＳ２３２ーＣ、精神世界
　の住人』{W}",,
26-00-09AA-05,26,0,73C968,09AA,5,オズ,"オズ
『エネルギー源は太陽光内に含まれる
　紫外線が主』{W}",,
26-00-09AA-06,26,0,73C968,09AA,6,オズ,"オズ
『ある一定の電波に弱い』{W}",,
26-00-09AA-07,26,0,73C968,09AA,7,オズ,"オズ
『太陽暦２５４３年８月２３日１２時
　５６分、トールにて捕獲』{W}",,
26-00-09AA-08,26,0,73C968,09AA,8,オズ,"オズ
『ニ年に渡る調査で出された結論は・
　・・』{W}",,
26-00-09AA-09,26,0,73C968,09AA,9,オズ,"オズ
『精神世界の住人は我々物質世界とは
　次元が異なる為、調査は不可能』{W}",,
26-00-09AA-10,26,0,73C968,09AA,10,オズ,"オズ
『その後、超低温超高圧室内にて保管
　現在に至る』{W}",,
26-00-0BCA-00,26,0,73C968,0BCA,0,クラース,"{N4}
「よくはわからんが、どうやらアスカ
　はここにいるらしい」{W}",,
26-00-0BCA-01,26,0,73C968,0BCA,1,クラース,"{N4}
「オズよ、精霊アスカを解放してくれ
　ないか？」{W}",,
26-00-0BCA-02,26,0,73C968,0BCA,2,オズ,"オズ
『音声確認・・・』{W}",,
26-00-0BCA-03,26,0,73C968,0BCA,3,オズ,"オズ
『第３ブロックを一時的に封鎖、保管
　室４０１号の扉を開きます』{W}",,
26-00-0CA8-00,26,0,73C968,0CA8,0,クラース,"{N4}
「これが・・・、精霊アスカ・・・」{W}",,
26-00-0CA8-01,26,0,73C968,0CA8,1,アスカ,"アスカ
『あなたたちですか、私を解放してく
　れたのは・・・』{W}",,
26-00-0CA8-02,26,0,73C968,0CA8,2,クラース,"{N4}
「ああ・・・」{W}",,
26-00-0CA8-03,26,0,73C968,0CA8,3,クラース,"{N4}
「今、世界は危機的状況におちいって
　いる」{W}",,
26-00-0CA8-04,26,0,73C968,0CA8,4,クラース,"{N4}
「あなたの力を・・・、貸してもらい
　たい」{W}",,
26-00-0CA8-05,26,0,73C968,0CA8,5,アスカ,"アスカ
『状況は大体わかっています』{W}",,
26-00-0CA8-06,26,0,73C968,0CA8,6,アスカ,"アスカ
『力になりましょう』{W}",,
26-00-0CA8-07,26,0,73C968,0CA8,7,アスカ,"アスカ
『では、トパーズの指輪を出して下さ
　い』{W}",,
26-00-0CA8-08,26,0,73C968,0CA8,8,アスカ,"アスカ
『古の契約を結びます』{W}",,
26-00-0E2A-00,26,0,73C968,0E2A,0,クラース,"{N4}
「我、今、光の精に願い奉る」{W}",,
26-00-0E2A-01,26,0,73C968,0E2A,1,クラース,"{N4}
「指輪の盟約のもと、我に精霊を従わ
　せたまえ」{W}",,
26-00-0E2A-02,26,0,73C968,0E2A,2,クラース,"{N4}
「我が名は{N4}・・・」{W}",,
26-00-0EA6-00,26,0,73C968,0EA6,0,,"{N4}は{TITLE:D6}を
召喚できるようになりました。{W}",,
26-00-0ED4-00,26,0,73C968,0ED4,0,？？？,"？？？
『メインシステム起動{SPD:20}・・・・・・{SPD:FF}
　バイオロム・チェック』{W}",,
26-00-0F22-00,26,0,73C968,0F22,0,オズ,"オズ
『メインシステム起動{SPD:20}・・・・・・{SPD:FF}
　バイオロム・チェック』{W}",,
26-00-0F6E-00,26,0,73C968,0F6E,0,？？？,"？？？
『マザーコンピュータルームへようこ
　そ、私はオズ・・・』{W}",,
26-00-0F6E-01,26,0,73C968,0F6E,1,オズ,"オズ
『トールシティの全機能をサポートし
　ている』{W}",,
26-00-0F6E-02,26,0,73C968,0F6E,2,オズ,"オズ
『使用目的を選択せよ』{W}",,
26-00-1008-00,26,0,73C968,1008,0,オズ,"オズ
『マザーコンピュータルームへようこ
　そ、私はオズ・・・』{W}",,
26-00-1008-01,26,0,73C968,1008,1,オズ,"オズ
『トールシティの全機能をサポートし
　ている』{W}",,
26-00-1008-02,26,0,73C968,1008,2,オズ,"オズ
『使用目的を選択せよ』{W}",,
26-00-10A0-00,26,0,73C968,10A0,0,オズ,"オズ
『音声認識・・・』{W}",,
26-00-10A0-01,26,0,73C968,10A0,1,オズ,"オズ
『タイムワープ・デバイスドライバー
　起動』{W}",,
26-00-10A0-02,26,0,73C968,10A0,2,オズ,"オズ
『反重力エネルギーチェック
　{SPD:20}・・・・・・・・・・・・{SPD:FF}』{W}",,
26-00-1138-00,26,0,73C968,1138,0,オズ,"オズ
『エネルギー確認』{W}",,
26-00-1138-01,26,0,73C968,1138,1,オズ,"オズ
『相対年数を述べよ』{W}",,
26-00-1170-00,26,0,73C968,1170,0,オズ,"オズ
『音声確認・・・』{W}",,
26-00-1170-01,26,0,73C968,1170,1,オズ,"オズ
『時間転移先空間座標、安全条件クリ
　ア』{W}",,
26-00-1170-02,26,0,73C968,1170,2,オズ,"オズ
『メインプロセス開始』{W}",,
26-00-1170-03,26,0,73C968,1170,3,オズ,"オズ
『乗員は所定の位置に移動せよ』{W}",,
26-00-1170-04,26,0,73C968,1170,4,クレス,"{N1}
「行こう、みんな！！」{W}",,
26-00-1220-00,26,0,73C968,1220,0,オズ,"オズ
『乗員確認』{W}",,
26-00-1220-01,26,0,73C968,1220,1,オズ,"オズ
『反物質エネルギー解放
　{SPD:20}・・・・・・・・{SPD:FF}』{W}",,
26-00-1220-02,26,0,73C968,1220,2,オズ,"オズ
『ワームホール発生、ベビーユニバー
　ス確認』{W}",,
26-00-1220-03,26,0,73C968,1220,3,オズ,"オズ
『タイムワープオペレーションシステ
　ム・オールグリーン』{W}",,
26-00-1220-04,26,0,73C968,1220,4,オズ,"オズ
『タイムワープ・スタート』{W}",,
26-00-130C-00,26,0,73C968,130C,0,オズ,"オズ
『プロセス終了を確認』{W}",,
26-00-132C-00,26,0,73C968,132C,0,？？？,"？？？
『不法侵入者発見・・・・・・、
　直チニ排除セヨ』{W}",,
26-00-132C-01,26,0,73C968,132C,1,？？？,"？？？
『不法侵入者発見、直チニ排除セヨ』{W}",,
26-00-1396-00,26,0,73C968,1396,0,クレス,"{N1}
「敵がなにか落としていったみたいだ
　けど・・・」{W}",,
26-00-13D2-00,26,0,73C968,13D2,0,クレス,"{N1}
「これは契約の指輪だ！」{W}",,
26-00-13F4-00,26,0,73C968,13F4,0,,契約の指輪ダイヤモンドを手に入れました。{W},,
26-00-1420-00,26,0,73C968,1420,0,？？？,"？？？
『いらっしゃいませ』{W}",,
26-00-1440-00,26,0,73C968,1440,0,？？？,"？？？
『ホログラフィテレビ表示』{W}",,
26-00-1466-00,26,0,73C968,1466,0,クレス,"{N1}
「なっ、なんだ、あれは？」{W}",,
26-00-1466-01,26,0,73C968,1466,1,クラース,"{N4}
「幻影・・・？」{W}",,
26-00-1466-02,26,0,73C968,1466,2,クラース,"{N4}
「なるほど、あれが電子投影装置か」{W}",,
26-00-1466-03,26,0,73C968,1466,3,ミント,"{N2}
「電子・・・、なんですか？」{W}",,
26-00-1466-04,26,0,73C968,1466,4,クラース,"{N4}
「超古代文明の古文書で見たことがあ
　るんだ」{W}",,
26-00-1466-05,26,0,73C968,1466,5,クラース,"{N4}
「超古代人は電気の力を生活のあらゆ
　る箇所で利用していたらしい」{W}",,
26-00-1466-06,26,0,73C968,1466,6,クラース,"{N4}
「この電子投影装置・・・」{W}",,
26-00-1466-07,26,0,73C968,1466,7,クラース,"{N4}
「古代人は『テレビジョン』と呼んで
　いたらしいけどな」{W}",,
26-00-1466-08,26,0,73C968,1466,8,クラース,"{N4}
「これも、その一種だろう」",,
26-00-15F2-00,26,0,73C968,15F2,0,テレビ,"テレビ
『チャンネルを選んで下さい』",,
26-00-1618-00,26,0,73C968,1618,0,,『チャンネル１』{W},,
26-00-1618-01,26,0,73C968,1618,1,,"ナムコ
ゲームボーイアドバンス用ソフト
テイルズオブファンタジア{W}",,
26-00-1618-02,26,0,73C968,1618,2,,好評発売中！！{W},,
26-00-167E-00,26,0,73C968,167E,0,,『チャンネル４』{W},,
26-00-167E-01,26,0,73C968,167E,1,,"ああ・・・。ゴロウさん、もう私たち
おしまいなのね・・・。{W}",,
26-00-167E-02,26,0,73C968,167E,2,,そんなことあるものか！{W},,
26-00-167E-03,26,0,73C968,167E,3,,"ハナコさん・・・、オレたちの愛は永
遠のはずだッ！！{W}",,
26-00-171C-00,26,0,73C968,171C,0,,『チャンネル８』{W},,
26-00-171C-01,26,0,73C968,171C,1,,"ゴーーーーール！！！！
グランドパッス・エイト、３点目ーー
ー！{W}",,
26-00-171C-02,26,0,73C968,171C,2,,"レナルド選手、ハットトリック達成っ
！！！{W}",,
26-00-179E-00,26,0,73C968,179E,0,,『チャンネル１２』{W},,
26-00-179E-01,26,0,73C968,179E,1,,"こんばんわ、１２月２日のニュースを
お伝えします。{W}",,
26-00-179E-02,26,0,73C968,179E,2,,トップニュースは政局です。{W},,
26-00-179E-03,26,0,73C968,179E,3,,"今日午後２時頃、フェンリル王国と、
オーディーン共和国の軍事境界線で、
激しい戦闘がありました。{W}",,
26-00-179E-04,26,0,73C968,179E,4,,"フェンリル王国ラルフ一世国王とオー
ディーン共和国ミツモリ大統領との和
平宣言は三日で崩れた事になります。{W}",,
26-00-179E-05,26,0,73C968,179E,5,,"これを受けてトール・ガルガ大統領は
次のように述べています。{W}",,
26-00-179E-06,26,0,73C968,179E,6,,"『私としては、この紛争はあくまで話
　し合いで解決して欲しいと思ってい
　ます』{W}",,
26-00-179E-07,26,0,73C968,179E,7,,"『しかし最終手段として、空爆も辞さ
　ない考えです』{W}",,
26-00-179E-08,26,0,73C968,179E,8,,"ガルガ大統領の軍事介入発言は、これ
からも議論を呼びそうです。{W}",,
26-00-179E-09,26,0,73C968,179E,9,,次のニュースです。{W},,
26-00-179E-10,26,0,73C968,179E,10,,"トール国営科学研究所は、サミエル彗
星の軌道は地球をかすめる程度で、落
下する危険はないと発表しました。{W}",,
26-00-179E-11,26,0,73C968,179E,11,,記者会見の模様が届いています。{W},,
26-00-179E-12,26,0,73C968,179E,12,,"『当初は都市トールに落下するのでは
　という話もありましたがあれは全く
　のデマです』{W}",,
26-00-179E-13,26,0,73C968,179E,13,,"『スーパーコンピュータがはじき出し
　た計算によれば・・・』{W}",,
26-00-179E-14,26,0,73C968,179E,14,,"『彗星の尻尾は地球をかすめる程度で
　隕石落下による影響はなんらありま
　せん』{W}",,
26-00-1B5E-00,26,0,73C968,1B5E,0,アーチェ,"{N3}
「わあぁ{SPD:10}・・・{SPD:FF}」{W}",,
26-00-1B5E-01,26,0,73C968,1B5E,1,ミント,"{N2}
「ここ、本当に海の底なんですか？」{W}",,
26-00-1B5E-02,26,0,73C968,1B5E,2,アーチェ,"{N3}
「あっ、上に海があるッ！！」{W}",,
26-00-1BCE-00,26,0,73C968,1BCE,0,クラース,"{N4}
「おいっ、遠くに行くなよ！」{W}",,
26-00-1BF4-00,26,0,73C968,1BF4,0,クラース,"{N4}
「方法はわからんが・・・」{W}",,
26-00-1BF4-01,26,0,73C968,1BF4,1,クラース,"{N4}
「水の圧力に耐えられるほど、頑丈な
　見えない壁で周囲を囲んでいる」{W}",,
26-00-1BF4-02,26,0,73C968,1BF4,2,クレス,"{N1}
「時間転移装置なんて、本当にあるん
　だろうか・・・？」{W}",,
26-00-1BF4-03,26,0,73C968,1BF4,3,クラース,"{N4}
「とりあえず、トールが沈んでいるの
　は本当だったんだ」{W}",,
26-00-1BF4-04,26,0,73C968,1BF4,4,クラース,"{N4}
「偉大な魔術師の言葉を信じるしかな
　いだろう？」{W}",,
26-00-1D1E-00,26,0,73C968,1D1E,0,クレス,"{N1}
「どっ・・・、どうやらおさまったみ
　たいだ」{W}",,
26-00-1D1E-01,26,0,73C968,1D1E,1,クラース,"{N4}
「しかし・・・、なんという科学力だ
　・・・」{W}",,
26-00-1D1E-02,26,0,73C968,1D1E,2,クラース,"{N4}
「大陸を持ち上げてしまうなんて・・
　・」{W}",,
26-00-1DBE-00,26,0,73C968,1DBE,0,チェスター,"{N5}
「これが時間転移装置か・・・」{W}",,
26-00-1DE6-00,26,0,73C968,1DE6,0,ハリソン,"ハリソン
「おお・・・、これは・・・」{W}",,
26-00-1E10-00,26,0,73C968,1E10,0,クレス,"{N1}
「目的は時間転移だ！！」{W}",,
26-00-1E32-00,26,0,73C968,1E32,0,ハリソン,"ハリソン
「時代は今からきっかり５０年後、未
　来のトーティス村だ」{W}",,
26-00-1E7A-00,26,0,73C968,1E7A,0,クレス,"{N1}
「ここは・・・」{W}",,
26-00-1E94-00,26,0,73C968,1E94,0,クレス,"{N1}
「なっ、なんだ、あれは！？」{W}",,
26-00-1EBA-00,26,0,73C968,1EBA,0,クラース,"{N4}
「これは・・・、トールにあんな建物
　あったか？」{W}",,
26-00-1EBA-01,26,0,73C968,1EBA,1,ミント,"{N2}
「まだお昼なのに外は夜・・・」{W}",,
26-00-1EBA-02,26,0,73C968,1EBA,2,アーチェ,"{N3}
「これもトールの技術ってやつなのか
　もね」{W}",,
26-00-1EBA-03,26,0,73C968,1EBA,3,クラース,"{N4}
「もしかして、これがトールの昔の姿
　・・・、なのか？」{W}",,
26-00-1F90-00,26,0,73C968,1F90,0,料理マシン,"料理マシン
「あなたは、その後、フルーツポンチ
　を作っていまスカ？」{W}",,
26-00-1FDA-00,26,0,73C968,1FDA,0,料理マシン,"料理マシン
「ワタシは『スばらしき味の世界』の
　住人」{W}",,
26-00-1FDA-01,26,0,73C968,1FDA,1,料理マシン,"料理マシン
「コの味を、より多くの人に伝えたい
　のデス」{W}",,
26-00-1FDA-02,26,0,73C968,1FDA,2,料理マシン,"料理マシン
「あなたは、ワタシの記憶シテいる料
　理をホッしますカ？」",,
26-00-2098-00,26,0,73C968,2098,0,料理マシン,"料理マシン
「コノ料理に関する全記録を、あなた
　に与える事にシマス」{W}",,
26-00-20E2-00,26,0,73C968,20E2,0,,"{COL:2}フルーツポンチを料理できるようにな
りました。{W}",,
26-00-20E2-01,26,0,73C968,20E2,1,,{COL:0},,
26-00-211C-00,26,0,73C968,211C,0,料理マシン,"料理マシン
「アア、なんということでショウ」{W}",,
26-00-214C-00,26,0,73C968,214C,0,クレス,"{N1}
「ダメだ・・・」{W}",,
26-00-214C-01,26,0,73C968,214C,1,クレス,"{N1}
「完全に迷ってしまった・・・」{W}",,
26-00-214C-02,26,0,73C968,214C,2,アーチェ,"{N3}
「こう同じような部屋が続いたんじゃ
　・・・」{W}",,
26-00-214C-03,26,0,73C968,214C,3,アーチェ,"{N3}
「部屋のつながりだってデタラメだし
　・・・」{W}",,
26-00-214C-04,26,0,73C968,214C,4,クラース,"{N4}
「静かにッ！」{W}",,
26-00-214C-05,26,0,73C968,214C,5,クラース,"{N4}
「・・・」{W}",,
26-00-214C-06,26,0,73C968,214C,6,クラース,"{N4}
「いま、向こうからなにかの物音が聞
　こえた・・・」{W}",,
26-00-214C-07,26,0,73C968,214C,7,ミント,"{N2}
「モンスターでしょうか？」{W}",,
26-00-214C-08,26,0,73C968,214C,8,クラース,"{N4}
「いや、状況はもっと悪い」{W}",,
26-00-214C-09,26,0,73C968,214C,9,クラース,"{N4}
「おそらくは、この超古代都市を守り
　つづける防衛機構だ！」{W}",,
26-00-22E4-00,26,0,73C968,22E4,0,アーチェ,"{N3}
「ジャジャーン！」{W}",,
26-00-22E4-01,26,0,73C968,22E4,1,アーチェ,"{N3}
「英雄たちの前に現れたのは、なんと
　・・・！」{W}",,
26-00-2338-00,26,0,73C968,2338,0,,"１：４４００Ｒだったのです！
２：９９９９Ｌだったのです！
３：ダオスだったのです！",,
26-00-238E-00,26,0,73C968,238E,0,アーチェ,"{N3}
「ふーんだ！」{W}",,
26-00-238E-01,26,0,73C968,238E,1,アーチェ,"{N3}
「防衛機構だかなんだか知らないけど
　・・・」{W}",,
26-00-238E-02,26,0,73C968,238E,2,アーチェ,"{N3}
「こんなコケおどしに、あたしたちが
　ビビると思ったら・・・」{W}",,
26-00-2422-00,26,0,73C968,2422,0,クレス,"{N1}
「・・・なっ、なんだ・・・」{W}",,
26-00-2422-01,26,0,73C968,2422,1,ミント,"{N2}
「危険です・・・、よね？」{W}",,
26-00-2422-02,26,0,73C968,2422,2,クラース,"{N4}
「・・・だな」{W}",,
26-00-2422-03,26,0,73C968,2422,3,アーチェ,"{N3}
「にげろーッ！！」{W}",,
26-00-249A-00,26,0,73C968,249A,0,ミント,"{N2}
「あの・・・{N3}さん？」{W}",,
26-00-249A-01,26,0,73C968,249A,1,ミント,"{N2}
「９９９９Ｌなんて敵、本当にいまし
　たか・・・？」{W}",,
26-00-24F8-00,26,0,73C968,24F8,0,ダオス,"ダオス
「・・・なにか用か？」{W}",,
26-00-24F8-01,26,0,73C968,24F8,1,クレス,"{N1}
「・・・」{W}",,
26-00-24F8-02,26,0,73C968,24F8,2,ダオス,"ダオス
「用がないなら俺は行くぞ！」{W}",,
26-00-24F8-03,26,0,73C968,24F8,3,ダオス,"ダオス
「まったく・・・、私にも都合がある
　のだぞ・・・」{W}",,
26-00-2590-00,26,0,73C968,2590,0,クレス,"{N1}
「はあ、はあ・・・」{W}",,
26-00-2590-01,26,0,73C968,2590,1,クレス,"{N1}
「・・・この部屋は？」{W}",,
26-00-25CC-00,26,0,73C968,25CC,0,クラース,"{N4}
「はあ、はあ・・・」{W}",,
26-00-25CC-01,26,0,73C968,25CC,1,クラース,"{N4}
「どうやら・・・」{W}",,
26-00-25CC-02,26,0,73C968,25CC,2,クラース,"{N4}
「はあ、はあ・・・」{W}",,
26-00-25CC-03,26,0,73C968,25CC,3,クラース,"{N4}
「お目当ての・・・」{W}",,
26-00-25CC-04,26,0,73C968,25CC,4,クラース,"{N4}
「はあ、はあ・・・」{W}",,
26-00-25CC-05,26,0,73C968,25CC,5,クラース,"{N4}
「場所に・・・」{W}",,
26-00-25CC-06,26,0,73C968,25CC,6,クラース,"{N4}
「はあ、はあ・・・」{W}",,
26-00-25CC-07,26,0,73C968,25CC,7,クラース,"{N4}
「着いたようだ・・・」{W}",,
26-00-25CC-08,26,0,73C968,25CC,8,ミント,"{N2}
「とりあえず息を整えてください
　{N4}さんΩ」{W}",,
26-00-26E0-00,26,0,73C968,26E0,0,アーチェ,"{N3}
「まったく・・・、年寄りは体力ない
　んだから」{W}",,
26-00-271A-00,26,0,73C968,271A,0,クラース,"{N4}
「うるさいッ！」{W}",,
26-00-2734-00,26,0,73C968,2734,0,クラース,"{N4}
「とにかく、ここが我々の目的の場所
　・・・」{W}",,
26-00-276C-00,26,0,73C968,276C,0,アーチェ,"{N3}
「そう！」{W}",,
26-00-276C-01,26,0,73C968,276C,1,アーチェ,"{N3}
「そこは英雄たちが目指していた場所
　・・・」{W}",,
26-00-27B6-00,26,0,73C968,27B6,0,,"１：セーブポイント
２：忍者の里の温泉
３：時空転送装置の部屋",,
26-00-27F6-00,26,0,73C968,27F6,0,アーチェ,"{N3}
「ここに時空転送装置があるのね？」{W}",,
26-00-27F6-01,26,0,73C968,27F6,1,クラース,"{N4}
「ああ、間違いないだろう」{W}",,
26-00-27F6-02,26,0,73C968,27F6,2,クレス,"{N1}
「よし、先に進もう」{W}",,
26-00-2860-00,26,0,73C968,2860,0,クレス,"{N1}
「よし！」{W}",,
26-00-2860-01,26,0,73C968,2860,1,クレス,"{N1}
「これから時空転移するぞ」{W}",,
26-00-2860-02,26,0,73C968,2860,2,クレス,"{N1}
「みんな、準備はいいか？」{W}",,
26-00-2860-03,26,0,73C968,2860,3,ミント,"{N2}
「はい！」{W}",,
26-00-28CA-00,26,0,73C968,28CA,0,クラース,"{N4}
「なあ{N3}・・・」{W}",,
26-00-28CA-01,26,0,73C968,28CA,1,クラース,"{N4}
「行き先は、わかってるよな？」{W}",,
26-00-28CA-02,26,0,73C968,28CA,2,アーチェ,"{N3}
「あっ、あったりまえじゃん〃」{W}",,
26-00-28CA-03,26,0,73C968,28CA,3,アーチェ,"{N3}
「えーっと・・・」{W}",,
26-00-294C-00,26,0,73C968,294C,0,アーチェ,"{N3}
「言うまでもありません」{W}",,
26-00-294C-01,26,0,73C968,294C,1,アーチェ,"{N3}
「さあ、英雄たちが目指す時代は」{W}",,
26-00-2996-00,26,0,73C968,2996,0,,"１：アセリア暦４３０４年！
２：アセリア暦４２０２年！
３：アセリア暦９９９９年！",,
26-00-29EA-00,26,0,73C968,29EA,0,アーチェ,"{N3}
「さ、行こ行こ！」{W}",,
26-00-29EA-01,26,0,73C968,29EA,1,ミント,"{N2}
「ええ、先を急ぎましょう」{W}",,
26-00-29EA-02,26,0,73C968,29EA,2,クレス,"{N1}
「よし、行くぞ！」{W}",,
26-00-2A42-00,26,0,73C968,2A42,0,クレス,"{N1}
「ふう・・・」{W}",,
26-00-2A42-01,26,0,73C968,2A42,1,クレス,"{N1}
「なんとなくこの魔方陣に乗ると安心
　するよな」{W}",,
26-00-2A42-02,26,0,73C968,2A42,2,ミント,"{N2}
「そうですよね」{W}",,
26-00-2A42-03,26,0,73C968,2A42,3,ミント,"{N2}
「この魔方陣があるから、少しくらい
　無理できるんですよね」{W}",,
26-00-2A42-04,26,0,73C968,2A42,4,クラース,"{N4}
「よし、それではゲームの電源を切っ
　てひとねむりするか！」{W}",,
26-00-2A42-05,26,0,73C968,2A42,5,アーチェ,"{N3}
「・・・・・・」{W}",,
26-00-2A42-06,26,0,73C968,2A42,6,アーチェ,"{N3}
「なんか違う気がする・・・」{W}",,
26-00-2B6E-00,26,0,73C968,2B6E,0,アーチェ,"{N3}
「・・・・・・そう」{W}",,
26-00-2B6E-01,26,0,73C968,2B6E,1,アーチェ,"{N3}
「英雄たちが目指すのは、アセリア暦
　４３０４年」{W}",,
26-00-2B6E-02,26,0,73C968,2B6E,2,アーチェ,"{N3}
「その時代では、単身地下墓地に
　残っていた・・・」{W}",,
26-00-2B6E-03,26,0,73C968,2B6E,3,アーチェ,"{N3}
「時空の英雄たちの一人・・・・・・
　{N5}が・・・」{W}",,
26-00-2B6E-04,26,0,73C968,2B6E,4,アーチェ,"{N3}
「絶体絶命のピンチにおちいっている
　のです！！」{W}",,
26-00-2B6E-05,26,0,73C968,2B6E,5,アーチェ,"{N3}
「さあ、急げ英雄たち！！」{W}",,
26-00-2B6E-06,26,0,73C968,2B6E,6,アーチェ,"{N3}
「英雄たちの運命やいかに！？」{W}",,
26-00-2CC0-00,26,0,73C968,2CC0,0,クレス,"{N1}
「みんな、覚悟はいいな？」{W}",,
26-00-2CC0-01,26,0,73C968,2CC0,1,クレス,"{N1}
「いくぞッ！！」{W}",,
26-00-2CFC-00,26,0,73C968,2CFC,0,クレス,"{N1}
「・・・」{W}",,
26-00-2CFC-01,26,0,73C968,2CFC,1,クレス,"{N1}
「よし、アセリア暦４２０２年に着い
　たぞ！！」{W}",,
26-00-2CFC-02,26,0,73C968,2CFC,2,アーチェ,"{N3}
「やった～！」{W}",,
26-00-2CFC-03,26,0,73C968,2CFC,3,ミント,"{N2}
「意外と簡単でしたね！」{W}",,
26-00-2CFC-04,26,0,73C968,2CFC,4,クラース,"{N4}
「・・・っていうか、今がアセリア暦
　４２０２年だろ・・・？」{W}",,
26-00-2DC4-00,26,0,73C968,2DC4,0,クレス,"{N1}
「・・・？」{W}",,
26-00-2DC4-01,26,0,73C968,2DC4,1,クレス,"{N1}
「・・・！！」{W}",,
26-00-2DF0-00,26,0,73C968,2DF0,0,アーチェ,"{N3}
「さすがにそれは違うでしょ！」{W}",,
26-00-2E18-00,26,0,73C968,2E18,0,アーチェ,"{N3}
「時間転移よっ！！」{W}",,
26-00-2E36-00,26,0,73C968,2E36,0,オズ,"オズ
『エネルギー確認』{W}",,
26-00-2E36-01,26,0,73C968,2E36,1,オズ,"オズ
『時代と場所を指定せよ』{W}",,
26-00-2E72-00,26,0,73C968,2E72,0,アーチェ,"{N3}
「時代はアセリア暦４３０４年、場所　はトーティス村よ！！」{W}",,
26-00-2EB6-00,26,0,73C968,2EB6,0,オズ,"オズ
『音声確認・・・』{W}",,
26-00-2EB6-01,26,0,73C968,2EB6,1,オズ,"オズ
『時間転移先空間座標、安全条件クリ
　ア』{W}",,
26-00-2EB6-02,26,0,73C968,2EB6,2,オズ,"オズ
『メインプロセス開始』{W}",,
26-00-2EB6-03,26,0,73C968,2EB6,3,オズ,"オズ
『乗員は所定の位置に移動せよ』{W}",,
26-00-2F48-00,26,0,73C968,2F48,0,研究員,"研究員
「・・・これでよかったんですか？」{W}",,
26-00-2F76-00,26,0,73C968,2F76,0,占い師？,"占い師？
「・・・そうね。ありがとう」{W}",,
26-00-2F76-01,26,0,73C968,2F76,1,研究員,"研究員
「別にわざわざこんなことをしなくて　もよかったんじゃないですか？」{W}",,
26-00-2FEC-00,26,0,73C968,2FEC,0,研究員,"研究員
「ま、いいんですけどね・・・」{W}",,
26-00-3016-00,26,0,73C968,3016,0,占い師？,"占い師？
「よくがんばったわね・・・」{W}",,
26-00-3016-01,26,0,73C968,3016,1,占い師？,"占い師？
「{N3}・・・・・・」{W}",,
26-00-3060-00,26,0,73C968,3060,0,すず,"{N6}
「そろそろ時間ですね・・・」{W}",,
26-00-3060-01,26,0,73C968,3060,1,アーチェ,"{N3}
「え、もう！？」{W}",,
26-00-3060-02,26,0,73C968,3060,2,アーチェ,"{N3}
「うぅ・・・、大丈夫かなぁ？」{W}",,
26-00-30C4-00,26,0,73C968,30C4,0,,ミゲールの町に戻りますか？,,
26-00-30E0-00,26,0,73C968,30E0,0,アーチェ,"{N3}
「一回町に戻ろうか」{W}",,
26-00-30E0-01,26,0,73C968,30E0,1,すず,"{N6}
「わかりました」{W}",,
26-00-3116-00,26,0,73C968,3116,0,,"ミゲールの町に戻る事ができますが、
戻ると今回の依頼は失敗となります。{W}",,
26-00-3116-01,26,0,73C968,3116,1,,ミゲールの町に戻りますか？,,
26-00-317A-00,26,0,73C968,317A,0,アーチェ,"{N3}
「一回町に戻ろうか」{W}",,
26-00-317A-01,26,0,73C968,317A,1,すず,"{N6}
「わかりました」{W}",,
26-00-31B0-00,26,0,73C968,31B0,0,,"依頼を受けた町に退却しますか？
",,
26-00-31D2-00,26,0,73C968,31D2,0,アーチェ,"{N3}
「一回町に戻ろうか」{W}",,
26-00-31D2-01,26,0,73C968,31D2,1,すず,"{N6}
「わかりました」{W}",,
26-00-3208-00,26,0,73C968,3208,0,アーチェ,"{N3}
「この町にまだ困ってる人が
　いる気がする・・・」{W}",,
26-00-3244-00,26,0,73C968,3244,0,アーチェ,"{N3}
「おっといけない！」{W}",,
26-00-3244-01,26,0,73C968,3244,1,アーチェ,"{N3}
「まだ任務の途中だった・・・」{W}",,
26-00-3288-00,26,0,73C968,3288,0,アーチェ,"{N3}
「まだ用事がすんでないよ・・・」{W}",,
27-00-0000-00,27,0,7430F0,0000,0,クラース,"{N4}
「うう、さみ～・・・」{W}",,
27-00-0000-01,27,0,7430F0,0000,1,クラース,"{N4}
「宿屋で一休みしよう」{W}",,
27-00-003E-00,27,0,7430F0,003E,0,,常闇の町　アーリィ,,
27-00-0052-00,27,0,7430F0,0052,0,,宿屋『スプラッターハウス』,,
27-00-006E-00,27,0,7430F0,006E,0,,武具屋『午前３時』,,
27-00-0082-00,27,0,7430F0,0082,0,,道具屋『うしみつ時』,,
27-00-0098-00,27,0,7430F0,0098,0,,喫茶『寝坊』,,
27-00-00A6-00,27,0,7430F0,00A6,0,宿屋,"宿屋
「いらっしゃい」{W}",,
27-00-00A6-01,27,0,7430F0,00A6,1,宿屋,"宿屋
「お泊まりですか？」{W}",,
27-00-00A6-02,27,0,7430F0,00A6,2,宿屋,"宿屋
「一晩７０ガルドになります」",,
27-00-00FE-00,27,0,7430F0,00FE,0,宿屋,"宿屋
「ごゆっくり」{W}",,
27-00-00FE-01,27,0,7430F0,00FE,1,宿屋,"宿屋
「チェックアウトは明日の九時です」{W}",,
27-00-0140-00,27,0,7430F0,0140,0,宿屋,"宿屋
「すいません」{W}",,
27-00-0140-01,27,0,7430F0,0140,1,宿屋,"宿屋
「お金が足りません」{W}",,
27-00-0174-00,27,0,7430F0,0174,0,宿屋,"宿屋
「また来て下さい、旅の方」{W}",,
27-00-0198-00,27,0,7430F0,0198,0,武具屋,"武具屋
「いらっしゃい」{W}",,
27-00-01B4-00,27,0,7430F0,01B4,0,武具屋,"武具屋
「どうも」{W}",,
27-00-01CA-00,27,0,7430F0,01CA,0,道具屋,"道具屋
「いらっしゃい」{W}",,
27-00-01CA-01,27,0,7430F0,01CA,1,道具屋,"道具屋
「薬も扱っています」{W}",,
27-00-0204-00,27,0,7430F0,0204,0,道具屋,"道具屋
「ありがとうございます」{W}",,
27-00-0228-00,27,0,7430F0,0228,0,マスター,"マスター
「喫茶『寝坊』へようこそ」{W}",,
27-00-0228-01,27,0,7430F0,0228,1,マスター,"マスター
「食料も扱ってるよ」{W}",,
27-00-0270-00,27,0,7430F0,0270,0,マスター,"マスター
「ありがとう」{W}",,
27-00-0270-01,27,0,7430F0,0270,1,マスター,"マスター
「また来て下さい」{W}",,
27-00-02AA-00,27,0,7430F0,02AA,0,ウェイトレス,"ウェイトレス
「あなたもコーヒーいかが？」{W}",,
27-00-02AA-01,27,0,7430F0,02AA,1,ウェイトレス,"ウェイトレス
「温まるわよ」{W}",,
27-00-02F6-00,27,0,7430F0,02F6,0,調査隊,"調査隊
「私たちはアルヴァニスタの調査隊で
　す」{W}",,
27-00-02F6-01,27,0,7430F0,02F6,1,調査隊,"調査隊
「この闇の原因を究明するために派遣
　されました」{W}",,
27-00-0368-00,27,0,7430F0,0368,0,調査隊,"調査隊
「この闇は数年前に現れました」{W}",,
27-00-0368-01,27,0,7430F0,0368,1,調査隊,"調査隊
「ダオスが現れたのと同じ時期なので
　やはり奴の仕業かと」{W}",,
27-00-03D6-00,27,0,7430F0,03D6,0,町の人,"町の人
「この町は、もともと鉱山夫の休憩所
　だったんだ」{W}",,
27-00-03D6-01,27,0,7430F0,03D6,1,町の人,"町の人
「人口も数百人にのぼったんだけど・
　・・」{W}",,
27-00-03D6-02,27,0,7430F0,03D6,2,町の人,"町の人
「闇に覆われてからは、すっかりすた
　れてしまったよ」{W}",,
27-00-048A-00,27,0,7430F0,048A,0,剣士,"剣士
「ここから北西の洞穴はもともと鉱山
　の穴だったんだ」{W}",,
27-00-048A-01,27,0,7430F0,048A,1,剣士,"剣士
「でも、ダオスが現れた時に山が一つ
　破壊されてね」{W}",,
27-00-048A-02,27,0,7430F0,048A,2,剣士,"剣士
「鉱山も無くなってしまった」{W}",,
27-00-052A-00,27,0,7430F0,052A,0,兵士,"兵士
「いや～、温まるねぇ」{W}",,
27-00-052A-01,27,0,7430F0,052A,1,兵士,"兵士
「ここの店のコーヒーはまた格別うま
　い！」{W}",,
27-00-057E-00,27,0,7430F0,057E,0,兵士,"兵士
「あれッ？」{W}",,
27-00-057E-01,27,0,7430F0,057E,1,兵士,"兵士
「君、{N1}君じゃないか？」{W}",,
27-00-057E-02,27,0,7430F0,057E,2,兵士,"兵士
「アルヴァニスタ王国から連絡を受け
　ているよ」{W}",,
27-00-057E-03,27,0,7430F0,057E,3,兵士,"兵士
「ダオスの居場所を探しているとか」{W}",,
27-00-057E-04,27,0,7430F0,057E,4,クレス,"{N1}
「ええ」{W}",,
27-00-057E-05,27,0,7430F0,057E,5,クレス,"{N1}
「なにか・・・、手がかりはありませ
　んか？」{W}",,
27-00-057E-06,27,0,7430F0,057E,6,兵士,"兵士
「いや～・・・」{W}",,
27-00-057E-07,27,0,7430F0,057E,7,兵士,"兵士
「我々調査隊も、ここの闇地帯が怪し
　いと思っているのだが・・・」{W}",,
27-00-057E-08,27,0,7430F0,057E,8,兵士,"兵士
「何も手がかりが出てこないんだよ」{W}",,
27-00-057E-09,27,0,7430F0,057E,9,クレス,"{N1}
「そうですか・・・」{W}",,
27-00-057E-10,27,0,7430F0,057E,10,兵士,"兵士
「すまんね・・・」{W}",,
27-00-057E-11,27,0,7430F0,057E,11,兵士,"兵士
「そうそう」{W}",,
27-00-057E-12,27,0,7430F0,057E,12,兵士,"兵士
「オレが倒した魔物からこの紋章を手
　に入れたんだが・・・」{W}",,
27-00-057E-13,27,0,7430F0,057E,13,兵士,"兵士
「なにかの役に立つかもしれない」{W}",,
27-00-057E-14,27,0,7430F0,057E,14,兵士,"兵士
「ぜひ持っていってくれ」{W}",,
27-00-057E-15,27,0,7430F0,057E,15,クレス,"{N1}
「あっ、ありがとうございます」{W}",,
27-00-057E-16,27,0,7430F0,057E,16,,デリスエンブレムを手に入れました。{W},,
27-00-080A-00,27,0,7430F0,080A,0,町の人,"町の人
「う～、さぶ～・・・」{W}",,
27-00-080A-01,27,0,7430F0,080A,1,町の人,"町の人
「温泉にでも入りたいな～」{W}",,
27-00-080A-02,27,0,7430F0,080A,2,町の人,"町の人
「忍者の里には冷え性に効く温泉があ
　るんだとよ」{W}",,
27-00-080A-03,27,0,7430F0,080A,3,町の人,"町の人
「一度入りたいねぇ～」{W}",,
27-00-080A-04,27,0,7430F0,080A,4,町の人,"町の人
「えっ、忍者の里？」{W}",,
27-00-080A-05,27,0,7430F0,080A,5,町の人,"町の人
「トレントの森の奥にあるっていう話
　だけど」{W}",,
27-00-0902-00,27,0,7430F0,0902,0,兵士,"兵士
「さみ～・・・」{W}",,
27-00-0902-01,27,0,7430F0,0902,1,兵士,"兵士
「こんな時に見張りなんてついてない
　ぜ」{W}",,
27-00-0902-02,27,0,7430F0,0902,2,兵士,"兵士
「外の気温がマイナス２０度を越えた
　時・・・」{W}",,
27-00-0902-03,27,0,7430F0,0902,3,兵士,"兵士
「スターダストっていう虫がどこから
　か飛んでくるそうだ」{W}",,
27-00-0902-04,27,0,7430F0,0902,4,兵士,"兵士
「冬なのにだよ？」{W}",,
27-00-0902-05,27,0,7430F0,0902,5,兵士,"兵士
「・・・不思議だよね」{W}",,
27-00-0A00-00,27,0,7430F0,0A00,0,兵士,"兵士
「ここら辺は魔物が多くてね」{W}",,
27-00-0A26-00,27,0,7430F0,0A26,0,女剣士,"女剣士
「修行なんてやってられるか！」{W}",,
27-00-0A50-00,27,0,7430F0,0A50,0,女剣士,"女剣士
「お前、剣士か？」{W}",,
27-00-0A50-01,27,0,7430F0,0A50,1,女剣士,"女剣士
「この奥義書、買わねえか？」{W}",,
27-00-0A50-02,27,0,7430F0,0A50,2,クレス,"{N1}
「えっ、奥義書！？」{W}",,
27-00-0A50-03,27,0,7430F0,0A50,3,女剣士,"女剣士
「修行の旅に出てみたものの、もう嫌
　になっちまった」{W}",,
27-00-0A50-04,27,0,7430F0,0A50,4,女剣士,"女剣士
「もう田舎に帰るよ・・・」{W}",,
27-00-0A50-05,27,0,7430F0,0A50,5,女剣士,"女剣士
「どうだ？」{W}",,
27-00-0A50-06,27,0,7430F0,0A50,6,女剣士,"女剣士
「５００００ガルドでいいよ」{W}",,
27-00-0A50-07,27,0,7430F0,0A50,7,,{COL:3}買いますか？{COL:2},,
27-00-0B64-00,27,0,7430F0,0B64,0,女剣士,"女剣士
「ちぇッ」{W}",,
27-00-0B64-01,27,0,7430F0,0B64,1,女剣士,"女剣士
「これが売れないと帰れないんだよ」{W}",,
27-00-0BA6-00,27,0,7430F0,0BA6,0,女剣士,"女剣士
「金が足りないよ」{W}",,
27-00-0BC4-00,27,0,7430F0,0BC4,0,,"{COL:3}{N1}は
鳳凰天空破を覚えました。{COL:2}{W}",,
27-00-0BC4-01,27,0,7430F0,0BC4,1,女剣士,"女剣士
「ありがとう！」{W}",,
27-00-0BC4-02,27,0,7430F0,0BC4,2,女剣士,"女剣士
「これで田舎に帰れるよ」{W}",,
27-00-0C2C-00,27,0,7430F0,0C2C,0,女の子,"女の子
「雪の精霊の使いスターダストはね、
　一日しか生きられないの」{W}",,
27-00-0C2C-01,27,0,7430F0,0C2C,1,女の子,"女の子
「はかなさと美しさを兼ね備えた最高
　の生き物よね」{W}",,
27-00-0C2C-02,27,0,7430F0,0C2C,2,女の子,"女の子
「えっ、契約を結べるかって？」{W}",,
27-00-0C2C-03,27,0,7430F0,0C2C,3,女の子,"女の子
「そうじゃないわよ」{W}",,
27-00-0C2C-04,27,0,7430F0,0C2C,4,女の子,"女の子
「ものすごい寒い日の朝・・・」{W}",,
27-00-0C2C-05,27,0,7430F0,0C2C,5,女の子,"女の子
「空中にキラキラした星みたいなのが
　漂うのよ」{W}",,
27-00-0C2C-06,27,0,7430F0,0C2C,6,女の子,"女の子
「それを、スターダストって言うの」{W}",,
27-00-0D88-00,27,0,7430F0,0D88,0,町の人,"町の人
「オリジンは、伝説の精霊なんかじゃ
　ない」{W}",,
27-00-0D88-01,27,0,7430F0,0D88,1,町の人,"町の人
「伝説を伝説と納得したらおしまいだ
　よ」{W}",,
27-00-0D88-02,27,0,7430F0,0D88,2,町の人,"町の人
「やっぱり夢、ユメ、ＹＵＭＥだよ」{W}",,
27-00-0D88-03,27,0,7430F0,0D88,3,町の人,"町の人
「夢をもたなきゃ！」{W}",,
27-00-0E3E-00,27,0,7430F0,0E3E,0,店員,"店員
「いらっしゃい」{W}",,
27-00-0E3E-01,27,0,7430F0,0E3E,1,店員,"店員
「闇の精霊をこの大陸で見たっていう
　人がいたわ」{W}",,
27-00-0E3E-02,27,0,7430F0,0E3E,2,店員,"店員
「ホントかしら？」{W}",,
27-00-0EAC-00,27,0,7430F0,0EAC,0,隊員,"隊員
「{N1}殿！」{W}",,
27-00-0EAC-01,27,0,7430F0,0EAC,1,隊員,"隊員
「{N1}殿は
　おられますかー！？」{W}",,
27-00-0EEC-00,27,0,7430F0,0EEC,0,クレス,"{N1}
「あなたは？」{W}",,
27-00-0EEC-01,27,0,7430F0,0EEC,1,隊員,"隊員
「私はアルヴァニスタ調査隊情報部の
　者です」{W}",,
27-00-0EEC-02,27,0,7430F0,0EEC,2,隊員,"隊員
「実は鉱山跡で巨大な城を見たという
　人がいたのです」{W}",,
27-00-0EEC-03,27,0,7430F0,0EEC,3,クレス,"{N1}
「巨大な城？」{W}",,
27-00-0EEC-04,27,0,7430F0,0EEC,4,隊員,"隊員
「はい」{W}",,
27-00-0EEC-05,27,0,7430F0,0EEC,5,隊員,"隊員
「鉱山跡は途中で山の中腹に出るので
　すが・・・」{W}",,
27-00-0EEC-06,27,0,7430F0,0EEC,6,隊員,"隊員
「そこから、なにやら巨大な城が見え
　たと・・・」{W}",,
27-00-0EEC-07,27,0,7430F0,0EEC,7,クラース,"{N4}
「なるほど、怪しいな」{W}",,
27-00-0EEC-08,27,0,7430F0,0EEC,8,クレス,"{N1}
「よし、行ってみよう」{W}",,
27-00-0EEC-09,27,0,7430F0,0EEC,9,隊員,"隊員
「鉱山跡はここから北西の方角にあり
　ます」{W}",,
27-00-0EEC-10,27,0,7430F0,0EEC,10,隊員,"隊員
「では、私はこれで」{W}",,
27-00-109E-00,27,0,7430F0,109E,0,,{COL:3}法術士のあかしのイヤリングを手に入れました。{W},,
27-00-109E-01,27,0,7430F0,109E,1,,装飾品として装備できます。{COL:2}{W},,
27-00-10F2-00,27,0,7430F0,10F2,0,クラース,"{N4}
「う～、さみ～」{W}",,
27-00-10F2-01,27,0,7430F0,10F2,1,クラース,"{N4}
「ストーブ、ストーブ・・・」{W}",,
27-00-1130-00,27,0,7430F0,1130,0,クレス,"{N1}
「どうしたの、{N2}？」{W}",,
27-00-1150-00,27,0,7430F0,1150,0,ミント,"{N2}
「{N1}さん{SPD:10}・・・{SPD:FF}」{W}",,
27-00-1150-01,27,0,7430F0,1150,1,ミント,"{N2}
「あの{SPD:10}・・・、{SPD:FF}話があるんです」{W}",,
27-00-1150-02,27,0,7430F0,1150,2,ミント,"{N2}
「宿屋の裏で待ってますから、荷物を
　置いたら来て下さいね」{W}",,
27-00-1150-03,27,0,7430F0,1150,3,クレス,"{N1}
「えっ、あ、はぁ・・・」{W}",,
27-00-1206-00,27,0,7430F0,1206,0,アーチェ,"{N3}
「あれッ？」{W}",,
27-00-1206-01,27,0,7430F0,1206,1,アーチェ,"{N3}
「{N2}はどうしたの？」{W}",,
27-00-1206-02,27,0,7430F0,1206,2,クレス,"{N1}
「・・・散歩だってさ」{W}",,
27-00-1206-03,27,0,7430F0,1206,3,クラース,"{N4}
「なにもこんな寒いところでしなくて
　も・・・」{W}",,
27-00-1206-04,27,0,7430F0,1206,4,クラース,"{N4}
「う～、さぶ～」{W}",,
27-00-12A8-00,27,0,7430F0,12A8,0,クラース,"{N4}
「どうした、{N1}？」{W}",,
27-00-12C6-00,27,0,7430F0,12C6,0,クレス,"{N1}
「えッ？」{W}",,
27-00-12C6-01,27,0,7430F0,12C6,1,クレス,"{N1}
「いや・・・」{W}",,
27-00-12C6-02,27,0,7430F0,12C6,2,クレス,"{N1}
「ちょ、ちょっと散歩に行ってくる・
　・・」{W}",,
27-00-1324-00,27,0,7430F0,1324,0,アーチェ,"{N3}
「あたしもッ！」{W}",,
27-00-133E-00,27,0,7430F0,133E,0,クレス,"{N1}
「ひ、一人で行きたいんだ」{W}",,
27-00-1362-00,27,0,7430F0,1362,0,アーチェ,"{N3}
「へーんなのッ」{W}",,
27-00-1362-01,27,0,7430F0,1362,1,クラース,"{N4}
「{N1}までこんな寒い中を」{W}",,
27-00-1362-02,27,0,7430F0,1362,2,クラース,"{N4}
「・・・若いってのは良い事だね」{W}",,
27-00-1362-03,27,0,7430F0,1362,3,アーチェ,"{N3}
「ちょっと、おじんくさいこと言わな
　いでよ」{W}",,
27-00-1362-04,27,0,7430F0,1362,4,アーチェ,"{N3}
「まだ三十路前なのに」{W}",,
27-00-1362-05,27,0,7430F0,1362,5,クラース,"{N4}
「へいへい」{W}",,
27-00-142E-00,27,0,7430F0,142E,0,クラース,"{N4}
「さてっ、時間もあるし何をしようか
　・・・」{W}",,
27-00-1466-00,27,0,7430F0,1466,0,アーチェ,"{N3}
「どうしたの？」{W}",,
27-00-1466-01,27,0,7430F0,1466,1,クラース,"{N4}
「なに、ちょっとしたイタズラさ・・
　・」{W}",,
27-00-14B2-00,27,0,7430F0,14B2,0,クラース,"{N4}
「オリジンよ」{W}",,
27-00-14B2-01,27,0,7430F0,14B2,1,クラース,"{N4}
「お前には未来や過去を見せる力があ
　るのではなかったか？」{W}",,
27-00-14B2-02,27,0,7430F0,14B2,2,オリジン,"オリジン
『・・・確かに時の剣を使えば可能だ
　が・・・』{W}",,
27-00-14B2-03,27,0,7430F0,14B2,3,オリジン,"オリジン
『未来を知る事は許されぬぞ？』{W}",,
27-00-14B2-04,27,0,7430F0,14B2,4,オリジン,"オリジン
『過去を少しだけ、見るくらいであれ
　ば、構わないが』{W}",,
27-00-15B6-00,27,0,7430F0,15B6,0,アーチェ,"{N3}
「イタコ状態？」{W}",,
27-00-15D0-00,27,0,7430F0,15D0,0,オリジン,"オリジン
『あるじの願いとあってもこれは一度
　・・・特別だ』{W}",,
27-00-15D0-01,27,0,7430F0,15D0,1,クラース,"{N4}
「一回だけか」{W}",,
27-00-1628-00,27,0,7430F0,1628,0,クラース,"{N4}
「すまん」{W}",,
27-00-1628-01,27,0,7430F0,1628,1,クラース,"{N4}
「部屋から出てくれないか？」{W}",,
27-00-1628-02,27,0,7430F0,1628,2,アーチェ,"{N3}
「なんでッ？」{W}",,
27-00-1676-00,27,0,7430F0,1676,0,クラース,"{N4}
「いいからッ！」{W}",,
27-00-1676-01,27,0,7430F0,1676,1,アーチェ,"{N3}
「なんなのよぉ、みんなして！」{W}",,
27-00-16B6-00,27,0,7430F0,16B6,0,オリジン,"オリジン
『でっ、なにが見たいのだ？』{W}",,
27-00-16B6-01,27,0,7430F0,16B6,1,クラース,"{N4}
「・・・・・・」{W}",,
27-00-16B6-02,27,0,7430F0,16B6,2,オリジン,"オリジン
『はぁ？』{W}",,
27-00-170E-00,27,0,7430F0,170E,0,クラース,"{N4}
「・・・・・・」{W}",,
27-00-170E-01,27,0,7430F0,170E,1,オリジン,"オリジン
『えッ？』{W}",,
27-00-170E-02,27,0,7430F0,170E,2,オリジン,"オリジン
『あぁ、わかった』{W}",,
27-00-170E-03,27,0,7430F0,170E,3,オリジン,"オリジン
『わかったけど、召喚する時みたいに
　大きい声で言ってくれよ』{W}",,
27-00-170E-04,27,0,7430F0,170E,4,オリジン,"オリジン
『では・・・』{W}",,
27-00-17C0-00,27,0,7430F0,17C0,0,アーチェ,"{N3}
「なに見てんのよ、{N5}」{W}",,
27-00-17C0-01,27,0,7430F0,17C0,1,チェスター,"{N5}
「あのニ人の様子を見に行くんだろ」{W}",,
27-00-17C0-02,27,0,7430F0,17C0,2,チェスター,"{N5}
「性格疑っちまうぜ」{W}",,
27-00-1828-00,27,0,7430F0,1828,0,アーチェ,"{N3}
「なにさッ！」{W}",,
27-00-1828-01,27,0,7430F0,1828,1,チェスター,"{N5}
「なんだよ」{W}",,
27-00-1854-00,27,0,7430F0,1854,0,アーチェ,"{N3}
「あんたってさ、あたしと性格正反対
　よね」{W}",,
27-00-1854-01,27,0,7430F0,1854,1,チェスター,"{N5}
「その方がいいだろ」{W}",,
27-00-1854-02,27,0,7430F0,1854,2,アーチェ,"{N3}
「いちいちつっかかるわねぇ」{W}",,
27-00-1854-03,27,0,7430F0,1854,3,チェスター,"{N5}
「どっちがッ！！」{W}",,
27-00-1854-04,27,0,7430F0,1854,4,チェスター,"{N5}
「だいたいお前は初めて見た時から・
　・・」{W}",,
27-00-1918-00,27,0,7430F0,1918,0,アーチェ,"{N3}
「{SPD:10}・・・ミタトキカラ{SPD:FF}？」{W}",,
27-00-1942-00,27,0,7430F0,1942,0,チェスター,"{N5}
「なんでもねぇよ」{W}",,
27-00-195E-00,27,0,7430F0,195E,0,アーチェ,"{N3}
「ねっ、外行こ」{W}",,
27-00-195E-01,27,0,7430F0,195E,1,チェスター,"{N5}
「いいよ、オレは」{W}",,
27-00-195E-02,27,0,7430F0,195E,2,アーチェ,"{N3}
「来て、ほらほら」{W}",,
27-00-19AC-00,27,0,7430F0,19AC,0,クレス,"{N1}
「ごめん、待った？」{W}",,
27-00-19AC-01,27,0,7430F0,19AC,1,ミント,"{N2}
「ううん」{W}",,
27-00-19AC-02,27,0,7430F0,19AC,2,クレス,"{N1}
「一人で出てくるタイミングがなかな
　かなくて・・・」{W}",,
27-00-1A1A-00,27,0,7430F0,1A1A,0,クレス,"{N1}
「となり・・・、いい？」{W}",,
27-00-1A1A-01,27,0,7430F0,1A1A,1,ミント,"{N2}
「ええ」{W}",,
27-00-1A4C-00,27,0,7430F0,1A4C,0,クレス,"{N1}
「で、話って{SPD:10}・・・{SPD:FF}何？」{W}",,
27-00-1A4C-01,27,0,7430F0,1A4C,1,ミント,"{N2}
「これを見て・・・」{W}",,
27-00-1A92-00,27,0,7430F0,1A92,0,クレス,"{N1}
「これは・・・」{W}",,
27-00-1AAC-00,27,0,7430F0,1AAC,0,クレス,"{N1}
「・・・これは・・・イヤリング？」{W}",,
27-00-1AAC-01,27,0,7430F0,1AAC,1,？？？,"？？？
「それを壁にかざして・・・」{W}",,
27-00-1AAC-02,27,0,7430F0,1AAC,2,？？？,"？？？
「あなたならきっと館から出られるわ
　・・・」{W}",,
27-00-1AAC-03,27,0,7430F0,1AAC,3,クレス,"{N1}
「ちょ、ちょっと待って！」{W}",,
27-00-1AAC-04,27,0,7430F0,1AAC,4,クレス,"{N1}
「あなたは・・・」{W}",,
27-00-1AAC-05,27,0,7430F0,1AAC,5,クレス,"{N1}
「・・・とにかく、イヤリングをかざ
　してみよう」{W}",,
27-00-1BAC-00,27,0,7430F0,1BAC,0,ミント,"{N2}
「このユニコーンの飾りがついたイヤ
　リング、珍しいでしょ？」{W}",,
27-00-1BAC-01,27,0,7430F0,1BAC,1,ミント,"{N2}
「この世にニつとない・・・」{W}",,
27-00-1BAC-02,27,0,7430F0,1BAC,2,ミント,"{N2}
「私のお母さんが身につけていた法術
　師の証し{SPD:10}・・・{SPD:FF}」{W}",,
27-00-1C5E-00,27,0,7430F0,1C5E,0,ミント,"{N2}
「お母さんは、もう{SPD:10}・・・{SPD:FF}」{W}",,
27-00-1C8A-00,27,0,7430F0,1C8A,0,クレス,"{N1}
「{SPD:10}・・・{SPD:FF}ごめん{SPD:10}・・・{SPD:FF}」{W}",,
27-00-1CBA-00,27,0,7430F0,1CBA,0,ミント,"{N2}
「謝らないで」{W}",,
27-00-1CBA-01,27,0,7430F0,1CBA,1,ミント,"{N2}
「あの時{N1}さんが・・・」{W}",,
27-00-1CBA-02,27,0,7430F0,1CBA,2,ミント,"{N2}
「嘘をついてくれなかったら・・・」{W}",,
27-00-1CBA-03,27,0,7430F0,1CBA,3,ミント,"{N2}
「私・・・、きっと取り乱して迷惑か
　けてた・・・」{W}",,
27-00-1D5A-00,27,0,7430F0,1D5A,0,クレス,"{N1}
「{N2}{SPD:10}・・・{SPD:FF}」{W}",,
27-00-1D5A-01,27,0,7430F0,1D5A,1,ミント,"{N2}
「本当に{SPD:10}・・・{SPD:FF}ありがとう{SPD:10}・・・{SPD:FF}」{W}",,
27-00-1DB2-00,27,0,7430F0,1DB2,0,アーチェ,"{N3}
『{N2}・・・』{W}",,
27-00-1DB2-01,27,0,7430F0,1DB2,1,チェスター,"{N5}
『おい、もう戻ろうぜ』{W}",,
27-00-1DB2-02,27,0,7430F0,1DB2,2,チェスター,"{N5}
『また雪も降ってきたし・・・』{W}",,
27-00-1DB2-03,27,0,7430F0,1DB2,3,アーチェ,"{N3}
『も、もうちょっと・・・』{W}",,
27-00-1E30-00,27,0,7430F0,1E30,0,,{N4}は新たな称号を得ました。{W},,
27-00-1E50-00,27,0,7430F0,1E50,0,すず,"{N6}
（父上、母上・・・）{W}",,
27-00-1E50-01,27,0,7430F0,1E50,1,すず,"{N6}
（もうすぐ・・・、ダオスとの決戦で
　す）{W}",,
27-00-1E50-02,27,0,7430F0,1E50,2,すず,"{N6}
（・・・・・・）{W}",,
27-00-1EB8-00,27,0,7430F0,1EB8,0,すず,"{N6}
（父上、母上・・・）{W}",,
27-00-1EB8-01,27,0,7430F0,1EB8,1,すず,"{N6}
（今・・・、{N6}は・・・）{W}",,
27-00-1EB8-02,27,0,7430F0,1EB8,2,すず,"{N6}
（・・・迷っています）{W}",,
27-00-1F16-00,27,0,7430F0,1F16,0,すず,"{N6}
（・・・父上、本当に忍者は非情でな
　ければなりませんか？）{W}",,
27-00-1F16-01,27,0,7430F0,1F16,1,すず,"{N6}
（みんなと一緒にいると・・・）{W}",,
27-00-1F16-02,27,0,7430F0,1F16,2,すず,"{N6}
（なぜか、{N6}は・・・）{W}",,
27-00-1F16-03,27,0,7430F0,1F16,3,すず,"{N6}
（不思議な気持ちになります）{W}",,
27-00-1F16-04,27,0,7430F0,1F16,4,すず,"{N6}
（それは・・・）{W}",,
27-00-1F16-05,27,0,7430F0,1F16,5,すず,"{N6}
（それは、心の弱さでしょうか？）{W}",,
27-00-1F16-06,27,0,7430F0,1F16,6,すず,"{N6}
（・・・母上、この気持ちはなんなの
　でしょう）{W}",,
27-00-203E-00,27,0,7430F0,203E,0,すず,"{N6}
（・・・・・・）{W}",,
27-00-203E-01,27,0,7430F0,203E,1,すず,"{N6}
（・・・私には）{W}",,
27-00-203E-02,27,0,7430F0,203E,2,すず,"{N6}
（・・・わかりません）{W}",,
27-00-203E-03,27,0,7430F0,203E,3,すず,"{N6}
（・・・・・・）{W}",,
27-00-20A6-00,27,0,7430F0,20A6,0,すず,"{N6}
（でも・・・）{W}",,
27-00-20A6-01,27,0,7430F0,20A6,1,すず,"{N6}
（でも、せめて最後の戦いは・・・）{W}",,
27-00-20A6-02,27,0,7430F0,20A6,2,すず,"{N6}
（{N1}さんたちと・・・
　心を重ねて戦いたい・・・）{W}",,
27-00-2124-00,27,0,7430F0,2124,0,すず,"{N6}
（それで、この身倒るることになろう
　とも・・・）{W}",,
27-00-2124-01,27,0,7430F0,2124,1,すず,"{N6}
（後悔はいたしません）{W}",,
27-00-217E-00,27,0,7430F0,217E,0,料理人,"料理人
「ハヤシライス作ってるかい？」{W}",,
27-00-21A8-00,27,0,7430F0,21A8,0,料理人,"料理人
「私は『すばらしき味の世界』の住人
　だ」{W}",,
27-00-21A8-01,27,0,7430F0,21A8,1,料理人,"料理人
「この味をより多くの人に伝えたい」{W}",,
27-00-21A8-02,27,0,7430F0,21A8,2,料理人,"料理人
「君も私の世界に触れてみないか？」",,
27-00-2234-00,27,0,7430F0,2234,0,料理人,"料理人
「この料理を伝授しよう！」{W}",,
27-00-225A-00,27,0,7430F0,225A,0,,"{COL:2}ハヤシライスを料理できるようになり
ました。{W}",,
27-00-225A-01,27,0,7430F0,225A,1,,{COL:0},,
27-00-2292-00,27,0,7430F0,2292,0,料理人,"料理人
「おお、なんということだ！」{W}",,
27-00-22BA-00,27,0,7430F0,22BA,0,,{COL:2}法術師の{ITEM:17E}を手に入れました。{W},,
27-00-22BA-01,27,0,7430F0,22BA,1,,{N2}専用の装飾品として装備することができます。{W},,
27-00-22BA-02,27,0,7430F0,22BA,2,,{COL:0},,
27-00-2314-00,27,0,7430F0,2314,0,頑固職人,"頑固職人
「若いの、元気か？」{W}",,
27-00-2336-00,27,0,7430F0,2336,0,頑固職人,"頑固職人
「おい、若いの」{W}",,
27-00-2336-01,27,0,7430F0,2336,1,頑固職人,"頑固職人
「俺の質問に答えていかねぇか？」",,
27-00-237E-00,27,0,7430F0,237E,0,頑固職人,"頑固職人
「あばよ」{W}",,
27-00-2396-00,27,0,7430F0,2396,0,頑固職人,"頑固職人
「おめぇは、防具に必要なものは何だ
　と思う？」{W}",,
27-00-2396-01,27,0,7430F0,2396,1,,"{COL:2}１安さ　　　　２品質
３華やかさ　　４寒くないかどうか{COL:0}",,
27-00-2412-00,27,0,7430F0,2412,0,頑固職人,"頑固職人
「自分が作ったモノに、満足がいかな
　かったらどうする？」{W}",,
27-00-2412-01,27,0,7430F0,2412,1,,"{COL:2}１それでも売る　２値下げして売る
３たたきこわす　４もっと努力する{COL:0}",,
27-00-24A4-00,27,0,7430F0,24A4,0,頑固職人,"頑固職人
「お前にとって、武器とは何だ？」{W}",,
27-00-24A4-01,27,0,7430F0,24A4,1,,"{COL:2}１相手を倒すもの２自分を守るもの
３力を示すもの　４使いたくないもの{COL:0}",,
27-00-251E-00,27,0,7430F0,251E,0,頑固職人,"頑固職人
「若いの、俺と気が合うな」{W}",,
27-00-251E-01,27,0,7430F0,251E,1,頑固職人,"頑固職人
「持ってけ」{W}",,
27-00-255E-00,27,0,7430F0,255E,0,,{COL:2}{ITEM:188}を手に入れました。{W},,
27-00-255E-01,27,0,7430F0,255E,1,,{COL:0},,
27-00-2580-00,27,0,7430F0,2580,0,頑固職人,"頑固職人
「・・・そうかい」{W}",,
27-00-25A0-00,27,0,7430F0,25A0,0,男,"男
「眠いような眠くないような・・・」{W}",,
27-00-25CA-00,27,0,7430F0,25CA,0,ローブを着た人,"ローブを着た人
「今年はフリーズキールは寒いらし
　いわね」{W}",,
27-00-260A-00,27,0,7430F0,260A,0,ローブを着た人,"ローブを着た人
「なんか『寝坊』のほうからうめき声
　が聞こえる・・・」{W}",,
27-00-2656-00,27,0,7430F0,2656,0,少年,"少年
「こんにちは～。こんばんわ～」{W}",,
27-00-267E-00,27,0,7430F0,267E,0,兵士,"兵士
「最近は魔物もおとなしくなったよ」{W}",,
27-00-26AA-00,27,0,7430F0,26AA,0,武具屋,"武具屋
「武器いらんかね～」{W}",,
27-00-26CA-00,27,0,7430F0,26CA,0,道具屋,"道具屋
「はい。いらっしゃい」{W}",,
27-00-26EC-00,27,0,7430F0,26EC,0,宿屋,"宿屋
「あぁっ、この間のへんな集団にいた
　人じゃないか！！」{W}",,
27-00-26EC-01,27,0,7430F0,26EC,1,宿屋,"宿屋
「いったいあれは
　何をしてたんだね？」{W}",,
27-00-275E-00,27,0,7430F0,275E,0,マスター,"マスター
「あそこの集団はどうにかならんもん
　かね？」{W}",,
27-00-279A-00,27,0,7430F0,279A,0,ウェイトレス,"ウェイトレス
「あの人たちずっとああなのよ」{W}",,
27-00-27CA-00,27,0,7430F0,27CA,0,男の人,"男の人
「うわ～、ヒマだ～・・・」{W}",,
27-00-27F0-00,27,0,7430F0,27F0,0,男の人,"男の人
「うわ～、ヒマだ～・・・」{W}",,
27-00-2816-00,27,0,7430F0,2816,0,男の人,"男の人
「うわ～、ヒマだ～・・・」{W}",,
27-00-283C-00,27,0,7430F0,283C,0,男の人,"男の人
「うわ～、ヒマだ～・・・」{W}",,
27-00-2862-00,27,0,7430F0,2862,0,男の人,"男の人
「あ、{N3}さん・・・」{W}",,
27-00-2862-01,27,0,7430F0,2862,1,アーチェ,"{N3}
「・・・今ごろ気付いたの？」{W}",,
27-00-2862-02,27,0,7430F0,2862,2,男の人,"男の人
「いやー、すみませんねぇ」{W}",,
27-00-2862-03,27,0,7430F0,2862,3,男の人,"男の人
「何しろヒマなもんで・・・」{W}",,
27-00-2862-04,27,0,7430F0,2862,4,アーチェ,"{N3}
「・・・で、男４人でダラダラとして
　るの？」{W}",,
27-00-2862-05,27,0,7430F0,2862,5,男の人,"男の人
「ま、そんな感じッス」{W}",,
27-00-2862-06,27,0,7430F0,2862,6,男の人,"男の人
「そうだ、{N3}さん！」{W}",,
27-00-2862-07,27,0,7430F0,2862,7,男の人,"男の人
「なんかヒマつぶしのいいアイデア、
　ないですかね？」{W}",,
27-00-2862-08,27,0,7430F0,2862,8,,なにかアイデアを提供しますか？,,
27-00-29C6-00,27,0,7430F0,29C6,0,アーチェ,"{N3}
「ねえ、{N6}ちゃん」{W}",,
27-00-29C6-01,27,0,7430F0,29C6,1,すず,"{N6}
「なんでしょう？」{W}",,
27-00-29C6-02,27,0,7430F0,29C6,2,アーチェ,"{N3}
「４人でヒマを潰すって言ったら、な
　んだろう？」{W}",,
27-00-29C6-03,27,0,7430F0,29C6,3,すず,"{N6}
「わ、私はそういうのは
　ちょっと・・・」{W}",,
27-00-29C6-04,27,0,7430F0,29C6,4,すず,"{N6}
「{N3}さんなら・・・」{W}",,
27-00-29C6-05,27,0,7430F0,29C6,5,すず,"{N6}
「いろいろと知ってるんじゃないです
　か？」{W}",,
27-00-2ABC-00,27,0,7430F0,2ABC,0,アーチェ,"{N3}
「・・・それ、どういう意味？」{W}",,
27-00-2ABC-01,27,0,7430F0,2ABC,1,アーチェ,"{N3}
「まあ、いいわ」{W}",,
27-00-2AFC-00,27,0,7430F0,2AFC,0,男の人,"男の人
「はあ・・・」{W}",,
27-00-2B16-00,27,0,7430F0,2B16,0,アーチェ,"{N3}
「そうねぇ・・・」{W}",,
27-00-2B16-01,27,0,7430F0,2B16,1,アーチェ,"{N3}
「４人といったら・・・」{W}",,
27-00-2B16-02,27,0,7430F0,2B16,2,,"１：石取りゲーム？
２：やっぱまーじゃんでしょ！
３：ここはＧＲＯＯＶＹ！！",,
27-00-2B9E-00,27,0,7430F0,2B9E,0,すず,"{N6}
「・・・それはちょっと違うんじゃ」{W}",,
27-00-2B9E-01,27,0,7430F0,2B9E,1,アーチェ,"{N3}
「そうかしら？」{W}",,
27-00-2B9E-02,27,0,7430F0,2B9E,2,すず,"{N6}
「残念ながら・・・」{W}",,
27-00-2B9E-03,27,0,7430F0,2B9E,3,アーチェ,"{N3}
「そう・・・」{W}",,
27-00-2C14-00,27,0,7430F0,2C14,0,すず,"{N6}
「なんですか、まーじゃんって？？」{W}",,
27-00-2C14-01,27,0,7430F0,2C14,1,アーチェ,"{N3}
「まだ知らなくって良い事よ！」{W}",,
27-00-2C14-02,27,0,7430F0,2C14,2,すず,"{N6}
「はぁ」{W}",,
27-00-2C76-00,27,0,7430F0,2C76,0,すず,"{N6}
「・・・なんですか、それ？？」{W}",,
27-00-2C76-01,27,0,7430F0,2C76,1,アーチェ,"{N3}
「あはは～、気にしないで・・・」{W}",,
27-00-2CC6-00,27,0,7430F0,2CC6,0,すず,"{N6}
「で、そのまーじゃんというのをする
　にはどうすれば良いのですか？」{W}",,
27-00-2CC6-01,27,0,7430F0,2CC6,1,アーチェ,"{N3}
「まず必要なのは、じゃんぱいよ！」{W}",,
27-00-2CC6-02,27,0,7430F0,2CC6,2,すず,"{N6}
「・・・？」{W}",,
27-00-2CC6-03,27,0,7430F0,2CC6,3,アーチェ,"{N3}
「で、そのじゃんぱいを作るのに必要
　なのが・・・」{W}",,
27-00-2CC6-04,27,0,7430F0,2CC6,4,,"１：アイヴォリーよ！
２：だいりせきなの！
３：どなべ！",,
27-00-2DC6-00,27,0,7430F0,2DC6,0,アーチェ,"{N3}
「そう、じゃんぱいはアイヴォリーか
　ら作られるのよ！」{W}",,
27-00-2DC6-01,27,0,7430F0,2DC6,1,すず,"{N6}
「はぁ・・・」{W}",,
27-00-2E1E-00,27,0,7430F0,2E1E,0,すず,"{N6}
「・・・・・・だいりせき？」{W}",,
27-00-2E1E-01,27,0,7430F0,2E1E,1,すず,"{N6}
「あの～・・・・・・
　{N3}さん・・・？」{W}",,
27-00-2E76-00,27,0,7430F0,2E76,0,すず,"{N6}
「・・・・・・どなべ？」{W}",,
27-00-2E76-01,27,0,7430F0,2E76,1,すず,"{N6}
「あの～・・・・・・
　{N3}さん・・・？」{W}",,
27-00-2ECA-00,27,0,7430F0,2ECA,0,すず,"{N6}
「でも、アイヴォリーは持ってません
　ね・・・」{W}",,
27-00-2ECA-01,27,0,7430F0,2ECA,1,アーチェ,"{N3}
「あ・・・」{W}",,
27-00-2ECA-02,27,0,7430F0,2ECA,2,男の人,"男の人
「あ、俺、持ってますよ！！」{W}",,
27-00-2F3E-00,27,0,7430F0,2F3E,0,アーチェ,"{N3}
「ホントに！！」{W}",,
27-00-2F58-00,27,0,7430F0,2F58,0,,アイヴォリーを受け取った{W},,
27-00-2F74-00,27,0,7430F0,2F74,0,アーチェ,"{N3}
「よし、これであとは作るだけね！」{W}",,
27-00-2F74-01,27,0,7430F0,2F74,1,アーチェ,"{N3}
「確か、じゃんぱいを作ってくれるの
　は・・・」{W}",,
27-00-2F74-02,27,0,7430F0,2F74,2,,"１：北海の孤島！！
２：超古代都市トール！！
３：ギース・ショップ！！",,
27-00-301E-00,27,0,7430F0,301E,0,すず,"{N6}
「えっ、そんなところで？？」{W}",,
27-00-301E-01,27,0,7430F0,301E,1,アーチェ,"{N3}
「・・・ちょっと違うかも・・・」{W}",,
27-00-301E-02,27,0,7430F0,301E,2,すず,"{N6}
「ダメじゃないですか・・・」{W}",,
27-00-301E-03,27,0,7430F0,301E,3,アーチェ,"{N3}
「・・・・・・そのようね」{W}",,
27-00-301E-04,27,0,7430F0,301E,4,すず,"{N6}
「・・・・・・」{W}",,
27-00-30CA-00,27,0,7430F0,30CA,0,すず,"{N6}
「さすが、超古代の遺跡ですね！！」{W}",,
27-00-30CA-01,27,0,7430F0,30CA,1,アーチェ,"{N3}
「そうなのよー！」{W}",,
27-00-30CA-02,27,0,7430F0,30CA,2,すず,"{N6}
「でも、あそこに住んでる人なんてい
　ましたか？」{W}",,
27-00-30CA-03,27,0,7430F0,30CA,3,アーチェ,"{N3}
「・・・・・・あ」{W}",,
27-00-30CA-04,27,0,7430F0,30CA,4,すず,"{N6}
「・・・・・・」{W}",,
27-00-317C-00,27,0,7430F0,317C,0,アーチェ,"{N3}
「そう、ギース・ショップに行けばい
　いのよ！」{W}",,
27-00-317C-01,27,0,7430F0,317C,1,すず,"{N6}
「そうですか、じゃあさっそく行きま
　すか？」{W}",,
27-00-317C-02,27,0,7430F0,317C,2,アーチェ,"{N3}
「そうね！」{W}",,
27-00-3200-00,27,0,7430F0,3200,0,男の人,"男の人
「ぐわー、やっぱヒマだー！！！」{W}",,
27-00-322C-00,27,0,7430F0,322C,0,アーチェ,"{N3}
「・・・冗談のつもりだったのに」{W}",,
27-00-3256-00,27,0,7430F0,3256,0,すず,"{N6}
「・・・・・・・」{W}",,
27-00-3256-01,27,0,7430F0,3256,1,アーチェ,"{N3}
「・・・・・・・」{W}",,
27-00-3256-02,27,0,7430F0,3256,2,すず,"{N6}
「・・・・・・・」{W}",,
27-00-3256-03,27,0,7430F0,3256,3,アーチェ,"{N3}
「・・・・・・・ごめん」{W}",,
27-00-3256-04,27,0,7430F0,3256,4,アーチェ,"{N3}
「今度こそまじめに答えるから」{W}",,
27-00-32EC-00,27,0,7430F0,32EC,0,アーチェ,"{N3}
「あたしたちじゃ力になれないみたい
　ね・・・」{W}",,
27-00-32EC-01,27,0,7430F0,32EC,1,すず,"{N6}
「・・・そのようですね」{W}",,
27-00-32EC-02,27,0,7430F0,32EC,2,アーチェ,"{N3}
「帰る？」{W}",,
27-00-32EC-03,27,0,7430F0,32EC,3,すず,"{N6}
「そうですね・・・」{W}",,
27-00-3374-00,27,0,7430F0,3374,0,アーチェ,"{N3}
「ほら、これで万事ＯＫ！」{W}",,
27-00-3374-01,27,0,7430F0,3374,1,男の人,"男の人
「おおっ！！」{W}",,
27-00-3374-02,27,0,7430F0,3374,2,男の人,"男の人
「こ・・・、これは・・・、まーじゃ
　んぱい！！」{W}",,
27-00-3374-03,27,0,7430F0,3374,3,男の人,"男の人
「これさえあればいくらでも楽しめる
　ぞ！」{W}",,
27-00-3374-04,27,0,7430F0,3374,4,男の人,"男の人
「ありがとうございます！」{W}",,
27-00-3446-00,27,0,7430F0,3446,0,アーチェ,"{N3}
「こんなに感謝されるなんて・・・」{W}",,
27-00-3472-00,27,0,7430F0,3472,0,すず,"{N6}
「すごいものなんですね、
　まーじゃんって！！」{W}",,
27-00-3472-01,27,0,7430F0,3472,1,すず,"{N6}
「いったいなんなんですか？？」{W}",,
27-00-3472-02,27,0,7430F0,3472,2,アーチェ,"{N3}
「いいのよ、知らなくて・・・」{W}",,
27-00-34F8-00,27,0,7430F0,34F8,0,すず,"{N6}
「あ、ま～じゃんぱいを落としました
　よ・・・」{W}",,
27-00-34F8-01,27,0,7430F0,34F8,1,アーチェ,"{N3}
「あ、いけない・・・」{W}",,
27-00-34F8-02,27,0,7430F0,34F8,2,すず,"{N6}
「大切な届け物なんですからちゃんと
　持ってないと・・・」{W}",,
27-00-34F8-03,27,0,7430F0,34F8,3,アーチェ,"{N3}
「ゴメンゴメン」{W}",,
27-00-35AA-00,27,0,7430F0,35AA,0,すず,"{N6}
「そろそろ時間ですね・・・」{W}",,
27-00-35AA-01,27,0,7430F0,35AA,1,アーチェ,"{N3}
「え、もう！？」{W}",,
27-00-35AA-02,27,0,7430F0,35AA,2,アーチェ,"{N3}
「うぅ・・・、大丈夫かなぁ？」{W}",,
27-00-360E-00,27,0,7430F0,360E,0,,ミゲールの町に戻りますか？,,
27-00-362A-00,27,0,7430F0,362A,0,アーチェ,"{N3}
「一回町に戻ろうか」{W}",,
27-00-362A-01,27,0,7430F0,362A,1,すず,"{N6}
「わかりました」{W}",,
27-00-3660-00,27,0,7430F0,3660,0,,"ミゲールの町に戻る事ができますが、
戻ると今回の依頼は失敗となります。{W}",,
27-00-3660-01,27,0,7430F0,3660,1,,ミゲールの町に戻りますか？,,
27-00-36C4-00,27,0,7430F0,36C4,0,アーチェ,"{N3}
「一回町に戻ろうか」{W}",,
27-00-36C4-01,27,0,7430F0,36C4,1,すず,"{N6}
「わかりました」{W}",,
27-00-36FA-00,27,0,7430F0,36FA,0,,"依頼を受けた町に退却しますか？
",,
27-00-371C-00,27,0,7430F0,371C,0,アーチェ,"{N3}
「一回町に戻ろうか」{W}",,
27-00-371C-01,27,0,7430F0,371C,1,すず,"{N6}
「わかりました」{W}",,
27-00-3752-00,27,0,7430F0,3752,0,アーチェ,"{N3}
「この町にまだ困ってる人が
　いる気がする・・・」{W}",,
27-00-378E-00,27,0,7430F0,378E,0,アーチェ,"{N3}
「おっといけない！」{W}",,
27-00-378E-01,27,0,7430F0,378E,1,アーチェ,"{N3}
「まだ任務の途中だった・・・」{W}",,
27-00-37D2-00,27,0,7430F0,37D2,0,アーチェ,"{N3}
「まだ用事がすんでないよ・・・」{W}",,
27-00-37FC-00,27,0,7430F0,37FC,0,,ＭＩＳＳＩＯＮ　ＣＯＭＰＬＥＴＥ！,,
28-00-0000-00,28,0,749094,0000,0,,アルヴァニスタ城,,
28-00-0012-00,28,0,749094,0012,0,クレス,"{N1}
「固く閉ざされている」{W}",,
28-00-0032-00,28,0,749094,0032,0,兵士,"兵士
「なんだ、貴様は！？」{W}",,
28-00-0032-01,28,0,749094,0032,1,兵士,"兵士
「ここは貴様らのような平民が来る所
　ではない！」{W}",,
28-00-0032-02,28,0,749094,0032,2,兵士,"兵士
「さっさと帰れ！」{W}",,
28-00-0032-03,28,0,749094,0032,3,クラース,"{N4}
「しかし我々はハリソン殿の・・・」{W}",,
28-00-0032-04,28,0,749094,0032,4,兵士,"兵士
「黙れっ！」{W}",,
28-00-0032-05,28,0,749094,0032,5,？？？,"？？？
「待ちなさい」{W}",,
28-00-00FC-00,28,0,749094,00FC,0,兵士,"兵士
「ハリソン殿！」{W}",,
28-00-00FC-01,28,0,749094,00FC,1,ハリソン,"ハリソン
「その方たちは、このあいだ話した方
　たちだ」{W}",,
28-00-00FC-02,28,0,749094,00FC,2,ハリソン,"ハリソン
「丁重に扱いなさい」{W}",,
28-00-0170-00,28,0,749094,0170,0,兵士,"兵士
「この者たちがですか！？」{W}",,
28-00-0170-01,28,0,749094,0170,1,兵士,"兵士
「こ、これは失礼しました」{W}",,
28-00-01B6-00,28,0,749094,01B6,0,ハリソン,"ハリソン
「部下の非礼をお許しください」{W}",,
28-00-01B6-01,28,0,749094,01B6,1,ハリソン,"ハリソン
「どうぞ、こちらです」{W}",,
28-00-0204-00,28,0,749094,0204,0,兵士,"兵士
「・・・あいつらがダオスを倒せるや
　つらだってよ」{W}",,
28-00-0204-01,28,0,749094,0204,1,兵士,"兵士
「まだ子供じゃねぇか」{W}",,
28-00-0204-02,28,0,749094,0204,2,兵士,"兵士
「大丈夫なのか？」{W}",,
28-00-027A-00,28,0,749094,027A,0,レアード,"レアード
「私もまだまだ未熟です」{W}",,
28-00-027A-01,28,0,749094,027A,1,レアード,"レアード
「早く父上のような立派な人になって
　民のために尽くしたいと思います」{W}",,
28-00-02F2-00,28,0,749094,02F2,0,見張り,"見張り
「今、この牢屋には海賊の残党が入れ
　られているが」{W}",,
28-00-02F2-01,28,0,749094,02F2,1,見張り,"見張り
「彼らと話がしたいって？」{W}",,
28-00-02F2-02,28,0,749094,02F2,2,見張り,"見張り
「構わないよ」{W}",,
28-00-036E-00,28,0,749094,036E,0,見張り,"見張り
「あ～あ、退屈・・・」{W}",,
28-00-0390-00,28,0,749094,0390,0,見張り,"見張り
「異常無し、と・・・」{W}",,
28-00-03B2-00,28,0,749094,03B2,0,海賊,"海賊
「なんだ、お前は？」{W}",,
28-00-03B2-01,28,0,749094,03B2,1,海賊,"海賊
「オレらは泣く子も黙る海賊{SPD:10}・・・{SPD:FF}の
　残党だ」{W}",,
28-00-040E-00,28,0,749094,040E,0,海賊,"海賊
「お前らに話すことなんてねぇ」{W}",,
28-00-040E-01,28,0,749094,040E,1,海賊,"海賊
「ここはお前らみたいなガキの来る所
　じゃねえんだよ」{W}",,
28-00-0474-00,28,0,749094,0474,0,海賊,"海賊
「なにっ？」{W}",,
28-00-0474-01,28,0,749094,0474,1,海賊,"海賊
「頭の息子に頼まれた？」{W}",,
28-00-0474-02,28,0,749094,0474,2,海賊,"海賊
「『真の宝』か・・・」{W}",,
28-00-0474-03,28,0,749094,0474,3,海賊,"海賊
「う～ん、オレにはさっぱり・・・」{W}",,
28-00-04F2-00,28,0,749094,04F2,0,海賊,"海賊
「お前らに話すことなんてねぇ」{W}",,
28-00-04F2-01,28,0,749094,04F2,1,海賊,"海賊
「とっとと帰りな！」{W}",,
28-00-0536-00,28,0,749094,0536,0,海賊,"海賊
「なにっ！？」{W}",,
28-00-0536-01,28,0,749094,0536,1,海賊,"海賊
「頭の息子に頼まれた？」{W}",,
28-00-0536-02,28,0,749094,0536,2,海賊,"海賊
「『真の宝』か」{W}",,
28-00-0536-03,28,0,749094,0536,3,海賊,"海賊
「聞いたことはあるが・・・」{W}",,
28-00-0536-04,28,0,749094,0536,4,海賊,"海賊
「なんでも、頭の奥さんの形見だった
　そうだぜ」{W}",,
28-00-0536-05,28,0,749094,0536,5,海賊,"海賊
「どんなのかは知らないけどな」{W}",,
28-00-0608-00,28,0,749094,0608,0,魔術師,"魔術師
「やはりこの魔法陣のデザインに、な
　にか関係が・・・」{W}",,
28-00-064C-00,28,0,749094,064C,0,魔術師,"魔術師
「もっと念を強くして・・・」{W}",,
28-00-0674-00,28,0,749094,0674,0,魔術師,"魔術師
「うう・・・」{W}",,
28-00-0674-01,28,0,749094,0674,1,魔術師,"魔術師
「徹夜してます・・・」{W}",,
28-00-06AE-00,28,0,749094,06AE,0,魔術師,"魔術師
「う～ん、アルゴリズム的に言うと・
　・・」{W}",,
28-00-06E6-00,28,0,749094,06E6,0,魔術師,"魔術師
「精霊？」{W}",,
28-00-06E6-01,28,0,749094,06E6,1,魔術師,"魔術師
「そうだなぁ・・・」{W}",,
28-00-06E6-02,28,0,749094,06E6,2,魔術師,"魔術師
「北海の孤島の浸食洞にいるという、
　水の精霊ウンディーネとか」{W}",,
28-00-06E6-03,28,0,749094,06E6,3,魔術師,"魔術師
「ベルアダムの東の精霊の洞窟にいる
　という、地の精霊ノーム」{W}",,
28-00-06E6-04,28,0,749094,06E6,4,魔術師,"魔術師
「・・・参考になった？」{W}",,
28-00-07CE-00,28,0,749094,07CE,0,魔術師,"魔術師
「魔科学っていうのは実用化できれば
　すごく便利になるらしい」{W}",,
28-00-07CE-01,28,0,749094,07CE,1,魔術師,"魔術師
「でも、なんかうさんくさいよな」{W}",,
28-00-07CE-02,28,0,749094,07CE,2,魔術師,"魔術師
「反動が大きそうだからな」{W}",,
28-00-0866-00,28,0,749094,0866,0,魔術師,"魔術師
「精霊？」{W}",,
28-00-0866-01,28,0,749094,0866,1,魔術師,"魔術師
「フレイランドの砂漠にある洞窟には
　・・・」{W}",,
28-00-0866-02,28,0,749094,0866,2,魔術師,"魔術師
「炎の精霊イフリートがいるという話
　ですよ」{W}",,
28-00-08EC-00,28,0,749094,08EC,0,ルーングロム,"ルーングロム
「ユグドラシル？」{W}",,
28-00-08EC-01,28,0,749094,08EC,1,ルーングロム,"ルーングロム
「なんだね、それは」{W}",,
28-00-08EC-02,28,0,749094,08EC,2,ルーングロム,"ルーングロム
「・・・ほう、そんな森があるのか」{W}",,
28-00-0966-00,28,0,749094,0966,0,ルーングロム,"ルーングロム
「どうだ？」{W}",,
28-00-0966-01,28,0,749094,0966,1,ルーングロム,"ルーングロム
「呪文探索は進んでいるか？」{W}",,
28-00-0966-02,28,0,749094,0966,2,ルーングロム,"ルーングロム
「精霊の情報か・・・」{W}",,
28-00-0966-03,28,0,749094,0966,3,ルーングロム,"ルーングロム
「う～ん、これはあまり信用性がない
　のだが・・・」{W}",,
28-00-0966-04,28,0,749094,0966,4,ルーングロム,"ルーングロム
「モーリア坑道にはマクスウェルの精
　霊がいるというんだ」{W}",,
28-00-0966-05,28,0,749094,0966,5,クラース,"{N4}
「マクスウェル！？」{W}",,
28-00-0966-06,28,0,749094,0966,6,クラース,"{N4}
「あの、四大精霊を統治しているとい
　う？」{W}",,
28-00-0966-07,28,0,749094,0966,7,ルーングロム,"ルーングロム
「ああ」{W}",,
28-00-0966-08,28,0,749094,0966,8,ルーングロム,"ルーングロム
「だが、別に根拠となる古文書がある
　わけじゃない」{W}",,
28-00-0966-09,28,0,749094,0966,9,ルーングロム,"ルーングロム
「あくまで風のウワサだ」{W}",,
28-00-0B38-00,28,0,749094,0B38,0,ルーングロム,"ルーングロム
「モーリア坑道の入道許可証は、もう
　もらったのか？」{W}",,
28-00-0B38-01,28,0,749094,0B38,1,ルーングロム,"ルーングロム
「なんだ、まだか」{W}",,
28-00-0B38-02,28,0,749094,0B38,2,ルーングロム,"ルーングロム
「冒険者ギルドは町の西側、薬屋の地
　下にあるぞ」{W}",,
28-00-0BE4-00,28,0,749094,0BE4,0,ルーングロム,"ルーングロム
「戻られたか」{W}",,
28-00-0BE4-01,28,0,749094,0BE4,1,ルーングロム,"ルーングロム
「その顔を見ると、なにか成果があっ
　たらしいな」{W}",,
28-00-0BE4-02,28,0,749094,0BE4,2,クレス,"{N1}
「ええ」{W}",,
28-00-0BE4-03,28,0,749094,0BE4,3,クレス,"{N1}
「モーリア坑道の最下層まで行ってき
　ました」{W}",,
28-00-0BE4-04,28,0,749094,0BE4,4,ルーングロム,"ルーングロム
「ほう、それはすごい！」{W}",,
28-00-0BE4-05,28,0,749094,0BE4,5,ルーングロム,"ルーングロム
「最下層は、かなりの難所だからな」{W}",,
28-00-0BE4-06,28,0,749094,0BE4,6,クラース,"{N4}
「そこで精霊と契約するための指輪を
　見つけたのですが・・・」{W}",,
28-00-0BE4-07,28,0,749094,0BE4,7,ルーングロム,"ルーングロム
「そうか！」{W}",,
28-00-0BE4-08,28,0,749094,0BE4,8,ルーングロム,"ルーングロム
「ついにルナと契約できるな」{W}",,
28-00-0BE4-09,28,0,749094,0BE4,9,ルーングロム,"ルーングロム
「{SPD:10}・・・{SPD:FF}うかない顔をしているようだ
　が、なにか問題でも？」{W}",,
28-00-0BE4-10,28,0,749094,0BE4,10,クラース,"{N4}
「ここではなんですから外で・・・」{W}",,
28-00-0DF2-00,28,0,749094,0DF2,0,ルーングロム,"ルーングロム
「エドワードによろしく言っておいて
　くれ」{W}",,
28-00-0E30-00,28,0,749094,0E30,0,クラース,"{N4}
「ルーングロム殿、お時間よろしいで
　すか？」{W}",,
28-00-0E30-01,28,0,749094,0E30,1,ルーングロム,"ルーングロム
「構わないが・・・」{W}",,
28-00-0E30-02,28,0,749094,0E30,2,ルーングロム,"ルーングロム
「君たちはエドワードには会ったのか
　ね？」{W}",,
28-00-0E30-03,28,0,749094,0E30,3,クラース,"{N4}
「そのことについてお話があります」{W}",,
28-00-0E30-04,28,0,749094,0E30,4,クラース,"{N4}
「ここではなんですから外で・・・」{W}",,
28-00-0F1C-00,28,0,749094,0F1C,0,ルーングロム,"ルーングロム
「今、ユミルの森の入森許可証を王様
　に頼んでいるところだ」{W}",,
28-00-0F6A-00,28,0,749094,0F6A,0,ルーングロム,"ルーングロム
「待たせたな」{W}",,
28-00-0F6A-01,28,0,749094,0F6A,1,ルーングロム,"ルーングロム
「これを胸につけて行くがよい」{W}",,
28-00-0F6A-02,28,0,749094,0F6A,2,ルーングロム,"ルーングロム
「それと、断っておくが・・・」{W}",,
28-00-0F6A-03,28,0,749094,0F6A,3,ルーングロム,"ルーングロム
「ハーフエルフはユミルの森には絶対
　に入れんぞ」{W}",,
28-00-1028-00,28,0,749094,1028,0,,{COL:3}アルヴァニスタ王国のエンブレムを手に入れました。{COL:2}{W},,
28-00-1064-00,28,0,749094,1064,0,ルーングロム,"ルーングロム
「ユミルの森はここから東の橋を渡り
　南西に向かった所にあるぞ」{W}",,
28-00-10B6-00,28,0,749094,10B6,0,ルーングロム,"ルーングロム
「ついに契約の指輪を手に入れたな」{W}",,
28-00-10B6-01,28,0,749094,10B6,1,ルーングロム,"ルーングロム
「あとは呪文探索か」{W}",,
28-00-10B6-02,28,0,749094,10B6,2,ルーングロム,"ルーングロム
「王も申していたように、ある程度呪
　文の探索が進んだら・・・」{W}",,
28-00-10B6-03,28,0,749094,10B6,3,ルーングロム,"ルーングロム
「君たちも戦に手を貸してくれ」{W}",,
28-00-10B6-04,28,0,749094,10B6,4,ルーングロム,"ルーングロム
「もう既に、我々の魔法部隊もミッド
　ガルズに向かっている」{W}",,
28-00-11D8-00,28,0,749094,11D8,0,ルーングロム,"ルーングロム
「君たち・・・、こんな所にいていい
　のか？」{W}",,
28-00-11D8-01,28,0,749094,11D8,1,ルーングロム,"ルーングロム
「まだ、戦争は終わってはいないぞ」{W}",,
28-00-124A-00,28,0,749094,124A,0,魔術師,"魔術師
「あっと、そこの女の子は魔法使いだ
　ね」{W}",,
28-00-124A-01,28,0,749094,124A,1,魔術師,"魔術師
「呪文書売ってやろうか？」{W}",,
28-00-124A-02,28,0,749094,124A,2,魔術師,"魔術師
「どれがいい？」{W}",,
28-00-124A-03,28,0,749094,124A,3,,"　１．{TITLE:CC}
　２．{TITLE:BC}",,
28-00-12D4-00,28,0,749094,12D4,0,魔術師,"魔術師
「４０００ガルドになるけど、いいか
　い？」",,
28-00-130A-00,28,0,749094,130A,0,,"{N3}は
{TITLE:CC}を覚えました。{W}",,
28-00-1328-00,28,0,749094,1328,0,魔術師,"魔術師
「１２０００ガルドになるけど、いい
　かい？」",,
28-00-1360-00,28,0,749094,1360,0,,"{N3}は
{TITLE:BC}を覚えました。{W}",,
28-00-137E-00,28,0,749094,137E,0,魔術師,"魔術師
「あっ、そう」{W}",,
28-00-1398-00,28,0,749094,1398,0,魔術師,"魔術師
「お金が足りないよ」{W}",,
28-00-13B8-00,28,0,749094,13B8,0,魔術師,"魔術師
「この魔法は、もう覚えてるじゃない
　か」{W}",,
28-00-13EE-00,28,0,749094,13EE,0,魔術師,"魔術師
「呪文書、誰か買ってくれないかなぁ
　・・・」{W}",,
28-00-1428-00,28,0,749094,1428,0,兵士,"兵士
「異常無しっ！」{W}",,
28-00-1442-00,28,0,749094,1442,0,兵士,"兵士
「異常無し」{W}",,
28-00-1458-00,28,0,749094,1458,0,魔術師,"魔術師
「三種の武具？」{W}",,
28-00-1458-01,28,0,749094,1458,1,魔術師,"魔術師
「トールの文献によると、炎の剣と氷
　の剣・・・」{W}",,
28-00-1458-02,28,0,749094,1458,2,魔術師,"魔術師
「それと契約の指輪らしいね」{W}",,
28-00-14D6-00,28,0,749094,14D6,0,魔術師,"魔術師
「超古代の大国である『フェンリル』
　は・・・」{W}",,
28-00-14D6-01,28,0,749094,14D6,1,魔術師,"魔術師
「現在のフリーズキールの町にあった
　という話だ」{W}",,
28-00-14D6-02,28,0,749094,14D6,2,魔術師,"魔術師
「そこに行けば三種の武具の話が聞け
　るんじゃないかなぁ」{W}",,
28-00-1592-00,28,0,749094,1592,0,魔術師,"魔術師
「超古代大国の一つ『オーディーン』
　は・・・」{W}",,
28-00-1592-01,28,0,749094,1592,1,魔術師,"魔術師
「フレイランドの火山地帯にあったら
　しいよ」{W}",,
28-00-1592-02,28,0,749094,1592,2,魔術師,"魔術師
「文献ではそこは当時、緑豊かな大地
　だったらしいね」{W}",,
28-00-1646-00,28,0,749094,1646,0,魔術師,"魔術師
「フレイランドの火山地帯に・・・」{W}",,
28-00-1646-01,28,0,749094,1646,1,魔術師,"魔術師
「超古代の建造物が今でもそびえ立っ
　ているらしいよ」{W}",,
28-00-16B4-00,28,0,749094,16B4,0,エルフ,"エルフ
「もうちょっと開発環境を良くして欲
　しいよなぁ・・・、マジで」{W}",,
28-00-1700-00,28,0,749094,1700,0,魔術師,"魔術師
「最近、忍者の魔物が現れてきたよ」{W}",,
28-00-1700-01,28,0,749094,1700,1,魔術師,"魔術師
「ダオスに操られているのか、作り出
　されたのか・・・」{W}",,
28-00-1770-00,28,0,749094,1770,0,エルフ,"エルフ
「トールの文献では・・・」{W}",,
28-00-1770-01,28,0,749094,1770,1,エルフ,"エルフ
「三種の武具の融合にオリジンを使う
　と書いてあったよ」{W}",,
28-00-1770-02,28,0,749094,1770,2,エルフ,"エルフ
「でも、オリジンって伝説上の精霊だ
　ろ？」{W}",,
28-00-1770-03,28,0,749094,1770,3,エルフ,"エルフ
「一体どういうことだろう？」{W}",,
28-00-1770-04,28,0,749094,1770,4,エルフ,"エルフ
「確か武具の一つが、精霊契約の指輪
　ダイヤモンドらしいから・・・」{W}",,
28-00-1770-05,28,0,749094,1770,5,エルフ,"エルフ
「なんらかの関係があるのは間違いな
　いようだよ」{W}",,
28-00-18BE-00,28,0,749094,18BE,0,王女,"王女
「父上から聞いております」{W}",,
28-00-18BE-01,28,0,749094,18BE,1,王女,"王女
「大変でしょうが、頑張って下さい」{W}",,
28-00-190C-00,28,0,749094,190C,0,メイド,"メイド
「王女様は、いつ見てもおきれいでい
　らっしゃいますわ」{W}",,
28-00-1950-00,28,0,749094,1950,0,クレス,"{N1}
「ここは・・・？」{W}",,
28-00-1950-01,28,0,749094,1950,1,クラース,"{N4}
「暗くて何も見えないな・・・」{W}",,
28-00-1950-02,28,0,749094,1950,2,？？？？,"？？？？
「何の用だい？」{W}",,
28-00-19AE-00,28,0,749094,19AE,0,？？？？,"？？？？
「この国の王子である私の部屋に忍び
　込むとは、いい度胸しているな」{W}",,
28-00-19AE-01,28,0,749094,19AE,1,クラース,"{N4}
「あんたがレアード王子か」{W}",,
28-00-19AE-02,28,0,749094,19AE,2,レアード,"レアード
「侵入者だッ！！！」{W}",,
28-00-1A42-00,28,0,749094,1A42,0,クラース,"{N4}
「くそッ！」{W}",,
28-00-1A42-01,28,0,749094,1A42,1,クレス,"{N1}
「人が来るよッ！」{W}",,
28-00-1A72-00,28,0,749094,1A72,0,レアード,"レアード
「はっはっはっ！」{W}",,
28-00-1A72-01,28,0,749094,1A72,1,レアード,"レアード
「ほらほら、兵が来るぞ」{W}",,
28-00-1A72-02,28,0,749094,1A72,2,レアード,"レアード
「どうするんだ？」{W}",,
28-00-1AD4-00,28,0,749094,1AD4,0,アーチェ,"{N3}
「どうすんの？」{W}",,
28-00-1AD4-01,28,0,749094,1AD4,1,アーチェ,"{N3}
「やばいじゃん！」{W}",,
28-00-1AD4-02,28,0,749094,1AD4,2,クラース,"{N4}
「近くに操っている奴がいるはずなん
　だが{SPD:10}・・・{SPD:FF}」{W}",,
28-00-1B4A-00,28,0,749094,1B4A,0,クラース,"{N4}
「んッ？」{W}",,
28-00-1B4A-01,28,0,749094,1B4A,1,クラース,"{N4}
「なんだ、あのインコは？」{W}",,
28-00-1B80-00,28,0,749094,1B80,0,クラース,"{N4}
「それだッ！」{W}",,
28-00-1B98-00,28,0,749094,1B98,0,アーチェ,"{N3}
「げっ、インコがあんなのに！」{W}",,
28-00-1B98-01,28,0,749094,1B98,1,アーチェ,"{N3}
「もう、かわいいインコなんて信じら
　んないッ！」{W}",,
28-00-1B98-02,28,0,749094,1B98,2,ジャミル,"ジャミル
「私の名はジャミル、以後お見知りお
　きを・・・」{W}",,
28-00-1B98-03,28,0,749094,1B98,3,ジャミル,"ジャミル
「と、言っても、あなたたちはすぐこ
　の世のものではなくなるけどね」{W}",,
28-00-1B98-04,28,0,749094,1B98,4,ジャミル,"ジャミル
「このまま、あなたたちが捕らえられ
　るのを・・・」{W}",,
28-00-1B98-05,28,0,749094,1B98,5,ジャミル,"ジャミル
「見物しようかな、と思ったんだけど
　{SPD:10}・・・、{SPD:FF}気が変わったわ▽」{W}",,
28-00-1B98-06,28,0,749094,1B98,6,ジャミル,"ジャミル
「覚悟するがいいッ！！」{W}",,
28-00-1D40-00,28,0,749094,1D40,0,クレス,"{N1}
「ふぅ・・・、やった」{W}",,
28-00-1D40-01,28,0,749094,1D40,1,ミント,"{N2}
「王子様は？」{W}",,
28-00-1D76-00,28,0,749094,1D76,0,レアード,"レアード
「私は一体{SPD:10}・・・・・・{SPD:FF}！」{W}",,
28-00-1D76-01,28,0,749094,1D76,1,レアード,"レアード
「なっ、なんだお前たちは！？」{W}",,
28-00-1D76-02,28,0,749094,1D76,2,ミント,"{N2}
「私たちは・・・」{W}",,
28-00-1DEA-00,28,0,749094,1DEA,0,レアード,"レアード
「侵入者だッ！！！」{W}",,
28-00-1DEA-01,28,0,749094,1DEA,1,ミント,"{N2}
「えッ？」{W}",,
28-00-1E1E-00,28,0,749094,1E1E,0,衛兵,"衛兵
「王子、大丈夫ですか！？」{W}",,
28-00-1E1E-01,28,0,749094,1E1E,1,レアード,"レアード
「私は大丈夫だ」{W}",,
28-00-1E1E-02,28,0,749094,1E1E,2,レアード,"レアード
「それより、その者たちを引っ捕らえ
　ろ！！」{W}",,
28-00-1E1E-03,28,0,749094,1E1E,3,衛兵,"衛兵
「はッ！！」{W}",,
28-00-1EAC-00,28,0,749094,1EAC,0,クラース,"{N4}
「しょうがないな」{W}",,
28-00-1EAC-01,28,0,749094,1EAC,1,クラース,"{N4}
「訳を言っても聞いてくれそうにない
　だろうから・・・」{W}",,
28-00-1EAC-02,28,0,749094,1EAC,2,クラース,"{N4}
「いったんおとなしく捕まろう」{W}",,
28-00-1EAC-03,28,0,749094,1EAC,3,アーチェ,"{N3}
「えっ、やだよ！」{W}",,
28-00-1EAC-04,28,0,749094,1EAC,4,アーチェ,"{N3}
「臭い飯食べちゃうわけ？」{W}",,
28-00-1EAC-05,28,0,749094,1EAC,5,クラース,"{N4}
「たぶん、事情を知っているのは国王
　や側近クラスの連中だけだろう」{W}",,
28-00-1EAC-06,28,0,749094,1EAC,6,ミント,"{N2}
「王子が正気に戻ったのがわかれば、
　出られるという事ですね？」{W}",,
28-00-1EAC-07,28,0,749094,1EAC,7,クラース,"{N4}
「そうだ」{W}",,
28-00-1EAC-08,28,0,749094,1EAC,8,衛兵,"衛兵
「なにをゴチャゴチャ言ってる！」{W}",,
28-00-1EAC-09,28,0,749094,1EAC,9,衛兵,"衛兵
「おとなしくしろ！」{W}",,
28-00-2054-00,28,0,749094,2054,0,アーチェ,"{N3}
「ねぇ、あたしたちこれからどうなっ
　ちゃうの？」{W}",,
28-00-2054-01,28,0,749094,2054,1,クラース,"{N4}
「心配ないって」{W}",,
28-00-2054-02,28,0,749094,2054,2,クラース,"{N4}
「王子が元に戻ったとわかれば、きっ
　と出してくれるさ」{W}",,
28-00-2054-03,28,0,749094,2054,3,アーチェ,"{N3}
「あー、もぅ！！」{W}",,
28-00-2054-04,28,0,749094,2054,4,アーチェ,"{N3}
「こんな所にいたら、お肌が荒れちゃ
　うよ・・・」{W}",,
28-00-213C-00,28,0,749094,213C,0,？？？？,"？？？？
「この者たちを謁見の間に、丁重に扱
　え」{W}",,
28-00-213C-01,28,0,749094,213C,1,衛兵,"衛兵
「え、謁見の間にですか？」{W}",,
28-00-213C-02,28,0,749094,213C,2,衛兵,"衛兵
「はッ！」{W}",,
28-00-21A8-00,28,0,749094,21A8,0,？？？？,"？？？？
「私はアルヴァニスタの宮廷魔術師を
　務める、ルーングロムだ」{W}",,
28-00-21A8-01,28,0,749094,21A8,1,ルーングロム,"ルーングロム
「この度のそなたらの行動について、
　国王自ら聞きたい事があるそうだ」{W}",,
28-00-21A8-02,28,0,749094,21A8,2,ルーングロム,"ルーングロム
「謁見の間までお通しいたそう」{W}",,
28-00-2278-00,28,0,749094,2278,0,アーチェ,"{N3}
「思ったとおりじゃん！」{W}",,
28-00-229A-00,28,0,749094,229A,0,ルーングロム,"ルーングロム
「なるほど、話はだいたいわかった」{W}",,
28-00-229A-01,28,0,749094,229A,1,ルーングロム,"ルーングロム
「その壊れた指輪を直せないか、とい
　うことか・・・」{W}",,
28-00-229A-02,28,0,749094,229A,2,ミント,"{N2}
「あの・・・、なんとかならないです
　か・・・？」{W}",,
28-00-234E-00,28,0,749094,234E,0,ルーングロム,"ルーングロム
「私の親友で、我が国の良き助言者で
　もある・・・」{W}",,
28-00-234E-01,28,0,749094,234E,1,ルーングロム,"ルーングロム
「エドワードという、魔術師がおる」{W}",,
28-00-234E-02,28,0,749094,234E,2,ルーングロム,"ルーングロム
「あやつは以前、指輪の研究をしてい
　たことがあるのだ」{W}",,
28-00-234E-03,28,0,749094,234E,3,クラース,"{N4}
「その方は今、どこに？」{W}",,
28-00-234E-04,28,0,749094,234E,4,ルーングロム,"ルーングロム
「アルヴァニスタの南西の橋を渡って
　・・・」{W}",,
28-00-234E-05,28,0,749094,234E,5,ルーングロム,"ルーングロム
「西のずっと離れた所に館を構えて住
　んでおる」{W}",,
28-00-234E-06,28,0,749094,234E,6,ルーングロム,"ルーングロム
「どれ、手紙を書いてあげよう」{W}",,
28-00-234E-07,28,0,749094,234E,7,クラース,"{N4}
「ありがとうございます」{W}",,
28-00-24FA-00,28,0,749094,24FA,0,,{COL:3}エドワードへの紹介状を手に入れました。{COL:2}{W},,
28-00-24FA-01,28,0,749094,24FA,1,ルーングロム,"ルーングロム
「では、これで」{W}",,
28-00-24FA-02,28,0,749094,24FA,2,ルーングロム,"ルーングロム
「がんばってくれたまえ」{W}",,
28-00-2574-00,28,0,749094,2574,0,クラース,"{N4}
「よしッ！」{W}",,
28-00-2574-01,28,0,749094,2574,1,クラース,"{N4}
「それじゃあそのエドワードとかいう
　人の家に行ってみるか」{W}",,
28-00-25CE-00,28,0,749094,25CE,0,クラース,"{N4}
「どうした、{N1}？」{W}",,
28-00-25CE-01,28,0,749094,25CE,1,クレス,"{N1}
「いや・・・」{W}",,
28-00-25CE-02,28,0,749094,25CE,2,クレス,"{N1}
「ちょっと耳鳴りが・・・」{W}",,
28-00-2624-00,28,0,749094,2624,0,,"　
　　　　　　そこの剣士！{W}",,
28-00-2624-01,28,0,749094,2624,1,,"　
　　　　　分不相応なものを
　　　　持つものではないぞ！{W}",,
28-00-2682-00,28,0,749094,2682,0,ミント,"{N2}
「{N1}さん・・・」{W}",,
28-00-2682-01,28,0,749094,2682,1,ミント,"{N2}
「大丈夫ですか！？」{W}",,
28-00-2682-02,28,0,749094,2682,2,クレス,"{N1}
「いや・・・、大丈夫だよ」{W}",,
28-00-2682-03,28,0,749094,2682,3,クレス,"{N1}
「ただの空耳らしい」{W}",,
28-00-26F8-00,28,0,749094,26F8,0,ルーングロム,"ルーングロム
「エドワードの奴め、私にも言わずに
　そんなことを・・・」{W}",,
28-00-26F8-01,28,0,749094,26F8,1,クラース,"{N4}
「それで、ユミルの森へ入るための紹
　介状を頂きたいのですが」{W}",,
28-00-26F8-02,28,0,749094,26F8,2,ルーングロム,"ルーングロム
「う～む」{W}",,
28-00-26F8-03,28,0,749094,26F8,3,ルーングロム,"ルーングロム
「一日待ってくれぬか」{W}",,
28-00-26F8-04,28,0,749094,26F8,4,ルーングロム,"ルーングロム
「色々と手続きが必要なんでな」{W}",,
28-00-27F8-00,28,0,749094,27F8,0,アーチェ,"{N3}
「ハーフエルフってさ、あたしのこと
　じゃん？」{W}",,
28-00-27F8-01,28,0,749094,27F8,1,クラース,"{N4}
「すまないな」{W}",,
28-00-27F8-02,28,0,749094,27F8,2,アーチェ,"{N3}
「いいってこと」{W}",,
28-00-27F8-03,28,0,749094,27F8,3,アーチェ,"{N3}
「あたしは宿屋で待ってるから」{W}",,
28-00-27F8-04,28,0,749094,27F8,4,クレス,"{N1}
「急いで戻ってくるから、少し我慢し
　てくれよ」{W}",,
28-00-28BE-00,28,0,749094,28BE,0,ルーングロム,"ルーングロム
「待っていたよ」{W}",,
28-00-28E0-00,28,0,749094,28E0,0,ミント,"{N2}
「モリスンさんのことは・・・、すい
　ません」{W}",,
28-00-2918-00,28,0,749094,2918,0,ルーングロム,"ルーングロム
「それは、おぬしたちが悪いわけじゃ
　ない・・・」{W}",,
28-00-2918-01,28,0,749094,2918,1,ルーングロム,"ルーングロム
「憎むべき敵は別の所にいるはずだろ
　う？」{W}",,
28-00-2998-00,28,0,749094,2998,0,ルーングロム,"ルーングロム
「実は、モリスンが逝く前に一通の手
　紙を預かったのだ」{W}",,
28-00-29E2-00,28,0,749094,29E2,0,ミント,"{N2}
「これは・・・」{W}",,
28-00-29E2-01,28,0,749094,29E2,1,ルーングロム,"ルーングロム
「その中にはカギが入っていた」{W}",,
28-00-29E2-02,28,0,749094,29E2,2,ルーングロム,"ルーングロム
「私におぬしたちの力になって欲しい
　と言う添えつけと共にね」{W}",,
28-00-2A78-00,28,0,749094,2A78,0,クレス,"{N1}
「このカギは何ですか？」{W}",,
28-00-2A78-01,28,0,749094,2A78,1,ルーングロム,"ルーングロム
「モリスンの家に行こう」{W}",,
28-00-2A78-02,28,0,749094,2A78,2,ルーングロム,"ルーングロム
「話はそれからだ」{W}",,
29-00-0000-00,29,0,74D4E0,0000,0,クレス,"{N1}
「危なかった・・・」{W}",,
29-00-0000-01,29,0,74D4E0,0000,1,クラース,"{N4}
「衛兵が見えなくなってから移動した
　方がいいな」{W}",,
29-00-0058-00,29,0,74D4E0,0058,0,国王,"国王
「吉報を待っていますぞ」{W}",,
29-00-007A-00,29,0,74D4E0,007A,0,国王,"国王
「いつでも頼ってきてくれ」{W}",,
29-00-009E-00,29,0,74D4E0,009E,0,王妃,"王妃
「あなたたちの行き先に・・・」{W}",,
29-00-009E-01,29,0,74D4E0,009E,1,王妃,"王妃
「いつでも幸福の女神が微笑んでくれ
　るよう祈っています」{W}",,
29-00-0108-00,29,0,74D4E0,0108,0,衛兵,"衛兵
「お気をつけて」{W}",,
29-00-0122-00,29,0,74D4E0,0122,0,衛兵,"衛兵
「がんばって下さい」{W}",,
29-00-0140-00,29,0,74D4E0,0140,0,兵士,"兵士
「アルヴァニスタ城へようこそ」{W}",,
29-00-0168-00,29,0,74D4E0,0168,0,兵士,"兵士
「国王の前でそそうのないようにして
　くれ」{W}",,
29-00-019E-00,29,0,74D4E0,019E,0,メイド,"メイド
「私は国王に仕えているメイドです」{W}",,
29-00-019E-01,29,0,74D4E0,019E,1,メイド,"メイド
「ほこり、落とさないでね」{W}",,
29-00-01F0-00,29,0,74D4E0,01F0,0,メイド,"メイド
「王子様・・・」{W}",,
29-00-01F0-01,29,0,74D4E0,01F0,1,メイド,"メイド
「元に戻られて・・・、本当によかっ
　た・・・」{W}",,
29-00-0246-00,29,0,74D4E0,0246,0,男の人,"男の人
「エルフ族は、かつて大陸中に散った
　仲間を・・・」{W}",,
29-00-0246-01,29,0,74D4E0,0246,1,男の人,"男の人
「水鏡ユミルの森に呼び集めたといい
　ます」{W}",,
29-00-0246-02,29,0,74D4E0,0246,2,男の人,"男の人
「彼らなりの理由があったという話で
　すが・・・」{W}",,
29-00-02F8-00,29,0,74D4E0,02F8,0,メイド,"メイド
「エルフと人間が恋をしたら不幸よ」{W}",,
29-00-02F8-01,29,0,74D4E0,02F8,1,メイド,"メイド
「かつてあったエルフ族の大移住の時
　には・・・」{W}",,
29-00-02F8-02,29,0,74D4E0,02F8,2,メイド,"メイド
「むりやり引き裂かれたカップルが、
　たくさんあるって話なの」{W}",,
29-00-03AA-00,29,0,74D4E0,03AA,0,おじいさん,"おじいさん
「ミッドガルズでは・・・」{W}",,
29-00-03AA-01,29,0,74D4E0,03AA,1,おじいさん,"おじいさん
「何十年も前から、魔術に代わる『新
　たな力』を研究してます」{W}",,
29-00-03AA-02,29,0,74D4E0,03AA,2,おじいさん,"おじいさん
「ソーサルテクノロジィ、またの名を
　『魔科学』」{W}",,
29-00-03AA-03,29,0,74D4E0,03AA,3,おじいさん,"おじいさん
「人間が魔法を操るための技術、とい
　う話ですが・・・」{W}",,
29-00-04A6-00,29,0,74D4E0,04A6,0,兵士,"兵士
「水鏡ユミルの森は・・・」{W}",,
29-00-04A6-01,29,0,74D4E0,04A6,1,兵士,"兵士
「大きな湖の上に樹木が生い茂ってい
　るんだってさ」{W}",,
29-00-04A6-02,29,0,74D4E0,04A6,2,兵士,"兵士
「一度見てみたいものだ」{W}",,
29-00-0526-00,29,0,74D4E0,0526,0,魔術師,"魔術師
「エルフ族は、アルヴァニスタがミッ
　ドガルズと・・・」{W}",,
29-00-0526-01,29,0,74D4E0,0526,1,魔術師,"魔術師
「友好同盟を結んでいることに反対し
　ています」{W}",,
29-00-0526-02,29,0,74D4E0,0526,2,魔術師,"魔術師
「けれど、その理由がいまいちわから
　ないんですよ」{W}",,
29-00-0526-03,29,0,74D4E0,0526,3,魔術師,"魔術師
「なんででしょう？」{W}",,
29-00-0600-00,29,0,74D4E0,0600,0,メイド,"メイド
「戦争、戦争って言ってもうちらには
　関係ないよね」{W}",,
29-00-0600-01,29,0,74D4E0,0600,1,メイド,"メイド
「でも、平和すぎるってのもちょっと
　退屈だわ」{W}",,
29-00-067A-00,29,0,74D4E0,067A,0,由香里,"由香里
「私、吉田由香里」{W}",,
29-00-067A-01,29,0,74D4E0,067A,1,由香里,"由香里
「歌、歌いたいの～！！」{W}",,
29-00-067A-02,29,0,74D4E0,067A,2,クレス,"{N1}
「歌？」{W}",,
29-00-067A-03,29,0,74D4E0,067A,3,,{COL:3}聞きますか？{COL:2},,
29-00-06DE-00,29,0,74D4E0,06DE,0,由香里,"由香里
「え～・・・、ケチ！」{W}",,
29-00-0700-00,29,0,74D4E0,0700,0,由香里,"由香里
「それじゃ、歌いま～す▽」{W}",,
29-00-0726-00,29,0,74D4E0,0726,0,由香里,"由香里
「レッツゴー、ミュージック！！」{W}",,
29-00-0752-00,29,0,74D4E0,0752,0,由香里,"由香里
「聞いてくれてありがとう」{W}",,
29-00-0752-01,29,0,74D4E0,0752,1,由香里,"由香里
「またね」{W}",,
29-00-078C-00,29,0,74D4E0,078C,0,由香里,"由香里
「え～、もういいの・・・？」",,
29-00-07B2-00,29,0,74D4E0,07B2,0,男の人,"男の人
「エルフは人間が魔術を使えるように
　なるのを・・・」{W}",,
29-00-07B2-01,29,0,74D4E0,07B2,1,男の人,"男の人
「恐れているんじゃないかな？」{W}",,
29-00-07B2-02,29,0,74D4E0,07B2,2,男の人,"男の人
「数は人間の方が多い訳だし」{W}",,
29-00-0842-00,29,0,74D4E0,0842,0,兵士,"兵士
「見張りも楽じゃないね」{W}",,
29-00-0842-01,29,0,74D4E0,0842,1,兵士,"兵士
「えっ、精霊の話？」{W}",,
29-00-0842-02,29,0,74D4E0,0842,2,兵士,"兵士
「そんなの、ぼくが知ってるわけない
　じゃん」{W}",,
29-00-0842-03,29,0,74D4E0,0842,3,兵士,"兵士
「魔法研究所の人に聞いてよ」{W}",,
29-00-0842-04,29,0,74D4E0,0842,4,兵士,"兵士
「あっ、待て」{W}",,
29-00-0842-05,29,0,74D4E0,0842,5,兵士,"兵士
「そういえばこんな昔話を聞いたこと
　がある」{W}",,
29-00-0842-06,29,0,74D4E0,0842,6,兵士,"兵士
「昔々、今のような魔物がいなかった
　ころ」{W}",,
29-00-0842-07,29,0,74D4E0,0842,7,兵士,"兵士
「ある悪い人々が世界中に毒をまこう
　としていた」{W}",,
29-00-0842-08,29,0,74D4E0,0842,8,兵士,"兵士
「その毒で世界を支配しようとしてい
　たんだ」{W}",,
29-00-0842-09,29,0,74D4E0,0842,9,兵士,"兵士
「月の精霊様はそれを阻止しようと、
　地上に降りてきた」{W}",,
29-00-0842-10,29,0,74D4E0,0842,10,兵士,"兵士
「でも、月の光が力の源である精霊様
　は・・・」{W}",,
29-00-0842-11,29,0,74D4E0,0842,11,兵士,"兵士
「月のない夜にその悪い人々に捕まっ
　てしまった」{W}",,
29-00-0842-12,29,0,74D4E0,0842,12,兵士,"兵士
「その悪い人々っていうのがどっかの
　国の王様たちだったんだ」{W}",,
29-00-0842-13,29,0,74D4E0,0842,13,兵士,"兵士
「・・・続きは覚えてないんだ」{W}",,
29-00-0842-14,29,0,74D4E0,0842,14,兵士,"兵士
「ごめんな」{W}",,
29-00-0AFC-00,29,0,74D4E0,0AFC,0,元・石取り名人,"元・石取り名人
「君とはすでに勝負がついているはず
　だ」{W}",,
29-00-0B3A-00,29,0,74D4E0,0B3A,0,石取り名人,"石取り名人
「もう一度勝負だ！」{W}",,
29-00-0B5E-00,29,0,74D4E0,0B5E,0,石取り名人,"石取り名人
「そこの君、一つゲームをやらないか
　い？」{W}",,
29-00-0B5E-01,29,0,74D4E0,0B5E,1,石取り名人,"石取り名人
「君が勝ったら、なにかプレゼントし
　よう」{W}",,
29-00-0BD4-00,29,0,74D4E0,0BD4,0,,勝負しますか？,,
29-00-0BE4-00,29,0,74D4E0,0BE4,0,石取り名人,"石取り名人
「君の挑戦を待っているよ」{W}",,
29-00-0C0E-00,29,0,74D4E0,0C0E,0,石取り名人,"石取り名人
「説明を聞くかい？」",,
29-00-0C30-00,29,0,74D4E0,0C30,0,石取り名人,"石取り名人
「私と石取りゲームをやるのだ」{W}",,
29-00-0C30-01,29,0,74D4E0,0C30,1,石取り名人,"石取り名人
「石取りゲームとは一山の石から順に
　石を取り・・・」{W}",,
29-00-0C30-02,29,0,74D4E0,0C30,2,石取り名人,"石取り名人
「最後に取った者が負けになる、とい
　うものだ」{W}",,
29-00-0C30-03,29,0,74D4E0,0C30,3,石取り名人,"石取り名人
「一回に取れる石の数は最大３つで、
　パスはできない」{W}",,
29-00-0C30-04,29,0,74D4E0,0C30,4,石取り名人,"石取り名人
「あと時間制限があるぞ」{W}",,
29-00-0C30-05,29,0,74D4E0,0C30,5,石取り名人,"石取り名人
「時間が来ると今選んでいる数を強制
　的に取らされることになる」{W}",,
29-00-0C30-06,29,0,74D4E0,0C30,6,石取り名人,"石取り名人
「途中でやめたい時は、数を選ぶ時に
　キャンセルしてくれ」{W}",,
29-00-0DE0-00,29,0,74D4E0,0DE0,0,石取り名人,"石取り名人
「それじゃ位置について」{W}",,
29-00-0E08-00,29,0,74D4E0,0E08,0,石取り名人,"石取り名人
「このツボの中には
　{VAR:E13A80}コの石が入ってる」{W}",,
29-00-0E08-01,29,0,74D4E0,0E08,1,石取り名人,"石取り名人
「先にやりますかな？」",,
29-00-0E67-00,29,0,74D4E0,0E67,0,石取り名人,"石取り名人
「では、勝負」{W}",,
29-00-0E85-00,29,0,74D4E0,0E85,0,石取り名人,"石取り名人
「やめますか、またの挑戦を待ってい
　ますよ」{W}",,
29-00-0EC3-00,29,0,74D4E0,0EC3,0,石取り名人,"石取り名人
「むぅ・・・」{W}",,
29-00-0EC3-01,29,0,74D4E0,0EC3,1,石取り名人,"石取り名人
「わ、私の完敗です」{W}",,
29-00-0EC3-02,29,0,74D4E0,0EC3,2,石取り名人,"石取り名人
「では約束どおり、アイテムをあげよ
　う」{W}",,
29-00-0F3B-00,29,0,74D4E0,0F3B,0,,{ITEM:167}を手に入れました。{W},,
29-00-0F3B-01,29,0,74D4E0,0F3B,1,石取り名人,"石取り名人
「それから・・・、君に名人の称号を
　贈ろう」{W}",,
29-00-0F3B-02,29,0,74D4E0,0F3B,2,元・石取り名人,"元・石取り名人
「今日から君が石取り名人だ」{W}",,
29-00-0FBF-00,29,0,74D4E0,0FBF,0,,"{COL:2}{N1}は『{TITLE:18F}』の
称号を得ました。{W}",,
29-00-0FBF-01,29,0,74D4E0,0FBF,1,,{COL:0},,
29-00-0FED-00,29,0,74D4E0,0FED,0,石取り名人,"石取り名人
「むぅ・・・」{W}",,
29-00-0FED-01,29,0,74D4E0,0FED,1,石取り名人,"石取り名人
「私の負けのようですな」{W}",,
29-00-0FED-02,29,0,74D4E0,0FED,2,石取り名人,"石取り名人
「では約束どおり、アイテムをあげよ
　う」{W}",,
29-00-1069-00,29,0,74D4E0,1069,0,,{ITEM:7C}を手に入れました。{W},,
29-00-1069-01,29,0,74D4E0,1069,1,石取り名人,"石取り名人
「むぅ、もう一回勝負しないか？」{W}",,
29-00-10B1-00,29,0,74D4E0,10B1,0,石取り名人,"石取り名人
「残念、あなたの負けだ」{W}",,
29-00-10B1-01,29,0,74D4E0,10B1,1,石取り名人,"石取り名人
「またの挑戦を待っているよ」{W}",,
29-00-1103-00,29,0,74D4E0,1103,0,,"残り{VAR:E13A80}コです。
いくつ取りますか？",,
29-00-112A-00,29,0,74D4E0,112A,0,,"残り：{VAR:E13A80}コ
取る：{VAR:E13B80}
数が足りません",,
29-00-1156-00,29,0,74D4E0,1156,0,石取り名人,"石取り名人
「{VAR:E13B80}コ取るよ」",,
29-00-1175-00,29,0,74D4E0,1175,0,新鋭の音楽家,"新鋭の音楽家
「やっぱり城のＢＧＭは・・・」{W}",,
29-00-1175-01,29,0,74D4E0,1175,1,新鋭の音楽家,"新鋭の音楽家
「新しい時代に合ったものでなくては
　いけないよ」{W}",,
29-00-1175-02,29,0,74D4E0,1175,2,新鋭の音楽家,"新鋭の音楽家
「そう考えたらやっぱりこうなるな」{W}",,
29-00-1219-00,29,0,74D4E0,1219,0,老齢の音楽家,"老齢の音楽家
「やはり城の楽曲は荘厳かつ繊細でな
　くてはならない」{W}",,
29-00-1219-01,29,0,74D4E0,1219,1,老齢の音楽家,"老齢の音楽家
「そう考えると、やはりこうなるであ
　ろう」{W}",,
29-00-129D-00,29,0,74D4E0,129D,0,ハリソン,"ハリソン
「我が国のトール調査隊の話では、町
　の中に幻を映す装置があるそうだ」{W}",,
29-00-129D-01,29,0,74D4E0,129D,1,ハリソン,"ハリソン
「これも魔物の一種だろうか？」{W}",,
29-00-131B-00,29,0,74D4E0,131B,0,ルーングロム,"ルーングロム
「この世界にいつからか、常に闇に閉
　ざされた空間がある」{W}",,
29-00-131B-01,29,0,74D4E0,131B,1,ルーングロム,"ルーングロム
「そこに町が一つあるのだ」{W}",,
29-00-131B-02,29,0,74D4E0,131B,2,ルーングロム,"ルーングロム
「行ってみればなにか手がかりがつか
　めるかもしれん」{W}",,
29-00-13D7-00,29,0,74D4E0,13D7,0,ルーングロム,"ルーングロム
「超古代と呼ばれる、今よりも数千年
　の昔・・・」{W}",,
29-00-13D7-01,29,0,74D4E0,13D7,1,ルーングロム,"ルーングロム
「大陸は三つの大国によって覇権が争
　われていた」{W}",,
29-00-13D7-02,29,0,74D4E0,13D7,2,ルーングロム,"ルーングロム
「その三つの国とは、オーディーン、
　フェンリル、そしてトール」{W}",,
29-00-13D7-03,29,0,74D4E0,13D7,3,ルーングロム,"ルーングロム
「隕石の落下によってトールが沈没し
　た後・・・」{W}",,
29-00-13D7-04,29,0,74D4E0,13D7,4,ルーングロム,"ルーングロム
「泥沼化した戦争に、ニ国の滅亡とい
　う形で終止符を打った謎の男たち」{W}",,
29-00-13D7-05,29,0,74D4E0,13D7,5,ルーングロム,"ルーングロム
「その男たちが使っていた、三種の武
　具・・・」{W}",,
29-00-13D7-06,29,0,74D4E0,13D7,6,ルーングロム,"ルーングロム
「その三種の武具は融合させることで
　・・・」{W}",,
29-00-13D7-07,29,0,74D4E0,13D7,7,ルーングロム,"ルーングロム
「時間を操る魔剣へと変化するらしい
　のだ」{W}",,
29-00-13D7-08,29,0,74D4E0,13D7,8,ルーングロム,"ルーングロム
「詳しいことは魔法研究室で聞いてく
　れ」{W}",,
29-00-13D7-09,29,0,74D4E0,13D7,9,ルーングロム,"ルーングロム
「期待しているよ」{W}",,
29-00-13D7-10,29,0,74D4E0,13D7,10,ルーングロム,"ルーングロム
「もう、おぬしらしか頼る者がいない
　のだ」{W}",,
29-00-1697-00,29,0,74D4E0,1697,0,兵士,"兵士
「私のおじいさん、剣士だったんです
　が・・・」{W}",,
29-00-1697-01,29,0,74D4E0,1697,1,兵士,"兵士
「謎の言葉を残して、消息を絶ちまし
　た」{W}",,
29-00-1697-02,29,0,74D4E0,1697,2,兵士,"兵士
「・左・右・決定・・・」{W}",,
29-00-1697-03,29,0,74D4E0,1697,3,兵士,"兵士
「なんのことでしょう・・・？」{W}",,
29-00-1749-00,29,0,74D4E0,1749,0,兵士,"兵士
「フレイランドには巨大な火山がある
　んだ」{W}",,
29-00-1749-01,29,0,74D4E0,1749,1,兵士,"兵士
「私も調査に行ったことがあるのだが
　今でも溶岩が噴き出してるよ」{W}",,
29-00-17C9-00,29,0,74D4E0,17C9,0,女の人,"女の人
「フリーズキールには巨大な教会があ
　るそうよ」{W}",,
29-00-17C9-01,29,0,74D4E0,17C9,1,女の人,"女の人
「なんでも、超古代文明の時代のもの
　だったとか」{W}",,
29-00-1841-00,29,0,74D4E0,1841,0,メイド,"メイド
「王室公認の紅茶はいかが？」{W}",,
29-00-1869-00,29,0,74D4E0,1869,0,メイド,"メイド
「私はエミリ、夢見る少女・・・」{W}",,
29-00-1869-01,29,0,74D4E0,1869,1,メイド,"メイド
「ああ・・・、先輩・・・」{W}",,
29-00-18B9-00,29,0,74D4E0,18B9,0,メイド,"メイド
「絶対よね、絶対！」{W}",,
29-00-18D9-00,29,0,74D4E0,18D9,0,メイド,"メイド
「エミリの好きな人が誰なのかを話し
　てるの」{W}",,
29-00-1913-00,29,0,74D4E0,1913,0,兵士,"兵士
「ここは図書室です」{W}",,
29-00-1931-00,29,0,74D4E0,1931,0,メイド,"メイド
「やっぱ先輩に間違いないよ！」{W}",,
29-00-195B-00,29,0,74D4E0,195B,0,メイド,"メイド
「案外、王女様だったりして・・・」{W}",,
29-00-195B-01,29,0,74D4E0,195B,1,メイド,"メイド
「冗談よ、冗談っ！」{W}",,
29-00-19A7-00,29,0,74D4E0,19A7,0,剣士,"剣士
「前にミッドガルズにいたんだ」{W}",,
29-00-19A7-01,29,0,74D4E0,19A7,1,剣士,"剣士
「ダオスの攻撃からなんとか逃れてき
　てね」{W}",,
29-00-1A03-00,29,0,74D4E0,1A03,0,剣士,"剣士
「君は剣士のようだね」{W}",,
29-00-1A03-01,29,0,74D4E0,1A03,1,剣士,"剣士
「この奥義書、買わないか？」{W}",,
29-00-1A03-02,29,0,74D4E0,1A03,2,剣士,"剣士
「１８０００ガルドでいいよ」{W}",,
29-00-1A03-03,29,0,74D4E0,1A03,3,,{COL:3}買いますか？{COL:2},,
29-00-1A7F-00,29,0,74D4E0,1A7F,0,剣士,"剣士
「いつでも買いに来てくれ」{W}",,
29-00-1AA3-00,29,0,74D4E0,1AA3,0,剣士,"剣士
「金が足りないよ」{W}",,
29-00-1ABF-00,29,0,74D4E0,1ABF,0,,"{COL:3}{N1}は
襲爪飛燕脚を覚えました。{COL:2}{W}",,
29-00-1ABF-01,29,0,74D4E0,1ABF,1,剣士,"剣士
「ありがとう」{W}",,
29-00-1B01-00,29,0,74D4E0,1B01,0,知識人,"知識人
「書物の話を聞きたくないか？」",,
29-00-1B29-00,29,0,74D4E0,1B29,0,知識人,"知識人
「あっ、そう」{W}",,
29-00-1B43-00,29,0,74D4E0,1B43,0,知識人,"知識人
「君たちが必要としている本は、三種
　類ある」{W}",,
29-00-1B43-01,29,0,74D4E0,1B43,1,知識人,"知識人
「一つは奥義書、剣士が奥義を覚える
　ための書物だ」{W}",,
29-00-1B43-02,29,0,74D4E0,1B43,2,知識人,"知識人
「一つは呪文書、魔法使いが魔法を覚
　えるための書物だ」{W}",,
29-00-1B43-03,29,0,74D4E0,1B43,3,知識人,"知識人
「そしてもう一つが魔術書」{W}",,
29-00-1B43-04,29,0,74D4E0,1B43,4,知識人,"知識人
「これは主に召喚士などが研究用に使
　うものだ」{W}",,
29-00-1B43-05,29,0,74D4E0,1B43,5,知識人,"知識人
「時には魔力を帯びた武器にもなる」{W}",,
29-00-1B43-06,29,0,74D4E0,1B43,6,知識人,"知識人
「こんなところかな」{W}",,
29-00-1CA5-00,29,0,74D4E0,1CA5,0,町の人,"町の人
「君たち『おでん』って知ってる？」{W}",,
29-00-1CA5-01,29,0,74D4E0,1CA5,1,町の人,"町の人
「忍者はこの『おでん』が大好物らし
　いね」{W}",,
29-00-1CA5-02,29,0,74D4E0,1CA5,2,町の人,"町の人
「でも、ぼくは『ういろう』のほうが
　いいな」{W}",,
29-00-1D41-00,29,0,74D4E0,1D41,0,兵士,"兵士
「ここは王女様の部屋です」{W}",,
29-00-1D41-01,29,0,74D4E0,1D41,1,兵士,"兵士
「そそうのないよう願います」{W}",,
29-00-1D89-00,29,0,74D4E0,1D89,0,兵士,"兵士
「ここは王子様の部屋です」{W}",,
29-00-1DAD-00,29,0,74D4E0,1DAD,0,兵士,"兵士
「王女様・・・」{W}",,
29-00-1DAD-01,29,0,74D4E0,1DAD,1,兵士,"兵士
「それは美しい方です」{W}",,
29-00-1DE5-00,29,0,74D4E0,1DE5,0,兵士,"兵士
「王子様が元に戻られた」{W}",,
29-00-1DE5-01,29,0,74D4E0,1DE5,1,兵士,"兵士
「これでアルヴァニスタも安泰です」{W}",,
29-00-1E31-00,29,0,74D4E0,1E31,0,メイド,"メイド
「私の彼、冒険家なんだけどおもしろ
　い話をしてくれたわ」{W}",,
29-00-1E31-01,29,0,74D4E0,1E31,1,メイド,"メイド
「なんでも、海賊アイフリードの隠れ
　アジトは・・・」{W}",,
29-00-1E31-02,29,0,74D4E0,1E31,2,メイド,"メイド
「世界中に２０ヶ所以上あるらしいの
　よ」{W}",,
29-00-1E31-03,29,0,74D4E0,1E31,3,メイド,"メイド
「全部探すのはたいへんね」{W}",,
29-00-1F0F-00,29,0,74D4E0,1F0F,0,魔術師,"魔術師
「超古代文明の古文書に書いてあった
　んだけど・・・」{W}",,
29-00-1F0F-01,29,0,74D4E0,1F0F,1,魔術師,"魔術師
「オリジンという精霊は再生の能力が
　あるんだそうだ」{W}",,
29-00-1F0F-02,29,0,74D4E0,1F0F,2,魔術師,"魔術師
「再生というのは壊れた物を直す能力
　もそうだけど・・・」{W}",,
29-00-1F0F-03,29,0,74D4E0,1F0F,3,魔術師,"魔術師
「複数の物を一つの物に作り替える、
　という能力もあると書いてあるよ」{W}",,
29-00-1F0F-04,29,0,74D4E0,1F0F,4,魔術師,"魔術師
「昔はオリジンっていうと伝説上の精
　霊だったんだけど・・・」{W}",,
29-00-1F0F-05,29,0,74D4E0,1F0F,5,魔術師,"魔術師
「ここまで具体的な説明があると、実
　在してもおかしくないよね」{W}",,
29-00-1F0F-06,29,0,74D4E0,1F0F,6,魔術師,"魔術師
「えっ、場所？」{W}",,
29-00-1F0F-07,29,0,74D4E0,1F0F,7,魔術師,"魔術師
「やっぱりエルフの聖域ヘイムダール
　じゃないのかなぁ」{W}",,
29-00-1F0F-08,29,0,74D4E0,1F0F,8,魔術師,"魔術師
「オリジンに関する古文書には、必ず
　と言っていいほど書かれているよ」{W}",,
29-00-2163-00,29,0,74D4E0,2163,0,,"　　　『超古代の言語形態１』
超古代文明時代にはニつの言語が発達
していたと言われている。{W}",,
29-00-2163-01,29,0,74D4E0,2163,1,,"一つは、上位古代語と呼ばれるもので
ある。{W}",,
29-00-2163-02,29,0,74D4E0,2163,2,,"この言語の歴史はかなり古く、一説に
は一万年前とも十万年前とも言われて
いる。{W}",,
29-00-2163-03,29,0,74D4E0,2163,3,,"もう一つがコモン語と呼ばれるもので
ある。{W}",,
29-00-2163-04,29,0,74D4E0,2163,4,,"我々の話す言葉などはこの言語が元で
あると言われている。{W}",,
29-00-2163-05,29,0,74D4E0,2163,5,,"また、このニつの言語を法印状に組み
合わせた文章が刻まれている石盤も、
多数発見されている。{W}",,
29-00-2301-00,29,0,74D4E0,2301,0,,"　　　　　　『禁呪文』
この世界に存在する魔法。（黒魔法、
攻撃魔法と呼ばれる場合もある）{W}",,
29-00-2301-01,29,0,74D4E0,2301,1,,"その中には、いにしえに封印された禁
呪文と呼ばれるものがある。{W}",,
29-00-2301-02,29,0,74D4E0,2301,2,,その一つとして自己犠牲魔法がある。{W},,
29-00-2301-03,29,0,74D4E0,2301,3,,"自らの全精力を熱エネルギーに変換、
全魔力を使ってそれを圧縮、爆発させ
るという。{W}",,
29-00-2301-04,29,0,74D4E0,2301,4,,"不思議な事に魔法をかける直前、自然
と自分の周囲に結界が張られ、爆発の
範囲を抑えるという。{W}",,
29-00-2301-05,29,0,74D4E0,2301,5,,"攻撃力を上げるためか、周囲に爆発の
影響を与えない為かは定かではない。{W}",,
29-00-24BD-00,29,0,74D4E0,24BD,0,,"　　　　『いやしの魔法』
魔法は主に攻撃を主体とするものが多
い。{W}",,
29-00-24BD-01,29,0,74D4E0,24BD,1,,"しかし、中にはいやしの力を有するの
もあるという。{W}",,
29-00-24BD-02,29,0,74D4E0,24BD,2,,"攻撃魔法は自らの魔力を使うが、いや
しの魔法は神の力を使うと言われてい
る。{W}",,
29-00-24BD-03,29,0,74D4E0,24BD,3,,しかし、未だ存在は確認されていない。{W},,
29-00-25AB-00,29,0,74D4E0,25AB,0,,"　　　　　　『月と星』
我々がいつも見ている月、大きい方が
シルヴァラント。{W}",,
29-00-25AB-01,29,0,74D4E0,25AB,1,,"小さい方が、テセアラと呼ばれていま
す。{W}",,
29-00-25AB-02,29,0,74D4E0,25AB,2,,"これらニつの月は、我々の住んでいる
この星の衛星です。{W}",,
29-00-25AB-03,29,0,74D4E0,25AB,3,,"シルヴァラントは約３５日、テセアラ
は約４２日でこの星を一周します。{W}",,
29-00-25AB-04,29,0,74D4E0,25AB,4,,"このニつの月の間には、望遠鏡等でし
か確認できませんが・・・{W}",,
29-00-25AB-05,29,0,74D4E0,25AB,5,,"お互いの引力による影響で、隕石が無
数に漂っているということです。{W}",,
29-00-2725-00,29,0,74D4E0,2725,0,,"　　　　『トールの種族』
現在存在するいかなる王国よりも特異
で優れた文化・技術を基盤とし・・・{W}",,
29-00-2725-01,29,0,74D4E0,2725,1,,"極めて閉鎖的に発展してきたと言われ
ています。{W}",,
29-00-2725-02,29,0,74D4E0,2725,2,,"人種的にもたぐいまれな能力を有する
種族だったようです。{W}",,
29-00-27F3-00,29,0,74D4E0,27F3,0,,"　　　　　『改・禁呪文』
古より封印された魔法のほとんどが、
時間や空間を操るものだったらしい。{W}",,
29-00-2857-00,29,0,74D4E0,2857,0,,"　　　　　『古の音楽』
超古代文明では今とは違い、テンポの
早い激しい音楽が流行していた。{W}",,
29-00-2857-01,29,0,74D4E0,2857,1,,"『ドラム』という打楽器でリズムをと
り『エレキギター』という電気仕掛け
のギターでコードを奏でる。{W}",,
29-00-2857-02,29,0,74D4E0,2857,2,,"『ベース』というコントラバスに似た
もので低音部分を演奏し・・・{W}",,
29-00-2857-03,29,0,74D4E0,2857,3,,"また『キーボード』という電気で奏で
るピアノで演奏していたという。{W}",,
29-00-299F-00,29,0,74D4E0,299F,0,,"『？月？日　晴れ
今日、超かっこいい先輩と話しちゃっ
た。{W}",,
29-00-299F-01,29,0,74D4E0,299F,1,,"背が高くて顔もモデル級で、こんな人
と話ができるなんてエミリもう最高！{W}",,
29-00-299F-02,29,0,74D4E0,299F,2,,"ＢＵＴ、先輩の前に立つと胸がドキド
キして自分でもなに話してるんだかわ
かんなくなっちゃった。{W}",,
29-00-2A85-00,29,0,74D4E0,2A85,0,クレス,"{N1}
「日記みたいだ」{W}",,
29-00-2A85-01,29,0,74D4E0,2A85,1,,"『？月？日　晴れ
今日、超かっこいい先輩と話しちゃっ
た。{W}",,
29-00-2A85-02,29,0,74D4E0,2A85,2,,"背が高くて顔もモデル級で、こんな人
と話ができるなんてエミリもう最高！{W}",,
29-00-2A85-03,29,0,74D4E0,2A85,3,,"ＢＵＴ、先輩の前に立つと胸がドキド
キして自分でもなに話してるんだかわ
かんなくなっちゃった。{W}",,
29-00-2A85-04,29,0,74D4E0,2A85,4,クレス,"{N1}
「なんだこりゃ・・・」{W}",,
29-00-2BA1-00,29,0,74D4E0,2BA1,0,クレス,"{N1}
「石ころがたくさん入っている」{W}",,
29-00-2BC9-00,29,0,74D4E0,2BC9,0,クレス,"{N1}
「からっぽみたいだ」{W}",,
29-00-2BE7-00,29,0,74D4E0,2BE7,0,アーチェ,"{N3}
「ふぅっ、これで全員だよね〃」{W}",,
29-00-2BE7-01,29,0,74D4E0,2BE7,1,クラース,"{N4}
「それじゃあ、王子の寝室を探そう」{W}",,
29-00-2BE7-02,29,0,74D4E0,2BE7,2,クラース,"{N4}
「みんな静かにな・・・」{W}",,
29-00-2C59-00,29,0,74D4E0,2C59,0,ルーングロム,"ルーングロム
「おぬしら、夜分城内に侵入した理由
　を申してみよ」{W}",,
29-00-2C9F-00,29,0,74D4E0,2C9F,0,クラース,"{N4}
「王子を助けるためです」{W}",,
29-00-2CC1-00,29,0,74D4E0,2CC1,0,レアード,"レアード
「な、なにをばかな事を・・・！？」{W}",,
29-00-2CC1-01,29,0,74D4E0,2CC1,1,国王,"国王
「レアード、お前は何も知らぬのだ」{W}",,
29-00-2CC1-02,29,0,74D4E0,2CC1,2,国王,"国王
「黙っておれ」{W}",,
29-00-2CC1-03,29,0,74D4E0,2CC1,3,クラース,"{N4}
「私たちには今・・・、魔術が必要で
　す」{W}",,
29-00-2CC1-04,29,0,74D4E0,2CC1,4,クラース,"{N4}
「より強い呪文を得るために各地を探
　索してきました」{W}",,
29-00-2CC1-05,29,0,74D4E0,2CC1,5,ルーングロム,"ルーングロム
「何故に？」{W}",,
29-00-2CC1-06,29,0,74D4E0,2CC1,6,クラース,"{N4}
「魔術でしか傷つかないと言われてい
　るダオスを倒すためです」{W}",,
29-00-2CC1-07,29,0,74D4E0,2CC1,7,国王,"国王
「真か！！」{W}",,
29-00-2CC1-08,29,0,74D4E0,2CC1,8,国王,"国王
「実は、そなたらが偶然レアードを助
　けた盗賊にすぎぬのか」{W}",,
29-00-2CC1-09,29,0,74D4E0,2CC1,9,国王,"国王
「最初から、レアードを助けるつもり
　だったのかを・・・」{W}",,
29-00-2CC1-10,29,0,74D4E0,2CC1,10,国王,"国王
「はっきりさせたかったのだ」{W}",,
29-00-2CC1-11,29,0,74D4E0,2CC1,11,国王,"国王
「心から礼を申すぞ」{W}",,
29-00-2EDD-00,29,0,74D4E0,2EDD,0,レアード,"レアード
「私が、ダオスに操られていた？」{W}",,
29-00-2EDD-01,29,0,74D4E0,2EDD,1,レアード,"レアード
「本当なのですか、父上？」{W}",,
29-00-2EDD-02,29,0,74D4E0,2EDD,2,国王,"国王
「真だ・・・」{W}",,
29-00-2EDD-03,29,0,74D4E0,2EDD,3,国王,"国王
「その為に、近く起こる戦に・・・」{W}",,
29-00-2EDD-04,29,0,74D4E0,2EDD,4,国王,"国王
「我が国は、加勢することができなく
　なってしまった」{W}",,
29-00-2EDD-05,29,0,74D4E0,2EDD,5,国王,"国王
「おそらく、ダオスはそれが目的だっ
　たのだろう」{W}",,
29-00-2FE9-00,29,0,74D4E0,2FE9,0,クレス,"{N1}
「戦・・・？」{W}",,
29-00-2FE9-01,29,0,74D4E0,2FE9,1,ルーングロム,"ルーングロム
「行く先々でウワサくらいは聞いたこ
　とがあるだろう？」{W}",,
29-00-2FE9-02,29,0,74D4E0,2FE9,2,ルーングロム,"ルーングロム
「我が国との同盟国であるミッドガル
　ズとダオスの軍勢が激突間近だ」{W}",,
29-00-2FE9-03,29,0,74D4E0,2FE9,3,ルーングロム,"ルーングロム
「・・・という話くらいは・・・」{W}",,
29-00-2FE9-04,29,0,74D4E0,2FE9,4,クラース,"{N4}
「・・・心得ています」{W}",,
29-00-2FE9-05,29,0,74D4E0,2FE9,5,国王,"国王
「もし、呪文探索の旅が十分達成され
　たと感じたなら・・・」{W}",,
29-00-2FE9-06,29,0,74D4E0,2FE9,6,国王,"国王
「戦に力を貸すことも考えてみてほし
　い」{W}",,
29-00-2FE9-07,29,0,74D4E0,2FE9,7,クラース,"{N4}
「はい」{W}",,
29-00-3171-00,29,0,74D4E0,3171,0,ルーングロム,"ルーングロム
「これは、おぬしらが退治した化け物
　の死体から見つかったものだ」{W}",,
29-00-3171-01,29,0,74D4E0,3171,1,ルーングロム,"ルーングロム
「持っていくがいい」{W}",,
29-00-3171-02,29,0,74D4E0,3171,2,ルーングロム,"ルーングロム
「それと{SPD:10}・・・{SPD:FF}」{W}",,
29-00-3211-00,29,0,74D4E0,3211,0,クラース,"{N4}
「魔術書！」{W}",,
29-00-3211-01,29,0,74D4E0,3211,1,クラース,"{N4}
「いいのですか？」{W}",,
29-00-3211-02,29,0,74D4E0,3211,2,ルーングロム,"ルーングロム
「それから、おぬしにはこれだ」{W}",,
29-00-3211-03,29,0,74D4E0,3211,3,ルーングロム,"ルーングロム
「これも、倒した魔物が持っていたの
　だ」{W}",,
29-00-32A9-00,29,0,74D4E0,32A9,0,クレス,"{N1}
「これは・・・！？」{W}",,
29-00-32A9-01,29,0,74D4E0,32A9,1,ルーングロム,"ルーングロム
「グーングニル・・・」{W}",,
29-00-32A9-02,29,0,74D4E0,32A9,2,ルーングロム,"ルーングロム
「神々の終末の戦いの際に作られたと
　言われている槍だ」{W}",,
29-00-32A9-03,29,0,74D4E0,32A9,3,国王,"国王
「遠慮はいらぬ」{W}",,
29-00-32A9-04,29,0,74D4E0,32A9,4,国王,"国王
「それに、なにか困ったことがあれば
　いつでも頼ってきてくれ」{W}",,
29-00-32A9-05,29,0,74D4E0,32A9,5,クラース,"{N4}
「ありがとうございます！」{W}",,
29-00-33B5-00,29,0,74D4E0,33B5,0,クラース,"{N4}
「では、さっそくですが・・・」{W}",,
29-00-33B5-01,29,0,74D4E0,33B5,1,クラース,"{N4}
「モーリア坑道の探索許可証をお願い
　したいのですが」{W}",,
29-00-33B5-02,29,0,74D4E0,33B5,2,ルーングロム,"ルーングロム
「・・・何故に？」{W}",,
29-00-33B5-03,29,0,74D4E0,33B5,3,ルーングロム,"ルーングロム
「単なる宝探しというわけではあるま
　い」{W}",,
29-00-33B5-04,29,0,74D4E0,33B5,4,クラース,"{N4}
「はい」{W}",,
29-00-33B5-05,29,0,74D4E0,33B5,5,クラース,"{N4}
「月の精霊ルナと契約を結ぶ為の指輪
　がある・・・」{W}",,
29-00-33B5-06,29,0,74D4E0,33B5,6,クラース,"{N4}
「そう言われているからです」{W}",,
29-00-33B5-07,29,0,74D4E0,33B5,7,国王,"国王
「うむ、わかった」{W}",,
29-00-33B5-08,29,0,74D4E0,33B5,8,国王,"国王
「後日、町の冒険者ギルドにて受け取
　るがよい」{W}",,
29-00-3539-00,29,0,74D4E0,3539,0,ルーングロム,"ルーングロム
「それでは国王、私は研究所に戻りま
　す」{W}",,
29-00-3539-01,29,0,74D4E0,3539,1,レアード,"レアード
「私も部屋に戻ります」{W}",,
29-00-3597-00,29,0,74D4E0,3597,0,,契約の指輪ガーネット、グーングニル、セラノフラグメンを手に入れました。{W},,
29-00-35E1-00,29,0,74D4E0,35E1,0,衛兵,"衛兵
「そこにいるのは誰だ！？」",,
29-00-3603-00,29,0,74D4E0,3603,0,ハリソン,"ハリソン
「連れて参りました」{W}",,
29-00-3603-01,29,0,74D4E0,3603,1,ルーングロム,"ルーングロム
「ごくろう」{W}",,
29-00-3641-00,29,0,74D4E0,3641,0,クレス,"{N1}
「ルーングロムさん！！」{W}",,
29-00-3663-00,29,0,74D4E0,3663,0,チェスター,"{N5}
「誰？」{W}",,
29-00-3663-01,29,0,74D4E0,3663,1,アーチェ,"{N3}
「過去で会った人よ」{W}",,
29-00-3663-02,29,0,74D4E0,3663,2,アーチェ,"{N3}
「ここの宮廷魔術師なの」{W}",,
29-00-36B1-00,29,0,74D4E0,36B1,0,ミント,"{N2}
「まさか、またルーングロムさんに会
　えるなんて・・・」{W}",,
29-00-36B1-01,29,0,74D4E0,36B1,1,ルーングロム,"ルーングロム
「だてにエルフの血は流れてないよ」{W}",,
29-00-36B1-02,29,0,74D4E0,36B1,2,ルーングロム,"ルーングロム
「本当はこんな形では会いたくなかっ
　たのだが・・・」{W}",,
29-00-36B1-03,29,0,74D4E0,36B1,3,ルーングロム,"ルーングロム
「しかし、みなに会えて私もうれしい
　よ」{W}",,
29-00-36B1-04,29,0,74D4E0,36B1,4,クラース,"{N4}
「ルーングロムさんもおかわりなく」{W}",,
29-00-36B1-05,29,0,74D4E0,36B1,5,ルーングロム,"ルーングロム
「ああ」{W}",,
29-00-36B1-06,29,0,74D4E0,36B1,6,ルーングロム,"ルーングロム
「つもる話もあるだろうが、先に王に
　会ってくれぬか？」{W}",,
29-00-36B1-07,29,0,74D4E0,36B1,7,クレス,"{N1}
「はい」{W}",,
29-00-383F-00,29,0,74D4E0,383F,0,ルーングロム,"ルーングロム
「国王様、過去からの使者五人を連れ
　て参りました」{W}",,
29-00-383F-01,29,0,74D4E0,383F,1,アルヴァニスタ国王,"アルヴァニスタ国王
「大儀であった」{W}",,
29-00-38AB-00,29,0,74D4E0,38AB,0,国王,"国王
「ハリソンから話は聞いておるとは思
　うが・・・」{W}",,
29-00-38AB-01,29,0,74D4E0,38AB,1,国王,"国王
「ダオスは今や全世界の脅威となって
　おる」{W}",,
29-00-38AB-02,29,0,74D4E0,38AB,2,国王,"国王
「ダオスの、未来へ未来へと時間転移
　する力がある限り・・・」{W}",,
29-00-38AB-03,29,0,74D4E0,38AB,3,国王,"国王
「永遠にイタチごっこになってしまう
　のは既に明らかだ」{W}",,
29-00-38AB-04,29,0,74D4E0,38AB,4,国王,"国王
「しかし・・・」{W}",,
29-00-38AB-05,29,0,74D4E0,38AB,5,国王,"国王
「我々も、ただ漫然とダオスと戦い続
　けてきたわけではない」{W}",,
29-00-38AB-06,29,0,74D4E0,38AB,6,クラース,"{N4}
「と、いいますと？」{W}",,
29-00-38AB-07,29,0,74D4E0,38AB,7,ルーングロム,"ルーングロム
「トールの遺跡から発見された超古代
　の遺産から・・・」{W}",,
29-00-38AB-08,29,0,74D4E0,38AB,8,ルーングロム,"ルーングロム
「問題を解決するカギとなるかもしれ
　ない情報が得られたのだ」{W}",,
29-00-38AB-09,29,0,74D4E0,38AB,9,クレス,"{N1}
「カギ{SPD:10}・・・、{SPD:FF}ですか？」{W}",,
29-00-38AB-10,29,0,74D4E0,38AB,10,ルーングロム,"ルーングロム
「超古代と呼ばれる数千年前・・・」{W}",,
29-00-38AB-11,29,0,74D4E0,38AB,11,ルーングロム,"ルーングロム
「大陸は、三つの大国によって覇権が
　争われていた」{W}",,
29-00-38AB-12,29,0,74D4E0,38AB,12,ルーングロム,"ルーングロム
「話くらいは聞いたことはあると思う
　が・・・」{W}",,
29-00-38AB-13,29,0,74D4E0,38AB,13,ルーングロム,"ルーングロム
「オーディーン、フェンリル、そして
　トール」{W}",,
29-00-38AB-14,29,0,74D4E0,38AB,14,ルーングロム,"ルーングロム
「隕石の落下によってトールが沈没し
　た後・・・」{W}",,
29-00-38AB-15,29,0,74D4E0,38AB,15,ルーングロム,"ルーングロム
「泥沼化した戦争に、ニ国の滅亡とい
　う形で終止符を打った・・・」{W}",,
29-00-38AB-16,29,0,74D4E0,38AB,16,ルーングロム,"ルーングロム
「謎の男たちがいた」{W}",,
29-00-38AB-17,29,0,74D4E0,38AB,17,ルーングロム,"ルーングロム
「その男たちが使っていた、三種の武
　具・・・」{W}",,
29-00-38AB-18,29,0,74D4E0,38AB,18,ルーングロム,"ルーングロム
「そのありかを記した文書が見つかっ
　たのだ」{W}",,
29-00-38AB-19,29,0,74D4E0,38AB,19,クラース,"{N4}
「それがあればダオスを倒せると？」{W}",,
29-00-38AB-20,29,0,74D4E0,38AB,20,ルーングロム,"ルーングロム
「その三種の武具は・・・」{W}",,
29-00-38AB-21,29,0,74D4E0,38AB,21,ルーングロム,"ルーングロム
「融合させることで、時間を操る魔剣
　へと変化するらしいのだ」{W}",,
29-00-38AB-22,29,0,74D4E0,38AB,22,クラース,"{N4}
「つまり、ダオスの時間転移を封じる
　ことができるんですね？」{W}",,
29-00-38AB-23,29,0,74D4E0,38AB,23,ルーングロム,"ルーングロム
「左様」{W}",,
29-00-38AB-24,29,0,74D4E0,38AB,24,ルーングロム,"ルーングロム
「詳しい話は、魔法研究室の者たちに
　聞いて欲しい」{W}",,
29-00-38AB-25,29,0,74D4E0,38AB,25,国王,"国王
「しかし、このような若者たちがダオ
　スを倒すとは・・・」{W}",,
29-00-38AB-26,29,0,74D4E0,38AB,26,国王,"国王
「おぬしらの話は、伝説となって我が
　国に伝えられているのだ」{W}",,
29-00-38AB-27,29,0,74D4E0,38AB,27,国王,"国王
「今から１５０年前、世界の敵となっ
　ていたダオスを倒した、と{SPD:10}・・・{SPD:FF}」{W}",,
29-00-38AB-28,29,0,74D4E0,38AB,28,国王,"国王
「万策尽きた我々には、もうおぬしら
　しか頼る者がいない」{W}",,
29-00-38AB-29,29,0,74D4E0,38AB,29,国王,"国王
「吉報を待っていますぞ」{W}",,
29-00-3F85-00,29,0,74D4E0,3F85,0,ルーングロム,"ルーングロム
「そうか、ついに見つかったのだな」{W}",,
29-00-3F85-01,29,0,74D4E0,3F85,1,クラース,"{N4}
「はい」{W}",,
29-00-3F85-02,29,0,74D4E0,3F85,2,クラース,"{N4}
「で、肝心のダオスの居場所を聞きた
　いのですが」{W}",,
29-00-3F85-03,29,0,74D4E0,3F85,3,ルーングロム,"ルーングロム
「うむ」{W}",,
29-00-3F85-04,29,0,74D4E0,3F85,4,ルーングロム,"ルーングロム
「実はハッキリしたことはわからない
　のだ」{W}",,
29-00-3F85-05,29,0,74D4E0,3F85,5,クレス,"{N1}
「えぇッ！？」{W}",,
29-00-3F85-06,29,0,74D4E0,3F85,6,ルーングロム,"ルーングロム
「だが、手掛かりはある」{W}",,
29-00-3F85-07,29,0,74D4E0,3F85,7,ルーングロム,"ルーングロム
「この世界に、いつからか・・・」{W}",,
29-00-3F85-08,29,0,74D4E0,3F85,8,ルーングロム,"ルーングロム
「常に闇に閉ざされた空間が、出来上
　がっていたのだが、御存じか？」{W}",,
29-00-4119-00,29,0,74D4E0,4119,0,ルーングロム,"ルーングロム
「そういう場所があるんだ」{W}",,
29-00-4119-01,29,0,74D4E0,4119,1,ルーングロム,"ルーングロム
「私も詳しくは言えんのだが、そこに
　町が一つある」{W}",,
29-00-4119-02,29,0,74D4E0,4119,2,ルーングロム,"ルーングロム
「ダオスは時間を操る力があるんだろ
　う」{W}",,
29-00-4119-03,29,0,74D4E0,4119,3,ルーングロム,"ルーングロム
「行ってみれば何か手がかりがつかめ
　るかもしれん」{W}",,
29-00-4119-04,29,0,74D4E0,4119,4,クラース,"{N4}
「常闇の空間もダオスの仕業と考える
　のが自然と・・・」{W}",,
29-00-4119-05,29,0,74D4E0,4119,5,ルーングロム,"ルーングロム
「うむ」{W}",,
29-00-4119-06,29,0,74D4E0,4119,6,ルーングロム,"ルーングロム
「それに普通では見えないような空間
　に・・・」{W}",,
29-00-4119-07,29,0,74D4E0,4119,7,ルーングロム,"ルーングロム
「奴の拠点を隠している、ということ
　も考えられる」{W}",,
29-00-42E3-00,29,0,74D4E0,42E3,0,ルーングロム,"ルーングロム
「すまん、憶測だ」{W}",,
29-00-4307-00,29,0,74D4E0,4307,0,クラース,"{N4}
「それじゃあ、その常闇の町とやらに
　行ってみるか」{W}",,
29-00-4307-01,29,0,74D4E0,4307,1,ルーングロム,"ルーングロム
「それでは、私はこれで」{W}",,
29-00-4307-02,29,0,74D4E0,4307,2,ルーングロム,"ルーングロム
「がんばってくれたまえ」{W}",,
29-00-4395-00,29,0,74D4E0,4395,0,メイド,"メイド
「右の方にいる女の子はね・・・、
　２代目エミリって呼ばれてるの」{W}",,
29-00-4395-01,29,0,74D4E0,4395,1,メイド,"メイド
「何でって？」{W}",,
29-00-4395-02,29,0,74D4E0,4395,2,メイド,"メイド
「話してみればわかるわよ」{W}",,
29-00-441F-00,29,0,74D4E0,441F,0,メイド,"メイド
「エミリならいつもの場所でボーっと
　してるわよ」{W}",,
29-00-445D-00,29,0,74D4E0,445D,0,メイド,"メイド
「いくらなんでも多すぎない？？」{W}",,
29-00-445D-01,29,0,74D4E0,445D,1,メイド,"メイド
「もう誰が誰だか・・・」{W}",,
29-00-44AB-00,29,0,74D4E0,44AB,0,メイド,"メイド
「ちょっと邪魔よ！！」{W}",,
29-00-44CD-00,29,0,74D4E0,44CD,0,メイド,"メイド
「景気がいいからってこんなにやとわ
　なくても・・・」{W}",,
29-00-44CD-01,29,0,74D4E0,44CD,1,メイド,"メイド
「・・・っていっても私、新人なんだ
　けどね▽」{W}",,
29-00-4549-00,29,0,74D4E0,4549,0,メイド,"メイド
「はぁ、今日のごはんは何にしようか
　なぁ・・・」{W}",,
29-00-4587-00,29,0,74D4E0,4587,0,衛兵？,"衛兵？
「こら！！」{W}",,
29-00-4587-01,29,0,74D4E0,4587,1,アーチェ,"{N3}
「は、はいっ？」{W}",,
29-00-4587-02,29,0,74D4E0,4587,2,衛兵？,"衛兵？
「用も無いのにウロウロするな！！」{W}",,
29-00-45E3-00,29,0,74D4E0,45E3,0,アーチェ,"{N3}
「は、はい！！」{W}",,
29-00-45E3-01,29,0,74D4E0,45E3,1,アーチェ,"{N3}
（こわ～～）{W}",,
29-00-4611-00,29,0,74D4E0,4611,0,衛兵？,"衛兵？
「私、お掃除が好きなのに・・・」{W}",,
29-00-463D-00,29,0,74D4E0,463D,0,後輩メイド,"後輩メイド
「うぅ・・・、お母さん・・・」{W}",,
29-00-463D-01,29,0,74D4E0,463D,1,後輩メイド,"後輩メイド
「都会の風は厳しいです・・・」{W}",,
29-00-4697-00,29,0,74D4E0,4697,0,先輩メイド,"先輩メイド
「ほらっ！！まだここにほこりが残っ
　てる！！」{W}",,
29-00-4697-01,29,0,74D4E0,4697,1,後輩メイド,"後輩メイド
「す、すみません～～」{W}",,
29-00-4697-02,29,0,74D4E0,4697,2,先輩メイド,"先輩メイド
「ほらこの本はこっちって何度いった
　らわかるの！！」{W}",,
29-00-4697-03,29,0,74D4E0,4697,3,後輩メイド,"後輩メイド
「ご、ごめんなさい～～」{W}",,
29-00-4765-00,29,0,74D4E0,4765,0,メイド,"メイド
「あぁ・・・、かわいそう・・・」{W}",,
29-00-4765-01,29,0,74D4E0,4765,1,メイド,"メイド
「でも怖いから助けてあげられない私
　・・・」{W}",,
29-00-47C9-00,29,0,74D4E0,47C9,0,女の子,"女の子
「あぁ、エミリ様・・・」{W}",,
29-00-47ED-00,29,0,74D4E0,47ED,0,エミリ,"エミリ
「ねえ、あなた？」{W}",,
29-00-47ED-01,29,0,74D4E0,47ED,1,エミリ,"エミリ
「惚れ薬の噂、知ってる？」{W}",,
29-00-47ED-02,29,0,74D4E0,47ED,2,エミリ,"エミリ
「とある魔術師が秘密の研究所で作っ
　たという魔法の薬・・・」{W}",,
29-00-47ED-03,29,0,74D4E0,47ED,3,エミリ,"エミリ
「その薬を飲んだものは必ず最初に見
　た人を好きになってしまうという」{W}",,
29-00-48C7-00,29,0,74D4E0,48C7,0,アーチェ,"{N3}
「うわ～・・・、限りなくあやしいわ
　ね～・・・」{W}",,
29-00-48C7-01,29,0,74D4E0,48C7,1,エミリ,"エミリ
「それがね、本当に効くそうなの！」{W}",,
29-00-48C7-02,29,0,74D4E0,48C7,2,アーチェ,"{N3}
「ホント～？」{W}",,
29-00-48C7-03,29,0,74D4E0,48C7,3,エミリ,"エミリ
「だってみんなそう言ってたもん！」{W}",,
29-00-4971-00,29,0,74D4E0,4971,0,アーチェ,"{N3}
「ハハハ・・・、あっそう」{W}",,
29-00-4971-01,29,0,74D4E0,4971,1,エミリ,"エミリ
「ねぇねぇ、一生のお願いなんだけど
　・・・」{W}",,
29-00-4971-02,29,0,74D4E0,4971,2,エミリ,"エミリ
「その薬・・・、探してきてくれない　かしら？」{W}",,
29-00-4971-03,29,0,74D4E0,4971,3,アーチェ,"{N3}
「う～ん・・・」{W}",,
29-00-4971-04,29,0,74D4E0,4971,4,,引き受けますか？,,
29-00-4A2D-00,29,0,74D4E0,4A2D,0,エミリ,"エミリ
「先輩・・・」{W}",,
29-00-4A47-00,29,0,74D4E0,4A47,0,アーチェ,"{N3}
「ま、それくらいだったら別に構わな
　いかな・・・」{W}",,
29-00-4A47-01,29,0,74D4E0,4A47,1,エミリ,"エミリ
「ホントにッ！？」{W}",,
29-00-4AA1-00,29,0,74D4E0,4AA1,0,エミリ,"エミリ
「うれし～▽」{W}",,
29-00-4AA1-01,29,0,74D4E0,4AA1,1,アーチェ,"{N3}
（アタシもちょっと気になるのよね、
　その惚れ薬・・・）{W}",,
29-00-4AFB-00,29,0,74D4E0,4AFB,0,すず,"{N6}
「{N3}さん？」{W}",,
29-00-4B13-00,29,0,74D4E0,4B13,0,アーチェ,"{N3}
「な、なんでもないわよ〃」{W}",,
29-00-4B13-01,29,0,74D4E0,4B13,1,アーチェ,"{N3}
「さっ、じゃあさっそく探しに行くよ
　{N6}ちゃん！」{W}",,
29-00-4B73-00,29,0,74D4E0,4B73,0,エミリ,"エミリ
「薬は小島の魔術師の家の研究所にあ
　るらしいわね」{W}",,
29-00-4BB3-00,29,0,74D4E0,4BB3,0,エミリ,"エミリ
「これが惚れ薬ね、さっそくためして
　見ないと！」{W}",,
29-00-4BB3-01,29,0,74D4E0,4BB3,1,エミリ,"エミリ
「ああ、でもダメ・・・」{W}",,
29-00-4BB3-02,29,0,74D4E0,4BB3,2,エミリ,"エミリ
「先輩の前に立つと足が震えちゃう」{W}",,
29-00-4BB3-03,29,0,74D4E0,4BB3,3,アーチェ,"{N3}
「・・・」{W}",,
29-00-4C51-00,29,0,74D4E0,4C51,0,アーチェ,"{N3}
「ま、とにかくこれで任務は完了♪」{W}",,
29-00-4C51-01,29,0,74D4E0,4C51,1,すず,"{N6}
「そうですね」{W}",,
29-00-4C93-00,29,0,74D4E0,4C93,0,エミリ,"エミリ
「この薬をどうやって先輩に・・・」{W}",,
29-00-4CC1-00,29,0,74D4E0,4CC1,0,エミリ,"エミリ
「ああ、ダメ・・・」{W}",,
29-00-4CC1-01,29,0,74D4E0,4CC1,1,エミリ,"エミリ
「先輩・・・」{W}",,
29-00-4CF9-00,29,0,74D4E0,4CF9,0,エミリ,"エミリ
「でも、惚れ薬・・・」{W}",,
29-00-4D1B-00,29,0,74D4E0,4D1B,0,アーチェ,"{N3}
「こっちは地下牢だ・・・」{W}",,
29-00-4D1B-01,29,0,74D4E0,4D1B,1,アーチェ,"{N3}
「ここにはイヤな思い出が・・・」{W}",,
29-00-4D1B-02,29,0,74D4E0,4D1B,2,アーチェ,"{N3}
「近付かないでおこっと」{W}",,
29-00-4D87-00,29,0,74D4E0,4D87,0,アーチェ,"{N3}
「あんまりウロウロしない方がいいか
　な」{W}",,
29-00-4DBB-00,29,0,74D4E0,4DBB,0,,魔術師の館へ向かいますか？,,
29-00-4DD7-00,29,0,74D4E0,4DD7,0,アーチェ,"{N3}
「それじゃさっそく魔術師の館へいこ
　う！」{W}",,
29-00-4DD7-01,29,0,74D4E0,4DD7,1,すず,"{N6}
「でも、そんな簡単に見つかるとは
　思えないんですけど・・・」{W}",,
29-00-4DD7-02,29,0,74D4E0,4DD7,2,アーチェ,"{N3}
「ふふ、ちょっと心当たりがあるの」{W}",,
29-00-4DD7-03,29,0,74D4E0,4DD7,3,すず,"{N6}
「わかりました」{W}",,
29-00-4DD7-04,29,0,74D4E0,4DD7,4,すず,"{N6}
「では行きます」{W}",,
29-00-4EAD-00,29,0,74D4E0,4EAD,0,アーチェ,"{N3}
「それじゃあ、ミゲールの町に帰ろっ
　か！」{W}",,
29-00-4EAD-01,29,0,74D4E0,4EAD,1,すず,"{N6}
「はい！」{W}",,
29-00-4EF5-00,29,0,74D4E0,4EF5,0,すず,"{N6}
「そろそろ時間ですね・・・」{W}",,
29-00-4EF5-01,29,0,74D4E0,4EF5,1,アーチェ,"{N3}
「え、もう！？」{W}",,
29-00-4EF5-02,29,0,74D4E0,4EF5,2,アーチェ,"{N3}
「うぅ・・・、大丈夫かなぁ？」{W}",,
29-00-4F59-00,29,0,74D4E0,4F59,0,,ミゲールの町に戻りますか？,,
29-00-4F75-00,29,0,74D4E0,4F75,0,アーチェ,"{N3}
「一回町に戻ろうか」{W}",,
29-00-4F75-01,29,0,74D4E0,4F75,1,すず,"{N6}
「わかりました」{W}",,
29-00-4FAB-00,29,0,74D4E0,4FAB,0,,"ミゲールの町に戻る事ができますが、
戻ると今回の依頼は失敗となります。{W}",,
29-00-4FAB-01,29,0,74D4E0,4FAB,1,,ミゲールの町に戻りますか？,,
29-00-500F-00,29,0,74D4E0,500F,0,アーチェ,"{N3}
「一回町に戻ろうか」{W}",,
29-00-500F-01,29,0,74D4E0,500F,1,すず,"{N6}
「わかりました」{W}",,
29-00-5045-00,29,0,74D4E0,5045,0,,"依頼を受けた町に退却しますか？
",,
29-00-5067-00,29,0,74D4E0,5067,0,アーチェ,"{N3}
「一回町に戻ろうか」{W}",,
29-00-5067-01,29,0,74D4E0,5067,1,すず,"{N6}
「わかりました」{W}",,
29-00-509D-00,29,0,74D4E0,509D,0,アーチェ,"{N3}
「この町にまだ困ってる人が
　いる気がする・・・」{W}",,
29-00-50D9-00,29,0,74D4E0,50D9,0,アーチェ,"{N3}
「おっといけない！」{W}",,
29-00-50D9-01,29,0,74D4E0,50D9,1,アーチェ,"{N3}
「まだ任務の途中だった・・・」{W}",,
29-00-511D-00,29,0,74D4E0,511D,0,アーチェ,"{N3}
「まだ用事がすんでないよ・・・」{W}",,
29-00-5147-00,29,0,74D4E0,5147,0,,ＭＩＳＳＩＯＮ　ＣＯＭＰＬＥＴＥ！,,
30-00-0000-00,30,0,7551EC,0000,0,船長,"船長
「それじゃ、お気をつけて」{W}",,
30-00-0000-01,30,0,7551EC,0000,1,船長,"船長
「休みたい時は寝室で休めるぜ」{W}",,
30-00-0000-02,30,0,7551EC,0000,2,船長,"船長
「帰りたい時は、オレに話しかけてく
　れ」{W}",,
30-00-007C-00,30,0,7551EC,007C,0,クレス,"{N1}
「ここは・・・、デミテルの書斎らし
　いな」{W}",,
30-00-007C-01,30,0,7551EC,007C,1,クラース,"{N4}
「何かあるかもしれん」{W}",,
30-00-007C-02,30,0,7551EC,007C,2,クラース,"{N4}
「念入りに調べよう」{W}",,
30-00-00EC-00,30,0,7551EC,00EC,0,船乗り,"船乗り
「無気味な所だな・・・」{W}",,
30-00-0110-00,30,0,7551EC,0110,0,船乗り,"船乗り
「真っ白、何にも見えないよ」{W}",,
30-00-0138-00,30,0,7551EC,0138,0,クレス,"{N1}
「これは・・・、呪文書だ！」{W}",,
30-00-015E-00,30,0,7551EC,015E,0,,"{N3}は
{TITLE:C8}を覚えました。{W}",,
30-00-017C-00,30,0,7551EC,017C,0,クレス,"{N1}
「でも、ぼくが持っていてもしょうが
　ないな」{W}",,
30-00-017C-01,30,0,7551EC,017C,1,クレス,"{N1}
「戻しておこう」{W}",,
30-00-01CC-00,30,0,7551EC,01CC,0,船長,"船長
「帰りますかい？」",,
30-00-01E6-00,30,0,7551EC,01E6,0,船長,"船長
「では、出港！」{W}",,
30-00-0200-00,30,0,7551EC,0200,0,船長,"船長
「帰りたい時はいつでも声をかけてく
　れよ」{W}",,
30-00-0236-00,30,0,7551EC,0236,0,船長,"船長
「なんだ、もう帰るのか？」{W}",,
30-00-0236-01,30,0,7551EC,0236,1,船長,"船長
「お前ら何しに来たんだよ」{W}",,
30-00-0236-02,30,0,7551EC,0236,2,船長,"船長
「まあいいや」{W}",,
30-00-0236-03,30,0,7551EC,0236,3,船長,"船長
「料金は同じ、片道運賃、食費、保険
　込みで一人{VAR:E53E80}ガルド」{W}",,
30-00-0236-04,30,0,7551EC,0236,4,船長,"船長
「全員で{VAR:E54080}ガルドになるが？」",,
30-00-02FC-00,30,0,7551EC,02FC,0,船長,"船長
「そうか」{W}",,
30-00-0310-00,30,0,7551EC,0310,0,船長,"船長
「お金がなくちゃいけないな」{W}",,
30-00-0336-00,30,0,7551EC,0336,0,船長,"船長
「本当にいいのか？」",,
30-00-0352-00,30,0,7551EC,0352,0,船長,"船長
「そうか」{W}",,
30-00-0366-00,30,0,7551EC,0366,0,船長,"船長
「では、出港～！」{W}",,
30-00-0382-00,30,0,7551EC,0382,0,船乗り,"船乗り
「荷物を船から降ろしています」{W}",,
30-00-03AC-00,30,0,7551EC,03AC,0,船乗り,"船乗り
「こんなド田舎、早くおさらばしたい
　よ」{W}",,
30-00-03E2-00,30,0,7551EC,03E2,0,船乗り,"船乗り
「海の男にゃ～、惚れるなよ～」{W}",,
30-00-040C-00,30,0,7551EC,040C,0,船乗り,"船乗り
「面舵いっぱい～！」{W}",,
30-00-040C-01,30,0,7551EC,040C,1,船乗り,"船乗り
「帆をあげろ～！」{W}",,
30-00-040C-02,30,0,7551EC,040C,2,船乗り,"船乗り
「オレ、船乗りの見習いなんだ」{W}",,
30-00-040C-03,30,0,7551EC,040C,3,船乗り,"船乗り
「早くこんなセリフを思いっきり言っ
　てみたいよ」{W}",,
30-00-04AC-00,30,0,7551EC,04AC,0,船乗り,"船乗り
「なに、船乗りは似たような顔ばっか
　だって？」{W}",,
30-00-04AC-01,30,0,7551EC,04AC,1,船乗り,"船乗り
「ほっとけ」{W}",,
30-00-04FE-00,30,0,7551EC,04FE,0,クレス,"{N1}
「なんで、こんな所にプリズムが・・
　・」{W}",,
30-00-04FE-01,30,0,7551EC,04FE,1,クレス,"{N1}
「重たくて動かせないな」{W}",,
30-00-04FE-02,30,0,7551EC,04FE,2,クレス,"{N1}
「でも回転させることはできるみたい
　だ」{W}",,
30-00-0584-00,30,0,7551EC,0584,0,アーチェ,"{N3}
「ここは・・・」{W}",,
30-00-0584-01,30,0,7551EC,0584,1,アーチェ,"{N3}
「トイレ？」{W}",,
30-00-05B2-00,30,0,7551EC,05B2,0,アーチェ,"{N3}
「って前にもやった気がする・・・」{W}",,
30-00-05DE-00,30,0,7551EC,05DE,0,クレス,"{N1}
「ここは・・・？」{W}",,
30-00-05DE-01,30,0,7551EC,05DE,1,クレス,"{N1}
「トイレか」{W}",,
30-00-060E-00,30,0,7551EC,060E,0,アーチェ,"{N3}
「あったあった♪」{W}",,
30-00-062A-00,30,0,7551EC,062A,0,,{COL:3}カギを見つけました。{COL:2}{W},,
30-00-062A-01,30,0,7551EC,062A,1,クレス,"{N1}
「どこで使うカギだ？」{W}",,
30-00-0668-00,30,0,7551EC,0668,0,クレス,"{N1}
「書斎で見つけたカギを使おう」{W}",,
30-00-0690-00,30,0,7551EC,0690,0,アーチェ,"{N3}
「カギがかかってる」{W}",,
30-00-0690-01,30,0,7551EC,0690,1,アーチェ,"{N3}
「確かあそこに・・・」{W}",,
30-00-06CC-00,30,0,7551EC,06CC,0,クレス,"{N1}
「カギがかかってる・・・」{W}",,
30-00-06F0-00,30,0,7551EC,06F0,0,アーチェ,"{N3}
「そこにいるのは
　わかってるのよ！！」{W}",,
30-00-0722-00,30,0,7551EC,0722,0,クレス,"{N1}
「立派な樹だなぁ・・・」{W}",,
30-00-0744-00,30,0,7551EC,0744,0,ミント,"{N2}
「特に変わった所はないようですね・
　・・」{W}",,
30-00-077A-00,30,0,7551EC,077A,0,クラース,"{N4}
「んッ？」{W}",,
30-00-077A-01,30,0,7551EC,077A,1,クラース,"{N4}
「今、樹が動かなかったか？」{W}",,
30-00-077A-02,30,0,7551EC,077A,2,クレス,"{N1}
「気のせいだよ」{W}",,
30-00-077A-03,30,0,7551EC,077A,3,ミント,"{N2}
「今の、シャレですか？」{W}",,
30-00-07EA-00,30,0,7551EC,07EA,0,クラース,"{N4}
「やはり動いてるぞ！」{W}",,
30-00-080A-00,30,0,7551EC,080A,0,クレス,"{N1}
「よし、もう一回！！」{W}",,
30-00-082A-00,30,0,7551EC,082A,0,クラース,"{N4}
「ここか・・・？」{W}",,
30-00-082A-01,30,0,7551EC,082A,1,クラース,"{N4}
「すごい建物に住んでいるな」{W}",,
30-00-082A-02,30,0,7551EC,082A,2,クレス,"{N1}
「{SPD:10}・・・{SPD:FF}しかし、なぜデミテルはハー
　メルを襲ったんだ？」{W}",,
30-00-082A-03,30,0,7551EC,082A,3,リア,"リア
「単純に力を見せるために破壊したん
　だと思います」{W}",,
30-00-082A-04,30,0,7551EC,082A,4,リア,"リア
「そして、デミテルは自分の師匠をも
　{SPD:10}・・・{SPD:FF}」{W}",,
30-00-082A-05,30,0,7551EC,082A,5,ミント,"{N2}
「師匠をも・・・、殺した？」{W}",,
30-00-0952-00,30,0,7551EC,0952,0,リア,"リア
「・・・そうです」{W}",,
30-00-0952-01,30,0,7551EC,0952,1,リア,"リア
「私のお父様を、そして{SPD:10}・・・{SPD:FF}」{W}",,
30-00-099C-00,30,0,7551EC,099C,0,リア,"リア
「お母様も{SPD:10}・・・{SPD:FF}」{W}",,
30-00-09C0-00,30,0,7551EC,09C0,0,クラース,"{N4}
「早く行こう」{W}",,
30-00-09C0-01,30,0,7551EC,09C0,1,クラース,"{N4}
「そんな奴を、長く生かしておくほど
　私はお人好しじゃないからな！」{W}",,
30-00-0A24-00,30,0,7551EC,0A24,0,？？？？,"？？？？
「物騒な客人たちだな」{W}",,
30-00-0A48-00,30,0,7551EC,0A48,0,クレス,"{N1}
「お前がデミテルか！」{W}",,
30-00-0A68-00,30,0,7551EC,0A68,0,？？？？,"？？？？
「いかにも」{W}",,
30-00-0A68-01,30,0,7551EC,0A68,1,デミテル,"デミテル
「だが・・・、それがどうかしたのか
　な？」{W}",,
30-00-0ABA-00,30,0,7551EC,0ABA,0,クレス,"{N1}
「お前はリアの両親のカタキ！」{W}",,
30-00-0ABA-01,30,0,7551EC,0ABA,1,クレス,"{N1}
「覚悟しろッ！！」{W}",,
30-00-0ABA-02,30,0,7551EC,0ABA,2,デミテル,"デミテル
「ほう・・・、スカーレット夫妻を御
　存じか」{W}",,
30-00-0ABA-03,30,0,7551EC,0ABA,3,デミテル,"デミテル
「しかし、あの方を師と仰ぐ私をカタ
　キ呼ばわりするとは・・・」{W}",,
30-00-0ABA-04,30,0,7551EC,0ABA,4,デミテル,"デミテル
「どういうことかな？」{W}",,
30-00-0ABA-05,30,0,7551EC,0ABA,5,デミテル,"デミテル
「夫妻は事故死だったはずだ」{W}",,
30-00-0ABA-06,30,0,7551EC,0ABA,6,クレス,"{N1}
「ウソをつくなッ！！」{W}",,
30-00-0BEA-00,30,0,7551EC,0BEA,0,デミテル,"デミテル
「一体、誰にそんな話を吹き込まれた
　のかね？」{W}",,
30-00-0BEA-01,30,0,7551EC,0BEA,1,クレス,"{N1}
「この娘・・・」{W}",,
30-00-0BEA-02,30,0,7551EC,0BEA,2,クレス,"{N1}
「リアに決まってるだろッ！！」{W}",,
30-00-0C66-00,30,0,7551EC,0C66,0,デミテル,"デミテル
「おとなしく立ち去るがよい」{W}",,
30-00-0C66-01,30,0,7551EC,0C66,1,デミテル,"デミテル
「真実を教えてやろう・・・」{W}",,
30-00-0C66-02,30,0,7551EC,0C66,2,デミテル,"デミテル
「我が師匠の愛娘リアは、両親と共
　に事故死している」{W}",,
30-00-0CFA-00,30,0,7551EC,0CFA,0,デミテル,"デミテル
「その娘が何者で、何を考えているか
　は知らぬ・・・」{W}",,
30-00-0CFA-01,30,0,7551EC,0CFA,1,デミテル,"デミテル
「だが、間抜けな話よ」{W}",,
30-00-0CFA-02,30,0,7551EC,0CFA,2,デミテル,"デミテル
「その娘・・・、リアとは似ても似つ
　かぬわ！」{W}",,
30-00-0D9C-00,30,0,7551EC,0D9C,0,クラース,"{N4}
「一体どっちが本当なんだ・・・？」{W}",,
30-00-0D9C-01,30,0,7551EC,0D9C,1,クレス,"{N1}
「リア、あいつの方がウソをついてい
　ると言ってくれ！」{W}",,
30-00-0E08-00,30,0,7551EC,0E08,0,デミテル,"デミテル
「その娘を残していけば・・・」{W}",,
30-00-0E08-01,30,0,7551EC,0E08,1,デミテル,"デミテル
「館に勝手に踏み入ったことも許して
　やろうではないか」{W}",,
30-00-0E78-00,30,0,7551EC,0E78,0,クレス,"{N1}
「あの影は・・・！！」{W}",,
30-00-0E78-01,30,0,7551EC,0E78,1,クレス,"{N1}
「とうとうしっぽを出したな！」{W}",,
30-00-0E78-02,30,0,7551EC,0E78,2,クレス,"{N1}
「お前もダオスの手先か！？」{W}",,
30-00-0EE2-00,30,0,7551EC,0EE2,0,デミテル,"デミテル
「なにッ！？」{W}",,
30-00-0EFE-00,30,0,7551EC,0EFE,0,デミテル,"デミテル
「ちっ、貴様見えるのか」{W}",,
30-00-0F24-00,30,0,7551EC,0F24,0,クレス,"{N1}
「リアは隠れているんだ！！」{W}",,
30-00-0F4A-00,30,0,7551EC,0F4A,0,デミテル,"デミテル
「ふははははは！！」{W}",,
30-00-0F4A-01,30,0,7551EC,0F4A,1,デミテル,"デミテル
「貴様ら、ここから生きて帰れると思
　うなよ！」{W}",,
30-00-0F4A-02,30,0,7551EC,0F4A,2,デミテル,"デミテル
「覚悟ッ！！！」{W}",,
30-00-0FC4-00,30,0,7551EC,0FC4,0,クラース,"{N4}
「{SPD:10}・・・・・・{SPD:FF}これで本当によかった
　のか？」{W}",,
30-00-1004-00,30,0,7551EC,1004,0,ミント,"{N2}
「リアさん！？」{W}",,
30-00-101E-00,30,0,7551EC,101E,0,クラース,"{N4}
「大丈夫か！？」{W}",,
30-00-101E-01,30,0,7551EC,101E,1,リア,"リア
「信じてくれて{SPD:10}、{SPD:FF}あ{SPD:10}、{SPD:FF}ありがとう{SPD:10}ご{SPD:FF}ざ
　います{SPD:10}・・・{SPD:FF}」{W}",,
30-00-101E-02,30,0,7551EC,101E,2,ミント,"{N2}
「しっかりして！」{W}",,
30-00-101E-03,30,0,7551EC,101E,3,リア,"リア
「こ{SPD:10}、{SPD:FF}これで私も{SPD:10}、{SPD:FF}両親の元へ逝くこ
　とができます」{W}",,
30-00-101E-04,30,0,7551EC,101E,4,ミント,"{N2}
「えッ？」{W}",,
30-00-101E-05,30,0,7551EC,101E,5,リア,"リア
「最後のお願いです{SPD:10}・・・{SPD:FF}」{W}",,
30-00-101E-06,30,0,7551EC,101E,6,リア,"リア
「私の心優しい友人を{SPD:10}、{SPD:FF}どうかよろし
　く{SPD:10}・・・・・・{SPD:FF}」{W}",,
30-00-101E-07,30,0,7551EC,101E,7,クレス,"{N1}
「リア、しっかりするんだッ！」{W}",,
30-00-101E-08,30,0,7551EC,101E,8,クレス,"{N1}
「友人って{SPD:10}・・・・・・{SPD:FF}」{W}",,
30-00-11D2-00,30,0,7551EC,11D2,0,ミント,"{N2}
「リアさんッ！！」{W}",,
30-00-11EE-00,30,0,7551EC,11EE,0,ミント,"{N2}
「みっ、見たッ！？」{W}",,
30-00-11EE-01,30,0,7551EC,11EE,1,クレス,"{N1}
「見たッ！！」{W}",,
30-00-11EE-02,30,0,7551EC,11EE,2,クラース,"{N4}
「今のは、一体・・・？」{W}",,
30-00-1242-00,30,0,7551EC,1242,0,ミント,"{N2}
「リアさん、手に何か持ってる」{W}",,
30-00-1242-01,30,0,7551EC,1242,1,ミント,"{N2}
「{SPD:10}・・・・・・{SPD:FF}リボン？」{W}",,
30-00-1242-02,30,0,7551EC,1242,2,クレス,"{N1}
「リボン？」{W}",,
30-00-12A6-00,30,0,7551EC,12A6,0,？？？,"？？？
「ここは・・・、どこ？」{W}",,
30-00-12A6-01,30,0,7551EC,12A6,1,？？？,"？？？
「リアは？」{W}",,
30-00-12A6-02,30,0,7551EC,12A6,2,？？？,"？？？
「リアはどうなったの？」{W}",,
30-00-1302-00,30,0,7551EC,1302,0,ミント,"{N2}
「リア{SPD:10}・・・、{SPD:FF}さん？」{W}",,
30-00-1302-01,30,0,7551EC,1302,1,？？？,"？？？
「リア・・・？」{W}",,
30-00-1302-02,30,0,7551EC,1302,2,？？？,"？？？
「違うのッ！！」{W}",,
30-00-1302-03,30,0,7551EC,1302,3,？？？,"？？？
「私は{N3}」{W}",,
30-00-1302-04,30,0,7551EC,1302,4,アーチェ,"{N3}
「リアじゃないの{SPD:10}・・・{SPD:FF}」{W}",,
30-00-1302-05,30,0,7551EC,1302,5,クラース,"{N4}
「ア{SPD:10}・・・、{SPD:FF}{N3}だって？」{W}",,
30-00-13C6-00,30,0,7551EC,13C6,0,アーチェ,"{N3}
「メロンないの、メロン？」{W}",,
30-00-13EA-00,30,0,7551EC,13EA,0,アーチェ,"{N3}
「あたし、メロンだ～いすき」{W}",,
30-00-1410-00,30,0,7551EC,1410,0,アーチェ,"{N3}
「メロンパンもね▽」{W}",,
30-00-142E-00,30,0,7551EC,142E,0,チェスター,"{N5}
「なんだよ、そりゃ・・・」{W}",,
30-00-1452-00,30,0,7551EC,1452,0,アーチェ,"{N3}
「じゃ～ん」{W}",,
30-00-1452-01,30,0,7551EC,1452,1,アーチェ,"{N3}
「今回は、あたしが特別料理を作りま
　したぁ」{W}",,
30-00-149E-00,30,0,7551EC,149E,0,,"{COL:2}『特別料理？』を料理できるようにな
りました。{W}",,
30-00-149E-01,30,0,7551EC,149E,1,,{COL:0},,
30-00-14D8-00,30,0,7551EC,14D8,0,クレス,"{N1}
「おッ！」{W}",,
30-00-14D8-01,30,0,7551EC,14D8,1,クレス,"{N1}
「いいニオイじゃないか」{W}",,
30-00-150C-00,30,0,7551EC,150C,0,チェスター,"{N5}
「おい」{W}",,
30-00-151E-00,30,0,7551EC,151E,0,チェスター,"{N5}
「これ大丈夫なのかよ」{W}",,
30-00-153E-00,30,0,7551EC,153E,0,アーチェ,"{N3}
「文句言うなら、食べなきゃいいじゃ
　ん！」{W}",,
30-00-153E-01,30,0,7551EC,153E,1,クラース,"{N4}
「おいおい、やめないか」{W}",,
30-00-1594-00,30,0,7551EC,1594,0,クラース,"{N4}
「何はともあれ、いただくことにしよ
　う」{W}",,
30-00-15C8-00,30,0,7551EC,15C8,0,クレス,"{N1}
「うわッ！」{W}",,
30-00-15DE-00,30,0,7551EC,15DE,0,クラース,"{N4}
「ぶほッ！」{W}",,
30-00-15F4-00,30,0,7551EC,15F4,0,チェスター,"{N5}
「うわああああああ！」{W}",,
30-00-1614-00,30,0,7551EC,1614,0,アーチェ,"{N3}
「・・・ホエ？」{W}",,
30-00-162E-00,30,0,7551EC,162E,0,アーチェ,"{N3}
「{N2}・・・」{W}",,
30-00-162E-01,30,0,7551EC,162E,1,アーチェ,"{N3}
「なんだか男どもがみんな変だよ？」{W}",,
30-00-1670-00,30,0,7551EC,1670,0,ミント,"{N2}
「・・・・・・」{W}",,
30-00-168A-00,30,0,7551EC,168A,0,クレス,"{N1}
「食べるのやめなよ・・・・・・、
　{N2}・・・」{W}",,
30-00-16C4-00,30,0,7551EC,16C4,0,クレス,"{N1}
「顔色が悪いよ・・・」{W}",,
30-00-16E4-00,30,0,7551EC,16E4,0,,{COL:2}特別料理は封印されました。{W},,
30-00-16E4-01,30,0,7551EC,16E4,1,,{COL:0},,
30-00-170A-00,30,0,7551EC,170A,0,クレス,"{N1}
「{N3}！」{W}",,
30-00-171E-00,30,0,7551EC,171E,0,クレス,"{N1}
「これ・・・、作ってるときに味見し
　たのか？」{W}",,
30-00-1758-00,30,0,7551EC,1758,0,アーチェ,"{N3}
「なっ、なに言ってんの〃」{W}",,
30-00-177C-00,30,0,7551EC,177C,0,アーチェ,"{N3}
「うひぇ～！！！」{W}",,
30-00-1798-00,30,0,7551EC,1798,0,アーチェ,"{N3}
「これ、・・・・・・何？」{W}",,
30-00-17BC-00,30,0,7551EC,17BC,0,クレス,"{N1}
「何って・・・」{W}",,
30-00-17D6-00,30,0,7551EC,17D6,0,チェスター,"{N5}
「むむむぅ・・・ッ！」{W}",,
30-00-17F6-00,30,0,7551EC,17F6,0,チェスター,"{N5}
「やい、{N3}！」{W}",,
30-00-1810-00,30,0,7551EC,1810,0,チェスター,"{N5}
「これは、料理じゃねぇ！」{W}",,
30-00-1810-01,30,0,7551EC,1810,1,チェスター,"{N5}
「この、××料理人！」{W}",,
30-00-1852-00,30,0,7551EC,1852,0,,"{COL:2}{N3}は『{TITLE:1B9}』の
汚名を付けられてしまいました。{W}",,
30-00-1852-01,30,0,7551EC,1852,1,,{COL:0},,
30-00-188E-00,30,0,7551EC,188E,0,アーチェ,"{N3}
「ふ、ふん・・・ッ！」{W}",,
30-00-188E-01,30,0,7551EC,188E,1,アーチェ,"{N3}
「そんな汚名はすぐに挽回しますよー
　だ」{W}",,
30-00-18E0-00,30,0,7551EC,18E0,0,クラース,"{N4}
「・・・・・・汚名を挽回してどうす
　る」{W}",,
30-00-1914-00,30,0,7551EC,1914,0,クラース,"{N4}
「汚名は返上するものだ・・・」{W}",,
30-00-193C-00,30,0,7551EC,193C,0,アーチェ,"{N3}
「あっ、あれぇ・・・？」{W}",,
30-00-195E-00,30,0,7551EC,195E,0,料理人,"料理人
「にくなべ作ってるかい？」{W}",,
30-00-1984-00,30,0,7551EC,1984,0,料理人,"料理人
「私は『すばらしき味の世界』の住人
　だ」{W}",,
30-00-1984-01,30,0,7551EC,1984,1,料理人,"料理人
「この味をより多くの人に伝えたい」{W}",,
30-00-1984-02,30,0,7551EC,1984,2,料理人,"料理人
「君も私の世界に触れてみないか？」",,
30-00-1A10-00,30,0,7551EC,1A10,0,料理人,"料理人
「この料理を伝授しよう！」{W}",,
30-00-1A36-00,30,0,7551EC,1A36,0,,"{COL:2}にくなべを料理できるようになりまし
た。{W}",,
30-00-1A36-01,30,0,7551EC,1A36,1,,{COL:0},,
30-00-1A6A-00,30,0,7551EC,1A6A,0,料理人,"料理人
「おお、なんということだ！」{W}",,
30-00-1A92-00,30,0,7551EC,1A92,0,ミント,"{N2}
「お待たせしました」{W}",,
30-00-1A92-01,30,0,7551EC,1A92,1,クラース,"{N4}
「おっ！」{W}",,
30-00-1A92-02,30,0,7551EC,1A92,2,クラース,"{N4}
「今回も良いにおいだな～」{W}",,
30-00-1A92-03,30,0,7551EC,1A92,3,チェスター,"{N5}
「前回は、ここでひどい目に合ったよ
　な」{W}",,
30-00-1A92-04,30,0,7551EC,1A92,4,アーチェ,"{N3}
「もういいじゃん」{W}",,
30-00-1A92-05,30,0,7551EC,1A92,5,アーチェ,"{N3}
「それより早く食べよ▽」{W}",,
30-00-1A92-06,30,0,7551EC,1A92,6,クレス,"{N1}
「そうだな」{W}",,
30-00-1B64-00,30,0,7551EC,1B64,0,クレス,"{N1}
「うまいッ！」{W}",,
30-00-1B64-01,30,0,7551EC,1B64,1,クラース,"{N4}
「どれどれ・・・」{W}",,
30-00-1B96-00,30,0,7551EC,1B96,0,クラース,"{N4}
「・・・うまい！」{W}",,
30-00-1B96-01,30,0,7551EC,1B96,1,クラース,"{N4}
「またずいぶんと腕をあげたじゃない
　か、{N2}」{W}",,
30-00-1B96-02,30,0,7551EC,1B96,2,チェスター,"{N5}
「ああ、これならいくらでも入るな」{W}",,
30-00-1B96-03,30,0,7551EC,1B96,3,クレス,"{N1}
「さすが{N2}だよ」{W}",,
30-00-1C2E-00,30,0,7551EC,1C2E,0,ミント,"{N2}
「そんな・・・」{W}",,
30-00-1C48-00,30,0,7551EC,1C48,0,ミント,"{N2}
「たくさんありますから、どんどん食
　べてくださいね」{W}",,
30-00-1C88-00,30,0,7551EC,1C88,0,クレス,"{N1}
「・・・ん？」{W}",,
30-00-1C88-01,30,0,7551EC,1C88,1,クレス,"{N1}
「{N3}・・・？」{W}",,
30-00-1C88-02,30,0,7551EC,1C88,2,クレス,"{N1}
「どうかしたのか？」{W}",,
30-00-1CD4-00,30,0,7551EC,1CD4,0,アーチェ,"{N3}
「えッ？」{W}",,
30-00-1CD4-01,30,0,7551EC,1CD4,1,アーチェ,"{N3}
「なっ、なんでもないよ」{W}",,
30-00-1D08-00,30,0,7551EC,1D08,0,クラース,"{N4}
「どうしたんだ？」{W}",,
30-00-1D08-01,30,0,7551EC,1D08,1,クラース,"{N4}
「全然食ベてないじゃないか」{W}",,
30-00-1D08-02,30,0,7551EC,1D08,2,チェスター,"{N5}
「お前の料理とは違って、うまいぞ」{W}",,
30-00-1D72-00,30,0,7551EC,1D72,0,アーチェ,"{N3}
「わかってるわよ、そんなの！」{W}",,
30-00-1D9A-00,30,0,7551EC,1D9A,0,アーチェ,"{N3}
「別にいいじゃない・・・」{W}",,
30-00-1DBE-00,30,0,7551EC,1DBE,0,ミント,"{N2}
「あッ！」{W}",,
30-00-1DBE-01,30,0,7551EC,1DBE,1,クレス,"{N1}
「ん、どうしたの？」{W}",,
30-00-1DBE-02,30,0,7551EC,1DBE,2,ミント,"{N2}
「一つだけ、作り忘れたのがありまし
　た」{W}",,
30-00-1E20-00,30,0,7551EC,1E20,0,ミント,"{N2}
「・・・{N3}さん」{W}",,
30-00-1E20-01,30,0,7551EC,1E20,1,ミント,"{N2}
「手伝っていただけませんか？」{W}",,
30-00-1E62-00,30,0,7551EC,1E62,0,アーチェ,"{N3}
「えッ・・・」{W}",,
30-00-1E7A-00,30,0,7551EC,1E7A,0,チェスター,"{N5}
「やめとけって」{W}",,
30-00-1E94-00,30,0,7551EC,1E94,0,チェスター,"{N5}
「そいつに手伝わせると、とんでもな
　いことになるぞ！」{W}",,
30-00-1E94-01,30,0,7551EC,1E94,1,クラース,"{N4}
「なあ、{N2}・・・」{W}",,
30-00-1E94-02,30,0,7551EC,1E94,2,クラース,"{N4}
「べ、別に無理して作らなくてもいい
　んじゃないか？」{W}",,
30-00-1F30-00,30,0,7551EC,1F30,0,ミント,"{N2}
「{N3}さん」{W}",,
30-00-1F30-01,30,0,7551EC,1F30,1,ミント,"{N2}
「お願いできますか？」{W}",,
30-00-1F64-00,30,0,7551EC,1F64,0,アーチェ,"{N3}
「・・・うんッ▽」{W}",,
30-00-1F80-00,30,0,7551EC,1F80,0,チェスター,"{N5}
「あぁ・・・」{W}",,
30-00-1F98-00,30,0,7551EC,1F98,0,クラース,"{N4}
「・・・覚悟を決めるか」{W}",,
30-00-1FBA-00,30,0,7551EC,1FBA,0,クレス,"{N1}
「そこまで言わなくても・・・」{W}",,
30-00-1FE2-00,30,0,7551EC,1FE2,0,,"

　　　　　１５分後・・・{W}",,
30-00-2002-00,30,0,7551EC,2002,0,アーチェ,"{N3}
「おまたせ～▽」{W}",,
30-00-201C-00,30,0,7551EC,201C,0,ミント,"{N2}
「どうしたんですか？」{W}",,
30-00-201C-01,30,0,7551EC,201C,1,クレス,"{N1}
「えっ、いや・・・、なんでもないよ
　いただきます」{W}",,
30-00-201C-02,30,0,7551EC,201C,2,ミント,"{N2}
「今回は、{N3}さんが
　ほとんど作ったんですよ」{W}",,
30-00-20B0-00,30,0,7551EC,20B0,0,クレス,"{N1}
「・・・えッ？」{W}",,
30-00-20CA-00,30,0,7551EC,20CA,0,クラース,"{N4}
（いけ、{N1}！）{W}",,
30-00-20CA-01,30,0,7551EC,20CA,1,チェスター,"{N5}
（頑張れよ！）{W}",,
30-00-20CA-02,30,0,7551EC,20CA,2,クレス,"{N1}
「・・・」{W}",,
30-00-210C-00,30,0,7551EC,210C,0,クレス,"{N1}
「いっ、いただきます！」{W}",,
30-00-212E-00,30,0,7551EC,212E,0,クレス,"{N1}
「うまいッ！」{W}",,
30-00-2146-00,30,0,7551EC,2146,0,アーチェ,"{N3}
「えっ、ホントに▽」{W}",,
30-00-2164-00,30,0,7551EC,2164,0,ミント,"{N2}
「良かったですね」{W}",,
30-00-2164-01,30,0,7551EC,2164,1,チェスター,"{N5}
「ほっ、ほんとかよ・・・」{W}",,
30-00-2164-02,30,0,7551EC,2164,2,クラース,"{N4}
「どれどれ・・・」{W}",,
30-00-21BC-00,30,0,7551EC,21BC,0,クラース,"{N4}
「確かに、これはうまいな」{W}",,
30-00-21E0-00,30,0,7551EC,21E0,0,アーチェ,"{N3}
「やったーッ！！」{W}",,
30-00-21E0-01,30,0,7551EC,21E0,1,チェスター,"{N5}
「お、俺も・・・」{W}",,
30-00-2216-00,30,0,7551EC,2216,0,チェスター,"{N5}
「うっ・・・、うまい{SPD:10}・・・{SPD:FF}かも」{W}",,
30-00-2216-01,30,0,7551EC,2216,1,アーチェ,"{N3}
「ほら見なさい！」{W}",,
30-00-2216-02,30,0,7551EC,2216,2,アーチェ,"{N3}
「どう、これがあたしの真の実力なの　よッ！！」{W}",,
30-00-2216-03,30,0,7551EC,2216,3,チェスター,"{N5}
「で、でもさ・・・」{W}",,
30-00-2216-04,30,0,7551EC,2216,4,チェスター,"{N5}
「本当はさ、これ作ったのって{SPD:10}・・・{SPD:FF}
　{N2}なんだろ？」{W}",,
30-00-2216-05,30,0,7551EC,2216,5,ミント,"{N2}
「そんな事ありませんよ」{W}",,
30-00-2216-06,30,0,7551EC,2216,6,ミント,"{N2}
「私は少しだけ、アドバイスしただけ
　です」{W}",,
30-00-234E-00,30,0,7551EC,234E,0,アーチェ,"{N3}
「ねー▽」{W}",,
30-00-234E-01,30,0,7551EC,234E,1,ミント,"{N2}
「はい」{W}",,
30-00-2372-00,30,0,7551EC,2372,0,チェスター,"{N5}
「うそだ！」{W}",,
30-00-2372-01,30,0,7551EC,2372,1,チェスター,"{N5}
「俺は絶対認めねぇ」{W}",,
30-00-2372-02,30,0,7551EC,2372,2,ミント,"{N2}
「そんな事ありませんって」{W}",,
30-00-2372-03,30,0,7551EC,2372,3,チェスター,"{N5}
「いや・・・」{W}",,
30-00-2372-04,30,0,7551EC,2372,4,チェスター,"{N5}
「{SPD:10}・・・{SPD:FF}教え方が良かったんだ」{W}",,
30-00-2372-05,30,0,7551EC,2372,5,チェスター,"{N5}
「そうに決まってる！」{W}",,
30-00-2372-06,30,0,7551EC,2372,6,クラース,"{N4}
「まあ確かに、{SPD:10}・・・{SPD:FF}そうだなあ」{W}",,
30-00-2372-07,30,0,7551EC,2372,7,クラース,"{N4}
「良くここまで作れるようにアドバイ
　スしたもんだ」{W}",,
30-00-2372-08,30,0,7551EC,2372,8,アーチェ,"{N3}
「なっ・・・、なによみんなして！」{W}",,
30-00-24BE-00,30,0,7551EC,24BE,0,クレス,"{N1}
「やっぱりすごいな{SPD:10}・・・・・・、{SPD:FF}
　{N2}は」{W}",,
30-00-24BE-01,30,0,7551EC,24BE,1,ミント,"{N2}
「そっ、そんな・・・」{W}",,
30-00-251A-00,30,0,7551EC,251A,0,チェスター,"{N5}
「さすが{N2}だ」{W}",,
30-00-251A-01,30,0,7551EC,251A,1,クラース,"{N4}
「ああ、たいしたもんだ」{W}",,
30-00-251A-02,30,0,7551EC,251A,2,アーチェ,"{N3}
「なっ・・・、なんなのよ、この扱い
　は！」{W}",,
30-00-2588-00,30,0,7551EC,2588,0,アーチェ,"{N3}
「ちょっと～・・・」{W}",,
30-00-25A6-00,30,0,7551EC,25A6,0,,"{N2}は『{TITLE:19B}』の
称号を得ました。{W}",,
30-00-25CC-00,30,0,7551EC,25CC,0,アーチェ,"{N3}
「ひょっとして・・・、惚れ薬ってこ
　れの事かしら？」{W}",,
30-00-25CC-01,30,0,7551EC,25CC,1,アーチェ,"{N3}
「こんなのが本当に効くのかしら？」{W}",,
30-00-25CC-02,30,0,7551EC,25CC,2,すず,"{N6}
「さあ・・・」{W}",,
30-00-264C-00,30,0,7551EC,264C,0,アーチェ,"{N3}
「{N6}ちゃんも欲しい？」{W}",,
30-00-264C-01,30,0,7551EC,264C,1,すず,"{N6}
「私は要りません」{W}",,
30-00-2688-00,30,0,7551EC,2688,0,アーチェ,"{N3}
「あ、そう」{W}",,
30-00-2688-01,30,0,7551EC,2688,1,アーチェ,"{N3}
「相変わらずクールね」{W}",,
30-00-2688-02,30,0,7551EC,2688,2,アーチェ,"{N3}
「・・・・・・・・・」{W}",,
30-00-2688-03,30,0,7551EC,2688,3,アーチェ,"{N3}
（さ～て、あたしの分も{SPD:10}・・・{SPD:FF}）{W}",,
30-00-2708-00,30,0,7551EC,2708,0,すず,"{N6}
「{N3}さん・・・？」{W}",,
30-00-2726-00,30,0,7551EC,2726,0,アーチェ,"{N3}
「ギクッ！！」{W}",,
30-00-273E-00,30,0,7551EC,273E,0,アーチェ,"{N3}
「な、なんでもないわよ～」{W}",,
30-00-273E-01,30,0,7551EC,273E,1,すず,"{N6}
「・・・・・・・・・」{W}",,
30-00-273E-02,30,0,7551EC,273E,2,アーチェ,"{N3}
「さ、行こうか▽」{W}",,
30-00-273E-03,30,0,7551EC,273E,3,すず,"{N6}
「・・・・・・はい」{W}",,
30-00-27B6-00,30,0,7551EC,27B6,0,すず,"{N6}
「そろそろ時間ですね・・・」{W}",,
30-00-27B6-01,30,0,7551EC,27B6,1,アーチェ,"{N3}
「え、もう！？」{W}",,
30-00-27B6-02,30,0,7551EC,27B6,2,アーチェ,"{N3}
「うぅ・・・、大丈夫かなぁ？」{W}",,
30-00-281A-00,30,0,7551EC,281A,0,,ミゲールの町に戻りますか？,,
30-00-2836-00,30,0,7551EC,2836,0,アーチェ,"{N3}
「一回町に戻ろうか」{W}",,
30-00-2836-01,30,0,7551EC,2836,1,すず,"{N6}
「わかりました」{W}",,
30-00-286C-00,30,0,7551EC,286C,0,,"ミゲールの町に戻る事ができますが、
戻ると今回の依頼は失敗となります。{W}",,
30-00-286C-01,30,0,7551EC,286C,1,,ミゲールの町に戻りますか？,,
30-00-28D0-00,30,0,7551EC,28D0,0,アーチェ,"{N3}
「一回町に戻ろうか」{W}",,
30-00-28D0-01,30,0,7551EC,28D0,1,すず,"{N6}
「わかりました」{W}",,
30-00-2906-00,30,0,7551EC,2906,0,,"依頼を受けた町に退却しますか？
",,
30-00-2928-00,30,0,7551EC,2928,0,アーチェ,"{N3}
「一回町に戻ろうか」{W}",,
30-00-2928-01,30,0,7551EC,2928,1,すず,"{N6}
「わかりました」{W}",,
30-00-295E-00,30,0,7551EC,295E,0,アーチェ,"{N3}
「この町にまだ困ってる人が
　いる気がする・・・」{W}",,
30-00-299A-00,30,0,7551EC,299A,0,アーチェ,"{N3}
「おっといけない！」{W}",,
30-00-299A-01,30,0,7551EC,299A,1,アーチェ,"{N3}
「まだ任務の途中だった・・・」{W}",,
30-00-29DE-00,30,0,7551EC,29DE,0,アーチェ,"{N3}
「まだ用事がすんでないよ・・・」{W}",,
31-00-0000-00,31,0,75AF64,0000,0,,ミッドガルズ城,,
31-00-0010-00,31,0,75AF64,0010,0,クレス,"{N1}
「よしッ！」{W}",,
31-00-0010-01,31,0,75AF64,0010,1,クレス,"{N1}
「ダオスの城にのりこもう！！」{W}",,
31-00-004C-00,31,0,75AF64,004C,0,クレス,"{N1}
「今、重要な会議をしているから、入
　らない方がいい」{W}",,
31-00-008C-00,31,0,75AF64,008C,0,クレス,"{N1}
「これは・・・、ヴァルキリーの言っ
　ていたオーディーン像？」{W}",,
31-00-00D4-00,31,0,75AF64,00D4,0,クラース,"{N4}
「おい、{N1}」{W}",,
31-00-00D4-01,31,0,75AF64,00D4,1,クラース,"{N4}
「この部屋から、出ない方がいいぞ」{W}",,
31-00-0116-00,31,0,75AF64,0116,0,研究員,"研究員
「ライゼン様！」{W}",,
31-00-0116-01,31,0,75AF64,0116,1,研究員,"研究員
「ダオスから警告があったというのは
　本当ですか？」{W}",,
31-00-0116-02,31,0,75AF64,0116,2,研究員,"研究員
「この研究をやめるなんていうことに
　なったら・・・」{W}",,
31-00-0116-03,31,0,75AF64,0116,3,研究員,"研究員
「私たちは一体どうすれば{SPD:10}・・・{SPD:FF}」{W}",,
31-00-0116-04,31,0,75AF64,0116,4,ライゼン,"ライゼン
「案ずるな」{W}",,
31-00-0116-05,31,0,75AF64,0116,5,ライゼン,"ライゼン
「我が国が、奴の言いなりになるわけ
　がなかろう」{W}",,
31-00-0116-06,31,0,75AF64,0116,6,ライゼン,"ライゼン
「お前たちは研究に専念していればい
　いんだ」{W}",,
31-00-0272-00,31,0,75AF64,0272,0,ライゼン,"ライゼン
「おお、何をしておられる」{W}",,
31-00-0272-01,31,0,75AF64,0272,1,ライゼン,"ライゼン
「ささ、謁見の間へどうぞ」{W}",,
31-00-02C0-00,31,0,75AF64,02C0,0,ミント,"{N2}
「{N4}さん、会議は？」{W}",,
31-00-02C0-01,31,0,75AF64,02C0,1,クラース,"{N4}
「ああ、ちょうど終わったところだ」{W}",,
31-00-02C0-02,31,0,75AF64,02C0,2,クレス,"{N1}
「どうでした？」{W}",,
31-00-02C0-03,31,0,75AF64,02C0,3,クラース,"{N4}
「危険とはいえ重要な任務だ」{W}",,
31-00-02C0-04,31,0,75AF64,02C0,4,クラース,"{N4}
「それをよそ者に任されるものだから
　・・・」{W}",,
31-00-02C0-05,31,0,75AF64,02C0,5,クラース,"{N4}
「連中、やっぱりおもしろくないみた
　いだ」{W}",,
31-00-02C0-06,31,0,75AF64,02C0,6,アーチェ,"{N3}
「つまんないこと気にするなぁ」{W}",,
31-00-02C0-07,31,0,75AF64,02C0,7,クラース,"{N4}
「まっ、実力を見せつけてやればおと
　なしくなるさ」{W}",,
31-00-0412-00,31,0,75AF64,0412,0,,"　
　　　　　　そこの剣士！{W}",,
31-00-0412-01,31,0,75AF64,0412,1,,"　
　　　　　分不相応なものを
　　　　持つものではないぞ！{W}",,
31-00-0470-00,31,0,75AF64,0470,0,クラース,"{N4}
「おい、{N1}！」{W}",,
31-00-0470-01,31,0,75AF64,0470,1,クラース,"{N4}
「どこに行くんだ！？」{W}",,
31-00-0470-02,31,0,75AF64,0470,2,クレス,"{N1}
「女の人の声が・・・」{W}",,
31-00-0470-03,31,0,75AF64,0470,3,クラース,"{N4}
「は？？」{W}",,
31-00-0470-04,31,0,75AF64,0470,4,クラース,"{N4}
「何言ってるんだ？」{W}",,
31-00-04F4-00,31,0,75AF64,04F4,0,アーチェ,"{N3}
「ききき、消えちゃった！？」{W}",,
31-00-04F4-01,31,0,75AF64,04F4,1,ミント,"{N2}
「{N1}さん・・・？」{W}",,
31-00-04F4-02,31,0,75AF64,04F4,2,ミント,"{N2}
「そんな・・・」{W}",,
31-00-054E-00,31,0,75AF64,054E,0,アーチェ,"{N3}
「きゃーッ！」{W}",,
31-00-054E-01,31,0,75AF64,054E,1,アーチェ,"{N3}
「{N2}、{N2}」{W}",,
31-00-054E-02,31,0,75AF64,054E,2,アーチェ,"{N3}
「しっかりしてよぉ！！」{W}",,
31-00-059C-00,31,0,75AF64,059C,0,兵士,"兵士
「{N4}殿！」{W}",,
31-00-059C-01,31,0,75AF64,059C,1,兵士,"兵士
「何をしているんですか？」{W}",,
31-00-059C-02,31,0,75AF64,059C,2,兵士,"兵士
「早く参戦して下さい！」{W}",,
31-00-059C-03,31,0,75AF64,059C,3,クラース,"{N4}
「だっ、だが仲間が{SPD:10}・・・{SPD:FF}」{W}",,
31-00-059C-04,31,0,75AF64,059C,4,兵士,"兵士
「戦争は終わってないんですよ！」{W}",,
31-00-059C-05,31,0,75AF64,059C,5,兵士,"兵士
「ぐずぐずしているヒマなんてありま
　せん！！」{W}",,
31-00-059C-06,31,0,75AF64,059C,6,クラース,"{N4}
「いや、そうじゃなくて・・・」{W}",,
31-00-06A4-00,31,0,75AF64,06A4,0,クレス,"{N1}
「お前、ダオスの手先か！」{W}",,
31-00-06A4-01,31,0,75AF64,06A4,1,？？？,"？？？
「私は、現在長い眠りについておられ
　る・・・」{W}",,
31-00-06A4-02,31,0,75AF64,06A4,2,？？？,"？？？
「『オーディーン』に忠誠を誓う者」{W}",,
31-00-06A4-03,31,0,75AF64,06A4,3,？？？,"？？？
「人々はヴァルキリーと呼んでいます
　が」{W}",,
31-00-06A4-04,31,0,75AF64,06A4,4,クレス,"{N1}
「オーディーン・・・？」{W}",,
31-00-06A4-05,31,0,75AF64,06A4,5,クレス,"{N1}
「ヴァルキリー？」{W}",,
31-00-079C-00,31,0,75AF64,079C,0,クレス,"{N1}
「ぼくに何の用だ？」{W}",,
31-00-079C-01,31,0,75AF64,079C,1,ヴァルキリー,"ヴァルキリー
「神具を返しなさい」{W}",,
31-00-07DE-00,31,0,75AF64,07DE,0,ヴァルキリー,"ヴァルキリー
「あなたの持つ槍、グーングニルのこ
　とです」{W}",,
31-00-07DE-01,31,0,75AF64,07DE,1,ヴァルキリー,"ヴァルキリー
「それは我が主君オーディーンの持ち
　物」{W}",,
31-00-07DE-02,31,0,75AF64,07DE,2,ヴァルキリー,"ヴァルキリー
「そもそもお前のような下賎な者が持
　つものではない」{W}",,
31-00-089E-00,31,0,75AF64,089E,0,クレス,"{N1}
「げ、下賎・・・」{W}",,
31-00-089E-01,31,0,75AF64,089E,1,ヴァルキリー,"ヴァルキリー
「その槍は、人間共が主の墓から勝手
　に持ち出したもの」{W}",,
31-00-089E-02,31,0,75AF64,089E,2,ヴァルキリー,"ヴァルキリー
「おとなしく返せばそれなりの礼もし
　よう」{W}",,
31-00-093E-00,31,0,75AF64,093E,0,クレス,"{N1}
「あなたの乗っている馬、飛べるんで
　すか？」{W}",,
31-00-0976-00,31,0,75AF64,0976,0,ミント,"{N2}
「何か物々しい雰囲気ですね」{W}",,
31-00-099C-00,31,0,75AF64,099C,0,アーチェ,"{N3}
「もうッ！」{W}",,
31-00-099C-01,31,0,75AF64,099C,1,アーチェ,"{N3}
「待ちくたびれちゃった・・・」{W}",,
31-00-09D8-00,31,0,75AF64,09D8,0,クラース,"{N4}
「一体、いつまで待たせるつもりなん
　だ？」{W}",,
31-00-0A0E-00,31,0,75AF64,0A0E,0,衛兵,"衛兵
「異常無し！」{W}",,
31-00-0A26-00,31,0,75AF64,0A26,0,ライゼン,"ライゼン
「君たちは、この国の伝説となるだろ
　う」{W}",,
31-00-0A26-01,31,0,75AF64,0A26,1,ライゼン,"ライゼン
「我々は残りの魔物共を根絶やしにし
　ていくつもりだ」{W}",,
31-00-0A26-02,31,0,75AF64,0A26,2,ライゼン,"ライゼン
「これでこの世界にも平和が訪れる」{W}",,
31-00-0ACE-00,31,0,75AF64,0ACE,0,ライゼン,"ライゼン
「我々の軍隊は今回の戦闘でかなりの
　被害を受けた」{W}",,
31-00-0ACE-01,31,0,75AF64,0ACE,1,ライゼン,"ライゼン
「後は、あなたたちだけが頼りです」{W}",,
31-00-0ACE-02,31,0,75AF64,0ACE,2,ライゼン,"ライゼン
「我々はできる限り手助けするつもり
　だ」{W}",,
31-00-0B74-00,31,0,75AF64,0B74,0,ライゼン,"ライゼン
「戦争は近い」{W}",,
31-00-0B74-01,31,0,75AF64,0B74,1,ライゼン,"ライゼン
「警戒しなくては・・・」{W}",,
31-00-0BB4-00,31,0,75AF64,0BB4,0,衛兵,"衛兵
「ここから先は王族のみしか入れませ
　ん」{W}",,
31-00-0BE8-00,31,0,75AF64,0BE8,0,衛兵,"衛兵
「異常無し！」{W}",,
31-00-0C00-00,31,0,75AF64,0C00,0,衛兵,"衛兵
「王の御前である」{W}",,
31-00-0C00-01,31,0,75AF64,0C00,1,衛兵,"衛兵
「そそうのないように」{W}",,
31-00-0C3A-00,31,0,75AF64,0C3A,0,国王,"国王
「なんと礼を述べればよいか・・・、
　本当に感謝しています」{W}",,
31-00-0C80-00,31,0,75AF64,0C80,0,国王,"国王
「空中部隊か・・・」{W}",,
31-00-0C80-01,31,0,75AF64,0C80,1,国王,"国王
「ダオスもなかなかやりおるわ」{W}",,
31-00-0C80-02,31,0,75AF64,0C80,2,国王,"国王
「感心している場合ではなかったな」{W}",,
31-00-0C80-03,31,0,75AF64,0C80,3,国王,"国王
「しかし、どうしたらよいか・・・」{W}",,
31-00-0D18-00,31,0,75AF64,0D18,0,国王,"国王
「期待してますぞ」{W}",,
31-00-0D34-00,31,0,75AF64,0D34,0,研究員,"研究員
「魔科学兵器が壊れてしまった」{W}",,
31-00-0D34-01,31,0,75AF64,0D34,1,研究員,"研究員
「また、最初からやり直しだ・・・」{W}",,
31-00-0D8A-00,31,0,75AF64,0D8A,0,研究員,"研究員
「この研究が実れば・・・」{W}",,
31-00-0D8A-01,31,0,75AF64,0D8A,1,研究員,"研究員
「ダオスに決定的なダメージを与える
　武器が開発できるんだ」{W}",,
31-00-0DF6-00,31,0,75AF64,0DF6,0,研究員,"研究員
「ダオスは魔術でしか傷を負わせるこ
　とができない」{W}",,
31-00-0DF6-01,31,0,75AF64,0DF6,1,研究員,"研究員
「なのにエルフたちはダオスと戦おう
　としない」{W}",,
31-00-0DF6-02,31,0,75AF64,0DF6,2,研究員,"研究員
「森の連中は腰抜けばかりだ」{W}",,
31-00-0E96-00,31,0,75AF64,0E96,0,開発者,"開発者
「バグではなく仕様です」{W}",,
31-00-0EBA-00,31,0,75AF64,0EBA,0,研究員,"研究員
「精霊と魔科学の融合というのも研究
　の一つなんです」{W}",,
31-00-0EFC-00,31,0,75AF64,0EFC,0,研究員,"研究員
「魔女とホウキについての研究をして
　います」{W}",,
31-00-0F36-00,31,0,75AF64,0F36,0,研究員,"研究員
「私たちは人類の夢を実現する為にが
　んばっているんです」{W}",,
31-00-0F7C-00,31,0,75AF64,0F7C,0,研究員,"研究員
「エルフたちの魔力があればダオスな
　ど・・・」{W}",,
31-00-0FB8-00,31,0,75AF64,0FB8,0,研究員,"研究員
「もう一ヶ月休みがありましぇ～ん」{W}",,
31-00-0FE6-00,31,0,75AF64,0FE6,0,研究員,"研究員
「仕事って、すればするほど増えるん
　だよね～」{W}",,
31-00-1022-00,31,0,75AF64,1022,0,衛兵,"衛兵
「異常無しッ！」{W}",,
31-00-103C-00,31,0,75AF64,103C,0,衛兵,"衛兵
「早く交代しないかな～」{W}",,
31-00-105E-00,31,0,75AF64,105E,0,兵士,"兵士
「ここから先は関係者以外は立入禁止
　だ」{W}",,
31-00-1092-00,31,0,75AF64,1092,0,兵士,"兵士
『ここだけの話だけど・・・』{W}",,
31-00-1092-01,31,0,75AF64,1092,1,兵士,"兵士
『この中では、すっげぇ武器が開発さ
　れてるらしいぜ』{W}",,
31-00-10F6-00,31,0,75AF64,10F6,0,武器屋の主人,"武器屋の主人
「わしらは戦火を避けるために城に避
　難してきたんじゃ」{W}",,
31-00-10F6-01,31,0,75AF64,10F6,1,武器屋の主人,"武器屋の主人
「一応商品も持ってきたが、何か買う
　かね？」{W}",,
31-00-117E-00,31,0,75AF64,117E,0,武器屋の主人,"武器屋の主人
「こんな状況だからこそ商売をしなく
　てはならんのじゃ」{W}",,
31-00-117E-01,31,0,75AF64,117E,1,武器屋の主人,"武器屋の主人
「どうもありがとう」{W}",,
31-00-11EC-00,31,0,75AF64,11EC,0,ドラッグストアの主人,"ドラッグストアの主人
「薬、たくさん持ってきたよ」{W}",,
31-00-11EC-01,31,0,75AF64,11EC,1,ドラッグストアの主人,"ドラッグストアの主人
「買うかい？」{W}",,
31-00-1248-00,31,0,75AF64,1248,0,ドラッグストアの主人,"ドラッグストアの主人
「どうもありがとう」{W}",,
31-00-1276-00,31,0,75AF64,1276,0,道具屋のバイト,"道具屋のバイト
「ああ・・・、これからこの町はどう
　なるの？」{W}",,
31-00-1276-01,31,0,75AF64,1276,1,道具屋のバイト,"道具屋のバイト
「一応商品を持ってきたけど、何か買
　う？」{W}",,
31-00-12F8-00,31,0,75AF64,12F8,0,道具屋のバイト,"道具屋のバイト
「ありがとう」{W}",,
31-00-12F8-01,31,0,75AF64,12F8,1,道具屋のバイト,"道具屋のバイト
「でも、すべてが無駄になってしまう
　かも・・・」{W}",,
31-00-135E-00,31,0,75AF64,135E,0,食材店の女主人,"食材店の女主人
「あの、ここで食べ物を買っても・・
　・」{W}",,
31-00-135E-01,31,0,75AF64,135E,1,食材店の女主人,"食材店の女主人
「どうしても買う？」{W}",,
31-00-13C2-00,31,0,75AF64,13C2,0,食材店の女主人,"食材店の女主人
「どうもありがとう」{W}",,
31-00-13EA-00,31,0,75AF64,13EA,0,クラース,"{N4}
「おっ、来たぞ」{W}",,
31-00-1404-00,31,0,75AF64,1404,0,？？？,"？？？
「待たせて申し訳ない」{W}",,
31-00-1404-01,31,0,75AF64,1404,1,？？？,"？？？
「私はこの国の騎士団長でライゼンと
　いう者です」{W}",,
31-00-1404-02,31,0,75AF64,1404,2,ライゼン,"ライゼン
「あなたたちのことはモリスン殿から
　聞いています」{W}",,
31-00-1404-03,31,0,75AF64,1404,3,ライゼン,"ライゼン
「まだお若いのに一騎当千の強者にも
　劣らない勇士たちとか」{W}",,
31-00-14EA-00,31,0,75AF64,14EA,0,クレス,"{N1}
「いっ、いやぁ・・・、それほどでも
　・・・」{W}",,
31-00-1522-00,31,0,75AF64,1522,0,モリスン,"モリスン
「ありがとう」{W}",,
31-00-1522-01,31,0,75AF64,1522,1,モリスン,"モリスン
「来てくれたんだね」{W}",,
31-00-1522-02,31,0,75AF64,1522,2,クレス,"{N1}
「ええ、力を合わせてダオスの野望を
　阻止しましょう」{W}",,
31-00-1522-03,31,0,75AF64,1522,3,アーチェ,"{N3}
「えッ？」{W}",,
31-00-1522-04,31,0,75AF64,1522,4,アーチェ,"{N3}
「・・・ヤボウ？」{W}",,
31-00-15C8-00,31,0,75AF64,15C8,0,アーチェ,"{N3}
「そういえばダオスの野望って{SPD:10}・・・{SPD:FF}
　何なの？」{W}",,
31-00-160A-00,31,0,75AF64,160A,0,ライゼン,"ライゼン
「何を言ってるのかね」{W}",,
31-00-160A-01,31,0,75AF64,160A,1,ライゼン,"ライゼン
「ダオスはこの世界を滅ぼそうとして
　いるのだぞ！」{W}",,
31-00-160A-02,31,0,75AF64,160A,2,アーチェ,"{N3}
「ホントに・・・？」{W}",,
31-00-160A-03,31,0,75AF64,160A,3,ミント,"{N2}
「{N3}さん・・・」{W}",,
31-00-160A-04,31,0,75AF64,160A,4,ミント,"{N2}
「どうしたんですか？」{W}",,
31-00-160A-05,31,0,75AF64,160A,5,クレス,"{N1}
「ホントに変だぞ」{W}",,
31-00-16DC-00,31,0,75AF64,16DC,0,アーチェ,"{N3}
「世界を滅ぼすために{SPD:10}・・・{SPD:FF}？」{W}",,
31-00-16DC-01,31,0,75AF64,16DC,1,ライゼン,"ライゼン
「その通りだッ！！」{W}",,
31-00-16DC-02,31,0,75AF64,16DC,2,アーチェ,"{N3}
「{SPD:10}・・・{SPD:FF}ま、いっか」{W}",,
31-00-1750-00,31,0,75AF64,1750,0,クラース,"{N4}
「申し訳ない」{W}",,
31-00-1750-01,31,0,75AF64,1750,1,クラース,"{N4}
「なにか考え過ぎたみたいで・・・」{W}",,
31-00-1750-02,31,0,75AF64,1750,2,モリスン,"モリスン
「とっ、とりあえず、改めて礼を言わ
　せてもらいたい」{W}",,
31-00-1750-03,31,0,75AF64,1750,3,モリスン,"モリスン
「来る戦いにそなたらが加勢してくれ
　る事・・・」{W}",,
31-00-1750-04,31,0,75AF64,1750,4,モリスン,"モリスン
「何よりも心強く思う所だ」{W}",,
31-00-1750-05,31,0,75AF64,1750,5,クラース,"{N4}
「一体、戦争はいつ頃に？」{W}",,
31-00-1750-06,31,0,75AF64,1750,6,ライゼン,"ライゼン
「そのことについては国王の前で」{W}",,
31-00-1750-07,31,0,75AF64,1750,7,ライゼン,"ライゼン
「すでに謁見の間でお待ちになられて
　います」{W}",,
31-00-1750-08,31,0,75AF64,1750,8,ライゼン,"ライゼン
「後から来て下さい」{W}",,
31-00-18E0-00,31,0,75AF64,18E0,0,モリスン,"モリスン
「私もついさっき入った情報など・・
　・」{W}",,
31-00-18E0-01,31,0,75AF64,18E0,1,モリスン,"モリスン
「国王に知らせなければならないこと
　がいくつかあるんだ」{W}",,
31-00-18E0-02,31,0,75AF64,18E0,2,モリスン,"モリスン
「それじゃあ」{W}",,
31-00-1978-00,31,0,75AF64,1978,0,ミッドガルズ国王,"ミッドガルズ国王
「その方らが、話にあった者たちか」{W}",,
31-00-1978-01,31,0,75AF64,1978,1,モリスン,"モリスン
「はい」{W}",,
31-00-1978-02,31,0,75AF64,1978,2,モリスン,"モリスン
「アルヴァニスタの王子を救ったのも
　彼ら」{W}",,
31-00-1978-03,31,0,75AF64,1978,3,モリスン,"モリスン
「剣術、魔術に長けた者たちばかりで
　ございます」{W}",,
31-00-1978-04,31,0,75AF64,1978,4,国王,"国王
「それは心強いな」{W}",,
31-00-1978-05,31,0,75AF64,1978,5,ライゼン,"ライゼン
「はッ」{W}",,
31-00-1A68-00,31,0,75AF64,1A68,0,国王,"国王
「我が国はエルフとの交流もなく、こ
　と魔術に関しては、うとい」{W}",,
31-00-1A68-01,31,0,75AF64,1A68,1,国王,"国王
「アルヴァニスタから魔法部隊が来て
　はいるのだが・・・」{W}",,
31-00-1A68-02,31,0,75AF64,1A68,2,国王,"国王
「いかんせん人数が少ない」{W}",,
31-00-1A68-03,31,0,75AF64,1A68,3,国王,"国王
「そなたらのような者たちに戦列に加
　わってもらうのはありがたい事だ」{W}",,
31-00-1A68-04,31,0,75AF64,1A68,4,ライゼン,"ライゼン
「ヴァルハラ山脈に魔物の軍隊が結集
　しているとの情報も入っています」{W}",,
31-00-1A68-05,31,0,75AF64,1A68,5,ライゼン,"ライゼン
「戦争は近い」{W}",,
31-00-1A68-06,31,0,75AF64,1A68,6,ライゼン,"ライゼン
「なるべくこの都で待機していて下さ
　い」{W}",,
31-00-1A68-07,31,0,75AF64,1A68,7,国王,"国王
「そうだ！」{W}",,
31-00-1A68-08,31,0,75AF64,1A68,8,国王,"国王
「我が国では戦争の切り札となる研究
　をしているのだが・・・」{W}",,
31-00-1A68-09,31,0,75AF64,1A68,9,国王,"国王
「御存じかな？」{W}",,
31-00-1C78-00,31,0,75AF64,1C78,0,ライゼン,"ライゼン
「それならば、私が案内しましょう」{W}",,
31-00-1C78-01,31,0,75AF64,1C78,1,ライゼン,"ライゼン
「魔科学地下研究所へ」{W}",,
31-00-1CCA-00,31,0,75AF64,1CCA,0,ライゼン,"ライゼン
「ここが魔科学研究所です」{W}",,
31-00-1CCA-01,31,0,75AF64,1CCA,1,ライゼン,"ライゼン
「この研究が実れば、人間でも魔術が
　使えるようになるんです」{W}",,
31-00-1CCA-02,31,0,75AF64,1CCA,2,ライゼン,"ライゼン
「すばらしいでしょう？」{W}",,
31-00-1CCA-03,31,0,75AF64,1CCA,3,クラース,"{N4}
「なんだって！？」{W}",,
31-00-1CCA-04,31,0,75AF64,1CCA,4,クラース,"{N4}
「に、人間でも魔術が使える？」{W}",,
31-00-1CCA-05,31,0,75AF64,1CCA,5,クラース,"{N4}
「本当なのか・・・」{W}",,
31-00-1CCA-06,31,0,75AF64,1CCA,6,クラース,"{N4}
「夢みたいだ・・・」{W}",,
31-00-1CCA-07,31,0,75AF64,1CCA,7,ライゼン,"ライゼン
「戦争に勝利できれば・・・」{W}",,
31-00-1CCA-08,31,0,75AF64,1CCA,8,ライゼン,"ライゼン
「功労者となるあなたたちに、優先的
　にこの技術を教えて差し上げます」{W}",,
31-00-1E52-00,31,0,75AF64,1E52,0,クラース,"{N4}
「ほっ、本当か！？」{W}",,
31-00-1E70-00,31,0,75AF64,1E70,0,クラース,"{N4}
「こっ・・・、これは、がんばるしか
　ないな！」{W}",,
31-00-1EAA-00,31,0,75AF64,1EAA,0,ライゼン,"ライゼン
「詳しい話はそこの者たちから聞いて
　下さい」{W}",,
31-00-1EAA-01,31,0,75AF64,1EAA,1,ライゼン,"ライゼン
「私は先に戻っていますので」{W}",,
31-00-1F0E-00,31,0,75AF64,1F0E,0,アーチェ,"{N3}
「あたしは納得してないよ」{W}",,
31-00-1F0E-01,31,0,75AF64,1F0E,1,クラース,"{N4}
「は？？」{W}",,
31-00-1F0E-02,31,0,75AF64,1F0E,2,アーチェ,"{N3}
「ダオスの目的のことだよ」{W}",,
31-00-1F66-00,31,0,75AF64,1F66,0,アーチェ,"{N3}
「確かにダオスは町を襲った」{W}",,
31-00-1F66-01,31,0,75AF64,1F66,1,アーチェ,"{N3}
「人を殺めた」{W}",,
31-00-1F66-02,31,0,75AF64,1F66,2,アーチェ,"{N3}
「魔物を操っている」{W}",,
31-00-1F66-03,31,0,75AF64,1F66,3,アーチェ,"{N3}
「だけど{SPD:10}・・・{SPD:FF}」{W}",,
31-00-1FDE-00,31,0,75AF64,1FDE,0,クラース,"{N4}
「だけど？」{W}",,
31-00-1FF4-00,31,0,75AF64,1FF4,0,アーチェ,"{N3}
「ダオスはベネツィアやユークリッド
　を襲ったことってある？」{W}",,
31-00-1FF4-01,31,0,75AF64,1FF4,1,アーチェ,"{N3}
「アルヴァニスタでは・・・」{W}",,
31-00-1FF4-02,31,0,75AF64,1FF4,2,アーチェ,"{N3}
「王子を人質にとって動けなくしただ
　けでしょ？」{W}",,
31-00-1FF4-03,31,0,75AF64,1FF4,3,アーチェ,"{N3}
「内部から崩すことだってできたはず
　なのに」{W}",,
31-00-1FF4-04,31,0,75AF64,1FF4,4,アーチェ,"{N3}
「ダオスって・・・」{W}",,
31-00-1FF4-05,31,0,75AF64,1FF4,5,アーチェ,"{N3}
「直接にはミッドガルズにしかちょっ
　かい出してないじゃん」{W}",,
31-00-1FF4-06,31,0,75AF64,1FF4,6,アーチェ,"{N3}
「これってどういうこと？」{W}",,
31-00-2152-00,31,0,75AF64,2152,0,クラース,"{N4}
「そう言われてもなぁ」{W}",,
31-00-2152-01,31,0,75AF64,2152,1,クレス,"{N1}
「一体どうしたんだ？」{W}",,
31-00-2152-02,31,0,75AF64,2152,2,クレス,"{N1}
「やつは、ハーメルを襲ったじゃない
　か！！」{W}",,
31-00-21C6-00,31,0,75AF64,21C6,0,アーチェ,"{N3}
「まぁ、個人的な恨みは別じゃん？」{W}",,
31-00-21F2-00,31,0,75AF64,21F2,0,クレス,"{N1}
「なんだとッ！？」{W}",,
31-00-21F2-01,31,0,75AF64,21F2,1,クレス,"{N1}
「リアやリアの両親を殺したのだって
　・・・」{W}",,
31-00-21F2-02,31,0,75AF64,21F2,2,クレス,"{N1}
「ダオスが裏で手を引いていたんじゃ
　ないか！」{W}",,
31-00-21F2-03,31,0,75AF64,21F2,3,クレス,"{N1}
「なんとも思わないのか！？」{W}",,
31-00-22A0-00,31,0,75AF64,22A0,0,ミント,"{N2}
「{N1}さん！」{W}",,
31-00-22A0-01,31,0,75AF64,22A0,1,ミント,"{N2}
「言い過ぎです！！」{W}",,
31-00-22D4-00,31,0,75AF64,22D4,0,アーチェ,"{N3}
「そこなの」{W}",,
31-00-22EA-00,31,0,75AF64,22EA,0,クレス,"{N1}
「・・・へ？？」{W}",,
31-00-22EA-01,31,0,75AF64,22EA,1,アーチェ,"{N3}
「そこだけ変なのよね」{W}",,
31-00-22EA-02,31,0,75AF64,22EA,2,アーチェ,"{N3}
「どうして・・・、ハーメルを襲った
　んだろ？」{W}",,
31-00-235A-00,31,0,75AF64,235A,0,クラース,"{N4}
「う～ん・・・」{W}",,
31-00-235A-01,31,0,75AF64,235A,1,アーチェ,"{N3}
「考えすぎかなぁ」{W}",,
31-00-235A-02,31,0,75AF64,235A,2,アーチェ,"{N3}
「ミッドガルズとハーメルに・・・」{W}",,
31-00-235A-03,31,0,75AF64,235A,3,アーチェ,"{N3}
「またはリアの両親に、何か共通点あ
　る？」{W}",,
31-00-235A-04,31,0,75AF64,235A,4,アーチェ,"{N3}
「やっぱ変じゃん」{W}",,
31-00-235A-05,31,0,75AF64,235A,5,アーチェ,"{N3}
「他の町が無事なのは」{W}",,
31-00-2424-00,31,0,75AF64,2424,0,クラース,"{N4}
「全くわからん」{W}",,
31-00-2424-01,31,0,75AF64,2424,1,アーチェ,"{N3}
「一度あたしの家に行ってみようよ」{W}",,
31-00-2424-02,31,0,75AF64,2424,2,アーチェ,"{N3}
「お父さんに聞けば、何かわかるかも
　・・・」{W}",,
31-00-2424-03,31,0,75AF64,2424,3,アーチェ,"{N3}
「文句も言いたいし」{W}",,
31-00-2424-04,31,0,75AF64,2424,4,クラース,"{N4}
「いっ、今からお前の家に！？」{W}",,
31-00-2424-05,31,0,75AF64,2424,5,クラース,"{N4}
「ちょっと遠すぎやしないか？」{W}",,
31-00-2424-06,31,0,75AF64,2424,6,アーチェ,"{N3}
「だいじょーぶ、ダイジョーブ」{W}",,
31-00-2424-07,31,0,75AF64,2424,7,アーチェ,"{N3}
「パっと行ってパっと帰ってくればい
　いじゃん？」{W}",,
31-00-2424-08,31,0,75AF64,2424,8,クレス,"{N1}
「それに文句って？」{W}",,
31-00-2424-09,31,0,75AF64,2424,9,アーチェ,"{N3}
「いいから」{W}",,
31-00-2424-10,31,0,75AF64,2424,10,アーチェ,"{N3}
「さっ、行こ！」{W}",,
31-00-25AE-00,31,0,75AF64,25AE,0,,"どうしますか？
１．パッと行く
２．歩いていく",,
31-00-25DE-00,31,0,75AF64,25DE,0,クレス,"{N1}
「モリスンさん、これは！？」{W}",,
31-00-25DE-01,31,0,75AF64,25DE,1,モリスン,"モリスン
「{SPD:10}・・・・・・{SPD:FF}」{W}",,
31-00-25DE-02,31,0,75AF64,25DE,2,？？？,"？？？
「ふふっ、やっと役者がそろったか」{W}",,
31-00-25DE-03,31,0,75AF64,25DE,3,モリスン,"モリスン
「・・・・・・なにが望みだ？
　ジェストーナ！」{W}",,
31-00-25DE-04,31,0,75AF64,25DE,4,ジェストーナ,"ジェストーナ
「これから戦争をしましょうと言って
　・・・」{W}",,
31-00-25DE-05,31,0,75AF64,25DE,5,ジェストーナ,"ジェストーナ
「ただ帰るだけではオレの性に合わん
　のよ」{W}",,
31-00-25DE-06,31,0,75AF64,25DE,6,ジェストーナ,"ジェストーナ
「ここでついでに、貴様らの命を絶っ
　ておけば・・・」{W}",,
31-00-25DE-07,31,0,75AF64,25DE,7,ジェストーナ,"ジェストーナ
「ダオス様もお喜びになろうというも
　の！」{W}",,
31-00-25DE-08,31,0,75AF64,25DE,8,クレス,"{N1}
「なんだとッ！？」{W}",,
31-00-27A6-00,31,0,75AF64,27A6,0,ジェストーナ,"ジェストーナ
「動くなよッ！」{W}",,
31-00-27C8-00,31,0,75AF64,27C8,0,ジェストーナ,"ジェストーナ
「動けば、このガキの命はないぜ・・
　・」{W}",,
31-00-27C8-01,31,0,75AF64,27C8,1,クレス,"{N1}
「汚いぞッ！」{W}",,
31-00-27C8-02,31,0,75AF64,27C8,2,ジェストーナ,"ジェストーナ
「自害しろッ！」{W}",,
31-00-27C8-03,31,0,75AF64,27C8,3,ジェストーナ,"ジェストーナ
「小僧とモリスン、それにそこの三人
　全員だ」{W}",,
31-00-2878-00,31,0,75AF64,2878,0,モリスン,"モリスン
『{N3}・・・』{W}",,
31-00-2878-01,31,0,75AF64,2878,1,モリスン,"モリスン
『よく見ているんだ{SPD:10}・・・{SPD:FF}』{W}",,
31-00-28C2-00,31,0,75AF64,28C2,0,ジェストーナ,"ジェストーナ
「うおッ！！」{W}",,
31-00-28E2-00,31,0,75AF64,28E2,0,ジェストーナ,"ジェストーナ
「きっ、貴様ぁぁぁ～！！」{W}",,
31-00-290E-00,31,0,75AF64,290E,0,クレス,"{N1}
「モリスンさん！！」{W}",,
31-00-290E-01,31,0,75AF64,290E,1,モリスン,"モリスン
「近づくなッ！！」{W}",,
31-00-290E-02,31,0,75AF64,290E,2,モリスン,"モリスン
「これを、もっと拡大すれば・・・」{W}",,
31-00-290E-03,31,0,75AF64,290E,3,モリスン,"モリスン
「時間転移を引き起こすことも可能に
　{SPD:F}・・・{SPD:FF}」{W}",,
31-00-290E-04,31,0,75AF64,290E,4,ジェストーナ,"ジェストーナ
「はははッ！」{W}",,
31-00-290E-05,31,0,75AF64,290E,5,ジェストーナ,"ジェストーナ
「とどめだッ！！」{W}",,
31-00-290E-06,31,0,75AF64,290E,6,モリスン,"モリスン
「うぐ・・・ッ！」{W}",,
31-00-290E-07,31,0,75AF64,290E,7,モリスン,"モリスン
「はぁ、はぁ・・・」{W}",,
31-00-290E-08,31,0,75AF64,290E,8,モリスン,"モリスン
「これは{SPD:10}、{SPD:FF}まねするなよ{SPD:10}・・・{SPD:FF}」{W}",,
31-00-290E-09,31,0,75AF64,290E,9,ジェストーナ,"ジェストーナ
「なっ、なにを・・・ッ！！」{W}",,
31-00-2A9E-00,31,0,75AF64,2A9E,0,ミント,"{N2}
「こんな・・・！」{W}",,
31-00-2A9E-01,31,0,75AF64,2A9E,1,ミント,"{N2}
「こんなことって・・・」{W}",,
31-00-2A9E-02,31,0,75AF64,2A9E,2,クレス,"{N1}
「モリスンさん・・・」{W}",,
31-00-2AF8-00,31,0,75AF64,2AF8,0,クレス,"{N1}
「{N3}・・・」{W}",,
31-00-2AF8-01,31,0,75AF64,2AF8,1,クレス,"{N1}
「まだダオスのこと疑問に思っている
　のか？」{W}",,
31-00-2B46-00,31,0,75AF64,2B46,0,クレス,"{N1}
「見たろ！？」{W}",,
31-00-2B46-01,31,0,75AF64,2B46,1,クレス,"{N1}
「奴はぼくたちを殺すためならどんな
　ことだってするんだ！」{W}",,
31-00-2B46-02,31,0,75AF64,2B46,2,アーチェ,"{N3}
「・・・わかった」{W}",,
31-00-2B46-03,31,0,75AF64,2B46,3,アーチェ,"{N3}
「もう言わない{SPD:10}・・・{SPD:FF}」{W}",,
31-00-2BE2-00,31,0,75AF64,2BE2,0,ミント,"{N2}
「{N1}さん・・・」{W}",,
31-00-2BE2-01,31,0,75AF64,2BE2,1,ミント,"{N2}
「歴史が・・・、本とは変わってしま
　ったわ」{W}",,
31-00-2BE2-02,31,0,75AF64,2BE2,2,クレス,"{N1}
「・・・モリスンさんには・・・」{W}",,
31-00-2BE2-03,31,0,75AF64,2BE2,3,クレス,"{N1}
「ニ度も助けられたよ」{W}",,
31-00-2C7A-00,31,0,75AF64,2C7A,0,クレス,"{N1}
「もうたくさんだッ！！」{W}",,
31-00-2C7A-01,31,0,75AF64,2C7A,1,クレス,"{N1}
「ぼくたちで奴を倒すんだ！！」{W}",,
31-00-2C7A-02,31,0,75AF64,2C7A,2,クレス,"{N1}
「そして{SPD:10}・・・{SPD:FF}」{W}",,
31-00-2C7A-03,31,0,75AF64,2C7A,3,クレス,"{N1}
「そして、全てに決着をつけよう！」{W}",,
31-00-2D0C-00,31,0,75AF64,2D0C,0,ライゼン,"ライゼン
「まずは、この大陸図を見てもらいた
　い」{W}",,
31-00-2D44-00,31,0,75AF64,2D44,0,ライゼン,"ライゼン
「五日かかっては敵軍に橋を越えられ
　てしまう」{W}",,
31-00-2D44-01,31,0,75AF64,2D44,1,ライゼン,"ライゼン
「そこで、少人数による特殊部隊を何
　隊か編成し・・・」{W}",,
31-00-2D44-02,31,0,75AF64,2D44,2,ライゼン,"ライゼン
「敵軍をかくらんさせる作戦をとろう
　と思う」{W}",,
31-00-2E00-00,31,0,75AF64,2E00,0,マコーレイ,"マコーレイ
「敵の足止めをする、ということです
　か？」{W}",,
31-00-2E00-01,31,0,75AF64,2E00,1,ライゼン,"ライゼン
「そうだ」{W}",,
31-00-2E00-02,31,0,75AF64,2E00,2,ライゼン,"ライゼン
「非常に危険ではあるが・・・」{W}",,
31-00-2E00-03,31,0,75AF64,2E00,3,ライゼン,"ライゼン
「この作戦がうまくいけば、我が軍の
　勝利は確実なものとなる」{W}",,
31-00-2E00-04,31,0,75AF64,2E00,4,ライゼン,"ライゼン
「これより名を呼ばれた者はその特殊
　部隊長についてもらう」{W}",,
31-00-2F0E-00,31,0,75AF64,2F0E,0,ライゼン,"ライゼン
「第一特殊部隊長・リチャード、
　第ニ特殊部隊長・マコーレイ」{W}",,
31-00-2F0E-01,31,0,75AF64,2F0E,1,ライゼン,"ライゼン
「第三特殊部隊長・カークウッド！」{W}",,
31-00-2F88-00,31,0,75AF64,2F88,0,ライゼン,"ライゼン
「第四特殊部隊長・{N4}！」{W}",,
31-00-2FB0-00,31,0,75AF64,2FB0,0,カークウッド,"カークウッド
「ライゼン殿！」{W}",,
31-00-2FB0-01,31,0,75AF64,2FB0,1,カークウッド,"カークウッド
「傭兵風情にこのような任をまかせて
　いいのですか！？」{W}",,
31-00-301A-00,31,0,75AF64,301A,0,ライゼン,"ライゼン
「慎め・・・」{W}",,
31-00-301A-01,31,0,75AF64,301A,1,ライゼン,"ライゼン
「これは私が責任を持って決めたこと
　だ」{W}",,
31-00-301A-02,31,0,75AF64,301A,2,カークウッド,"カークウッド
「はッ・・・」{W}",,
31-00-308A-00,31,0,75AF64,308A,0,ライゼン,"ライゼン
「以上、呼ばれた者以外は退出を命ず
　る」{W}",,
31-00-308A-01,31,0,75AF64,308A,1,ライゼン,"ライゼン
「この作戦については極秘とし、主力
　部隊の作戦は追って説明する」{W}",,
31-00-3110-00,31,0,75AF64,3110,0,クラース,"{N4}
「お前たちは町に行って装備を整えて
　くるといい」{W}",,
31-00-3110-01,31,0,75AF64,3110,1,クラース,"{N4}
「しばらくかかりそうだ」{W}",,
31-00-316C-00,31,0,75AF64,316C,0,研究員,"研究員
「敵照準チェック完了」{W}",,
31-00-316C-01,31,0,75AF64,316C,1,研究員,"研究員
「ソーサルエナジーレベル・・・
　９９．２％」{W}",,
31-00-316C-02,31,0,75AF64,316C,2,研究員,"研究員
「レーザーオペレーションシステム、
　オールクリア」{W}",,
31-00-316C-03,31,0,75AF64,316C,3,研究員,"研究員
「いつでも発射できます！」{W}",,
31-00-316C-04,31,0,75AF64,316C,4,ライゼン,"ライゼン
「よし、奴らをなぎ払え！！」{W}",,
31-00-3250-00,31,0,75AF64,3250,0,ライゼン,"ライゼン
「発射ッ！！！」{W}",,
31-00-326E-00,31,0,75AF64,326E,0,ライゼン,"ライゼン
「装置の調子はどうだ？」{W}",,
31-00-326E-01,31,0,75AF64,326E,1,技師,"技師
「良好です」{W}",,
31-00-326E-02,31,0,75AF64,326E,2,ライゼン,"ライゼン
「よし、この兵器があればダオスなど
　{SPD:10}・・・{SPD:FF}ふふ{SPD:10}・・・{SPD:FF}」{W}",,
31-00-32FC-00,31,0,75AF64,32FC,0,,　　　　アセリア暦４２０２年,,
31-00-331A-00,31,0,75AF64,331A,0,ミッドガルズ国王,"ミッドガルズ国王
「大役を見事に果たした誉れ高き勇者
　たちを・・・」{W}",,
31-00-331A-01,31,0,75AF64,331A,1,ミッドガルズ国王,"ミッドガルズ国王
「戦神の名の元、今ここに挙げよう」{W}",,
31-00-339A-00,31,0,75AF64,339A,0,国王,"国王
「第四特殊部隊長、{N4}」{W}",,
31-00-339A-01,31,0,75AF64,339A,1,クラース,"{N4}
「はッ！」{W}",,
31-00-33CE-00,31,0,75AF64,33CE,0,国王,"国王
「そなたの行いに報いるだけの十分な
　褒賞を与えようぞ」{W}",,
31-00-3410-00,31,0,75AF64,3410,0,,{COL:3}１００００ガルド手に入れました。{COL:2}{W},,
31-00-3410-01,31,0,75AF64,3410,1,クラース,"{N4}
「ありがとうございます」{W}",,
31-00-345C-00,31,0,75AF64,345C,0,国王,"国王
「第一特殊部隊隊長、リチャード」{W}",,
31-00-345C-01,31,0,75AF64,345C,1,リチャード,"リチャード
「はッ！」{W}",,
31-00-349E-00,31,0,75AF64,349E,0,国王,"国王
「そなたの行いに報いるだけの十分な
　褒賞を与えようぞ」{W}",,
31-00-34E0-00,31,0,75AF64,34E0,0,リチャード,"リチャード
「ありがたくちょうだいします」{W}",,
31-00-350E-00,31,0,75AF64,350E,0,ライゼン,"ライゼン
「みんな、よくやってくれた」{W}",,
31-00-350E-01,31,0,75AF64,350E,1,ライゼン,"ライゼン
「これで戦争に勝利したも・・・」{W}",,
31-00-350E-02,31,0,75AF64,350E,2,兵士,"兵士
「国王ーーーッ！！！」{W}",,
31-00-3582-00,31,0,75AF64,3582,0,ライゼン,"ライゼン
「なに事だ！」{W}",,
31-00-3582-01,31,0,75AF64,3582,1,ライゼン,"ライゼン
「騒々しい！」{W}",,
31-00-3582-02,31,0,75AF64,3582,2,兵士,"兵士
「たっ、たいへんです！！」{W}",,
31-00-3582-03,31,0,75AF64,3582,3,兵士,"兵士
「敵が、敵が攻めてきます！！」{W}",,
31-00-3582-04,31,0,75AF64,3582,4,ライゼン,"ライゼン
「なにッ！？」{W}",,
31-00-3582-05,31,0,75AF64,3582,5,ライゼン,"ライゼン
「そんなばかなッ！」{W}",,
31-00-3582-06,31,0,75AF64,3582,6,ライゼン,"ライゼン
「すでに平原は我々の手に・・・！」{W}",,
31-00-3582-07,31,0,75AF64,3582,7,兵士,"兵士
「そっ、それが空から・・・」{W}",,
31-00-3582-08,31,0,75AF64,3582,8,ライゼン,"ライゼン
「{SPD:10}・・・{SPD:FF}空中部隊か！！」{W}",,
31-00-36B8-00,31,0,75AF64,36B8,0,ライゼン,"ライゼン
「すぐに投石器、大砲部隊を編成する
　んだ！」{W}",,
31-00-36B8-01,31,0,75AF64,36B8,1,ライゼン,"ライゼン
「急げッ！！」{W}",,
31-00-36B8-02,31,0,75AF64,36B8,2,兵士,"兵士
「はッ！」{W}",,
31-00-3720-00,31,0,75AF64,3720,0,ライゼン,"ライゼン
「国王は安全な場所へ」{W}",,
31-00-3720-01,31,0,75AF64,3720,1,国王,"国王
「いや、わしはここに残る」{W}",,
31-00-3720-02,31,0,75AF64,3720,2,国王,"国王
「民をおいてわしだけ逃げるなど・・
　・」{W}",,
31-00-3720-03,31,0,75AF64,3720,3,ライゼン,"ライゼン
「{SPD:10}・・・・・・{SPD:FF}わかりました」{W}",,
31-00-3720-04,31,0,75AF64,3720,4,ライゼン,"ライゼン
「よい機会です」{W}",,
31-00-3720-05,31,0,75AF64,3720,5,ライゼン,"ライゼン
「魔科学兵器の力、ダオスに見せつけ
　てやりましょう」{W}",,
31-00-3826-00,31,0,75AF64,3826,0,クラース,"{N4}
「まずいぞ・・・」{W}",,
31-00-3826-01,31,0,75AF64,3826,1,クラース,"{N4}
「私たちも加勢しよう！！」{W}",,
31-00-3826-02,31,0,75AF64,3826,2,クレス,"{N1}
「でも空からじゃ・・・」{W}",,
31-00-3826-03,31,0,75AF64,3826,3,クラース,"{N4}
「それでも行くんだッ！！」{W}",,
31-00-38A6-00,31,0,75AF64,38A6,0,ライゼン,"ライゼン
「はっはっは！」{W}",,
31-00-38A6-01,31,0,75AF64,38A6,1,ライゼン,"ライゼン
「見たか！」{W}",,
31-00-38A6-02,31,0,75AF64,38A6,2,ライゼン,"ライゼン
「魔科学兵器の威力を！！」{W}",,
31-00-38A6-03,31,0,75AF64,38A6,3,技師,"技師
「ライゼン殿、まだ・・・、敵が残っ
　ています！」{W}",,
31-00-38A6-04,31,0,75AF64,38A6,4,ライゼン,"ライゼン
「よし、もう一発撃ち込め！！」{W}",,
31-00-3966-00,31,0,75AF64,3966,0,ライゼン,"ライゼン
「どっ、どうした！？」{W}",,
31-00-3966-01,31,0,75AF64,3966,1,技師,"技師
「だっ、ダメです！」{W}",,
31-00-3966-02,31,0,75AF64,3966,2,技師,"技師
「あまりにも強力なソーサルエナジー
　に・・・！」{W}",,
31-00-3966-03,31,0,75AF64,3966,3,技師,"技師
「へっ、兵器が耐えられなかったよう
　です！」{W}",,
31-00-3966-04,31,0,75AF64,3966,4,ライゼン,"ライゼン
「なっ、なんという事だ・・・！！」{W}",,
31-00-3A44-00,31,0,75AF64,3A44,0,衛兵,"衛兵
「{N1}殿！」{W}",,
31-00-3A5A-00,31,0,75AF64,3A5A,0,衛兵,"衛兵
「お疲れ様です」{W}",,
31-00-3A5A-01,31,0,75AF64,3A5A,1,衛兵,"衛兵
「他の隊の方々が、もう集まっていま
　す」{W}",,
31-00-3A5A-02,31,0,75AF64,3A5A,2,衛兵,"衛兵
「さあ、謁見の間へどうぞ」{W}",,
32-00-0000-00,32,0,76107C,0000,0,観客,"観客
「早く大会始まらないかしら？」{W}",,
32-00-0028-00,32,0,76107C,0028,0,女の子,"女の子
「お兄ちゃんは出場しないの？」{W}",,
32-00-0052-00,32,0,76107C,0052,0,観客,"観客
「ちくしょう！」{W}",,
32-00-0052-01,32,0,76107C,0052,1,観客,"観客
「体の調子さえよけりゃぁ、オレが出
　るのに！」{W}",,
32-00-00A4-00,32,0,76107C,00A4,0,おじいさん,"おじいさん
「あと十才若ければのぅ」{W}",,
32-00-00CC-00,32,0,76107C,00CC,0,女の人,"女の人
「マッチョな人って{SPD:10}ス・テ・キ{SPD:FF}」{W}",,
32-00-00FE-00,32,0,76107C,00FE,0,観客,"観客
「早く始まってくんないかなぁ」{W}",,
32-00-0126-00,32,0,76107C,0126,0,おばあさん,"おばあさん
「ほんに、これだけが楽しみなんじゃ
　よ」{W}",,
32-00-0126-01,32,0,76107C,0126,1,おばあさん,"おばあさん
「こりゃ！」{W}",,
32-00-0126-02,32,0,76107C,0126,2,おばあさん,"おばあさん
「早く始まらんかい！」{W}",,
32-00-019E-00,32,0,76107C,019E,0,観客,"観客
「この大会って飛び入りみたいなもの
　だから」{W}",,
32-00-019E-01,32,0,76107C,019E,1,観客,"観客
「いつ試合が始まるか、わかんないの
　よ」{W}",,
32-00-0208-00,32,0,76107C,0208,0,観客,"観客
「今日は大入りね」{W}",,
32-00-0224-00,32,0,76107C,0224,0,観客,"観客
「最近、八連勝する人って少ないよ」{W}",,
32-00-0224-01,32,0,76107C,0224,1,観客,"観客
「難易度高すぎるよな」{W}",,
32-00-026E-00,32,0,76107C,026E,0,観客,"観客
「茶でも飲むか？」{W}",,
32-00-028A-00,32,0,76107C,028A,0,観客,"観客
「そこどいてよ！」{W}",,
32-00-028A-01,32,0,76107C,028A,1,観客,"観客
「見えないよっ！」{W}",,
32-00-02C0-00,32,0,76107C,02C0,0,観客,"観客
「今日は、挑戦する人が少ないわね」{W}",,
32-00-02EC-00,32,0,76107C,02EC,0,観客,"観客
「ジュースちょうだい」{W}",,
32-00-02EC-01,32,0,76107C,02EC,1,観客,"観客
「あれっ、売店じゃないの？」{W}",,
32-00-0330-00,32,0,76107C,0330,0,観客,"観客
「この間、体が緑色で三又槍を持った
　人が戦っていたわ」{W}",,
32-00-0330-01,32,0,76107C,0330,1,観客,"観客
「あ～・・・、でもアレって人なのか
　な？」{W}",,
32-00-03A6-00,32,0,76107C,03A6,0,観客,"観客
「この間、手足や首を伸ばして攻撃す
　る人がいたわ」{W}",,
32-00-03A6-01,32,0,76107C,03A6,1,観客,"観客
「『ベラボー』って叫んでたの」{W}",,
32-00-040A-00,32,0,76107C,040A,0,観客,"観客
「挑戦者の中には、魔物の姿も見える
　わ」{W}",,
32-00-040A-01,32,0,76107C,040A,1,観客,"観客
「必ずしも、魔物全部がダオスに操ら
　れている訳ではないの」{W}",,
32-00-0482-00,32,0,76107C,0482,0,観客,"観客
「お前も大会に出てみたら？」{W}",,
32-00-04A8-00,32,0,76107C,04A8,0,観客,"観客
「柱で顔が見えない・・・」{W}",,
32-00-04CC-00,32,0,76107C,04CC,0,観客,"観客
「魔物と戦うと言っても・・・」{W}",,
32-00-04CC-01,32,0,76107C,04CC,1,観客,"観客
「命まで取ろうっていうわけじゃない
　みたいだよ」{W}",,
32-00-04CC-02,32,0,76107C,04CC,2,観客,"観客
「まだ死人が出てないからね」{W}",,
32-00-0552-00,32,0,76107C,0552,0,観客,"観客
「ここが一番の特等席なんだ」{W}",,
32-00-0578-00,32,0,76107C,0578,0,観客,"観客
「何が出るかな、何が出るかな」{W}",,
32-00-05A0-00,32,0,76107C,05A0,0,観客,"観客
「柱、じゃまっ！！」{W}",,
32-00-05BE-00,32,0,76107C,05BE,0,観客,"観客
「ここにいる人たちって、なつかしい
　顔が多いわね」{W}",,
32-00-05FC-00,32,0,76107C,05FC,0,おじいさん,"おじいさん
「しかし、どうやって城の人たちは魔
　物を扱っているんじゃ？」{W}",,
32-00-05FC-01,32,0,76107C,05FC,1,おじいさん,"おじいさん
「危なくないのかのぅ？」{W}",,
32-00-0670-00,32,0,76107C,0670,0,観客,"観客
「昨日の新聞におもしろい記事が載っ
　ていたわ」{W}",,
32-00-0670-01,32,0,76107C,0670,1,観客,"観客
「なんでも、モーリア坑道で魔界へ通
　じる洞窟が発見されたとか・・・」{W}",,
32-00-06F8-00,32,0,76107C,06F8,0,観客,"観客
「昨日の新聞におもしろい記事が載っ
　ていたわ」{W}",,
32-00-06F8-01,32,0,76107C,06F8,1,観客,"観客
「なんでも、古～い古文書によると・
　・・」{W}",,
32-00-06F8-02,32,0,76107C,06F8,2,観客,"観客
「モーリア坑道には現在発見されてい
　る坑道跡の他に・・・」{W}",,
32-00-06F8-03,32,0,76107C,06F8,3,観客,"観客
「ドワーフ族の住居跡があるっていう
　話よ」{W}",,
32-00-07DE-00,32,0,76107C,07DE,0,婦人,"婦人
「妻です」{W}",,
32-00-07F2-00,32,0,76107C,07F2,0,主人,"主人
「家族で見に来てます」{W}",,
32-00-0812-00,32,0,76107C,0812,0,おばあさん,"おばあさん
「ばあちゃんで～す」{W}",,
32-00-0836-00,32,0,76107C,0836,0,長女,"長女
「娘で～す」{W}",,
32-00-084C-00,32,0,76107C,084C,0,伯母,"伯母
「妻の姉です」{W}",,
32-00-0864-00,32,0,76107C,0864,0,叔父,"叔父
「夫の双子の弟です」{W}",,
32-00-0882-00,32,0,76107C,0882,0,おばあさん,"おばあさん
「妻の姉の母です」{W}",,
32-00-08A4-00,32,0,76107C,08A4,0,従妹,"従妹
「妻の姉の娘で～す」{W}",,
32-00-08C2-00,32,0,76107C,08C2,0,赤の他人,"赤の他人
「赤の他人で～す」{W}",,
32-00-08E2-00,32,0,76107C,08E2,0,観客,"観客
「いい天気ね」{W}",,
32-00-08E2-01,32,0,76107C,08E2,1,観客,"観客
「絶好の大会日和よね」{W}",,
32-00-0918-00,32,0,76107C,0918,0,観客,"観客
「大会見たさにこの血がたぎるっ！」{W}",,
32-00-0918-01,32,0,76107C,0918,1,観客,"観客
「応援しろよとこの手が叫ぶっ！！」{W}",,
32-00-0918-02,32,0,76107C,0918,2,観客,"観客
「うおおおおおおおおお！！！」{W}",,
32-00-0994-00,32,0,76107C,0994,0,おばあさん,"おばあさん
「隣の兄ちゃん、うるさいのぅ」{W}",,
32-00-09C2-00,32,0,76107C,09C2,0,司会者,"司会者
『挑戦者が現れました！！』{W}",,
32-00-09E8-00,32,0,76107C,09E8,0,司会者,"司会者
『挑戦者の名は{N1}！』{W}",,
32-00-09E8-01,32,0,76107C,09E8,1,司会者,"司会者
『出身地は・・・・・・、ええっと、
　・・・トーティス？』{W}",,
32-00-09E8-02,32,0,76107C,09E8,2,司会者,"司会者
『ずいぶん古い地名だな・・・』{W}",,
32-00-09E8-03,32,0,76107C,09E8,3,司会者,"司会者
『あっ、え～っと・・・、ミゲールの
　町です！』{W}",,
32-00-0AB0-00,32,0,76107C,0AB0,0,司会者,"司会者
『前回の戦いでは、すばらしい戦いぶ
　りを披露してくれました』{W}",,
32-00-0AB0-01,32,0,76107C,0AB0,1,司会者,"司会者
『今回はどんな戦いを見せてくれるの
　でしょうか！？』{W}",,
32-00-0B3A-00,32,0,76107C,0B3A,0,司会者,"司会者
『彼の流派はアルベイン流！』{W}",,
32-00-0B3A-01,32,0,76107C,0B3A,1,司会者,"司会者
『あのダオスを倒すために旅をしてい
　るという勇者です！！』{W}",,
32-00-0BA8-00,32,0,76107C,0BA8,0,アーチェ,"{N3}
「{N1}、がんばれー！」{W}",,
32-00-0BA8-01,32,0,76107C,0BA8,1,チェスター,"{N5}
「負けるんじゃねぇぞー！」{W}",,
32-00-0BEA-00,32,0,76107C,0BEA,0,司会者,"司会者
『では戦闘を開始します！』{W}",,
32-00-0BEA-01,32,0,76107C,0BEA,1,司会者,"司会者
『まず１匹目だぁ！！』{W}",,
32-00-0C30-00,32,0,76107C,0C30,0,司会者,"司会者
『あーっと、{N1}！』{W}",,
32-00-0C30-01,32,0,76107C,0C30,1,司会者,"司会者
『力尽きたー！！』{W}",,
32-00-0C6C-00,32,0,76107C,0C6C,0,クレス,"{N1}
「よし、次！！」{W}",,
32-00-0C86-00,32,0,76107C,0C86,0,クレス,"{N1}
「よっしゃあああぁぁぁ！！」{W}",,
32-00-0CAC-00,32,0,76107C,0CAC,0,クレス,"{N1}
「ＯＫ！」{W}",,
32-00-0CC0-00,32,0,76107C,0CC0,0,クレス,"{N1}
「十年早いんだよ！」{W}",,
32-00-0CDE-00,32,0,76107C,0CDE,0,クレス,"{N1}
「へへ、燃えたろ？」{W}",,
32-00-0CFC-00,32,0,76107C,0CFC,0,クレス,"{N1}
「また出直してきな！！」{W}",,
32-00-0D1E-00,32,0,76107C,0D1E,0,クレス,"{N1}
「お前はもう、死んでいる」{W}",,
32-00-0D42-00,32,0,76107C,0D42,0,クレス,"{N1}
「完璧だぜ！！」{W}",,
32-00-0D5C-00,32,0,76107C,0D5C,0,司会者,"司会者
『やりましたッ！！』{W}",,
32-00-0D5C-01,32,0,76107C,0D5C,1,司会者,"司会者
『ついに八連勝達成！！
　おめでとう、{N1}！！』{W}",,
32-00-0D5C-02,32,0,76107C,0D5C,2,司会者,"司会者
『ついに八連勝したわけだが・・・』{W}",,
32-00-0D5C-03,32,0,76107C,0D5C,3,司会者,"司会者
『最後にもう一匹、強い魔物がいる』{W}",,
32-00-0E0E-00,32,0,76107C,0E0E,0,司会者,"司会者
『挑戦するか！？』",,
32-00-0E2A-00,32,0,76107C,0E2A,0,司会者,"司会者
『本当にやめるのか！？』{W}",,
32-00-0E2A-01,32,0,76107C,0E2A,1,司会者,"司会者
『考え直すなら今の内だぞ！！』{W}",,
32-00-0E2A-02,32,0,76107C,0E2A,2,司会者,"司会者
『挑戦するか！？』",,
32-00-0E90-00,32,0,76107C,0E90,0,司会者,"司会者
『本当にいいのか！？』{W}",,
32-00-0E90-01,32,0,76107C,0E90,1,司会者,"司会者
『引き返すなら今の内だぞ！！』{W}",,
32-00-0E90-02,32,0,76107C,0E90,2,司会者,"司会者
『挑戦するか！？』",,
32-00-0EF4-00,32,0,76107C,0EF4,0,司会者,"司会者
『そうか、命は粗末にするものじゃな
　いからな』{W}",,
32-00-0EF4-01,32,0,76107C,0EF4,1,司会者,"司会者
『みなさん！』{W}",,
32-00-0EF4-02,32,0,76107C,0EF4,2,司会者,"司会者
『挑戦者に惜しみない拍手をッ！！』{W}",,
32-00-0F74-00,32,0,76107C,0F74,0,司会者,"司会者
『続いて{VAR:E13680}匹目！！』{W}",,
32-00-0F97-00,32,0,76107C,0F97,0,司会者,"司会者
『よーし、気に入った！！』{W}",,
32-00-0F97-01,32,0,76107C,0F97,1,司会者,"司会者
『その勇気をたたえ、体力を回復して
　やろう！！』{W}",,
32-00-0FF9-00,32,0,76107C,0FF9,0,アシスタント,"アシスタント
「エリクシールとパナシーアボトルで
　す」{W}",,
32-00-1035-00,32,0,76107C,1035,0,,{COL:3}{N1}は完全回復した！{COL:2}{W},,
32-00-1035-01,32,0,76107C,1035,1,司会者,"司会者
『では、いくぞっ！！』{W}",,
32-00-1035-02,32,0,76107C,1035,2,司会者,"司会者
『カモーン、ミュージック！！』{W}",,
32-00-109D-00,32,0,76107C,109D,0,司会者,"司会者
『やりましたッ！！』{W}",,
32-00-109D-01,32,0,76107C,109D,1,司会者,"司会者
『ついにやりましたッ！！』{W}",,
32-00-109D-02,32,0,76107C,109D,2,司会者,"司会者
『これでまたこの国の歴史に、一人の
　勇者の名が残る事になりました！』{W}",,
32-00-1131-00,32,0,76107C,1131,0,クレス,"{N1}
「おおげさだなぁ・・・」{W}",,
32-00-1153-00,32,0,76107C,1153,0,すず,"すず
「父上、母上・・・」{W}",,
32-00-1171-00,32,0,76107C,1171,0,,"{COL:2}{N1}は『{TITLE:18D}』の
称号を得ました。{W}",,
32-00-1171-01,32,0,76107C,1171,1,,{COL:0},,
32-00-119F-00,32,0,76107C,119F,0,？？？,"？？？
「待っていたぞ、{N1}！！」{W}",,
32-00-119F-01,32,0,76107C,119F,1,クレス,"{N1}
「だっ、誰だッ！？」{W}",,
32-00-11E1-00,32,0,76107C,11E1,0,？？？,"？？？
「ダオス様の命により、貴様を殺しに
　来た！！」{W}",,
32-00-11E1-01,32,0,76107C,11E1,1,クレス,"{N1}
「ダオスの手先！！」{W}",,
32-00-11E1-02,32,0,76107C,11E1,2,クレス,"{N1}
「いっ、いや・・・、ユークリッドで
　出没する忍者・・・」{W}",,
32-00-11E1-03,32,0,76107C,11E1,3,クレス,"{N1}
「まっ、まさか、忍者の里のすずの両
　親！？」{W}",,
32-00-11E1-04,32,0,76107C,11E1,4,すずの母・おきよ,"すずの母・おきよ
「覚悟はできたか！？」{W}",,
32-00-11E1-05,32,0,76107C,11E1,5,クレス,"{N1}
「まっ、待ってくれ！」{W}",,
32-00-11E1-06,32,0,76107C,11E1,6,クレス,"{N1}
「お前たちはダオスに操られているだ
　けだ！！」{W}",,
32-00-1331-00,32,0,76107C,1331,0,？？？,"？？？
「そ、その通りだ・・・」{W}",,
32-00-1331-01,32,0,76107C,1331,1,？？？,"？？？
「はっ、早く・・・、私たちを殺して
　くれ！！」{W}",,
32-00-138F-00,32,0,76107C,138F,0,クレス,"{N1}
（なっ、なんだ今のは！？）{W}",,
32-00-138F-01,32,0,76107C,138F,1,すずの父・銅蔵,"すずの父・銅蔵
「問答無用！！」{W}",,
32-00-13D5-00,32,0,76107C,13D5,0,ミント,"{N2}
「{N1}さん！！」{W}",,
32-00-13D5-01,32,0,76107C,13D5,1,アーチェ,"{N3}
「誰か早くここを開けてよ！！」{W}",,
32-00-13D5-02,32,0,76107C,13D5,2,チェスター,"{N5}
「{N1}、しっかりしろッ！」{W}",,
32-00-13D5-03,32,0,76107C,13D5,3,クラース,"{N4}
「{N1}！！」{W}",,
32-00-144B-00,32,0,76107C,144B,0,銅蔵,"銅蔵
「ふっふっふ、とどめだ」{W}",,
32-00-144B-01,32,0,76107C,144B,1,銅蔵,"銅蔵
「闇に滅せよ！！」{W}",,
32-00-1487-00,32,0,76107C,1487,0,おきよ,"おきよ
「貴様、何者！？」{W}",,
32-00-1487-01,32,0,76107C,1487,1,すず,"すず
「父上、母上、これ以上人をあやめる
　のはやめて下さい！」{W}",,
32-00-1487-02,32,0,76107C,1487,2,銅蔵,"銅蔵
「父上、母上・・・？」{W}",,
32-00-1487-03,32,0,76107C,1487,3,銅蔵,"銅蔵
「貴様など知らぬわッ！」{W}",,
32-00-1487-04,32,0,76107C,1487,4,銅蔵,"銅蔵
「我々の邪魔をするというのなら・・
　・・・・」{W}",,
32-00-1487-05,32,0,76107C,1487,5,銅蔵,"銅蔵
「斬るッ！！」{W}",,
32-00-1487-06,32,0,76107C,1487,6,すず,"すず
「・・・両親の罪は一族の罪」{W}",,
32-00-1487-07,32,0,76107C,1487,7,すず,"すず
「一族の罪は一族の手で断たなければ
　なりません！！」{W}",,
32-00-1487-08,32,0,76107C,1487,8,すず,"すず
「伊賀栗流忍法分身之術！！」{W}",,
32-00-15F9-00,32,0,76107C,15F9,0,銅蔵,"銅蔵
「なかなかやるな・・・」{W}",,
32-00-15F9-01,32,0,76107C,15F9,1,銅蔵,"銅蔵
「そこだッ！！」{W}",,
32-00-1633-00,32,0,76107C,1633,0,銅蔵,"銅蔵
「なにッ！？」{W}",,
32-00-164B-00,32,0,76107C,164B,0,銅蔵,"銅蔵
「す・・・、すず・・・」{W}",,
32-00-166D-00,32,0,76107C,166D,0,すず,"すず
「父上・・・、母上！！」{W}",,
32-00-168F-00,32,0,76107C,168F,0,すず,"すず
「父上、母上、ごめんなさい」{W}",,
32-00-168F-01,32,0,76107C,168F,1,すず,"すず
「ごめんなさい・・・」{W}",,
32-00-168F-02,32,0,76107C,168F,2,銅蔵,"銅蔵
「いいのだ、すず」{W}",,
32-00-168F-03,32,0,76107C,168F,3,銅蔵,"銅蔵
「よくぞ、よくぞ一族の掟を貫きとお
　した」{W}",,
32-00-168F-04,32,0,76107C,168F,4,銅蔵,"銅蔵
「こ、これで・・・、く・・・」{W}",,
32-00-168F-05,32,0,76107C,168F,5,すず,"すず
「父上、しっかり・・・」{W}",,
32-00-168F-06,32,0,76107C,168F,6,銅蔵,"銅蔵
「これで・・・、安心して、地獄に行
　けるな・・・」{W}",,
32-00-168F-07,32,0,76107C,168F,7,おきよ,"おきよ
「すず、ありがとう・・・」{W}",,
32-00-168F-08,32,0,76107C,168F,8,おきよ,"おきよ
「{N1}殿にも・・・」{W}",,
32-00-168F-09,32,0,76107C,168F,9,おきよ,"おきよ
「なんと・・・、お礼を述べてよいや
　ら・・・」{W}",,
32-00-181F-00,32,0,76107C,181F,0,すず,"すず
「{N1}さん、しっかり」{W}",,
32-00-183F-00,32,0,76107C,183F,0,クレス,"{N1}
「ああ・・・、だ、大丈夫だ・・・」{W}",,
32-00-183F-01,32,0,76107C,183F,1,クレス,"{N1}
「すずちゃん、すまない・・・」{W}",,
32-00-183F-02,32,0,76107C,183F,2,クレス,"{N1}
「ぼくにもっと力があれば、きっと・
　・・」{W}",,
32-00-183F-03,32,0,76107C,183F,3,すず,"すず
「謝ることはありません」{W}",,
32-00-183F-04,32,0,76107C,183F,4,すず,"すず
「これも忍者の掟」{W}",,
32-00-183F-05,32,0,76107C,183F,5,すず,"すず
「忍者は・・・、忍者は非情でなけれ
　ば務まりません」{W}",,
32-00-183F-06,32,0,76107C,183F,6,すず,"すず
「もう帰らなければ・・・」{W}",,
32-00-183F-07,32,0,76107C,183F,7,すず,"すず
「また忍者の里に来て下さい」{W}",,
32-00-183F-08,32,0,76107C,183F,8,すず,"すず
「改めてお礼もしたいし・・・」{W}",,
32-00-183F-09,32,0,76107C,183F,9,すず,"すず
「・・・では」{W}",,
32-00-19BF-00,32,0,76107C,19BF,0,クレス,"{N1}
「やっ、やったか・・・」{W}",,
32-00-19E1-00,32,0,76107C,19E1,0,クレス,"{N1}
「なにッ！？」{W}",,
32-00-19E1-01,32,0,76107C,19E1,1,銅蔵,"銅蔵
「甘いわッ！！！」{W}",,
32-00-1A13-00,32,0,76107C,1A13,0,おきよ,"おきよ
「我ら、忍者マスターは無敵！」{W}",,
32-00-1A13-01,32,0,76107C,1A13,1,銅蔵,"銅蔵
「貴様などに・・・、やられるはずが
　ない！！」{W}",,
32-00-1A13-02,32,0,76107C,1A13,2,クレス,"{N1}
「くッ・・・、ならば倒すまで戦うま
　でだ！」{W}",,
32-00-1A13-03,32,0,76107C,1A13,3,？？？,"？？？
「待って！！」{W}",,
32-00-1AC3-00,32,0,76107C,1AC3,0,クレス,"{N1}
「君は・・・・・・、忍者の里のすず
　ちゃん！？」{W}",,
32-00-1AFF-00,32,0,76107C,1AFF,0,？？？,"？？？
「す・・・、すず・・・」{W}",,
32-00-1B23-00,32,0,76107C,1B23,0,すず,"すず
「父上、母上、もう人をあやめるのは
　やめて下さい！！」{W}",,
32-00-1B65-00,32,0,76107C,1B65,0,？？？,"？？？
「す・・・、すず・・・」{W}",,
32-00-1B65-01,32,0,76107C,1B65,1,？？？,"？？？
「わ、私たちを殺るんだッ！！」{W}",,
32-00-1BB1-00,32,0,76107C,1BB1,0,銅蔵,"銅蔵
「だっ、黙れぃ！！」{W}",,
32-00-1BB1-01,32,0,76107C,1BB1,1,銅蔵,"銅蔵
「くそ・・・、完全に洗脳できていな
　かったか！」{W}",,
32-00-1BB1-02,32,0,76107C,1BB1,2,すず,"すず
「父上{SPD:10}・・・{SPD:FF}」{W}",,
32-00-1BB1-03,32,0,76107C,1BB1,3,すず,"すず
「私には{SPD:10}・・・{SPD:FF}、できません」{W}",,
32-00-1C53-00,32,0,76107C,1C53,0,？？？,"？？？
「うッ・・・」{W}",,
32-00-1C53-01,32,0,76107C,1C53,1,？？？,"？？？
「うおおおおおおぉぉぉ！！！」{W}",,
32-00-1C95-00,32,0,76107C,1C95,0,銅蔵,"銅蔵
「なっ・・・、か、体が・・・、いう
　ことをきかない・・・！」{W}",,
32-00-1C95-01,32,0,76107C,1C95,1,銅蔵,"銅蔵
「やっ、やめろおおぉぉぉ！！」{W}",,
32-00-1D03-00,32,0,76107C,1D03,0,すず,"すず
「父上、母上！！」{W}",,
32-00-1D03-01,32,0,76107C,1D03,1,クレス,"{N1}
「そっ、そんな・・・」{W}",,
32-00-1D03-02,32,0,76107C,1D03,2,銅蔵,"銅蔵
「こ・・・、こんなばかな・・・」{W}",,
32-00-1D65-00,32,0,76107C,1D65,0,すず,"すず
「父上ー、母上ー！！」{W}",,
32-00-1D65-01,32,0,76107C,1D65,1,すず,"すず
「こんな・・・、こんなことって・・
　・」{W}",,
32-00-1D65-02,32,0,76107C,1D65,2,銅蔵,"銅蔵
「わ・・・、我らの罪は我らの手で償
　わなければならぬ・・・」{W}",,
32-00-1D65-03,32,0,76107C,1D65,3,銅蔵,"銅蔵
「すずの・・・、手を汚す必要はない
　・・・」{W}",,
32-00-1D65-04,32,0,76107C,1D65,4,おきよ,"おきよ
「今まで親らしいことをしてやれなく
　て・・・、ごめんなさい」{W}",,
32-00-1D65-05,32,0,76107C,1D65,5,おきよ,"おきよ
「でも・・・、あなたの涙を見て・・
　・、安心したわ・・・」{W}",,
32-00-1D65-06,32,0,76107C,1D65,6,銅蔵,"銅蔵
「これで我らも・・・」{W}",,
32-00-1D65-07,32,0,76107C,1D65,7,銅蔵,"銅蔵
「心置きなく・・・、地獄に・・・、
　いける・・・・・・」{W}",,
32-00-1F21-00,32,0,76107C,1F21,0,クレス,"{N1}
「すずちゃん、なんて言ったらいいか
　・・・」{W}",,
32-00-1F21-01,32,0,76107C,1F21,1,クレス,"{N1}
「ぼくは取り返しのつかないことをし
　てしまった・・・」{W}",,
32-00-1F21-02,32,0,76107C,1F21,2,すず,"すず
「いえ、気にしないで下さい」{W}",,
32-00-1F21-03,32,0,76107C,1F21,3,すず,"すず
「{N1}さんが・・・、
　謝る必要はありません」{W}",,
32-00-1FF3-00,32,0,76107C,1FF3,0,すず,"すず
「これも忍者の掟」{W}",,
32-00-1FF3-01,32,0,76107C,1FF3,1,すず,"すず
「忍者は・・・、忍者は非情でなけれ
　ば務まりません」{W}",,
32-00-1FF3-02,32,0,76107C,1FF3,2,すず,"すず
「あなたは、私の両親を救ってくれた
　恩人なのです」{W}",,
32-00-1FF3-03,32,0,76107C,1FF3,3,すず,"すず
「もう帰らなければ・・・」{W}",,
32-00-1FF3-04,32,0,76107C,1FF3,4,すず,"すず
「また忍者の里に来て下さい」{W}",,
32-00-1FF3-05,32,0,76107C,1FF3,5,すず,"すず
「改めてお礼もしたいし・・・」{W}",,
32-00-1FF3-06,32,0,76107C,1FF3,6,すず,"すず
「・・・では」{W}",,
32-00-210B-00,32,0,76107C,210B,0,司会者,"司会者
『ハ・・・、ハプニングが起こりまし
　た！』{W}",,
32-00-210B-01,32,0,76107C,210B,1,司会者,"司会者
『大会運営委員会はこの挑戦は無効と
　いう決定を下しました！』{W}",,
32-00-210B-02,32,0,76107C,210B,2,司会者,"司会者
『どっ、どうか御了承下さい！』{W}",,
32-00-21B3-00,32,0,76107C,21B3,0,クラース,"{N4}
「なんだか・・・、とんでもない事に
　なったな」{W}",,
32-00-21B3-01,32,0,76107C,21B3,1,チェスター,"{N5}
「しょうがないって」{W}",,
32-00-21B3-02,32,0,76107C,21B3,2,チェスター,"{N5}
「{N1}は自分なりに・・・、
　やれることやったんだから」{W}",,
32-00-21B3-03,32,0,76107C,21B3,3,クレス,"{N1}
「ああ・・・」{W}",,
32-00-21B3-04,32,0,76107C,21B3,4,クレス,"{N1}
「だが、ぼくのせいですずちゃんの両
　親は・・・」{W}",,
32-00-21B3-05,32,0,76107C,21B3,5,ミント,"{N2}
「{N1}さん・・・」{W}",,
32-00-21B3-06,32,0,76107C,21B3,6,ミント,"{N2}
「そう自分を責めないで・・・」{W}",,
32-00-21B3-07,32,0,76107C,21B3,7,アーチェ,"{N3}
「じゃあ、もう一度忍者の里に行こう
　よ」{W}",,
32-00-21B3-08,32,0,76107C,21B3,8,アーチェ,"{N3}
「すずちゃんに謝りに」{W}",,
33-00-0000-00,33,0,764CF0,0000,0,,水鏡ユミルの森,,
33-00-0010-00,33,0,764CF0,0010,0,クレス,"{N1}
「急ごうッ！！」{W}",,
33-00-002A-00,33,0,764CF0,002A,0,,白樺の森,,
33-00-0034-00,33,0,764CF0,0034,0,クレス,"{N1}
「{N3}！」{W}",,
33-00-0034-01,33,0,764CF0,0034,1,クレス,"{N1}
「{N2}はどうしたんだ？」{W}",,
33-00-0034-02,33,0,764CF0,0034,2,アーチェ,"{N3}
「えッ？」{W}",,
33-00-0034-03,33,0,764CF0,0034,3,アーチェ,"{N3}
「いや・・・、その・・・」{W}",,
33-00-0034-04,33,0,764CF0,0034,4,クラース,"{N4}
「とにかく急ごうッ！」{W}",,
33-00-00BA-00,33,0,764CF0,00BA,0,アーチェ,"{N3}
「あっ、あたしは別な所を調べてみる
　から！」{W}",,
33-00-00F2-00,33,0,764CF0,00F2,0,衛兵,"衛兵
「最近は、人間の行き来も増えてきて
　ね」{W}",,
33-00-00F2-01,33,0,764CF0,00F2,1,衛兵,"衛兵
「アルヴァニスタ王も、ハーフエルフ
　以外の種族の・・・」{W}",,
33-00-00F2-02,33,0,764CF0,00F2,2,衛兵,"衛兵
「出入りは無許可で行えるようにした
　んだ」{W}",,
33-00-00F2-03,33,0,764CF0,00F2,3,衛兵,"衛兵
「ハーフエルフ以外はね」{W}",,
33-00-01BC-00,33,0,764CF0,01BC,0,衛兵,"衛兵
「あんたらは人間のようだな」{W}",,
33-00-01BC-01,33,0,764CF0,01BC,1,衛兵,"衛兵
「森のリザードマンと戦うなら、槍を
　使った方がいいぞ」{W}",,
33-00-0222-00,33,0,764CF0,0222,0,,{COL:3}アイテムがいっぱいでこれ以上持てません。{COL:2}{W},,
33-00-0256-00,33,0,764CF0,0256,0,,{COL:3}冬中夏草（とうちゅうかそう）を手に入れました。{COL:2}{W},,
33-00-0290-00,33,0,764CF0,0290,0,クラース,"{N4}
「んッ？」{W}",,
33-00-02A4-00,33,0,764CF0,02A4,0,ミント,"{N2}
「どうしたんですか？」{W}",,
33-00-02A4-01,33,0,764CF0,02A4,1,クラース,"{N4}
「今、ピンク色のものが木の影にいた
　ような・・・」{W}",,
33-00-02A4-02,33,0,764CF0,02A4,2,クレス,"{N1}
「気のせいじゃないですか？」{W}",,
33-00-02A4-03,33,0,764CF0,02A4,3,クラース,"{N4}
「ああ、そうかな？」{W}",,
33-00-0340-00,33,0,764CF0,0340,0,アーチェ,"{N3}
「この森から出るんだね？」{W}",,
33-00-0340-01,33,0,764CF0,0340,1,アーチェ,"{N3}
「あ～あ、退屈だった」{W}",,
33-00-0382-00,33,0,764CF0,0382,0,クラース,"{N4}
「まずったな・・・」{W}",,
33-00-0382-01,33,0,764CF0,0382,1,クラース,"{N4}
「オリジンがいる場所は、森の奥に間
　違いないんだが・・・」{W}",,
33-00-0382-02,33,0,764CF0,0382,2,クラース,"{N4}
「{N3}を・・・」{W}",,
33-00-0382-03,33,0,764CF0,0382,3,クラース,"{N4}
「森の中まで連れて行くわけにはいか
　ないしなぁ・・・」{W}",,
33-00-0382-04,33,0,764CF0,0382,4,クレス,"{N1}
「・・・かと言って、置いていくわけ
　にも・・・」{W}",,
33-00-0382-05,33,0,764CF0,0382,5,アーチェ,"{N3}
「いいよ、あたし待ってるから」{W}",,
33-00-0382-06,33,0,764CF0,0382,6,クラース,"{N4}
「今度こそ本当だろうな？」{W}",,
33-00-0382-07,33,0,764CF0,0382,7,アーチェ,"{N3}
「・・・たぶん」{W}",,
33-00-04D6-00,33,0,764CF0,04D6,0,クラース,"{N4}
「そうか、この先はハーフエルフは入
　れないんだ」{W}",,
33-00-04D6-01,33,0,764CF0,04D6,1,クラース,"{N4}
「しかし、{N3}を・・・」{W}",,
33-00-04D6-02,33,0,764CF0,04D6,2,クラース,"{N4}
「置いていくわけにはなぁ・・・？」{W}",,
33-00-04D6-03,33,0,764CF0,04D6,3,アーチェ,"{N3}
「いいよ、あたし待ってるから」{W}",,
33-00-04D6-04,33,0,764CF0,04D6,4,クラース,"{N4}
「そうか、すまんな」{W}",,
33-00-059E-00,33,0,764CF0,059E,0,衛兵,"衛兵
「なんだ、お前たちは？」{W}",,
33-00-059E-01,33,0,764CF0,059E,1,衛兵,"衛兵
「ここから先はエルフ族しか入れない
　地域だ」{W}",,
33-00-059E-02,33,0,764CF0,059E,2,衛兵,"衛兵
「早々に立ち去るがよい」{W}",,
33-00-0616-00,33,0,764CF0,0616,0,クレス,"{N1}
「許可はもらってあるよ」{W}",,
33-00-0616-01,33,0,764CF0,0616,1,クレス,"{N1}
「このエンブレムが証拠だ」{W}",,
33-00-0616-02,33,0,764CF0,0616,2,衛兵,"衛兵
「それは、アルヴァニスタ王国の紋章
　・・・、確かに」{W}",,
33-00-0616-03,33,0,764CF0,0616,3,衛兵,"衛兵
「通ってよし！」{W}",,
33-00-06B0-00,33,0,764CF0,06B0,0,クレス,"{N1}
「どうしてもダメ？」{W}",,
33-00-06CE-00,33,0,764CF0,06CE,0,衛兵,"衛兵
「ダメだッ！」{W}",,
33-00-06E6-00,33,0,764CF0,06E6,0,衛兵,"衛兵
「しつこい！！」{W}",,
33-00-0700-00,33,0,764CF0,0700,0,クレス,"{N1}
「{N2}たちを助けるぞ」{W}",,
33-00-0720-00,33,0,764CF0,0720,0,アーチェ,"{N3}
「あっ、あたしはあっちに行ってみる
　から！」{W}",,
33-00-0720-01,33,0,764CF0,0720,1,アーチェ,"{N3}
「{N2}はそっちね！」{W}",,
33-00-0720-02,33,0,764CF0,0720,2,ミント,"{N2}
「・・・どっ、どうしたの・・・？
　{N3}？」{W}",,
33-00-07A8-00,33,0,764CF0,07A8,0,ミント,"{N2}
「あっ、待って下さい！」{W}",,
33-00-07A8-01,33,0,764CF0,07A8,1,ミント,"{N2}
「ねぇ！！」{W}",,
33-00-07A8-02,33,0,764CF0,07A8,2,ミント,"{N2}
「行っちゃった・・・」{W}",,
33-00-07FC-00,33,0,764CF0,07FC,0,クレス,"{N1}
「一度この森から出る？」",,
33-00-081C-00,33,0,764CF0,081C,0,クレス,"{N1}
「{N3}は？」{W}",,
33-00-081C-01,33,0,764CF0,081C,1,ミント,"{N2}
「あっ、連れてこないと・・・」{W}",,
33-00-0858-00,33,0,764CF0,0858,0,ミント,"{N2}
「きゃ！」{W}",,
33-00-0858-01,33,0,764CF0,0858,1,ミント,"{N2}
「{SPD:10}・・・{SPD:FF}本当にいた{SPD:10}・・・{SPD:FF}」{W}",,
33-00-089E-00,33,0,764CF0,089E,0,ミント,"{N2}
「かみつかないかしら？」{W}",,
33-00-08C0-00,33,0,764CF0,08C0,0,ミント,"{N2}
「あの{SPD:10}・・・・・・{SPD:FF}」{W}",,
33-00-08E6-00,33,0,764CF0,08E6,0,ユニコーン,"ユニコーン
『あなたが来ることはわかっていまし
　た』{W}",,
33-00-08E6-01,33,0,764CF0,08E6,1,ユニコーン,"ユニコーン
『何か用ですか？』{W}",,
33-00-08E6-02,33,0,764CF0,08E6,2,ユニコーン,"ユニコーン
『かわいらしいお嬢さん』{W}",,
33-00-0966-00,33,0,764CF0,0966,0,ミント,"{N2}
「・・・よっ、よかった」{W}",,
33-00-0966-01,33,0,764CF0,0966,1,ミント,"{N2}
「話せるんですね・・・」{W}",,
33-00-09A8-00,33,0,764CF0,09A8,0,ミント,"{N2}
「私の話を聞いて下さい」{W}",,
33-00-09A8-01,33,0,764CF0,09A8,1,ミント,"{N2}
「この世界の・・・人々や、動物たち
　の・・・」{W}",,
33-00-09A8-02,33,0,764CF0,09A8,2,ミント,"{N2}
「命に・・・、関わる大切なことなん
　です・・・！」{W}",,
33-00-0A3E-00,33,0,764CF0,0A3E,0,ミント,"{N2}
「行ってきます」{W}",,
33-00-0A58-00,33,0,764CF0,0A58,0,クラース,"{N4}
「この森か？」{W}",,
33-00-0A58-01,33,0,764CF0,0A58,1,クラース,"{N4}
「角の生えた白馬がいる・・・、って
　いうのは？」{W}",,
33-00-0A58-02,33,0,764CF0,0A58,2,ミント,"{N2}
「たぶん{SPD:10}・・・{SPD:FF}」{W}",,
33-00-0ACA-00,33,0,764CF0,0ACA,0,クレス,"{N1}
「{N2}、どうしたの？」{W}",,
33-00-0ACA-01,33,0,764CF0,0ACA,1,クラース,"{N4}
「まぁ、{N2}になにか・・・
　考えがあるんだろうが・・・」{W}",,
33-00-0ACA-02,33,0,764CF0,0ACA,2,クレス,"{N1}
「女性しか、しかも清らかな乙女にし
　か会わないなんて・・・」{W}",,
33-00-0ACA-03,33,0,764CF0,0ACA,3,クレス,"{N1}
「・・・ヤな馬だな」{W}",,
33-00-0B8E-00,33,0,764CF0,0B8E,0,ミント,"{N2}
「ウマじゃないです」{W}",,
33-00-0B8E-01,33,0,764CF0,0B8E,1,ミント,"{N2}
「ユニコーンですよ」{W}",,
33-00-0B8E-02,33,0,764CF0,0B8E,2,クレス,"{N1}
「別にどっちだって・・・」{W}",,
33-00-0B8E-03,33,0,764CF0,0B8E,3,クレス,"{N1}
「とにかく、この森は安全そうだから
　・・・」{W}",,
33-00-0B8E-04,33,0,764CF0,0B8E,4,クレス,"{N1}
「{N3}と一緒に、様子を見に
　行っておいでよ」{W}",,
33-00-0C56-00,33,0,764CF0,0C56,0,アーチェ,"{N3}
「あっ、あたしも？」{W}",,
33-00-0C56-01,33,0,764CF0,0C56,1,アーチェ,"{N3}
「私はちょっと{SPD:10}・・・{SPD:FF}」{W}",,
33-00-0C9A-00,33,0,764CF0,0C9A,0,アーチェ,"{N3}
「わ、わかったわよぉ」{W}",,
33-00-0C9A-01,33,0,764CF0,0C9A,1,アーチェ,"{N3}
「{N2}、行こ」{W}",,
33-00-0CD0-00,33,0,764CF0,0CD0,0,クラース,"{N4}
「{SPD:10}・・・{SPD:FF}ひまだな」{W}",,
33-00-0CD0-01,33,0,764CF0,0CD0,1,クレス,"{N1}
「ええ」{W}",,
33-00-0CD0-02,33,0,764CF0,0CD0,2,クラース,"{N4}
「ニ人が戻ってきたら、オレたちも森
　の中を散歩してみようか」{W}",,
33-00-0CD0-03,33,0,764CF0,0CD0,3,クレス,"{N1}
「そうですね」{W}",,
33-00-0D60-00,33,0,764CF0,0D60,0,クラース,"{N4}
「ところで・・・」{W}",,
33-00-0D60-01,33,0,764CF0,0D60,1,クレス,"{N1}
「ところで？」{W}",,
33-00-0D60-02,33,0,764CF0,0D60,2,クラース,"{N4}
「{N1}は{N2}の事」{W}",,
33-00-0D60-03,33,0,764CF0,0D60,3,クラース,"{N4}
「・・・どう思っているんだ？」{W}",,
33-00-0DD2-00,33,0,764CF0,0DD2,0,クレス,"{N1}
「どうって・・・、別に・・・」{W}",,
33-00-0DFA-00,33,0,764CF0,0DFA,0,クラース,"{N4}
「いや、何でもない・・・」{W}",,
33-00-0E1E-00,33,0,764CF0,0E1E,0,クレス,"{N1}
「どうしたんですか？」{W}",,
33-00-0E1E-01,33,0,764CF0,0E1E,1,クラース,"{N4}
「森の中に、邪悪な気配が・・・！」{W}",,
33-00-0E68-00,33,0,764CF0,0E68,0,クレス,"{N1}
「えッ！？」{W}",,
33-00-0E7E-00,33,0,764CF0,0E7E,0,ミント,"{N2}
「・・・というわけなんです」{W}",,
33-00-0EA4-00,33,0,764CF0,0EA4,0,ミント,"{N2}
「・・・疑っているんですか？」{W}",,
33-00-0ECC-00,33,0,764CF0,0ECC,0,ミント,"{N2}
「私はこれ以上言えません」{W}",,
33-00-0ECC-01,33,0,764CF0,0ECC,1,ミント,"{N2}
「けど・・・、信じて下さい！」{W}",,
33-00-0F16-00,33,0,764CF0,0F16,0,ユニコーン,"ユニコーン
『危ないッ！！』{W}",,
33-00-0F16-01,33,0,764CF0,0F16,1,？？？,"？？？
「我ガ主人ノ名ハ、だおす」{W}",,
33-00-0F16-02,33,0,764CF0,0F16,2,？？？,"？？？
「命令ニヨリ、貴様ノ魂ヲモライ受ケ
　ニ来タ！」{W}",,
33-00-0F94-00,33,0,764CF0,0F94,0,クレス,"{N1}
「{N2}！！」{W}",,
33-00-0FAA-00,33,0,764CF0,0FAA,0,クレス,"{N1}
「{N2}、大丈夫か！？」{W}",,
33-00-0FAA-01,33,0,764CF0,0FAA,1,ミント,"{N2}
「私は大丈夫・・・」{W}",,
33-00-0FE6-00,33,0,764CF0,0FE6,0,アーチェ,"{N3}
「みんな大丈夫！？」{W}",,
33-00-0FE6-01,33,0,764CF0,0FE6,1,アーチェ,"{N3}
「一体何があったの？」{W}",,
33-00-1022-00,33,0,764CF0,1022,0,ミント,"{N2}
「しっかり・・・」{W}",,
33-00-103E-00,33,0,764CF0,103E,0,ユニコーン,"ユニコーン
『さっきの話、信じます・・・』{W}",,
33-00-103E-01,33,0,764CF0,103E,1,ミント,"{N2}
「えッ？」{W}",,
33-00-103E-02,33,0,764CF0,103E,2,ユニコーン,"ユニコーン
『お嬢さんの心の中には一点の曇りも
　ない・・・』{W}",,
33-00-103E-03,33,0,764CF0,103E,3,ユニコーン,"ユニコーン
『私は姿を変えて、お嬢さんの力にな
　りましょう・・・』{W}",,
33-00-1104-00,33,0,764CF0,1104,0,,ユニコーンホーンを手に入れました。{W},,
33-00-1104-01,33,0,764CF0,1104,1,クラース,"{N4}
「ユニコーンは法術の象徴・・・」{W}",,
33-00-1104-02,33,0,764CF0,1104,2,クラース,"{N4}
「それがあれば、ユグドラシルが復活
　できるな！」{W}",,
33-00-118C-00,33,0,764CF0,118C,0,ミント,"{N2}
「はい」{W}",,
33-00-118C-01,33,0,764CF0,118C,1,ミント,"{N2}
「ユニコーンホーンから、聖なる力を
　・・・」{W}",,
33-00-118C-02,33,0,764CF0,118C,2,ミント,"{N2}
「法術の、聖なる力を感じます」{W}",,
33-00-118C-03,33,0,764CF0,118C,3,クレス,"{N1}
「よし・・・、じゃあ精霊の森に行こ
　う！」{W}",,
33-00-118C-04,33,0,764CF0,118C,4,クレス,"{N1}
「ところで・・・」{W}",,
33-00-1248-00,33,0,764CF0,1248,0,クレス,"{N1}
「{N3}」{W}",,
33-00-1248-01,33,0,764CF0,1248,1,クレス,"{N1}
「なんであんな所にいたんだ？」{W}",,
33-00-1280-00,33,0,764CF0,1280,0,クレス,"{N1}
「{N3}」{W}",,
33-00-1280-01,33,0,764CF0,1280,1,クレス,"{N1}
「どこに行っていたんだ？」{W}",,
33-00-12B4-00,33,0,764CF0,12B4,0,アーチェ,"{N3}
「えっ、あ、あの・・・」{W}",,
33-00-12B4-01,33,0,764CF0,12B4,1,アーチェ,"{N3}
「あ、あたしじゃユニコーンに会えな
　いだろうなぁ・・・」{W}",,
33-00-12B4-02,33,0,764CF0,12B4,2,アーチェ,"{N3}
「なんて・・・？」{W}",,
33-00-12B4-03,33,0,764CF0,12B4,3,クレス,"{N1}
「はぁ？？」{W}",,
33-00-1346-00,33,0,764CF0,1346,0,アーチェ,"{N3}
「むっ、昔、彼氏がいて・・・」{W}",,
33-00-1346-01,33,0,764CF0,1346,1,アーチェ,"{N3}
「その・・・」{W}",,
33-00-1346-02,33,0,764CF0,1346,2,クレス,"{N1}
「？？？？」{W}",,
33-00-1398-00,33,0,764CF0,1398,0,アーチェ,"{N3}
「うっ、うるさいな！」{W}",,
33-00-1398-01,33,0,764CF0,1398,1,アーチェ,"{N3}
「とにかく、あたしじゃユニコーンに
　会えないってことなの！！」{W}",,
33-00-1398-02,33,0,764CF0,1398,2,アーチェ,"{N3}
「早く精霊の森に行こうよ！！」{W}",,
33-00-1426-00,33,0,764CF0,1426,0,すず,"{N6}
「忍者の里へ行きますか？」",,
33-00-1448-00,33,0,764CF0,1448,0,すず,"{N6}
「では、行きますよ」{W}",,
33-00-1466-00,33,0,764CF0,1466,0,すず,"{N6}
「そうですか・・・」{W}",,
33-00-1484-00,33,0,764CF0,1484,0,,"{COL:2}{SPD:1}{N2}は『{TITLE:1A2}』の
称号を得ました。{W}",,
33-00-1484-01,33,0,764CF0,1484,1,,{COL:0},,
34-00-0000-00,34,0,7681E4,0000,0,,ドワーフの神殿,,
34-00-0010-00,34,0,7681E4,0010,0,,モーリア坑道地下{VAR:E0A080}階,,
34-00-0029-00,34,0,7681E4,0029,0,クレス,"{N1}
「これは・・・、呪文書だ！」{W}",,
34-00-004F-00,34,0,7681E4,004F,0,,"{N3}は
{TITLE:CE}を覚えました。{W}",,
34-00-006D-00,34,0,7681E4,006D,0,クレス,"{N1}
「でも、ぼくが持っていてもしょうが
ないな」{W}",,
34-00-006D-01,34,0,7681E4,006D,1,クレス,"{N1}
「戻しておこう」{W}",,
34-00-00BB-00,34,0,7681E4,00BB,0,クレス,"{N1}
「これは・・・、呪文書だ！」{W}",,
34-00-00E1-00,34,0,7681E4,00E1,0,,"{N3}は
{TITLE:CB}を覚えました。{W}",,
34-00-00FF-00,34,0,7681E4,00FF,0,クレス,"{N1}
「でも、ぼくが持っていてもしょうが
　ないな」{W}",,
34-00-00FF-01,34,0,7681E4,00FF,1,クレス,"{N1}
「戻しておこう」{W}",,
34-00-014F-00,34,0,7681E4,014F,0,クレス,"{N1}
「これは・・・、奥義書だ！」{W}",,
34-00-0175-00,34,0,7681E4,0175,0,,"{COL:3}{N1}は
襲爪雷斬破を覚えました。{COL:2}",,
34-00-019F-00,34,0,7681E4,019F,0,冒険者,"冒険者
「引き返そうかなぁ・・・」{W}",,
34-00-019F-01,34,0,7681E4,019F,1,冒険者,"冒険者
「ニ度と戻って来れないような気がす
　る・・・」{W}",,
34-00-01FF-00,34,0,7681E4,01FF,0,冒険者,"冒険者
「切り立った崖の上に、家が見えるだ
　ろ？」{W}",,
34-00-01FF-01,34,0,7681E4,01FF,1,冒険者,"冒険者
「あれがドワーフ族の住居跡なんだっ
　てさ」{W}",,
34-00-026D-00,34,0,7681E4,026D,0,忍者,"忍者
「気に入ってもらえたかしら？」{W}",,
34-00-0295-00,34,0,7681E4,0295,0,忍者,"忍者
「わたしは修業中の忍者です」{W}",,
34-00-0295-01,34,0,7681E4,0295,1,忍者,"忍者
「ここでの修行で会得した忍術を、あ
　なたにも教えてあげましょうか？」",,
34-00-0307-00,34,0,7681E4,0307,0,忍者,"忍者
「ただし{NUM:2F}００００ガルドよ」{W}",,
34-00-0307-01,34,0,7681E4,0307,1,,{SPD:0}{COL:2}{NUM:72BF0}ガルド払いますか？{COL:0}{SPD:FFFF},,
34-00-0359-00,34,0,7681E4,0359,0,,"{COL:2}{N6}は
{TITLE:AF}を覚えました。{W}",,
34-00-0359-01,34,0,7681E4,0359,1,,"{COL:0}忍者
「ありがとう」{W}",,
34-00-0395-00,34,0,7681E4,0395,0,忍者,"忍者
「お金が足りないみたいね」{W}",,
34-00-03B9-00,34,0,7681E4,03B9,0,忍者,"忍者
「買ってよ」{W}",,
34-00-03CF-00,34,0,7681E4,03CF,0,忍者,"忍者
「お役に立てなくて残念だわ」{W}",,
34-00-03F5-00,34,0,7681E4,03F5,0,,"『全部押して下さい。』
と書かれている。{W}",,
34-00-0421-00,34,0,7681E4,0421,0,,『非常口』と書かれている。{W},,
34-00-043F-00,34,0,7681E4,043F,0,？？？,"？？？
『おい、お前っ！！』{W}",,
34-00-045F-00,34,0,7681E4,045F,0,？？？,"？？？
『お前の後ろだ』{W}",,
34-00-047B-00,34,0,7681E4,047B,0,クレス,"{N1}
「なっ、何だお前は！？」{W}",,
34-00-047B-01,34,0,7681E4,047B,1,？？？,"？？？
『オレはグレムリンレアーって言うん
　だよ』{W}",,
34-00-047B-02,34,0,7681E4,047B,2,グレムリンレアー,"グレムリンレアー
『お前たちこそなんだよ』{W}",,
34-00-047B-03,34,0,7681E4,047B,3,グレムリンレアー,"グレムリンレアー
『ここは、人間の来る所じゃないよ』{W}",,
34-00-047B-04,34,0,7681E4,047B,4,クラース,"{N4}
「お前、何者なんだ？」{W}",,
34-00-047B-05,34,0,7681E4,047B,5,グレムリンレアー,"グレムリンレアー
『オレは魔界の住人だ』{W}",,
34-00-047B-06,34,0,7681E4,047B,6,グレムリンレアー,"グレムリンレアー
『この瘴気を見ればわかるだろう？』{W}",,
34-00-047B-07,34,0,7681E4,047B,7,クレス,"{N1}
（{N4}さん・・・）{W}",,
34-00-047B-08,34,0,7681E4,047B,8,クレス,"{N1}
（こいつもしかして・・・）{W}",,
34-00-047B-09,34,0,7681E4,047B,9,クラース,"{N4}
（契約を結べば召喚獣として役に立つ
　かもしれないな）{W}",,
34-00-062D-00,34,0,7681E4,062D,0,グレムリンレアー,"グレムリンレアー
『なあ、なに内緒話してるんだ？』{W}",,
34-00-062D-01,34,0,7681E4,062D,1,クラース,"{N4}
「いやいや、なんでもない」{W}",,
34-00-062D-02,34,0,7681E4,062D,2,クラース,"{N4}
「それよりお前・・・、腹減ってない
　か？」{W}",,
34-00-062D-03,34,0,7681E4,062D,3,グレムリンレアー,"グレムリンレアー
『腹？』{W}",,
34-00-062D-04,34,0,7681E4,062D,4,グレムリンレアー,"グレムリンレアー
『なにかうまいものでも食わしてくれ
　るのか？』{W}",,
34-00-062D-05,34,0,7681E4,062D,5,クラース,"{N4}
「ああ」{W}",,
34-00-062D-06,34,0,7681E4,062D,6,クラース,"{N4}
「魔力っていうんだけど・・・」{W}",,
34-00-062D-07,34,0,7681E4,062D,7,クラース,"{N4}
「お前たちにとっては格別にうまいも
　のなんだよ」{W}",,
34-00-062D-08,34,0,7681E4,062D,8,クラース,"{N4}
「オレたちに力を貸してくれるのなら
　いくらでもやろう」{W}",,
34-00-062D-09,34,0,7681E4,062D,9,グレムリンレアー,"グレムリンレアー
『いいよいいよ、なんでもやってやる
　よ！』{W}",,
34-00-062D-10,34,0,7681E4,062D,10,グレムリンレアー,"グレムリンレアー
『早く食わしてくれ！』{W}",,
34-00-062D-11,34,0,7681E4,062D,11,クラース,"{N4}
「まあ慌てるな」{W}",,
34-00-062D-12,34,0,7681E4,062D,12,クラース,"{N4}
「まずは契約を結んでからだ」{W}",,
34-00-062D-13,34,0,7681E4,062D,13,クラース,"{N4}
「さあ、お前の好きな指輪を言ってく
　れ」{W}",,
34-00-062D-14,34,0,7681E4,062D,14,グレムリンレアー,"グレムリンレアー
『契約？』{W}",,
34-00-062D-15,34,0,7681E4,062D,15,グレムリンレアー,"グレムリンレアー
『なんか怪しいな・・・』{W}",,
34-00-062D-16,34,0,7681E4,062D,16,グレムリンレアー,"グレムリンレアー
『まっ、いっか』{W}",,
34-00-062D-17,34,0,7681E4,062D,17,グレムリンレアー,"グレムリンレアー
『えっと・・・、その青いのがいい』{W}",,
34-00-062D-18,34,0,7681E4,062D,18,クラース,"{N4}
「サファイヤだな」{W}",,
34-00-095F-00,34,0,7681E4,095F,0,クラース,"{N4}
「我、今、魔界の精に願い奉る」{W}",,
34-00-095F-01,34,0,7681E4,095F,1,クラース,"{N4}
「指輪の盟約のもと、我に精霊を従わ
　せたまえ」{W}",,
34-00-095F-02,34,0,7681E4,095F,2,クラース,"{N4}
「我が名は{N4}・・・」{W}",,
34-00-09DD-00,34,0,7681E4,09DD,0,,"{COL:3}{N4}はグレムリンレアーを
召喚できるようになりました。{COL:2}{W}",,
34-00-0A1F-00,34,0,7681E4,0A1F,0,クレス,"{N1}
「うまくいきましたね」{W}",,
34-00-0A1F-01,34,0,7681E4,0A1F,1,クラース,"{N4}
「ウソは、ついてないさ」{W}",,
34-00-0A5F-00,34,0,7681E4,0A5F,0,クレス,"{N1}
「この穴から変な声がしたような・・
　・」{W}",,
34-00-0A93-00,34,0,7681E4,0A93,0,クレス,"{N1}
「なっ、なんだ・・・」{W}",,
34-00-0A93-01,34,0,7681E4,0A93,1,クレス,"{N1}
「この生物は！？」{W}",,
34-00-0A93-02,34,0,7681E4,0A93,2,？？？,"？？？
『ここは魔界に通じる場所、お前たち
　人間の来る所ではない』{W}",,
34-00-0A93-03,34,0,7681E4,0A93,3,？？？,"？？？
『そうそうに立ち去られよ』{W}",,
34-00-0A93-04,34,0,7681E4,0A93,4,クラース,"{N4}
「かっ、顔に似合わず言ってる事は重
　いな・・・」{W}",,
34-00-0A93-05,34,0,7681E4,0A93,5,クラース,"{N4}
「お前は・・・、もしかして魔界の住
　人か？」{W}",,
34-00-0A93-06,34,0,7681E4,0A93,6,？？？,"？？？
『いかにも・・・』{W}",,
34-00-0A93-07,34,0,7681E4,0A93,7,？？？,"？？？
『私はカメレオンという者だ』{W}",,
34-00-0A93-08,34,0,7681E4,0A93,8,クラース,"{N4}
「我々の世界は今ダオスという者の脅
　威にさらされている」{W}",,
34-00-0A93-09,34,0,7681E4,0A93,9,クラース,"{N4}
「ぜひ、力を貸して頂けないだろうか
　・・・？」{W}",,
34-00-0A93-10,34,0,7681E4,0A93,10,カメレオン,"カメレオン
『代償さえ頂ければ構わぬが・・・』{W}",,
34-00-0A93-11,34,0,7681E4,0A93,11,カメレオン,"カメレオン
『しかし、我ら魔界の住人を召喚する
　呪文は遥か昔に封印されている』{W}",,
34-00-0A93-12,34,0,7681E4,0A93,12,カメレオン,"カメレオン
『このままでは・・・』{W}",,
34-00-0A93-13,34,0,7681E4,0A93,13,クラース,"{N4}
「契約の指輪がある」{W}",,
34-00-0A93-14,34,0,7681E4,0A93,14,クラース,"{N4}
「これを使って新たな契約を結べば、
　古の封印は解けるはずだ」{W}",,
34-00-0A93-15,34,0,7681E4,0A93,15,カメレオン,"カメレオン
『よかろう・・・、ではエメラルドの
　指輪を』{W}",,
34-00-0DA7-00,34,0,7681E4,0DA7,0,クラース,"{N4}
「我、今、魔界の精に願い奉る」{W}",,
34-00-0DA7-01,34,0,7681E4,0DA7,1,クラース,"{N4}
「指輪の盟約のもと、我に精霊を従わ
　せたまえ」{W}",,
34-00-0DA7-02,34,0,7681E4,0DA7,2,クラース,"{N4}
「我が名は{N4}・・・」{W}",,
34-00-0E25-00,34,0,7681E4,0E25,0,,"{COL:3}{N4}はカメレオンを
召喚できるようになりました。{COL:2}",,
34-00-0E5F-00,34,0,7681E4,0E5F,0,クレス,"{N1}
「ホ、ホーリィボトルが壊れてしまっ
　た・・・」{W}",,
34-00-0E5F-01,34,0,7681E4,0E5F,1,クレス,"{N1}
「どうなってるんだ？」{W}",,
34-00-0EB7-00,34,0,7681E4,0EB7,0,？？？,"？？？
『我が名はワイヴァーン、ここを守護
　する者なり・・・』{W}",,
34-00-0EB7-01,34,0,7681E4,0EB7,1,ワイヴァーン,"ワイヴァーン
『この先は、ドワーフの聖域・・・』{W}",,
34-00-0EB7-02,34,0,7681E4,0EB7,2,ワイヴァーン,"ワイヴァーン
『何人たりともここを通すわけにはい
　かぬ！！』{W}",,
34-00-0F6D-00,34,0,7681E4,0F6D,0,ワイヴァーン,"ワイヴァーン
『お、おのれ・・・』{W}",,
34-00-0F6D-01,34,0,7681E4,0F6D,1,ワイヴァーン,"ワイヴァーン
『愚かなりし人族どもに倒されるとは
　・・・』{W}",,
34-00-0FD1-00,34,0,7681E4,0FD1,0,クレス,"{N1}
「ん、これはなんだ？？」{W}",,
34-00-0FF3-00,34,0,7681E4,0FF3,0,クレス,"{N1}
「な・・・、なんだったんだ？？」{W}",,
34-00-101D-00,34,0,7681E4,101D,0,クレス,"{N1}
「なんだろ、これ？？」{W}",,
34-00-103D-00,34,0,7681E4,103D,0,クレス,"{N1}
「う、うわぁぁぁ・・・」{W}",,
35-00-0000-00,35,0,76BDBC,0000,0,アーチェ,"{N3}
「{N1}、行くよ～▽」{W}",,
35-00-001E-00,35,0,76BDBC,001E,0,アーチェ,"{N3}
「やったじゃん☆！」{W}",,
35-00-001E-01,35,0,76BDBC,001E,1,アーチェ,"{N3}
「{VAR:E15480}回目で成功だね▽」{W}",,
35-00-005D-00,35,0,76BDBC,005D,0,,{VAR:E15480}回目失敗{W},,
35-00-005D-01,35,0,76BDBC,005D,1,アーチェ,"{N3}
「だめだったね〃」{W}",,
35-00-0088-00,35,0,76BDBC,0088,0,アーチェ,"{N3}
「もう一回やる？」",,
35-00-00A2-00,35,0,76BDBC,00A2,0,クラース,"{N4}
「誰かがこのスイッチの上にのってい
　たら、扉が開くんだろう？」{W}",,
35-00-00A2-01,35,0,76BDBC,00A2,1,クラース,"{N4}
「私がここでのっててやるから、先に
　行ってはどうだ？」{W}",,
35-00-012C-00,35,0,76BDBC,012C,0,,{COL:3}誰にのっていてもらいますか？{W},,
35-00-012C-01,35,0,76BDBC,012C,1,,"　１．{N4}
　２．{N2}
　３．{N3}{COL:2}",,
35-00-0176-00,35,0,76BDBC,0176,0,クレス,"{N1}
「あっ！」{W}",,
35-00-018A-00,35,0,76BDBC,018A,0,,ダオスの城,,
35-00-0196-00,35,0,76BDBC,0196,0,,"『逆』
と書かれている。{W}",,
35-00-01B2-00,35,0,76BDBC,01B2,0,,"『上下右左下上』
と書かれている。{W}",,
35-00-01D8-00,35,0,76BDBC,01D8,0,クレス,"{N1}
「あっ、手鏡と鏡がお互いを映し出し
　て・・・」{W}",,
35-00-0212-00,35,0,76BDBC,0212,0,クレス,"{N1}
「手鏡が光ってる・・・」{W}",,
35-00-0212-01,35,0,76BDBC,0212,1,クレス,"{N1}
「鏡の中から敵が！！」{W}",,
35-00-0252-00,35,0,76BDBC,0252,0,クレス,"{N1}
「あっ、手鏡と鏡がお互いを映し出し
　て・・・」{W}",,
35-00-028C-00,35,0,76BDBC,028C,0,クレス,"{N1}
「あっ、手鏡と鏡がお互いを映し出し
　て・・・」{W}",,
35-00-02C6-00,35,0,76BDBC,02C6,0,クレス,"{N1}
「もう一回やってみよう」{W}",,
35-00-02E8-00,35,0,76BDBC,02E8,0,クレス,"{N1}
「これは、モーリア坑道の石盤と同じ
　文字？」{W}",,
35-00-02E8-01,35,0,76BDBC,02E8,1,クレス,"{N1}
「・・・{N3}読める？」{W}",,
35-00-033E-00,35,0,76BDBC,033E,0,アーチェ,"{N3}
「左右対称のスイッチを、下の方から
　同時に押せ、だってさ」{W}",,
35-00-033E-01,35,0,76BDBC,033E,1,クレス,"{N1}
「えッ？」{W}",,
35-00-0396-00,35,0,76BDBC,0396,0,アーチェ,"{N3}
「ねえ{N1}！」{W}",,
35-00-0396-01,35,0,76BDBC,0396,1,アーチェ,"{N3}
「あたしと一緒にやろ」{W}",,
35-00-03CC-00,35,0,76BDBC,03CC,0,クレス,"{N1}
「黄金のカギを使おう」{W}",,
35-00-03EC-00,35,0,76BDBC,03EC,0,クレス,"{N1}
「カギがかかってる・・・」{W}",,
35-00-0410-00,35,0,76BDBC,0410,0,ミント,"{N2}
「これは・・・、四方八門封印術の紋
　章ですね」{W}",,
35-00-0410-01,35,0,76BDBC,0410,1,クレス,"{N1}
「？」{W}",,
35-00-0410-02,35,0,76BDBC,0410,2,ミント,"{N2}
「これは、四人が四つの方角に向いて
　・・・」{W}",,
35-00-0410-03,35,0,76BDBC,0410,3,ミント,"{N2}
「念じることをカギとした封印のこと
　です」{W}",,
35-00-04C2-00,35,0,76BDBC,04C2,0,クラース,"{N4}
「この扉には四方八門封印術の紋章が
　刻まれている」{W}",,
35-00-04C2-01,35,0,76BDBC,04C2,1,クラース,"{N4}
「四人が四つの方角に向いて、念じる
　ことをカギとした封印のことだ」{W}",,
35-00-054C-00,35,0,76BDBC,054C,0,クレス,"{N1}
「開いたぞッ！！」{W}",,
35-00-0568-00,35,0,76BDBC,0568,0,クラース,"{N4}
「四方八門封印術の紋章が！！」{W}",,
35-00-0568-01,35,0,76BDBC,0568,1,クレス,"{N1}
「？」{W}",,
35-00-0568-02,35,0,76BDBC,0568,2,クラース,"{N4}
「これは、四人が四つの方角に向いて
　・・・」{W}",,
35-00-0568-03,35,0,76BDBC,0568,3,クラース,"{N4}
「念じることをカギとした封印のこと
　だ」{W}",,
35-00-0606-00,35,0,76BDBC,0606,0,,"『合わせ鏡で道は開かれん』
と書かれている。{W}",,
35-00-0636-00,35,0,76BDBC,0636,0,,ミスティシンボルを手に入れました。{W},,
35-00-065C-00,35,0,76BDBC,065C,0,,ハルバードを手に入れました。{W},,
35-00-067C-00,35,0,76BDBC,067C,0,,メックハルバードを手に入れました。{W},,
35-00-06A2-00,35,0,76BDBC,06A2,0,,？ＳＷＯＲＤを手に入れました。{W},,
35-00-06C4-00,35,0,76BDBC,06C4,0,クレス,"{N1}
「この花瓶の花、薬草だ」{W}",,
35-00-06C4-01,35,0,76BDBC,06C4,1,,セージとセボリーを手に入れました。{W},,
35-00-070A-00,35,0,76BDBC,070A,0,,メックハルバートを手に入れました。{W},,
35-00-0730-00,35,0,76BDBC,0730,0,,ハルバートを手に入れました。{W},,
35-00-0750-00,35,0,76BDBC,0750,0,,"{COL:3}隠しスイッチがあります。
押しますか？{COL:2}",,
35-00-0780-00,35,0,76BDBC,0780,0,,"{COL:3}隠しスイッチがあります。
押しますか？{COL:2}",,
35-00-07B0-00,35,0,76BDBC,07B0,0,クレス,"{N1}
「あれッ？」{W}",,
35-00-07B0-01,35,0,76BDBC,07B0,1,クレス,"{N1}
「一人足りないような・・・」{W}",,
35-00-07EA-00,35,0,76BDBC,07EA,0,クレス,"{N1}
「この下って確か・・・」{W}",,
35-00-07EA-01,35,0,76BDBC,07EA,1,ミント,"{N2}
「そうですよ！」{W}",,
35-00-07EA-02,35,0,76BDBC,07EA,2,ミント,"{N2}
「{N3}さんなら・・・」{W}",,
35-00-07EA-03,35,0,76BDBC,07EA,3,クレス,"{N1}
「{N3}、{N3}」{W}",,
35-00-07EA-04,35,0,76BDBC,07EA,4,アーチェ,"{N3}
「上から呼ぶの、だ～れ？」{W}",,
35-00-07EA-05,35,0,76BDBC,07EA,5,クレス,"{N1}
「ホウキで昇ってこいよ！！」{W}",,
35-00-089E-00,35,0,76BDBC,089E,0,クレス,"{N1}
「でっかい穴だなぁ」{W}",,
35-00-089E-01,35,0,76BDBC,089E,1,クレス,"{N1}
「下の階からの吹きぬけになってるみ
　たいだ」{W}",,
35-00-08F2-00,35,0,76BDBC,08F2,0,？？？,"？？？
『タダでこの宝をやるわけにはいかな
　いなぁ』{W}",,
35-00-08F2-01,35,0,76BDBC,08F2,1,？？？,"？？？
『貴様の魂と引き換えだッ！！』{W}",,
35-00-0954-00,35,0,76BDBC,0954,0,クレス,"{N1}
「ダオス、ついに見つけたぞ！」{W}",,
35-00-0954-01,35,0,76BDBC,0954,1,クレス,"{N1}
「覚悟しろッ！！」{W}",,
35-00-0954-02,35,0,76BDBC,0954,2,クレス,"{N1}
「ここで・・・、すべての決着をつけ
　てやる！！」{W}",,
35-00-0954-03,35,0,76BDBC,0954,3,ダオス,"ダオス
「{SPD:10}・・・・・・・・・{SPD:100}」{W}",,
35-00-0954-04,35,0,76BDBC,0954,4,クレス,"{N1}
「どうした・・・」{W}",,
35-00-0954-05,35,0,76BDBC,0954,5,クレス,"{N1}
「怖じ気づいたか！？」{W}",,
35-00-0954-06,35,0,76BDBC,0954,6,ダオス,"ダオス
「私には・・・、お前たちと戦う理由
　がない」{W}",,
35-00-0954-07,35,0,76BDBC,0954,7,ダオス,"ダオス
「なぜ私に剣を向ける？」{W}",,
35-00-0954-08,35,0,76BDBC,0954,8,クレス,"{N1}
「お前にはなくてもぼくたちにはある
　んだ！」{W}",,
35-00-0AC0-00,35,0,76BDBC,0AC0,0,ダオス,"ダオス
「笑止ッ！」{W}",,
35-00-0AC0-01,35,0,76BDBC,0AC0,1,ダオス,"ダオス
「所詮、お前たちもミッドガルズの手
　先というわけか」{W}",,
35-00-0AC0-02,35,0,76BDBC,0AC0,2,ダオス,"ダオス
「降りかかる火の粉は振り払わねばな
　るまい」{W}",,
35-00-0AC0-03,35,0,76BDBC,0AC0,3,クレス,"{N1}
「ダオス、覚悟ッ！！」{W}",,
35-00-0B6E-00,35,0,76BDBC,0B6E,0,クレス,"{N1}
「逃げられた{SPD:10}・・・{SPD:FF}」{W}",,
35-00-0B6E-01,35,0,76BDBC,0B6E,1,クレス,"{N1}
「ちくしょうッ！！」{W}",,
35-00-0B6E-02,35,0,76BDBC,0B6E,2,ミント,"{N2}
「{N1}さん・・・」{W}",,
35-00-0B6E-03,35,0,76BDBC,0B6E,3,ミント,"{N2}
「どうすればいいの？」{W}",,
35-00-0BE8-00,35,0,76BDBC,0BE8,0,クラース,"{N4}
「{SPD:10}・・・{SPD:FF}いつまでもここにいても仕方
　がない」{W}",,
35-00-0BE8-01,35,0,76BDBC,0BE8,1,クラース,"{N4}
「・・・戻ろう」{W}",,
35-00-0C40-00,35,0,76BDBC,0C40,0,？？？,"？？？
『ダオス様には、
　指一本触れさせん！！！』{W}",,
35-00-0C78-00,35,0,76BDBC,0C78,0,アーチェ,"{N3}
「あん、なにやってるのよ～」{W}",,
35-00-0C78-01,35,0,76BDBC,0C78,1,アーチェ,"{N3}
「同時にボタン押さなきゃダメだよ」{W}",,
35-00-0CC8-00,35,0,76BDBC,0CC8,0,アーチェ,"{N3}
「誰かと替わるの？」{W}",,
35-00-0CE6-00,35,0,76BDBC,0CE6,0,,"１．{EXB:E14180}
２．{EXB:E14280}
３．誰もスイッチにのせない。",,
35-00-0D1A-00,35,0,76BDBC,0D1A,0,ミント,"{N2}
「誰かと替わりますか？」{W}",,
35-00-0D3C-00,35,0,76BDBC,0D3C,0,クラース,"{N4}
「誰かと替わるのか？」{W}",,
35-00-0D5C-00,35,0,76BDBC,0D5C,0,クレス,"{N1}
「これは・・・、呪文書だ！」{W}",,
35-00-0D82-00,35,0,76BDBC,0D82,0,,"{N3}は
{TITLE:B9}を覚えました。{W}",,
35-00-0DA0-00,35,0,76BDBC,0DA0,0,クレス,"{N1}
「でも、ぼくが持っていてもしょうが
　ないな」{W}",,
35-00-0DA0-01,35,0,76BDBC,0DA0,1,クレス,"{N1}
「戻しておこう」{W}",,
35-00-0DF0-00,35,0,76BDBC,0DF0,0,クレス,"{N1}
「これは・・・、呪文書だ！」{W}",,
35-00-0E16-00,35,0,76BDBC,0E16,0,,"{N3}は
{TITLE:C6}を覚えました。",,
35-00-0E32-00,35,0,76BDBC,0E32,0,クレス,"{N1}
「でも、ぼくが持っていてもしょうが
　ないな」{W}",,
35-00-0E32-01,35,0,76BDBC,0E32,1,クレス,"{N1}
「戻しておこう」{W}",,
35-00-0E82-00,35,0,76BDBC,0E82,0,,"　　　歴史に名を残す大戦
　
　　　～ヴァルハラ戦役～{W}",,
35-00-0E82-01,35,0,76BDBC,0E82,1,,"　本来重要な立場にいたはずの人物
　
　　エドワード・Ｄ・モリスン{W}",,
35-00-0F00-00,35,0,76BDBC,0F00,0,,{COL:2}同時にスイッチを踏むと{N1}が喜びます。もじゃもじゃが出たら失敗です。{C:F},,
35-00-0F4C-00,35,0,76BDBC,0F4C,0,,{COL:2}１つ目のスイッチは{N3}が普通に歩くのでタイミングを見はからって、スイッチを押しましょう。{C:F},,
35-00-0FAC-00,35,0,76BDBC,0FAC,0,,{COL:2}２つ目のスイッチは１つ目のスイッチを押してからすぐに上に歩けばＯＫです。{C:F},,
35-00-0FFC-00,35,0,76BDBC,0FFC,0,,{COL:2}３つ目と４つ目のスイッチは{N3}のフェイントに気をつけましょう。{C:F},,
35-00-1042-00,35,0,76BDBC,1042,0,,{COL:2}{N3}の動きをよく見て、覚えましょう。{C:F},,
35-00-106E-00,35,0,76BDBC,106E,0,,{COL:2}{N3}がスイッチを踏んだのを確認してから{N1}もスイッチを踏むと良いでしょう。{C:F},,
35-00-10C0-00,35,0,76BDBC,10C0,0,クラース,"{N4}
「もう、見ちゃおれん！」{W}",,
35-00-10C0-01,35,0,76BDBC,10C0,1,クラース,"{N4}
「もういい、私達がやる！！」{W}",,
35-00-10C0-02,35,0,76BDBC,10C0,2,クラース,"{N4}
「行くぞ、{N2}！」{W}",,
35-00-10C0-03,35,0,76BDBC,10C0,3,ミント,"{N2}
「はい！」{W}",,
35-00-1132-00,35,0,76BDBC,1132,0,クラース,"{N4}
「さあ、行くぞ」{W}",,
35-00-1132-01,35,0,76BDBC,1132,1,クレス,"{N1}
「・・・・・・Ω」{W}",,
35-00-1132-02,35,0,76BDBC,1132,2,アーチェ,"{N3}
「あたしたち、だめだめじゃん」{W}",,
35-00-1132-03,35,0,76BDBC,1132,3,クレス,"{N1}
（{N3}〃）{W}",,
36-00-0000-00,36,0,770AC4,0000,0,見張り,"見張り
「すまぬが、ここから先はまだ調査中
　なのだ」{W}",,
36-00-0000-01,36,0,770AC4,0000,1,見張り,"見張り
「早々に立ち去られよ」{W}",,
36-00-005A-00,36,0,770AC4,005A,0,ミント,"{N2}
「{N1}さん！」{W}",,
36-00-005A-01,36,0,770AC4,005A,1,ミント,"{N2}
「無事ですか！？」{W}",,
36-00-005A-02,36,0,770AC4,005A,2,クレス,"{N1}
「ああ、ぼくなら大丈夫」{W}",,
36-00-005A-03,36,0,770AC4,005A,3,クレス,"{N1}
「さあ、行こう」{W}",,
36-00-00C4-00,36,0,770AC4,00C4,0,アーチェ,"{N3}
「もう、一時はどうなるかと思っちゃ
　った」{W}",,
36-00-00FA-00,36,0,770AC4,00FA,0,チェスター,"{N5}
「{N1}」{W}",,
36-00-00FA-01,36,0,770AC4,00FA,1,チェスター,"{N5}
「・・・無事だったか」{W}",,
36-00-012A-00,36,0,770AC4,012A,0,クラース,"{N4}
「{N1}」{W}",,
36-00-012A-01,36,0,770AC4,012A,1,クラース,"{N4}
「どうやら・・・」{W}",,
36-00-012A-02,36,0,770AC4,012A,2,クラース,"{N4}
「あの魔法陣は特殊なアイテムが無い
　と通れないらしいな」{W}",,
36-00-0198-00,36,0,770AC4,0198,0,すず,"{N6}
「ご無事でしたか？」{W}",,
36-00-01B6-00,36,0,770AC4,01B6,0,見張り,"見張り
「調査隊から話は聞いています」{W}",,
36-00-01B6-01,36,0,770AC4,01B6,1,見張り,"見張り
「どうぞお通り下さい」{W}",,
36-00-0200-00,36,0,770AC4,0200,0,クレス,"{N1}
「これは・・・、呪文書だ！」{W}",,
36-00-0226-00,36,0,770AC4,0226,0,,"{N3}は
{TITLE:CD}を覚えました。{W}",,
36-00-0244-00,36,0,770AC4,0244,0,クレス,"{N1}
「でも、ぼくが持っていてもしょうが
　ないな」{W}",,
36-00-0244-01,36,0,770AC4,0244,1,クレス,"{N1}
「戻しておこう」{W}",,
36-00-0294-00,36,0,770AC4,0294,0,,剣で扉をこじ開けました。{W},,
36-00-02B0-00,36,0,770AC4,02B0,0,クレス,"{N1}
「素手じゃ無理か・・・」{W}",,
36-00-02D2-00,36,0,770AC4,02D2,0,,{COL:3}レバーがあります。倒しますか？{COL:2},,
36-00-02FA-00,36,0,770AC4,02FA,0,クレス,"{N1}
「固く閉ざされている」{W}",,
36-00-031A-00,36,0,770AC4,031A,0,クラース,"{N4}
「これは・・・、五方十門封印術の紋
　章だな」{W}",,
36-00-031A-01,36,0,770AC4,031A,1,クラース,"{N4}
「前回とは違って今度は五人いないと
　ダメだぞ」{W}",,
36-00-038A-00,36,0,770AC4,038A,0,クレス,"{N1}
「ここは全員集まってからの方がいい
　な」{W}",,
36-00-03BE-00,36,0,770AC4,03BE,0,クレス,"{N1}
「みんなを助けなくては・・・」{W}",,
36-00-03E6-00,36,0,770AC4,03E6,0,クレス,"{N1}
「みんなを助けなくては・・・」{W}",,
36-00-040E-00,36,0,770AC4,040E,0,クレス,"{N1}
「固く閉ざされている」{W}",,
36-00-042E-00,36,0,770AC4,042E,0,,{COL:3}レバーがあります。倒しますか？{COL:2},,
36-00-0456-00,36,0,770AC4,0456,0,,"『この階に隠し通路有り』
と書かれている。{W}",,
36-00-0484-00,36,0,770AC4,0484,0,クレス,"{N1}
「ここらしいですね」{W}",,
36-00-0484-01,36,0,770AC4,0484,1,クレス,"{N1}
「でも城なんてどこにも・・・」{W}",,
36-00-0484-02,36,0,770AC4,0484,2,クラース,"{N4}
「ああ」{W}",,
36-00-0484-03,36,0,770AC4,0484,3,クラース,"{N4}
「だが、ルーングロムさんの話から察
　するに・・・」{W}",,
36-00-0484-04,36,0,770AC4,0484,4,クラース,"{N4}
「やはり、時の狭間に城を隠して・・
　・」{W}",,
36-00-0484-05,36,0,770AC4,0484,5,クラース,"{N4}
「この世界からは見えないようにした
　んじゃないか？」{W}",,
36-00-0484-06,36,0,770AC4,0484,6,クラース,"{N4}
「そして奴の操る魔物が出入りする時
　のみ、姿を現す・・・」{W}",,
36-00-0484-07,36,0,770AC4,0484,7,ミント,"{N2}
「と、すると・・・」{W}",,
36-00-0484-08,36,0,770AC4,0484,8,ミント,"{N2}
「時の剣を使って・・・？」{W}",,
36-00-0484-09,36,0,770AC4,0484,9,クラース,"{N4}
「そうだ」{W}",,
36-00-0484-10,36,0,770AC4,0484,10,クラース,"{N4}
「時を操る剣だから・・・」{W}",,
36-00-0484-11,36,0,770AC4,0484,11,クラース,"{N4}
「ダオスの城を見えるようにできると
　いうわけだ」{W}",,
36-00-0484-12,36,0,770AC4,0484,12,クレス,"{N1}
「よし、やってみよう！」{W}",,
36-00-0694-00,36,0,770AC4,0694,0,クレス,"{N1}
「時の剣よ！」{W}",,
36-00-0694-01,36,0,770AC4,0694,1,クレス,"{N1}
「ダオスの城を時の狭間から引き出し
　てくれ！！」{W}",,
36-00-06E6-00,36,0,770AC4,06E6,0,クラース,"{N4}
「よし、推測通りだ！」{W}",,
36-00-06E6-01,36,0,770AC4,06E6,1,クラース,"{N4}
「こんなにうまくいくとは思わなかっ
　たな」{W}",,
36-00-06E6-02,36,0,770AC4,06E6,2,クレス,"{N1}
「ところで、どうやってあそこまで行
　くんだ？」{W}",,
36-00-06E6-03,36,0,770AC4,06E6,3,クラース,"{N4}
「あ・・・」{W}",,
36-00-0786-00,36,0,770AC4,0786,0,クラース,"{N4}
「風が強すぎてレアバードじゃ無理だ
　な・・・」{W}",,
36-00-0786-01,36,0,770AC4,0786,1,クレス,"{N1}
「あれ・・・？」{W}",,
36-00-0786-02,36,0,770AC4,0786,2,クレス,"{N1}
「時の剣が白く輝いて・・・」{W}",,
36-00-07FC-00,36,0,770AC4,07FC,0,？？？,"？？？
『はっはっはっは！』{W}",,
36-00-07FC-01,36,0,770AC4,07FC,1,？？？,"？？？
『我ら四兄弟を倒さないと、先に進め
　ないぞ！！』{W}",,
36-00-0858-00,36,0,770AC4,0858,0,？？？,"？？？
『ふっふっふっふ！』{W}",,
36-00-0858-01,36,0,770AC4,0858,1,？？？,"？？？
『我ら四兄弟を倒さぬ限りは、先に進
　めぬぞ！！』{W}",,
36-00-08B4-00,36,0,770AC4,08B4,0,？？？,"？？？
『ほっほっほっほ！』{W}",,
36-00-08B4-01,36,0,770AC4,08B4,1,？？？,"？？？
『私たち四兄弟を倒さないと、先には
　進めませんわよ！！』{W}",,
36-00-0918-00,36,0,770AC4,0918,0,？？？,"？？？
『ひっひっひっひ！』{W}",,
36-00-0918-01,36,0,770AC4,0918,1,？？？,"？？？
『我ら四兄弟を倒さねぇと、先に進め
　ねぇぞ！！』{W}",,
36-00-0974-00,36,0,770AC4,0974,0,クレス,"{N1}
「よかった」{W}",,
36-00-0974-01,36,0,770AC4,0974,1,クレス,"{N1}
「無事だったか」{W}",,
36-00-09A2-00,36,0,770AC4,09A2,0,？？？,"？？？
『ギヒヒヒヒヒ』{W}",,
36-00-09A2-01,36,0,770AC4,09A2,1,？？？,"？？？
『よくここまでこれたものだな』{W}",,
36-00-09A2-02,36,0,770AC4,09A2,2,？？？,"？？？
『だが、貴様らの命もここまでなんだ
　よ！！』{W}",,
36-00-0A1E-00,36,0,770AC4,0A1E,0,？？？,"？？？
『来たか、下等な生物たちよたちよた
　ちよ』{W}",,
36-00-0A56-00,36,0,770AC4,0A56,0,？？？,"？？？
『お前たちにはにはには・・・』{W}",,
36-00-0A56-01,36,0,770AC4,0A56,1,？？？,"？？？
『この世で最も美しい光景景景』{W}",,
36-00-0A56-02,36,0,770AC4,0A56,2,？？？,"？？？
『血みどろの死を与えようようよう』{W}",,
36-00-0AD4-00,36,0,770AC4,0AD4,0,クラース,"{N4}
「・・・よし」{W}",,
36-00-0AD4-01,36,0,770AC4,0AD4,1,クラース,"{N4}
「それじゃあ四人が東西南北に向いて
　・・・」{W}",,
36-00-0AD4-02,36,0,770AC4,0AD4,2,クラース,"{N4}
「残り一人が真ん中でそれぞれ念じる
　んだ」{W}",,
36-00-0B56-00,36,0,770AC4,0B56,0,クラース,"{N4}
「{N6}！」{W}",,
36-00-0B56-01,36,0,770AC4,0B56,1,クラース,"{N4}
「君はそこで待っててくれ」{W}",,
36-00-0B8C-00,36,0,770AC4,0B8C,0,クレス,"{N1}
「開いたぞッ！」{W}",,
37-00-0000-00,37,0,7745F4,0000,0,クレス,"{N1}
「一体、どうなってるんだ・・・？」{W}",,
37-00-0000-01,37,0,7745F4,0000,1,クラース,"{N4}
「ダオスの時を操る力に時の剣が共鳴
　して呼び寄せられたのか・・・？」{W}",,
37-00-007A-00,37,0,7745F4,007A,0,,"『終わりより、始まる。』
と書かれている。{W}",,
37-00-00A8-00,37,0,7745F4,00A8,0,クレス,"{N1}
「これは・・・、このフロアの地図が
　描いてある」{W}",,
37-00-00A8-01,37,0,7745F4,00A8,1,クレス,"{N1}
「この図によると・・・」{W}",,
37-00-00A8-02,37,0,7745F4,00A8,2,クレス,"{N1}
「下へ降りる階段のある部屋に、隠し
　通路があるようだ！」{W}",,
37-00-0146-00,37,0,7745F4,0146,0,,{COL:3}レバーがあります。切り替えますか？{COL:2},,
37-00-0172-00,37,0,7745F4,0172,0,クレス,"{N1}
「ダオスッ！！」{W}",,
37-00-0172-01,37,0,7745F4,0172,1,クレス,"{N1}
「今度こそ・・・、本当の決着をつけ
　てやる！！」{W}",,
37-00-0172-02,37,0,7745F4,0172,2,ダオス,"ダオス
「ふふふ・・・」{W}",,
37-00-0172-03,37,0,7745F4,0172,3,ダオス,"ダオス
「貴様らがここまで来るとは、たいし
　たものだな」{W}",,
37-00-0172-04,37,0,7745F4,0172,4,ダオス,"ダオス
「敬意を表して、伝説の勇者とでも呼
　ばせてもらおうか」{W}",,
37-00-0172-05,37,0,7745F4,0172,5,チェスター,"{N5}
「ふざけるなッ！！」{W}",,
37-00-0172-06,37,0,7745F4,0172,6,チェスター,"{N5}
「お前が今までやってきたことを後悔
　させてやるぜ！！」{W}",,
37-00-0172-07,37,0,7745F4,0172,7,ミント,"{N2}
「待って！！」{W}",,
37-00-02D0-00,37,0,7745F4,02D0,0,クラース,"{N4}
「{N2}、近づくな！！」{W}",,
37-00-02D0-01,37,0,7745F4,02D0,1,ダオス,"ダオス
「なんだ？」{W}",,
37-00-02D0-02,37,0,7745F4,02D0,2,ダオス,"ダオス
「この期におよんで命乞いか？」{W}",,
37-00-02D0-03,37,0,7745F4,02D0,3,ミント,"{N2}
「あなたに、聞きたいことがあるんで
　す」{W}",,
37-00-02D0-04,37,0,7745F4,02D0,4,ミント,"{N2}
「前にあなたは、私たちとは戦う理由
　がないと言いました」{W}",,
37-00-02D0-05,37,0,7745F4,02D0,5,ミント,"{N2}
「なぜ・・・、ですか？」{W}",,
37-00-03C2-00,37,0,7745F4,03C2,0,ダオス,"ダオス
「お前たちは魔科学に携わる者ではな
　いからだ」{W}",,
37-00-03C2-01,37,0,7745F4,03C2,1,ミント,"{N2}
「なぜ・・・、魔科学はいけないので
　すか？」{W}",,
37-00-03C2-02,37,0,7745F4,03C2,2,ダオス,"ダオス
「魔科学はマナの力をことごとく使い
　果たしてしまう！！」{W}",,
37-00-03C2-03,37,0,7745F4,03C2,3,ダオス,"ダオス
「私は、魔科学を使う人間を抹殺しな
　ければならないのだ」{W}",,
37-00-03C2-04,37,0,7745F4,03C2,4,クレス,"{N1}
「なぜだッ！？」{W}",,
37-00-03C2-05,37,0,7745F4,03C2,5,クレス,"{N1}
「世界を滅ぼしてまで何をしようって
　いうんだ！？」{W}",,
37-00-03C2-06,37,0,7745F4,03C2,6,クラース,"{N4}
「ただ・・・、自然を守りたいからな
　のか？」{W}",,
37-00-03C2-07,37,0,7745F4,03C2,7,ダオス,"ダオス
「ふふ{SPD:10}・・・{SPD:FF}、はははは・・・」{W}",,
37-00-03C2-08,37,0,7745F4,03C2,8,ダオス,"ダオス
「ただ自然を守りたいから？」{W}",,
37-00-03C2-09,37,0,7745F4,03C2,9,ダオス,"ダオス
「私が自然崇拝者に見えるかね？」{W}",,
37-00-03C2-10,37,0,7745F4,03C2,10,ダオス,"ダオス
「私は、ただマナの力が欲しいだけの
　こと！！」{W}",,
37-00-03C2-11,37,0,7745F4,03C2,11,チェスター,"{N5}
「そのマナの力を使って、世界を支配
　しようとしているのか！？」{W}",,
37-00-0648-00,37,0,7745F4,0648,0,ダオス,"ダオス
「はははは、私はこんな星に興味はな
　い」{W}",,
37-00-0648-01,37,0,7745F4,0648,1,ダオス,"ダオス
「私は大いなる実りを手に入れるとい
　う使命があるのだ！！」{W}",,
37-00-0648-02,37,0,7745F4,0648,2,ダオス,"ダオス
「邪魔はさせん！！」{W}",,
37-00-0648-03,37,0,7745F4,0648,3,チェスター,"{N5}
「大いなる実り？」{W}",,
37-00-0648-04,37,0,7745F4,0648,4,クレス,"{N1}
「例え{SPD:10}・・・、{SPD:FF}どんな使命であっても
　・・・」{W}",,
37-00-0648-05,37,0,7745F4,0648,5,クレス,"{N1}
「人を虫けらみたいに扱うお前だけは
　許せない！！」{W}",,
37-00-0648-06,37,0,7745F4,0648,6,ダオス,"ダオス
「どうとでも言うがいい！！」{W}",,
37-00-079C-00,37,0,7745F4,079C,0,ダオス,"ダオス
「行くぞッ！！」{W}",,
37-00-07B8-00,37,0,7745F4,07B8,0,クレス,"{N1}
「ついに・・・、やったのか？」{W}",,
37-00-07E0-00,37,0,7745F4,07E0,0,ダオス,"ダオス
「ふ・・・、ふっふっふ」{W}",,
37-00-07E0-01,37,0,7745F4,07E0,1,ダオス,"ダオス
「わ、私の邪魔はさせぬ！！」{W}",,
37-00-07E0-02,37,0,7745F4,07E0,2,ダオス,"ダオス
「わ、私を待ち望んでいる民の為にも
　・・・」{W}",,
37-00-07E0-03,37,0,7745F4,07E0,3,ダオス,"ダオス
「絶対に邪魔はさせぬぞぉ！！」{W}",,
37-00-088A-00,37,0,7745F4,088A,0,クレス,"{N1}
「ゆっ、床が！？」{W}",,
37-00-088A-01,37,0,7745F4,088A,1,ダオス,"ダオス
「ふはははは！」{W}",,
37-00-088A-02,37,0,7745F4,088A,2,ダオス,"ダオス
「障害物があってはつまらぬ！！」{W}",,
37-00-088A-03,37,0,7745F4,088A,3,ダオス,"ダオス
「全精力を振り絞って戦おうではない
　か！！」{W}",,
37-00-0922-00,37,0,7745F4,0922,0,ダオス,"ダオス
「母なる星デリス・カーラーンよ！」{W}",,
37-00-0922-01,37,0,7745F4,0922,1,ダオス,"ダオス
「我の力を解放したまえ！！」{W}",,
37-00-0976-00,37,0,7745F4,0976,0,クレス,"{N1}
「ど、どうだッ！」{W}",,
37-00-0976-01,37,0,7745F4,0976,1,ダオス,"ダオス
「う、うう・・・」{C:F}",,
37-00-09AE-00,37,0,7745F4,09AE,0,ダオス,"ダオス
「ダメだ！」{W}",,
37-00-09AE-01,37,0,7745F4,09AE,1,ダオス,"ダオス
「あきらめられぬ！」{W}",,
37-00-09AE-02,37,0,7745F4,09AE,2,ダオス,"ダオス
「あきらめることなどできぬ！」{W}",,
37-00-09AE-03,37,0,7745F4,09AE,3,ダオス,"ダオス
「大いなる実りを{SPD:10}・・・、{SPD:FF}手に入れる　までは！」{W}",,
37-00-09AE-04,37,0,7745F4,09AE,4,ダオス,"ダオス
「おお、神よ！」{W}",,
37-00-09AE-05,37,0,7745F4,09AE,5,ダオス,"ダオス
「{SPD:10}・・・{SPD:FF}デリス・カーラーンの母なる
　神よッ！」{W}",,
37-00-09AE-06,37,0,7745F4,09AE,6,ダオス,"ダオス
「我に力を！」{W}",,
37-00-09AE-07,37,0,7745F4,09AE,7,ダオス,"ダオス
「我に力をッ！！！」{W}",,
37-00-0ADE-00,37,0,7745F4,0ADE,0,クレス,"{N1}
「な、何だ・・・」{W}",,
37-00-0ADE-01,37,0,7745F4,0ADE,1,クラース,"{N4}
「気をつけろッ！」{W}",,
37-00-0ADE-02,37,0,7745F4,0ADE,2,クラース,"{N4}
「・・・様子が、おかしいぞ！」{W}",,
37-00-0B3A-00,37,0,7745F4,0B3A,0,チェスター,"{N5}
「なんだこいつはッ！」{W}",,
37-00-0B3A-01,37,0,7745F4,0B3A,1,アーチェ,"{N3}
「す、すごすぎるよ、この魔力！」{W}",,
37-00-0B3A-02,37,0,7745F4,0B3A,2,ダオス,"ダオス
「私の願い・・・」{W}",,
37-00-0B3A-03,37,0,7745F4,0B3A,3,ダオス,"ダオス
「民の祈り・・・」{W}",,
37-00-0B3A-04,37,0,7745F4,0B3A,4,ダオス,"ダオス
「私は・・・」{W}",,
37-00-0B3A-05,37,0,7745F4,0B3A,5,ダオス,"ダオス
「私はまだ闘える！」",,
37-00-0BEE-00,37,0,7745F4,0BEE,0,クレス,"{N1}
「今度こそ、やったか・・・？」{W}",,
37-00-0C16-00,37,0,7745F4,0C16,0,クレス,"{N1}
「まだ終わってないのかッ！」{W}",,
37-00-0C16-01,37,0,7745F4,0C16,1,ミント,"{N2}
「待って、様子が変よ！」{W}",,
37-00-0C5C-00,37,0,7745F4,0C5C,0,ダオス,"ダオス
「くっ{SPD:10}、{SPD:FF}わ{SPD:10}、{SPD:FF}私は、放っておいても・
　・・、すぐ死ぬ」{W}",,
37-00-0C5C-01,37,0,7745F4,0C5C,1,ダオス,"ダオス
「だから・・・、その前に・・・、聞
　いてくれ」{W}",,
37-00-0C5C-02,37,0,7745F4,0C5C,2,ダオス,"ダオス
「{SPD:10}・・・{SPD:FF}そもそも、この戦いはなんだ
　ったのか・・・」{W}",,
37-00-0C5C-03,37,0,7745F4,0C5C,3,クレス,"{N1}
「えッ！？」{W}",,
37-00-0D44-00,37,0,7745F4,0D44,0,？？？,"？？？
『来たか、下劣なる者たちよたちよた
　ちよ』{W}",,
37-00-0D7C-00,37,0,7745F4,0D7C,0,？？？,"？？？
『貴様たちにはこの世で最も華麗な運
　命命命・・・』{W}",,
37-00-0D7C-01,37,0,7745F4,0D7C,1,？？？,"？？？
『血まみれの死を与えようようよう』{W}",,
37-00-0DE8-00,37,0,7745F4,0DE8,0,,{COL:3}帰りますか？{COL:2},,
37-00-0DFE-00,37,0,7745F4,0DFE,0,クレス,"{N1}
「あれっ？」{W}",,
37-00-0DFE-01,37,0,7745F4,0DFE,1,クレス,"{N1}
「人数が足りない・・・」{W}",,
37-00-0DFE-02,37,0,7745F4,0DFE,2,クレス,"{N1}
「助けに行かないと」{W}",,
38-00-0000-00,38,0,777328,0000,0,,武具屋『ダブルＫ．Ｏ．』,,
38-00-001A-00,38,0,777328,001A,0,,道具屋『ドロー』,,
38-00-002C-00,38,0,777328,002C,0,クレス,"{N1}
「暖炉の中をのぞいてみよう」{W}",,
38-00-0052-00,38,0,777328,0052,0,クレス,"{N1}
「{VAR:E4B680}回目{SPD:10}・・・{SPD:FF}」{W}",,
38-00-0077-00,38,0,777328,0077,0,,{COL:3}休みますか？{COL:2},,
38-00-008D-00,38,0,777328,008D,0,ソフィア,"ソフィア
「ゆっくりしていきなさい」{W}",,
38-00-00B5-00,38,0,777328,00B5,0,レニオスの妻・ソフィア,"レニオスの妻・ソフィア
「あなたたち、お腹はすいていないか
　い？」",,
38-00-00FB-00,38,0,777328,00FB,0,ソフィア,"ソフィア
「たんとお食べ」{W}",,
38-00-0119-00,38,0,777328,0119,0,,"{COL:2}チーズバーガーを料理できるようにな
りました。{W}",,
38-00-0119-01,38,0,777328,0119,1,,{COL:0},,
38-00-0153-00,38,0,777328,0153,0,ソフィア,"ソフィア
「いつでもおいで」{W}",,
38-00-0173-00,38,0,777328,0173,0,レニオス,"レニオス
「ダオスを倒し、ユグドラシルも復活
　させたか」{W}",,
38-00-0173-01,38,0,777328,0173,1,レニオス,"レニオス
「もう・・・、この時代にいる必要は
　ないのぅ」{W}",,
38-00-0173-02,38,0,777328,0173,2,レニオス,"レニオス
「さらばだ、少年たちよ」{W}",,
38-00-0173-03,38,0,777328,0173,3,レオニス,"レオニス
「おぬしらに出会えたことを誇りに思
　うよ」{W}",,
38-00-0249-00,38,0,777328,0249,0,レニオス,"レニオス
「ユグドラシルを救う方法？」{W}",,
38-00-0249-01,38,0,777328,0249,1,レオニス,"レオニス
「う～ん、わからんのぅ」{W}",,
38-00-0249-02,38,0,777328,0249,2,レオニス,"レオニス
「そもそも、法術自体がこの時代には
　ないものじゃからのぅ」{W}",,
38-00-02DF-00,38,0,777328,02DF,0,レニオス,"レニオス
「なんと、ベネツィアの兄に会ったの
　か！？」{W}",,
38-00-02DF-01,38,0,777328,02DF,1,クレス,"{N1}
「ええ、よろしく言っておいてくれっ
　て」{W}",,
38-00-034D-00,38,0,777328,034D,0,レニオス,"レニオス
「そうか・・・」{W}",,
38-00-034D-01,38,0,777328,034D,1,レオニス,"レオニス
「たまには会いにいくかな・・」{W}",,
38-00-0395-00,38,0,777328,0395,0,レオニス,"レオニス
「おや・・・、そこのおなごは魔法使
　いかのぅ？」{W}",,
38-00-0395-01,38,0,777328,0395,1,レオニス,"レオニス
「ならば、この呪文書を譲ってあげよ
　う」{W}",,
38-00-0395-02,38,0,777328,0395,2,レオニス,"レオニス
「わしが持っていても役に立たんから
　のぅ」{W}",,
38-00-0443-00,38,0,777328,0443,0,,"{N3}は
{TITLE:C7}を覚えました。{W}",,
38-00-0461-00,38,0,777328,0461,0,レニオス,"レニオス
「{N4}に会ったか？」{W}",,
38-00-0461-01,38,0,777328,0461,1,レオニス,"レオニス
「なんじゃ、まだか」{W}",,
38-00-0461-02,38,0,777328,0461,2,レオニス,"レオニス
「{N4}は・・・」{W}",,
38-00-0461-03,38,0,777328,0461,3,レオニス,"レオニス
「ユークリッドの村に住んでおる」{W}",,
38-00-04EB-00,38,0,777328,04EB,0,レニオス,"レニオス
「つらくなったら、また帰ってくると
　いい」{W}",,
38-00-04EB-01,38,0,777328,04EB,1,レオニス,"レオニス
「いつでも泊めてあげよう」{W}",,
38-00-04EB-02,38,0,777328,04EB,2,クレス,"{N1}
「ありがとう、村長さん」{W}",,
38-00-056B-00,38,0,777328,056B,0,おじいさん,"おじいさん
「おぬしに、おもしろい話をしてやろ
　う」{W}",,
38-00-056B-01,38,0,777328,056B,1,おじいさん,"おじいさん
「昔々、今のような・・・」{W}",,
38-00-056B-02,38,0,777328,056B,2,クレス,"{N1}
「それならもう聞きました」{W}",,
38-00-056B-03,38,0,777328,056B,3,クレス,"{N1}
「月の精霊様は無事、兵士に助けられ
　たんですよね」{W}",,
38-00-056B-04,38,0,777328,056B,4,おじいさん,"おじいさん
「ほっほっほ、甘いのぅ」{W}",,
38-00-056B-05,38,0,777328,056B,5,おじいさん,"おじいさん
「この話にはまだ続きがあるんじゃ」{W}",,
38-00-056B-06,38,0,777328,056B,6,おじいさん,"おじいさん
「兵士は・・・、結界の中に戻ったん
　じゃ」{W}",,
38-00-056B-07,38,0,777328,056B,7,おじいさん,"おじいさん
「このまま、外の世界で暮らしてもよ
　かったが・・・」{W}",,
38-00-056B-08,38,0,777328,056B,8,おじいさん,"おじいさん
「外の世界のことをみんなに教えてあ
　げようと思ったんじゃ」{W}",,
38-00-056B-09,38,0,777328,056B,9,おじいさん,"おじいさん
「しかし、すぐに国王に捕まってしま
　った」{W}",,
38-00-056B-10,38,0,777328,056B,10,おじいさん,"おじいさん
「兵士の言うことに国王は耳を貸そう
　としなかったんじゃ」{W}",,
38-00-056B-11,38,0,777328,056B,11,おじいさん,"おじいさん
「反逆罪は極刑なのだが・・・」{W}",,
38-00-056B-12,38,0,777328,056B,12,おじいさん,"おじいさん
「今までの献身的な国家への奉仕が認
　められ、極刑だけはまぬがれた」{W}",,
38-00-056B-13,38,0,777328,056B,13,おじいさん,"おじいさん
「しかし国王の不思議な力で小さな虫
　に変えられ・・・」{W}",,
38-00-056B-14,38,0,777328,056B,14,おじいさん,"おじいさん
「追放されてしまったんじゃ」{W}",,
38-00-056B-15,38,0,777328,056B,15,おじいさん,"おじいさん
「天界からそれを見ていた月の精霊様
　は悲しみ・・・」{W}",,
38-00-056B-16,38,0,777328,056B,16,おじいさん,"おじいさん
「兵士を天界に呼び寄せた」{W}",,
38-00-056B-17,38,0,777328,056B,17,おじいさん,"おじいさん
「そして精霊様といつまでも幸せに暮
　らしたんじゃ」{W}",,
38-00-056B-18,38,0,777328,056B,18,おじいさん,"おじいさん
「実は、その虫というのが妖精だった
　という話もある」{W}",,
38-00-056B-19,38,0,777328,056B,19,おじいさん,"おじいさん
「これは俗説じゃがな」{W}",,
38-00-09CF-00,38,0,777328,09CF,0,おじいさん,"おじいさん
「さて、今日はどうやって時間をつぶ
　すか・・・」{W}",,
38-00-09CF-01,38,0,777328,09CF,1,おじいさん,"おじいさん
「魔物が出るようになってからは、村
　の外に出られんようになったわ」{W}",,
38-00-09CF-02,38,0,777328,09CF,2,おじいさん,"おじいさん
「まったく・・・」{W}",,
38-00-0A83-00,38,0,777328,0A83,0,おじいさん,"おじいさん
「さて、夕食の用意をしなければ」{W}",,
38-00-0AB3-00,38,0,777328,0AB3,0,女の子,"女の子
「私も立派な魔法使いになりたいな」{W}",,
38-00-0AB3-01,38,0,777328,0AB3,1,女の子,"女の子
「今、魔法の修行中なの」{W}",,
38-00-0AB3-02,38,0,777328,0AB3,2,女の子,"女の子
「そして、ステキな勇者様と冒険する
　の」{W}",,
38-00-0B37-00,38,0,777328,0B37,0,女の子,"女の子
「お兄ちゃんどこから来たの？」{W}",,
38-00-0B61-00,38,0,777328,0B61,0,道具屋,"道具屋
「いらっしゃい」{W}",,
38-00-0B7D-00,38,0,777328,0B7D,0,道具屋,"道具屋
「どうも」{W}",,
38-00-0B93-00,38,0,777328,0B93,0,男の子,"男の子
「もしかして、お兄ちゃんって剣士な
　の？」{W}",,
38-00-0B93-01,38,0,777328,0B93,1,クレス,"{N1}
「んっ、ああ」{W}",,
38-00-0B93-02,38,0,777328,0B93,2,男の子,"男の子
「今度、剣術を教えてくれよ」{W}",,
38-00-0B93-03,38,0,777328,0B93,3,男の子,"男の子
「おれ、もっと強くなりたいんだ！」{W}",,
38-00-0C33-00,38,0,777328,0C33,0,男の子,"男の子
「今、父ちゃんもおじいちゃんも武器
　の材料を取りに行ってていないの」{W}",,
38-00-0C33-01,38,0,777328,0C33,1,男の子,"男の子
「だから、おいらがお手伝い」{W}",,
38-00-0CAB-00,38,0,777328,0CAB,0,男の子,"男の子
「お兄ちゃんってもしかして剣士？」{W}",,
38-00-0CAB-01,38,0,777328,0CAB,1,男の子,"男の子
「じゃあ、この本あげるよ」{W}",,
38-00-0CAB-02,38,0,777328,0CAB,2,クレス,"{N1}
「これって、奥義書！？」{W}",,
38-00-0D1D-00,38,0,777328,0D1D,0,,"{COL:3}{N1}は
魔神双破斬を覚えました。{COL:2}{W}",,
38-00-0D49-00,38,0,777328,0D49,0,武具屋,"武具屋
「いらっしゃい」{W}",,
38-00-0D65-00,38,0,777328,0D65,0,武具屋,"武具屋
「お兄ちゃん、ありがと」{W}",,
38-00-0D89-00,38,0,777328,0D89,0,村の人,"村の人
「この村から東に向かった所に洞窟が
　あるんだけどさ・・・」{W}",,
38-00-0D89-01,38,0,777328,0D89,1,村の人,"村の人
「そこは『精霊の洞窟』と言われてい
　るんだ」{W}",,
38-00-0E09-00,38,0,777328,0E09,0,村長,"村長
「そうそう・・・、わしの名前はレニ
　オスじゃ」{W}",,
38-00-0E09-01,38,0,777328,0E09,1,レニオス,"レニオス
「よろしく」{W}",,
38-00-0E09-02,38,0,777328,0E09,2,クレス,"{N1}
（レニオス{SPD:10}・・・{SPD:FF}）{W}",,
38-00-0E09-03,38,0,777328,0E09,3,クレス,"{N1}
（どこかで聞いたような{SPD:10}・・・{SPD:FF}）{W}",,
38-00-0E09-04,38,0,777328,0E09,4,レニオス,"レニオス
「そもそも、魔術を知らないとは話が
　おかしすぎるの」{W}",,
38-00-0E09-05,38,0,777328,0E09,5,ミント,"{N2}
「そちらこそ、法術を知らないんです
　か？」{W}",,
38-00-0E09-06,38,0,777328,0E09,6,ミント,"{N2}
「いやしの力ですよ」{W}",,
38-00-0E09-07,38,0,777328,0E09,7,レニオス,"レニオス
「いやしの{SPD:10}・・・{SPD:FF}？」{W}",,
38-00-0F65-00,38,0,777328,0F65,0,レニオス,"レニオス
「おおお{SPD:10}・・・・・・{SPD:FF}、なんか気持ち
　よいのぉ」{W}",,
38-00-0FAB-00,38,0,777328,0FAB,0,レニオス,"レニオス
「・・・でも知らん」{W}",,
38-00-0FCD-00,38,0,777328,0FCD,0,レニオス,"レニオス
「では{SPD:10}・・・{SPD:FF}」{W}",,
38-00-0FCD-01,38,0,777328,0FCD,1,レニオス,"レニオス
「魔術とはの、こんな力じゃ」{W}",,
38-00-1019-00,38,0,777328,1019,0,レニオス,"レニオス
「いでよ、炎！！！」{W}",,
38-00-103B-00,38,0,777328,103B,0,クレス,"{N1}
「{SPD:20}す・・・{SPD:FF}」{W}",,
38-00-1059-00,38,0,777328,1059,0,クレス,"{N1}
「すごいッ！！」{W}",,
38-00-1059-01,38,0,777328,1059,1,ミント,"{N2}
「もしかして・・・、これがダオスを
　倒すための力！？」{W}",,
38-00-10B3-00,38,0,777328,10B3,0,レニオス,"レニオス
「なッ！」{W}",,
38-00-10B3-01,38,0,777328,10B3,1,レニオス,"レニオス
「ダオスだとな！？」{W}",,
38-00-10B3-02,38,0,777328,10B3,2,クレス,"{N1}
「知ってるんですか？」{W}",,
38-00-10B3-03,38,0,777328,10B3,3,レニオス,"レニオス
「当たり前だの、知っておるともよ」{W}",,
38-00-10B3-04,38,0,777328,10B3,4,レニオス,"レニオス
「奴は世界の敵じゃからの！」{W}",,
38-00-10B3-05,38,0,777328,10B3,5,レニオス,"レニオス
「今も、着々と勢力を広げておるだろ
　うて」{W}",,
38-00-10B3-06,38,0,777328,10B3,6,ミント,"{N2}
「えッ・・・？」{W}",,
38-00-10B3-07,38,0,777328,10B3,7,ミント,"{N2}
「ダオスは封印から目覚めたばかりの
　はずじゃあ・・・？」{W}",,
38-00-10B3-08,38,0,777328,10B3,8,レニオス,"レニオス
「封印・・・？」{W}",,
38-00-10B3-09,38,0,777328,10B3,9,レニオス,"レニオス
「なんのことじゃ？」{W}",,
38-00-10B3-10,38,0,777328,10B3,10,レニオス,"レニオス
「奴が現れてからどれほど時間が経つ
　ことか」{W}",,
38-00-10B3-11,38,0,777328,10B3,11,クレス,"{N1}
「時間が経ってる{SPD:10}・・・{SPD:FF}？」{W}",,
38-00-1291-00,38,0,777328,1291,0,クレス,"{N1}
「・・・もしかしてここは、未来の世
　界じゃ！？」{W}",,
38-00-1291-01,38,0,777328,1291,1,ミント,"{N2}
「えッ{SPD:10}・・・{SPD:FF}」{W}",,
38-00-12EB-00,38,0,777328,12EB,0,ミント,"{N2}
「あッ！」{W}",,
38-00-12FF-00,38,0,777328,12FF,0,ミント,"{N2}
「いえ、ダオスが封印される前の世界
　じゃないですか！？」{W}",,
38-00-1343-00,38,0,777328,1343,0,クレス,"{N1}
「そうかッ！」{W}",,
38-00-1343-01,38,0,777328,1343,1,クレス,"{N1}
「村長さんの名前、『レニオス』って
　・・・」{W}",,
38-00-1343-02,38,0,777328,1343,2,クレス,"{N1}
「どこかで聞いたことがあると思った
　よ！」{W}",,
38-00-1343-03,38,0,777328,1343,3,クレス,"{N1}
「トーティスにあった教会の名前のこ
　と・・・」{W}",,
38-00-1343-04,38,0,777328,1343,4,クレス,"{N1}
「そして、トーティスの創始者のこと
　だったんだ！！」{W}",,
38-00-1343-05,38,0,777328,1343,5,クレス,"{N1}
「ここは過去の世界なんだ！」{W}",,
38-00-145F-00,38,0,777328,145F,0,レニオス,"レニオス
「未来？」{W}",,
38-00-145F-01,38,0,777328,145F,1,レニオス,"レニオス
「過去？」{W}",,
38-00-145F-02,38,0,777328,145F,2,レオニス,"レオニス
「{SPD:10}・・・{SPD:FF}なにを言ってるんじゃ」{W}",,
38-00-145F-03,38,0,777328,145F,3,レオニス,"レオニス
「今はアセリア暦４２０２年だがの」{W}",,
38-00-14ED-00,38,0,777328,14ED,0,クレス・ミント,"{N1}・{N2}
「１００年前！！」{W}",,
38-00-14ED-01,38,0,777328,14ED,1,ミント,"{N2}
「うっそー！！」{W}",,
38-00-1527-00,38,0,777328,1527,0,村人,"村人
「村長さん！」{W}",,
38-00-1527-01,38,0,777328,1527,1,村人,"村人
「いきなりなにするとですか！！」{W}",,
38-00-1567-00,38,0,777328,1567,0,レニオス,"レニオス
「おどろいたの」{W}",,
38-00-1567-01,38,0,777328,1567,1,レニオス,"レニオス
「久しぶりに訪れた客人が、未来から
　来たとは{SPD:10}・・・{SPD:FF}」{W}",,
38-00-1567-02,38,0,777328,1567,2,レニオス,"レニオス
「まだ信じられんのぉ」{W}",,
38-00-1567-03,38,0,777328,1567,3,ミント,"{N2}
「いくつかの話から考えてみても、間
　違いないみたいですね」{W}",,
38-00-1567-04,38,0,777328,1567,4,クレス,"{N1}
「信じるか信じないかは、村長さんの
　自由ですよ」{W}",,
38-00-1567-05,38,0,777328,1567,5,クレス,"{N1}
「それより{SPD:10}・・・{SPD:FF}」{W}",,
38-00-1567-06,38,0,777328,1567,6,クレス,"{N1}
「ダオスと魔術のこと、話してもらえ
　ますか？」{W}",,
38-00-1567-07,38,0,777328,1567,7,レニオス,"レニオス
「うむ」{W}",,
38-00-16DD-00,38,0,777328,16DD,0,レニオス,"レニオス
「ダオスは魔術でしか傷つかないと言
　われておる」{W}",,
38-00-16DD-01,38,0,777328,16DD,1,レニオス,"レニオス
「魔術が使えなくては倒すことはでき
　ぬのじゃ」{W}",,
38-00-16DD-02,38,0,777328,16DD,2,レニオス,"レニオス
「魔術は絶対に必要じゃ」{W}",,
38-00-16DD-03,38,0,777328,16DD,3,レニオス,"レニオス
「{SPD:10}・・・{SPD:FF}だが、おぬしらには使えぬ」{W}",,
38-00-16DD-04,38,0,777328,16DD,4,クレス,"{N1}
「えッ・・・、なぜ！？」{W}",,
38-00-16DD-05,38,0,777328,16DD,5,レニオス,"レニオス
「エルフの血を引くわしが見ればわか
　る」{W}",,
38-00-16DD-06,38,0,777328,16DD,6,レニオス,"レニオス
「おぬしらは・・・、純血の人間だか
　らの」{W}",,
38-00-16DD-07,38,0,777328,16DD,7,ミント,"{N2}
「エルフ・・・、純血？」{W}",,
38-00-16DD-08,38,0,777328,16DD,8,レニオス,"レニオス
「さよう」{W}",,
38-00-16DD-09,38,0,777328,16DD,9,レニオス,"レニオス
「エルフという種族か、エルフの混血
　しか・・・」{W}",,
38-00-16DD-10,38,0,777328,16DD,10,レニオス,"レニオス
「魔術は使えないんじゃよ」{W}",,
38-00-18DB-00,38,0,777328,18DB,0,ミント,"{N2}
「{SPD:10}・・・{SPD:FF}そんな{SPD:10}・・・{SPD:FF}」{W}",,
38-00-190B-00,38,0,777328,190B,0,レニオス,"レニオス
「なに、気にすることはない」{W}",,
38-00-190B-01,38,0,777328,190B,1,レニオス,"レニオス
「強力な魔術の使い手に助けを求めれ
　ばよいだけのことじゃよ」{W}",,
38-00-190B-02,38,0,777328,190B,2,クレス,"{N1}
「誰かいませんか？」{W}",,
38-00-190B-03,38,0,777328,190B,3,レニオス,"レニオス
「ちょっと待ちなされ」{W}",,
38-00-190B-04,38,0,777328,190B,4,レニオス,"レニオス
「おぬしらまさか本気でダオスを倒す
　つもりなのかね？」{W}",,
38-00-190B-05,38,0,777328,190B,5,クレス,"{N1}
「もちろんです！」{W}",,
38-00-190B-06,38,0,777328,190B,6,クレス,"{N1}
「ぼくたちは、その為に未来から来た
　んですから！！」{W}",,
38-00-190B-07,38,0,777328,190B,7,レニオス,"レニオス
「いや{SPD:10}・・・{SPD:FF}しかしのぉ{SPD:10}・・・{SPD:FF}」{W}",,
38-00-190B-08,38,0,777328,190B,8,ミント,"{N2}
「お願いしますッ！」{W}",,
38-00-190B-09,38,0,777328,190B,9,ミント,"{N2}
「どうしても、ダオスを倒さなければ
　いけないんです！」{W}",,
38-00-190B-10,38,0,777328,190B,10,ミント,"{N2}
「モリスンさんや・・・
　{N5}さんの為にも！」{W}",,
38-00-1B25-00,38,0,777328,1B25,0,レニオス,"レニオス
「{N4}という男がおる」{W}",,
38-00-1B25-01,38,0,777328,1B25,1,レニオス,"レニオス
「北のユークリッドの村に住んでおっ
　ての」{W}",,
38-00-1B25-02,38,0,777328,1B25,2,レニオス,"レニオス
「少々頑固者での、初対面の者には冷
　たいが・・・」{W}",,
38-00-1B25-03,38,0,777328,1B25,3,レニオス,"レニオス
「根はいい奴だから、訪ねてみるとい
　い」{W}",,
38-00-1B25-04,38,0,777328,1B25,4,クレス,"{N1}
「あ、ありがとうございますッ！」{W}",,
38-00-1B25-05,38,0,777328,1B25,5,レニオス,"レニオス
「なに・・・、いいさ」{W}",,
38-00-1B25-06,38,0,777328,1B25,6,レニオス,"レニオス
「{SPD:10}・・・{SPD:FF}わしもおぬしらの頃には血気
　盛んな魔法使いをやっておっての」{W}",,
38-00-1B25-07,38,0,777328,1B25,7,レニオス,"レニオス
「よくこの世界を守るんだ、と修行に
　励んだものじゃよ」{W}",,
38-00-1B25-08,38,0,777328,1B25,8,ミント,"{N2}
「村長さん{SPD:10}・・・{SPD:FF}」{W}",,
38-00-1D01-00,38,0,777328,1D01,0,レニオス,"レニオス
「おぬしらの気持ちもよくわかるが、
　決して無理するでないぞ」{W}",,
38-00-1D01-01,38,0,777328,1D01,1,レニオス,"レニオス
「今日はわしの家に泊まっていくとい
　い」{W}",,
38-00-1D01-02,38,0,777328,1D01,2,レニオス,"レニオス
「ゆっくりしていきなさい」{W}",,
38-00-1D01-03,38,0,777328,1D01,3,クレス・ミント,"{N1}・{N2}
「はい」{W}",,
38-00-1DBF-00,38,0,777328,1DBF,0,レニオス,"レニオス
「さっ、もう遅いから寝なさい」{W}",,
38-00-1DBF-01,38,0,777328,1DBF,1,クレス,"{N1}
「はい」{W}",,
38-00-1DFB-00,38,0,777328,1DFB,0,ミント,"{N2}
「あの{SPD:10}・・・{SPD:FF}
　{N1}さん{SPD:10}・・・{SPD:FF}」{W}",,
38-00-1E35-00,38,0,777328,1E35,0,クレス,"{N1}
「えっ、なに？」{W}",,
38-00-1E4F-00,38,0,777328,1E4F,0,ミント,"{N2}
「わっ、私もここで寝るの？」{W}",,
38-00-1E4F-01,38,0,777328,1E4F,1,クレス,"{N1}
「えッ・・・？」{W}",,
38-00-1E8D-00,38,0,777328,1E8D,0,クレス,"{N1}
「あ{SPD:10}、{SPD:FF}い{SPD:10}、{SPD:FF}いや{SPD:10}、{SPD:FF}ぼ{SPD:10}、{SPD:FF}ぼく{SPD:10}、{SPD:FF}床で寝る
　から{SPD:10}・・・{SPD:FF}」{W}",,
38-00-1EF9-00,38,0,777328,1EF9,0,クレス,"{N1}
「お、おやすみ{SPD:10}・・・{SPD:FF}」{W}",,
38-00-1F21-00,38,0,777328,1F21,0,クレス,"{N1}
（１００年前の世界か{SPD:10}・・・{SPD:FF}）{W}",,
38-00-1F21-01,38,0,777328,1F21,1,クレス,"{N1}
（元の時代に戻れるんだろうか？）{W}",,
38-00-1F21-02,38,0,777328,1F21,2,クレス,"{N1}
（ぼくたちがこの時代のダオスを倒し
　たら・・・）{W}",,
38-00-1F21-03,38,0,777328,1F21,3,クレス,"{N1}
（歴史が変わってモリスンさんや
　{N5}を・・・）{W}",,
38-00-1F21-04,38,0,777328,1F21,4,クレス,"{N1}
（助ける事になるのか{SPD:10}・・・{SPD:FF}？）{W}",,
38-00-2017-00,38,0,777328,2017,0,ミント,"{N2}
「{N1}さん・・・・・・、
　まだ起きてますか？」{W}",,
38-00-2017-01,38,0,777328,2017,1,クレス,"{N1}
「んッ{SPD:10}？{SPD:FF}」{W}",,
38-00-2017-02,38,0,777328,2017,2,クレス,"{N1}
「うん{SPD:10}・・・{SPD:FF}」{W}",,
38-00-2017-03,38,0,777328,2017,3,ミント,"{N2}
「・・・明日から、がんばりましょう
　ね{SPD:10}・・・{SPD:FF}」{W}",,
38-00-2017-04,38,0,777328,2017,4,クレス,"{N1}
「{SPD:10}・・・{SPD:FF}ああ」{W}",,
38-00-20E7-00,38,0,777328,20E7,0,ミント,"{N2}
「{N1}さん{SPD:10}・・・{SPD:FF}」{W}",,
38-00-210B-00,38,0,777328,210B,0,ミント,"{N2}
「{N1}さん」{W}",,
38-00-210B-01,38,0,777328,210B,1,ミント,"{N2}
「おはようございます」{W}",,
38-00-213F-00,38,0,777328,213F,0,ミント,"{N2}
「これを村長さんにいただきました」{W}",,
38-00-216B-00,38,0,777328,216B,0,,{COL:2}{ITEM:90}を手に入れました。{W},,
38-00-216B-01,38,0,777328,216B,1,,{COL:0},,
39-00-0000-00,39,0,77A76C,0000,0,,宿屋『ユークリッドＩＮＮ』,,
39-00-001C-00,39,0,77A76C,001C,0,,八百屋『ベジット』,,
39-00-0030-00,39,0,77A76C,0030,0,,道具屋『猫目』,,
39-00-0040-00,39,0,77A76C,0040,0,,武具屋『ビショップ』,,
39-00-0056-00,39,0,77A76C,0056,0,,{N4}魔法修練場,,
39-00-0066-00,39,0,77A76C,0066,0,貿易商,"貿易商
「ここはいいのがそろってるよ」{W}",,
39-00-0066-01,39,0,77A76C,0066,1,貿易商,"貿易商
「なにしろ・・・」{W}",,
39-00-0066-02,39,0,77A76C,0066,2,貿易商,"貿易商
「北の貿易の町、ベネツィアからの直
　輸入品だからね」{W}",,
39-00-00EC-00,39,0,77A76C,00EC,0,クレス,"{N1}
「あなたがエルウィンさんですか？」{W}",,
39-00-00EC-01,39,0,77A76C,00EC,1,エルウィン,"エルウィン
「ああ、そうだけど」{W}",,
39-00-00EC-02,39,0,77A76C,00EC,2,エルウィン,"エルウィン
「なんでぼくの名前を知ってるの？」{W}",,
39-00-00EC-03,39,0,77A76C,00EC,3,クレス,"{N1}
「実は、あなたに想いをよせてる女性
　がいるんです」{W}",,
39-00-00EC-04,39,0,77A76C,00EC,4,エルウィン,"エルウィン
「えッ{SPD:10}・・・{SPD:FF}」{W}",,
39-00-00EC-05,39,0,77A76C,00EC,5,エルウィン,"エルウィン
「どんな人？」{W}",,
39-00-00EC-06,39,0,77A76C,00EC,6,エルウィン,"エルウィン
「名前は？」{W}",,
39-00-00EC-07,39,0,77A76C,00EC,7,クレス,"{N1}
「えッ・・・？」{W}",,
39-00-0218-00,39,0,77A76C,0218,0,エルウィン,"エルウィン
「どんな人か早く教えてよ」{W}",,
39-00-0242-00,39,0,77A76C,0242,0,クレス,"{N1}
「名前はナンシーだって」{W}",,
39-00-0242-01,39,0,77A76C,0242,1,エルウィン,"エルウィン
「そうか{SPD:10}・・・{SPD:FF}、ナンシーっていうの
　か」{W}",,
39-00-0242-02,39,0,77A76C,0242,2,エルウィン,"エルウィン
「でも、会うのは{SPD:10}・・・{SPD:FF}」{W}",,
39-00-0242-03,39,0,77A76C,0242,3,ミント,"{N2}
「なぜ？」{W}",,
39-00-0242-04,39,0,77A76C,0242,4,エルウィン,"エルウィン
「ぼくはベネツィアの輸入会社の社長
　の息子なんだ」{W}",,
39-00-0242-05,39,0,77A76C,0242,5,エルウィン,"エルウィン
「今、営業でこの村に来ててね」{W}",,
39-00-0242-06,39,0,77A76C,0242,6,エルウィン,"エルウィン
「でも、またベネツィアに戻らなけれ
　ばならない」{W}",,
39-00-0242-07,39,0,77A76C,0242,7,エルウィン,"エルウィン
「それに・・・、父さんが許してくれ
　ないよ」{W}",,
39-00-0242-08,39,0,77A76C,0242,8,クレス,"{N1}
「でも・・・、一度だけでも会ってみ
　ては？」{W}",,
39-00-0242-09,39,0,77A76C,0242,9,エルウィン,"エルウィン
「いや、一度でも会えばまた会いたく
　なってしまうよ{SPD:10}・・・{SPD:FF}」{W}",,
39-00-0242-10,39,0,77A76C,0242,10,エルウィン,"エルウィン
「彼女によろしく言っておいて」{W}",,
39-00-0242-11,39,0,77A76C,0242,11,エルウィン,"エルウィン
「さっ、仕事仕事」{W}",,
39-00-04A2-00,39,0,77A76C,04A2,0,エルウィン,"エルウィン
「さっ、仕事仕事」{W}",,
39-00-04C4-00,39,0,77A76C,04C4,0,男の子,"男の子
「外で遊びたいよ～」{W}",,
39-00-04C4-01,39,0,77A76C,04C4,1,男の子,"男の子
「でも・・・、父さんが店を手伝えっ
　て」{W}",,
39-00-04C4-02,39,0,77A76C,04C4,2,男の子,"男の子
「まったく{SPD:10}・・・{SPD:FF}」{W}",,
39-00-053C-00,39,0,77A76C,053C,0,男の子,"男の子
「エルウィン？」{W}",,
39-00-053C-01,39,0,77A76C,053C,1,男の子,"男の子
「ベネツィアに帰ったよ」{W}",,
39-00-057A-00,39,0,77A76C,057A,0,道具屋,"道具屋
「いらっしゃい」{W}",,
39-00-0596-00,39,0,77A76C,0596,0,道具屋,"道具屋
「ありがとう、また来て下さい」{W}",,
39-00-05C0-00,39,0,77A76C,05C0,0,武具屋,"武具屋
「らっしゃい」{W}",,
39-00-05DA-00,39,0,77A76C,05DA,0,武具屋,"武具屋
「ありがとう、旅の方」{W}",,
39-00-05FC-00,39,0,77A76C,05FC,0,ナンシーの母・マギー,"ナンシーの母・マギー
「ナンシーが私の元を離れて行ってし
　もうた」{W}",,
39-00-05FC-01,39,0,77A76C,05FC,1,マギー,"マギー
「だが、愛する男のためじゃ」{W}",,
39-00-05FC-02,39,0,77A76C,05FC,2,マギー,"マギー
「母である私が止められるわけがない
　て」{W}",,
39-00-069E-00,39,0,77A76C,069E,0,八百屋,"八百屋
「いらっしゃい」{W}",,
39-00-069E-01,39,0,77A76C,069E,1,八百屋,"八百屋
「いいのがそろってるよ」{W}",,
39-00-06DC-00,39,0,77A76C,06DC,0,八百屋,"八百屋
「ありがとうね」{W}",,
39-00-06F8-00,39,0,77A76C,06F8,0,村の人,"村の人
「さてと、今夜のおかずは～っと・・
　・」{W}",,
39-00-072E-00,39,0,77A76C,072E,0,村の人,"村の人
「なんか風のウワサでは・・・」{W}",,
39-00-072E-01,39,0,77A76C,072E,1,村の人,"村の人
「遠くでとてつもなく大きな軍隊が作
　られているそうよ」{W}",,
39-00-079A-00,39,0,77A76C,079A,0,旅の人,"旅の人
「私は旅の者です」{W}",,
39-00-079A-01,39,0,77A76C,079A,1,旅の人,"旅の人
「途中ローンヴァレイという谷を見た
　のですが・・・」{W}",,
39-00-079A-02,39,0,77A76C,079A,2,旅の人,"旅の人
「なんだか、いつも怪しい風が吹いて
　いましたよ」{W}",,
39-00-079A-03,39,0,77A76C,079A,3,旅の人,"旅の人
「そうそう、あそこにはクラインとい
　う方が住んでいて・・・」{W}",,
39-00-079A-04,39,0,77A76C,079A,4,旅の人,"旅の人
「天気を占っているそうです」{W}",,
39-00-079A-05,39,0,77A76C,079A,5,旅の人,"旅の人
「よく当たるらしいですよ」{W}",,
39-00-08C6-00,39,0,77A76C,08C6,0,宿屋,"宿屋
「いらっしゃい」{W}",,
39-00-08C6-01,39,0,77A76C,08C6,1,宿屋,"宿屋
「お泊まりですか？」{W}",,
39-00-08C6-02,39,0,77A76C,08C6,2,宿屋,"宿屋
「一晩２０ガルドになりますよ」",,
39-00-0920-00,39,0,77A76C,0920,0,宿屋,"宿屋
「ゆっくりしていって下さい」{W}",,
39-00-0946-00,39,0,77A76C,0946,0,宿屋,"宿屋
「あいすいません」{W}",,
39-00-0946-01,39,0,77A76C,0946,1,宿屋,"宿屋
「お金が足りませんよ」{W}",,
39-00-0980-00,39,0,77A76C,0980,0,宿屋,"宿屋
「また来て下さいね」{W}",,
39-00-099E-00,39,0,77A76C,099E,0,主婦,"主婦
「あっ、ごめんなさい」{W}",,
39-00-099E-01,39,0,77A76C,099E,1,主婦,"主婦
「今、夕食の準備しているの」{W}",,
39-00-099E-02,39,0,77A76C,099E,2,クレス,"{N1}
「猫の？」{W}",,
39-00-099E-03,39,0,77A76C,099E,3,主婦,"主婦
「そう、猫の」{W}",,
39-00-0A0A-00,39,0,77A76C,0A0A,0,犬好きの人,"犬好きの人
「うううっ、猫だらけ{SPD:10}・・・{SPD:FF}」{W}",,
39-00-0A0A-01,39,0,77A76C,0A0A,1,犬好きの人,"犬好きの人
「なんでやねん・・・」{W}",,
39-00-0A62-00,39,0,77A76C,0A62,0,クレス,"{N1}
「こいつ・・・、犬なのか？」{W}",,
39-00-0A88-00,39,0,77A76C,0A88,0,猫好きのじいさん,"猫好きのじいさん
「わしは猫好きのじいさんぢゃ！
　う～ん、ネコちゃーん▽」{W}",,
39-00-0AD8-00,39,0,77A76C,0AD8,0,ミラルド,"ミラルド
「ユグドラシルを復活させたの！
　じゃあもう旅は終わり？」{W}",,
39-00-0AD8-01,39,0,77A76C,0AD8,1,クラース,"{N4}
「いや、まだやらなければならないこ
　とがある」{W}",,
39-00-0AD8-02,39,0,77A76C,0AD8,2,クラース,"{N4}
「もしかして・・・」{W}",,
39-00-0AD8-03,39,0,77A76C,0AD8,3,ミラルド,"ミラルド
「もしかして・・・」{W}",,
39-00-0AD8-04,39,0,77A76C,0AD8,4,クラース,"{N4}
「いや、何でもない」{W}",,
39-00-0AD8-05,39,0,77A76C,0AD8,5,クラース,"{N4}
「留守を頼むぞ」{W}",,
39-00-0AD8-06,39,0,77A76C,0AD8,6,ミラルド,"ミラルド
「ええ・・・」{W}",,
39-00-0BE2-00,39,0,77A76C,0BE2,0,ミラルド,"ミラルド
「ユグドラシルを救う方法？」{W}",,
39-00-0BE2-01,39,0,77A76C,0BE2,1,ミラルド,"ミラルド
「私じゃ力になれないわ」{W}",,
39-00-0BE2-02,39,0,77A76C,0BE2,2,ミラルド,"ミラルド
「魔術は、破壊の力しか生まないもの
　だから・・・」{W}",,
39-00-0C70-00,39,0,77A76C,0C70,0,ミラルド,"ミラルド
「気をつけてね」{W}",,
39-00-0C70-01,39,0,77A76C,0C70,1,ミラルド,"ミラルド
「くれぐれもこの人の事、よろしく」{W}",,
39-00-0C70-02,39,0,77A76C,0C70,2,クラース,"{N4}
「それが２０代後半の男に言うセリフ
　か・・・？」{W}",,
39-00-0CF6-00,39,0,77A76C,0CF6,0,村の人,"村の人
「ベルアダムの村の東に洞窟があるよ
　ね」{W}",,
39-00-0CF6-01,39,0,77A76C,0CF6,1,村の人,"村の人
「そこに入った人から聞いたんだけど
　・・・」{W}",,
39-00-0CF6-02,39,0,77A76C,0CF6,2,村の人,"村の人
「中には小さな生き物がたくさんいた
　んだって」{W}",,
39-00-0CF6-03,39,0,77A76C,0CF6,3,村の人,"村の人
「・・・精霊かなぁ？」{W}",,
39-00-0DBE-00,39,0,77A76C,0DBE,0,旅の人,"旅の人
「私は旅の者です」{W}",,
39-00-0DBE-01,39,0,77A76C,0DBE,1,旅の人,"旅の人
「ベネツィアから来ました」{W}",,
39-00-0DBE-02,39,0,77A76C,0DBE,2,クレス,"{N1}
「だっ、大丈夫でしたか？」{W}",,
39-00-0DBE-03,39,0,77A76C,0DBE,3,クレス,"{N1}
「女の人が一人旅なんて・・・」{W}",,
39-00-0DBE-04,39,0,77A76C,0DBE,4,旅の人,"旅の人
「神の御加護がありますから」{W}",,
39-00-0DBE-05,39,0,77A76C,0DBE,5,旅の人,"旅の人
「それに、ホーリィボトルをたくさん
　もっていますからね」{W}",,
39-00-0DBE-06,39,0,77A76C,0DBE,6,旅の人,"旅の人
「ホーリィボトルには、神の力が宿っ
　ているといわれています」{W}",,
39-00-0DBE-07,39,0,77A76C,0DBE,7,旅の人,"旅の人
「これを使えば、悪魔といえども寄っ
　てこなくなりますよ」{W}",,
39-00-0F3E-00,39,0,77A76C,0F3E,0,クレス,"{N1}
「暖炉の中をのぞいてみよう」{W}",,
39-00-0F64-00,39,0,77A76C,0F64,0,クレス,"{N1}
「あっちー！！」{W}",,
39-00-0F7E-00,39,0,77A76C,0F7E,0,,　　　　　四大元素と精霊{W},,
39-00-0F7E-01,39,0,77A76C,0F7E,1,,"精霊はそれぞれが司るべき元素、風・
水・火・地がある。{W}",,
39-00-0F7E-02,39,0,77A76C,0F7E,2,,"これがいわゆる四大元素と呼ばれるも
のである。{W}",,
39-00-1002-00,39,0,77A76C,1002,0,,　　　精霊と元素に関する定義{W},,
39-00-1002-01,39,0,77A76C,1002,1,,精霊は実に多くの種類がある。{W},,
39-00-1002-02,39,0,77A76C,1002,2,,"四大元素（風・水・火・地）を中心と
するもの。{W}",,
39-00-1002-03,39,0,77A76C,1002,3,,"また星、月、闇、光などの精神世界に
存在するものなど、実に多種多様であ
る。{W}",,
39-00-10BE-00,39,0,77A76C,10BE,0,,　　　　　精霊と物理世界{W},,
39-00-10BE-01,39,0,77A76C,10BE,1,,"我々のこの物理世界に存在しうる主な
精霊をあげよう。{W}",,
39-00-10BE-02,39,0,77A76C,10BE,2,,"風の精霊シルフ、水の精霊ウンディー
ネ、火の精霊イフリート、地の精霊ノ
ーム・・・{W}",,
39-00-10BE-03,39,0,77A76C,10BE,3,,"それら四大元素を統率する分子の精霊
マクスウェル。{W}",,
39-00-10BE-04,39,0,77A76C,10BE,4,,"その他、月の精霊ルナ、闇の精霊シャ
ドウ、光の精霊アスカなどなど。{W}",,
39-00-10BE-05,39,0,77A76C,10BE,5,,"また、未だ確認されていない精霊
も多数いるようだ。{W}",,
39-00-1210-00,39,0,77A76C,1210,0,,　　　　精霊の社会的構造{W},,
39-00-1210-01,39,0,77A76C,1210,1,,"精霊の世界を社会的に見てみると、ど
うやら上位精霊と下位精霊に分けられ
るようだ。{W}",,
39-00-1210-02,39,0,77A76C,1210,2,,"しかし、今わかっているのは四大精霊
とそれを統率するマクスウェルの存在
のみである。{W}",,
39-00-12D6-00,39,0,77A76C,12D6,0,,　　　　　精霊の社会的構造２{W},,
39-00-12D6-01,39,0,77A76C,12D6,1,,"未確認ではあるが、ルナ、シャドウ、
アスカにも、それら精霊に従う下位精
霊が存在するらしい。{W}",,
39-00-12D6-02,39,0,77A76C,12D6,2,,"また、それらの関係とは全く違った社
会的構造を持つ精霊も、存在するとい
う。{W}",,
39-00-13A2-00,39,0,77A76C,13A2,0,,古い新聞を見つけた。{W},,
39-00-13A2-01,39,0,77A76C,13A2,1,,"『モーリア坑道の地下深くに遺跡らし
　きものを発見』{W}",,
39-00-13A2-02,39,0,77A76C,13A2,2,,"『アルヴァニスタ王はただちに調査隊
　を向かわせる意向を発表した』{W}",,
39-00-13A2-03,39,0,77A76C,13A2,3,,"『考古学者の話ではドワーフ族の住居
　跡ではないか、とのこと』{W}",,
39-00-1474-00,39,0,77A76C,1474,0,,　　　　　精霊と指輪{W},,
39-00-1474-01,39,0,77A76C,1474,1,,"精霊との契約には特別な指輪が必要で
ある。{W}",,
39-00-1474-02,39,0,77A76C,1474,2,,"その指輪はエルフ族であるレオナルド
とドワーフ族の名工ギースの共作とい
われている。{W}",,
39-00-150E-00,39,0,77A76C,150E,0,クレス,"{N1}
「手紙みたいだ」{W}",,
39-00-150E-01,39,0,77A76C,150E,1,,『{N4}・・・』{W},,
39-00-150E-02,39,0,77A76C,150E,2,,"『残念ながら契約の指輪を作る技術は
　失われてしまったようだ』{W}",,
39-00-150E-03,39,0,77A76C,150E,3,,"『あらゆる遺跡を調べてみたのだが・
　・・。だが望みはある。モーリア坑
　道だ』{W}",,
39-00-150E-04,39,0,77A76C,150E,4,,"『あそこで発見されたドワーフ族の遺
　跡に未使用の指輪があるかもしれな
　い』{W}",,
39-00-150E-05,39,0,77A76C,150E,5,,"『一度、そこを調べてみてはどうだろ
　うか？』{W}",,
39-00-164A-00,39,0,77A76C,164A,0,クレス,"{N1}
「お金があった」{W}",,
39-00-164A-01,39,0,77A76C,164A,1,クラース,"{N4}
「あッ、ちょ、ちょっと・・・」{W}",,
39-00-164A-02,39,0,77A76C,164A,2,クラース,"{N4}
「それは・・・」{W}",,
39-00-164A-03,39,0,77A76C,164A,3,,"どうやら、{N4}のヘソクリの
ようだ。{W}",,
39-00-164A-04,39,0,77A76C,164A,4,,元に戻しておこう。{W},,
39-00-16DC-00,39,0,77A76C,16DC,0,クレス,"{N1}
「ここには何もないようだ」{W}",,
39-00-1700-00,39,0,77A76C,1700,0,クレス,"{N1}
「これは呪文書だッ！」{W}",,
39-00-1720-00,39,0,77A76C,1720,0,,"{N3}は
{TITLE:C2}を覚えました。{W}",,
39-00-173E-00,39,0,77A76C,173E,0,クレス,"{N1}
「でも、ぼくが持っててもなぁ」{W}",,
39-00-173E-01,39,0,77A76C,173E,1,クレス,"{N1}
「戻しておこう」{W}",,
39-00-177E-00,39,0,77A76C,177E,0,クレス,"{N1}
「こ、これは・・・ッ！！」{W}",,
39-00-177E-01,39,0,77A76C,177E,1,クレス,"{N1}
「・・・マンガか」{W}",,
39-00-17BC-00,39,0,77A76C,17BC,0,クレス,"{N1}
「これは呪文書だッ！」{W}",,
39-00-17DC-00,39,0,77A76C,17DC,0,,"{N3}は
{TITLE:BF}を覚えました。{W}",,
39-00-17FA-00,39,0,77A76C,17FA,0,？？？,"？？？
「ミラルドか？」{W}",,
39-00-17FA-01,39,0,77A76C,17FA,1,？？？,"？？？
「茶ならそこのテーブルに置いといて
　くれ」{W}",,
39-00-17FA-02,39,0,77A76C,17FA,2,ミント,"{N2}
「あの・・・」{W}",,
39-00-17FA-03,39,0,77A76C,17FA,3,ミント,"{N2}
「{N4}さんですか？」{W}",,
39-00-17FA-04,39,0,77A76C,17FA,4,？？？,"？？？
「んッ？」{W}",,
39-00-1892-00,39,0,77A76C,1892,0,クラース,"{N4}
「そうだが・・・」{W}",,
39-00-18AE-00,39,0,77A76C,18AE,0,クラース,"{N4}
「なにか用か、『お嬢ちゃん』？」{W}",,
39-00-18D8-00,39,0,77A76C,18D8,0,ミント,"{N2}
「{N4}さんのマジツの力を
　貸して欲しいんです」{W}",,
39-00-1912-00,39,0,77A76C,1912,0,クラース,"{N4}
「マジツ？？」{W}",,
39-00-1912-01,39,0,77A76C,1912,1,クラース,"{N4}
「ああ、魔術の受講者か」{W}",,
39-00-194A-00,39,0,77A76C,194A,0,クラース,"{N4}
「だったら、奥のミラルドに言ってく
　れ」{W}",,
39-00-194A-01,39,0,77A76C,194A,1,クラース,"{N4}
「受講料は{VAR:E93880}万ガルド」{W}",,
39-00-194A-02,39,0,77A76C,194A,2,クラース,"{N4}
「・・・前金だ」{W}",,
39-00-194A-03,39,0,77A76C,194A,3,ミント,"{N2}
「えッ、お金？？」{W}",,
39-00-194A-04,39,0,77A76C,194A,4,ミント,"{N2}
「そんなには{SPD:10}・・・{SPD:FF}」{W}",,
39-00-19F5-00,39,0,77A76C,19F5,0,クラース,"{N4}
「それじゃダメだ」{W}",,
39-00-19F5-01,39,0,77A76C,19F5,1,クラース,"{N4}
「出直しておいで、お嬢ちゃん」{W}",,
39-00-19F5-02,39,0,77A76C,19F5,2,ミント,"{N2}
「{SPD:10}・・・・・・{SPD:FF}その呼び方・・・、
　やめて下さいッ！」{W}",,
39-00-19F5-03,39,0,77A76C,19F5,3,クラース,"{N4}
「すまないね」{W}",,
39-00-19F5-04,39,0,77A76C,19F5,4,クラース,"{N4}
「なにしろ、まだ君の名前を知らない
　もので」{W}",,
39-00-1AC9-00,39,0,77A76C,1AC9,0,クラース,"{N4}
「初対面だと思ったのは、私の勘違い
　か？」{W}",,
39-00-1AFF-00,39,0,77A76C,1AFF,0,ミント,"{N2}
「あッ！」{W}",,
39-00-1AFF-01,39,0,77A76C,1AFF,1,ミント,"{N2}
「わ{SPD:10}、{SPD:FF}私{SPD:10}、{SPD:FF}{N2}と言います」{W}",,
39-00-1AFF-02,39,0,77A76C,1AFF,2,ミント,"{N2}
「こちらは・・・
　{N1}さん{SPD:10}・・・・・・{SPD:FF}」{W}",,
39-00-1B7F-00,39,0,77A76C,1B7F,0,クレス,"{N1}
「ダオスを倒すために、マジュツが必
　要なんです」{W}",,
39-00-1B7F-01,39,0,77A76C,1B7F,1,クレス,"{N1}
「力を貸してもらえませんか？」{W}",,
39-00-1BE1-00,39,0,77A76C,1BE1,0,クラース,"{N4}
「ダオスを？」{W}",,
39-00-1BE1-01,39,0,77A76C,1BE1,1,クラース,"{N4}
「{SPD:10}・・・・・・{SPD:FF}本気か？」{W}",,
39-00-1C21-00,39,0,77A76C,1C21,0,クラース,"{N4}
「ふん、呪文をタダで覚えるための口
　実にしては・・・」{W}",,
39-00-1C21-01,39,0,77A76C,1C21,1,クラース,"{N4}
「大風呂敷すぎると思うがな」{W}",,
39-00-1C87-00,39,0,77A76C,1C87,0,クレス,"{N1}
「なッ・・・！」{W}",,
39-00-1C87-01,39,0,77A76C,1C87,1,ミント,"{N2}
「そんなッ！！」{W}",,
39-00-1CB9-00,39,0,77A76C,1CB9,0,？？？？,"？？？？
「{N4}！」{W}",,
39-00-1CB9-01,39,0,77A76C,1CB9,1,？？？？,"？？？？
「ちょっとそんな言い方はないんじゃ
　ない！？」{W}",,
39-00-1D0D-00,39,0,77A76C,1D0D,0,クラース,"{N4}
「ミラルドッ！」{W}",,
39-00-1D27-00,39,0,77A76C,1D27,0,ミラルド,"ミラルド
「まったくもう！」{W}",,
39-00-1D27-01,39,0,77A76C,1D27,1,ミラルド,"ミラルド
「どうしてあなたは・・・」{W}",,
39-00-1D27-02,39,0,77A76C,1D27,2,ミラルド,"ミラルド
「そうぶっきらぼうでがさつで思いや
　りがないの！？」{W}",,
39-00-1D27-03,39,0,77A76C,1D27,3,ミラルド,"ミラルド
「初対面の人でしょ？」{W}",,
39-00-1D27-04,39,0,77A76C,1D27,4,ミラルド,"ミラルド
「あなたのことを頼って、来てるんで
　しょう？」{W}",,
39-00-1D27-05,39,0,77A76C,1D27,5,ミラルド,"ミラルド
「もう少し優しくできないの？」{W}",,
39-00-1D27-06,39,0,77A76C,1D27,6,ミラルド,"ミラルド
「ほん{SPD:40}ッ{SPD:FF}とにばかばかばかばか！！
　もうッ！」{W}",,
39-00-1E79-00,39,0,77A76C,1E79,0,ミラルド,"ミラルド
「ごめんなさいね・・・」{W}",,
39-00-1E79-01,39,0,77A76C,1E79,1,ミラルド,"ミラルド
「あの人・・・、精神的に子供なの」{W}",,
39-00-1ECD-00,39,0,77A76C,1ECD,0,ミラルド,"ミラルド
「あんな人じゃなくて・・・」{W}",,
39-00-1ECD-01,39,0,77A76C,1ECD,1,ミラルド,"ミラルド
「もっと頼りになる人を私が紹介して
　あげるわ」{W}",,
39-00-1ECD-02,39,0,77A76C,1ECD,2,ミラルド,"ミラルド
「{SPD:10}あ・ん・な・人{SPD:FF}じゃなくてね」{W}",,
39-00-1ECD-03,39,0,77A76C,1ECD,3,クラース,"{N4}
「なッ！」{W}",,
39-00-1F77-00,39,0,77A76C,1F77,0,クラース,"{N4}
「おいッ！」{W}",,
39-00-1F77-01,39,0,77A76C,1F77,1,クラース,"{N4}
「あんな人とはなんだ！！」{W}",,
39-00-1F77-02,39,0,77A76C,1F77,2,クラース,"{N4}
「あんな人とはッ！！！」{W}",,
39-00-1FCF-00,39,0,77A76C,1FCF,0,ミラルド,"ミラルド
「・・・悪い？」{W}",,
39-00-1FCF-01,39,0,77A76C,1FCF,1,ミラルド,"ミラルド
「頼りにならない人に向かって、本当
　のことを言って」{W}",,
39-00-202F-00,39,0,77A76C,202F,0,クラース,"{N4}
「ならないわけないだろ！」{W}",,
39-00-202F-01,39,0,77A76C,202F,1,クラース,"{N4}
「だいたい、この辺じゃオレ以外に誰
　がいる！？」{W}",,
39-00-208D-00,39,0,77A76C,208D,0,ミラルド,"ミラルド
「あら、わかってるじゃない」{W}",,
39-00-20B7-00,39,0,77A76C,20B7,0,クラース,"{N4}
「く～～～～～{SPD:10}・・・{SPD:FF}」{W}",,
39-00-20DF-00,39,0,77A76C,20DF,0,ミント,"{N2}
「あの、私たち聞いたんです」{W}",,
39-00-2105-00,39,0,77A76C,2105,0,ミント,"{N2}
「人間にはマジュツって使えないんで
　す{SPD:10}・・・{SPD:FF}よね？」{W}",,
39-00-2105-01,39,0,77A76C,2105,1,ミント,"{N2}
「だから・・・、マジュツの使える
　{N4}さんに・・・」{W}",,
39-00-2105-02,39,0,77A76C,2105,2,ミント,"{N2}
「私たちの仲間になってもらいたいん
　です！」{W}",,
39-00-21C1-00,39,0,77A76C,21C1,0,クラース,"{N4}
「仲間・・・？」{W}",,
39-00-21C1-01,39,0,77A76C,21C1,1,ミント,"{N2}
「はい、そうです」{W}",,
39-00-21F5-00,39,0,77A76C,21F5,0,クラース,"{N4}
「一体どういうことか話を聞こうじゃ
　ないか」{W}",,
39-00-222D-00,39,0,77A76C,222D,0,クラース,"{N4}
「う～ん・・・、未来からねぇ」{W}",,
39-00-222D-01,39,0,77A76C,222D,1,クラース,"{N4}
「信じられないな・・・」{W}",,
39-00-222D-02,39,0,77A76C,222D,2,クレス,"{N1}
「今はまだ、信じてもらえなくても仕
　方がないです」{W}",,
39-00-222D-03,39,0,77A76C,222D,3,ミント,"{N2}
「どちらにしても、ダオスを倒す為に
　は魔術が必要なんです」{W}",,
39-00-222D-04,39,0,77A76C,222D,4,ミント,"{N2}
「お願いです」{W}",,
39-00-222D-05,39,0,77A76C,222D,5,ミント,"{N2}
「力を貸して下さい！」{W}",,
39-00-2329-00,39,0,77A76C,2329,0,クラース,"{N4}
「私も人間なんだ」{W}",,
39-00-2329-01,39,0,77A76C,2329,1,クラース,"{N4}
「耳はとんがってないだろ？」{W}",,
39-00-2329-02,39,0,77A76C,2329,2,クラース,"{N4}
「ハーフエルフっていうわけでもない
　しな」{W}",,
39-00-2329-03,39,0,77A76C,2329,3,クラース,"{N4}
「くやしいが・・・、私も魔術は使え
　ない」{W}",,
39-00-2329-04,39,0,77A76C,2329,4,ミント,"{N2}
「そんな・・・」{W}",,
39-00-2329-05,39,0,77A76C,2329,5,クラース,"{N4}
「だが・・・」{W}",,
39-00-2329-06,39,0,77A76C,2329,6,クラース,"{N4}
「いつか必ず人間でも魔術が使えるよ
　うにしてみせるさ！」{W}",,
39-00-2329-07,39,0,77A76C,2329,7,クラース,"{N4}
「その第一歩として召喚術というもの
　を研究している」{W}",,
39-00-247F-00,39,0,77A76C,247F,0,ミラルド,"ミラルド
「まだ使えないのよね」{W}",,
39-00-24A3-00,39,0,77A76C,24A3,0,クラース,"{N4}
「いちいちうるさいな」{W}",,
39-00-24C3-00,39,0,77A76C,24C3,0,クラース,"{N4}
「早速で悪いが、ローンヴァレイにつ
　き合ってくれ」{W}",,
39-00-24C3-01,39,0,77A76C,24C3,1,クラース,"{N4}
「{N1}に{N2}{SPD:10}・・・{SPD:FF}
　だったかな」{W}",,
39-00-24C3-02,39,0,77A76C,24C3,2,クレス・ミント,"{N1}・{N2}
「はっ、はい！」{W}",,
39-00-24C3-03,39,0,77A76C,24C3,3,ミント,"{N2}
「ありがとうございます！！」{W}",,
39-00-2575-00,39,0,77A76C,2575,0,ミラルド,"ミラルド
「そうそう」{W}",,
39-00-258F-00,39,0,77A76C,258F,0,ミラルド,"ミラルド
「ここにある書物は魔術や精霊に関す
　るものばかりなの」{W}",,
39-00-258F-01,39,0,77A76C,258F,1,ミラルド,"ミラルド
「参考に読んでみたら？」{W}",,
39-00-25F9-00,39,0,77A76C,25F9,0,ミラルド,"ミラルド
「それから・・・」{W}",,
39-00-25F9-01,39,0,77A76C,25F9,1,ミラルド,"ミラルド
「これも忘れずにね」{W}",,
39-00-2639-00,39,0,77A76C,2639,0,,{ITEM:9F}を手に入れました。{W},,
39-00-2653-00,39,0,77A76C,2653,0,,{N2}は新しい称号を得ました。{W},,
39-00-2673-00,39,0,77A76C,2673,0,ミント,"{N2}
「お母さん」{W}",,
39-00-2689-00,39,0,77A76C,2689,0,ミントの母・メリル,"{N2}の母・メリル
「な～に？」{W}",,
39-00-2689-01,39,0,77A76C,2689,1,ミント,"{N2}
「それ、きれい・・・」{W}",,
39-00-2689-02,39,0,77A76C,2689,2,メリル,"メリル
「ああ、これ？」{W}",,
39-00-2689-03,39,0,77A76C,2689,3,ミント,"{N2}
「耳につけてるの・・・、欲しいな」{W}",,
39-00-270D-00,39,0,77A76C,270D,0,メリル,"メリル
「このイヤリングはね・・・、ダメな
　の」{W}",,
39-00-270D-01,39,0,77A76C,270D,1,ミント,"{N2}
「どおして？」{W}",,
39-00-270D-02,39,0,77A76C,270D,2,メリル,"メリル
「これはね、お母さんのお母さんから
　もらった・・・」{W}",,
39-00-270D-03,39,0,77A76C,270D,3,メリル,"メリル
「大事な大事な法術師の証なの」{W}",,
39-00-27C1-00,39,0,77A76C,27C1,0,ミント,"{N2}
「お母さんのタイセツなもの？」{W}",,
39-00-27C1-01,39,0,77A76C,27C1,1,メリル,"メリル
「そうよ」{W}",,
39-00-27FD-00,39,0,77A76C,27FD,0,ミント,"{N2}
「お馬さんの形してるよ？」{W}",,
39-00-27FD-01,39,0,77A76C,27FD,1,メリル,"メリル
「ユニコーンっていうのよ」{W}",,
39-00-27FD-02,39,0,77A76C,27FD,2,メリル,"メリル
「この馬は法術師の象徴なの」{W}",,
39-00-27FD-03,39,0,77A76C,27FD,3,ミント,"{N2}
「ショウ、チョウ・・・？」{W}",,
39-00-27FD-04,39,0,77A76C,27FD,4,メリル,"メリル
「じゃあ、イヤリングのかわりにこの
　帽子をあげるから」{W}",,
39-00-27FD-05,39,0,77A76C,27FD,5,メリル,"メリル
「・・・これで我慢してね」{W}",,
39-00-28F3-00,39,0,77A76C,28F3,0,ミント,"{N2}
「お母さん、ありがとう」{W}",,
39-00-28F3-01,39,0,77A76C,28F3,1,メリル,"メリル
「ちょっと大きすぎたかしら」{W}",,
39-00-28F3-02,39,0,77A76C,28F3,2,メリル,"メリル
「でもよく似合ってるわ」{W}",,
39-00-28F3-03,39,0,77A76C,28F3,3,メリル,"メリル
「これであなたも立派な法術師ね」{W}",,
39-00-28F3-04,39,0,77A76C,28F3,4,ミント,"{N2}
「うんっ！」{W}",,
39-00-28F3-05,39,0,77A76C,28F3,5,ミント,"{N2}
「わたしもお母さんみたいな法術師
　になる！」{W}",,
39-00-29D1-00,39,0,77A76C,29D1,0,ミラルド,"ミラルド
「はい、じゃあ今日の授業はここまで
　ね」{W}",,
39-00-29D1-01,39,0,77A76C,29D1,1,ミラルド,"ミラルド
「基本的なことはだいたい今日で終わ
　りね」{W}",,
39-00-29D1-02,39,0,77A76C,29D1,2,生徒,"生徒
「ありがとうございます」{W}",,
39-00-29D1-03,39,0,77A76C,29D1,3,生徒,"生徒
「ところで、{N4}さんは、
　いつ戻って来るんですか？」{W}",,
39-00-29D1-04,39,0,77A76C,29D1,4,生徒,"生徒
「・・・ダオスをやっつけたんですよ
　ね？」{W}",,
39-00-29D1-05,39,0,77A76C,29D1,5,生徒,"生徒
「村長も大喜びで・・・」{W}",,
39-00-29D1-06,39,0,77A76C,29D1,6,生徒,"生徒
「村をあげてパーティーやるんだって
　はりきってますよ」{W}",,
39-00-29D1-07,39,0,77A76C,29D1,7,ミラルド,"ミラルド
「・・・さあねぇ」{W}",,
39-00-29D1-08,39,0,77A76C,29D1,8,ミラルド,"ミラルド
「まあ、あいつはゴーレムの頑丈さと
　ゾンビ並みの生命力があるから」{W}",,
39-00-29D1-09,39,0,77A76C,29D1,9,ミラルド,"ミラルド
「・・・きっと元気でしょ！」{W}",,
39-00-29D1-10,39,0,77A76C,29D1,10,生徒,"生徒
「はは・・・」{W}",,
39-00-29D1-11,39,0,77A76C,29D1,11,生徒,"生徒
「そっ、そんなもんですかね」{W}",,
39-00-29D1-12,39,0,77A76C,29D1,12,生徒,"生徒
「それじゃあ、また明日」{W}",,
39-00-29D1-13,39,0,77A76C,29D1,13,ミラルド,"ミラルド
「ええ」{W}",,
39-00-2C37-00,39,0,77A76C,2C37,0,ミラルド,"ミラルド
「まったく、どこほっつき歩いてんの
　かしらねぇ」{W}",,
39-00-2C37-01,39,0,77A76C,2C37,1,ミラルド,"ミラルド
「役に立ってると・・・、いいんだけ
　ど・・・」{W}",,
39-00-2CB3-00,39,0,77A76C,2CB3,0,ミラルド,"ミラルド
「・・・まっ、気長に待っててあげる
　わ！」{W}",,
39-00-2CED-00,39,0,77A76C,2CED,0,料理人,"料理人
「サンドイッチ作ってるかい？」{W}",,
39-00-2D17-00,39,0,77A76C,2D17,0,料理人,"料理人
「私は『すばらしき味の世界』の住人
　だ」{W}",,
39-00-2D17-01,39,0,77A76C,2D17,1,料理人,"料理人
「この味をより多くの人に伝えたい」{W}",,
39-00-2D17-02,39,0,77A76C,2D17,2,料理人,"料理人
「君も私の世界に触れてみないか？」",,
39-00-2DA3-00,39,0,77A76C,2DA3,0,料理人,"料理人
「この料理を伝授しよう！」{W}",,
39-00-2DC9-00,39,0,77A76C,2DC9,0,,"{COL:2}サンドイッチを料理できるようになり
ました。{W}",,
39-00-2DC9-01,39,0,77A76C,2DC9,1,,{COL:0},,
39-00-2E01-00,39,0,77A76C,2E01,0,料理人,"料理人
「おお、なんということだ！」{W}",,
39-00-2E29-00,39,0,77A76C,2E29,0,クラース,"{N4}
「おいッ、ミラルド！」{W}",,
39-00-2E49-00,39,0,77A76C,2E49,0,クラース,"{N4}
「いないのか？」{W}",,
39-00-2E63-00,39,0,77A76C,2E63,0,ミラルド,"ミラルド
「なんなのよ、大声出して！」{W}",,
39-00-2E8D-00,39,0,77A76C,2E8D,0,クラース,"{N4}
「聞いてくれ！」{W}",,
39-00-2E8D-01,39,0,77A76C,2E8D,1,クラース,"{N4}
「私は間違ってなかったんだ！」{W}",,
39-00-2E8D-02,39,0,77A76C,2E8D,2,クラース,"{N4}
「頭のカタい学会のやつらを見返して
　やるぞ！」{W}",,
39-00-2E8D-03,39,0,77A76C,2E8D,3,ミラルド,"ミラルド
「・・・・・・」{W}",,
39-00-2F21-00,39,0,77A76C,2F21,0,ミラルド,"ミラルド
「だから、いったいなんなのよ」{W}",,
39-00-2F21-01,39,0,77A76C,2F21,1,ミラルド,"ミラルド
「とりあえず、落ち着いて話してくれ
　ない？」{W}",,
39-00-2F21-02,39,0,77A76C,2F21,2,クラース,"{N4}
「あ、ああ、すまん・・・」{W}",,
39-00-2FA9-00,39,0,77A76C,2FA9,0,クラース,"{N4}
「落ち着いて聞いてくれ・・・」{W}",,
39-00-2FD1-00,39,0,77A76C,2FD1,0,クラース,"{N4}
「まぁ、たいした事ではないんだが・
　・・」{W}",,
39-00-2FD1-01,39,0,77A76C,2FD1,1,クラース,"{N4}
「先ほど、風の精霊シルフと契約を結
　んできた」{W}",,
39-00-303F-00,39,0,77A76C,303F,0,クラース,"{N4}
「これで、私もエルフの魔術師と同等
　の力を得たんだ」{W}",,
39-00-303F-01,39,0,77A76C,303F,1,クラース,"{N4}
「私の研究は間違っていなかったとい
　うことだ」{W}",,
39-00-30B7-00,39,0,77A76C,30B7,0,ミラルド,"ミラルド
「・・・そう、よかったわねぇ」{W}",,
39-00-30E3-00,39,0,77A76C,30E3,0,クラース,"{N4}
「・・・って、おいッ！」{W}",,
39-00-3105-00,39,0,77A76C,3105,0,クラース,"{N4}
「もう少しなんかないのか？」{W}",,
39-00-312B-00,39,0,77A76C,312B,0,クラース,"{N4}
「私がどれだけ研究していたか、お前
　も知っているだろう！」{W}",,
39-00-312B-01,39,0,77A76C,312B,1,ミラルド,"ミラルド
「・・・しってるわよΩ」{W}",,
39-00-312B-02,39,0,77A76C,312B,2,ミラルド,"ミラルド
「知ってるから、そんな事でいちいち
　驚かないわ」{W}",,
39-00-312B-03,39,0,77A76C,312B,3,ミラルド,"ミラルド
「それともなに？」{W}",,
39-00-312B-04,39,0,77A76C,312B,4,ミラルド,"ミラルド
「あなたは自分の研究に自信がなかっ
　たわけ？」{W}",,
39-00-322D-00,39,0,77A76C,322D,0,クラース,"{N4}
「うッ・・・」{W}",,
39-00-322D-01,39,0,77A76C,322D,1,ミラルド,"ミラルド
「まったく・・・」{W}",,
39-00-3263-00,39,0,77A76C,3263,0,クレス,"{N1}
「{N4}さんって・・・」{W}",,
39-00-3263-01,39,0,77A76C,3263,1,クレス,"{N1}
「家では、尻にしかれてるみたいだね
　・・・Ω」{W}",,
39-00-3263-02,39,0,77A76C,3263,2,ミント,"{N2}
「みたい・・・」{W}",,
39-00-32D3-00,39,0,77A76C,32D3,0,ミラルド,"ミラルド
「まあ、とにかくおめでとう」{W}",,
39-00-32D3-01,39,0,77A76C,32D3,1,ミラルド,"ミラルド
「でも、まだまだこれからなんでしょ
　う？」{W}",,
39-00-32D3-02,39,0,77A76C,32D3,2,ミラルド,"ミラルド
「がんばってね」{W}",,
39-00-32D3-03,39,0,77A76C,32D3,3,クラース,"{N4}
「ああ！」{W}",,
39-00-3363-00,39,0,77A76C,3363,0,ミラルド,"ミラルド
「二人とも、これからもこの人のこと
　よろしくね」{W}",,
39-00-3363-01,39,0,77A76C,3363,1,クレス,"{N1}
「はは・・・」{W}",,
39-00-33B9-00,39,0,77A76C,33B9,0,クラース,"{N4}
「・・・ミラルドか？」{W}",,
39-00-33D9-00,39,0,77A76C,33D9,0,ミラルド,"ミラルド
「お茶、入ったわよ」{W}",,
39-00-33FB-00,39,0,77A76C,33FB,0,クラース,"{N4}
「・・・ああ」{W}",,
39-00-3413-00,39,0,77A76C,3413,0,ミラルド,"ミラルド
「ここ{SPD:10}、{SPD:FF}置いとくわね」{W}",,
39-00-343F-00,39,0,77A76C,343F,0,クラース,"{N4}
「・・・ああ」{W}",,
39-00-3457-00,39,0,77A76C,3457,0,ミラルド,"ミラルド
「・・・あまり、無理しないほうがい
　いんじゃない？」{W}",,
39-00-349B-00,39,0,77A76C,349B,0,クラース,"{N4}
「・・・ああ」{W}",,
39-00-34B3-00,39,0,77A76C,34B3,0,クラース,"{N4}
「なんだ？」{W}",,
39-00-34B3-01,39,0,77A76C,34B3,1,クラース,"{N4}
「なにか用でもあるのか？」{W}",,
39-00-34B3-02,39,0,77A76C,34B3,2,ミラルド,"ミラルド
「・・・別に」{W}",,
39-00-34B3-03,39,0,77A76C,34B3,3,クラース,"{N4}
「だったら少し放っておいてくれない
　か？」{W}",,
39-00-3539-00,39,0,77A76C,3539,0,クラース,"{N4}
「今は手が離せないんだ」{W}",,
39-00-355B-00,39,0,77A76C,355B,0,ミラルド,"ミラルド
「{SPD:10}・・・・・・・・・{SPD:FF}」{W}",,
40-00-0000-00,40,0,77F678,0000,0,クレス,"{N1}
「{N4}さん・・・」{W}",,
40-00-0000-01,40,0,77F678,0000,1,クレス,"{N1}
「ぼくは一体・・・？」{W}",,
40-00-0000-02,40,0,77F678,0000,2,クラース,"{N4}
「メイアーにとりついていた魔物にや
　られたんだ」{W}",,
40-00-0000-03,40,0,77F678,0000,3,クラース,"{N4}
「でも、もう大丈夫だ」{W}",,
40-00-0000-04,40,0,77F678,0000,4,クレス,"{N1}
「メイアーさんは？」{W}",,
40-00-00AE-00,40,0,77F678,00AE,0,クレス,"{N1}
「ダメでしたか・・・」{W}",,
40-00-00AE-01,40,0,77F678,00AE,1,クラース,"{N4}
「これからは私たちも、うかうかして
　られないぞ」{W}",,
40-00-00AE-02,40,0,77F678,00AE,2,クラース,"{N4}
「存在をダオスに知られてしまったか
　らな{SPD:10}・・・{SPD:FF}」{W}",,
40-00-014A-00,40,0,77F678,014A,0,,{COL:3}休みますか？{COL:2},,
40-00-0160-00,40,0,77F678,0160,0,クレス,"{N1}
「{N2}、{N2}、
　敵だッ！」{W}",,
40-00-0160-01,40,0,77F678,0160,1,クレス,"{N1}
「起きろッ！！」{W}",,
40-00-0160-02,40,0,77F678,0160,2,ミント,"{N2}
「{SPD:10}・・・{SPD:FF}気持ち悪いです～{SPD:10}・・・{SPD:FF}
　船酔いしたみたいです・・・」{W}",,
40-00-01F4-00,40,0,77F678,01F4,0,クレス,"{N1}
「{N3}、敵だッ！」{W}",,
40-00-01F4-01,40,0,77F678,01F4,1,クレス,"{N1}
「起きろッ！」{W}",,
40-00-01F4-02,40,0,77F678,01F4,2,アーチェ,"{N3}
「ダメ～～～・・・」{W}",,
40-00-01F4-03,40,0,77F678,01F4,3,アーチェ,"{N3}
「頭がガンガンする～・・・」{W}",,
40-00-01F4-04,40,0,77F678,01F4,4,アーチェ,"{N3}
「風邪かな～・・・」{W}",,
40-00-01F4-05,40,0,77F678,01F4,5,クレス,"{N1}
「だっ・・・、ダメだこりゃ」{W}",,
40-00-02A6-00,40,0,77F678,02A6,0,,{N3}は新しい称号を得ました。{W},,
40-00-02C6-00,40,0,77F678,02C6,0,クラース,"{N4}
「気持ち悪い～」{W}",,
40-00-02C6-01,40,0,77F678,02C6,1,クラース,"{N4}
「頭がガンガンする～」{W}",,
40-00-02FE-00,40,0,77F678,02FE,0,船乗り,"船乗り
「うう・・・」{W}",,
40-00-02FE-01,40,0,77F678,02FE,1,船乗り,"船乗り
「船酔いしました」{W}",,
40-00-02FE-02,40,0,77F678,02FE,2,船乗り,"船乗り
「気持ち悪い・・・」{W}",,
40-00-0352-00,40,0,77F678,0352,0,船乗り,"船乗り
「船長いなかった？」{W}",,
40-00-0352-01,40,0,77F678,0352,1,船乗り,"船乗り
「町にでも出かけたかな？」{W}",,
40-00-0352-02,40,0,77F678,0352,2,船乗り,"船乗り
「すぐに戻ってくるとは思うけど」{W}",,
40-00-03C0-00,40,0,77F678,03C0,0,船乗り,"船乗り
「船長なら船長室じゃないか？」{W}",,
40-00-03C0-01,40,0,77F678,03C0,1,船乗り,"船乗り
「えっ？」{W}",,
40-00-03C0-02,40,0,77F678,03C0,2,船乗り,"船乗り
「そんな事、聞いてないって？」{W}",,
40-00-0426-00,40,0,77F678,0426,0,行商人,"行商人
「いらしゃい」{W}",,
40-00-0440-00,40,0,77F678,0440,0,船乗り,"船乗り
「こう、待ってるだけっていうのも退
　屈だよな」{W}",,
40-00-047C-00,40,0,77F678,047C,0,船乗り,"船乗り
「のんびり行こうよ、のんびり」{W}",,
40-00-04A6-00,40,0,77F678,04A6,0,船乗り,"船乗り
「よっ、なんか買わねえか？」{W}",,
40-00-04CE-00,40,0,77F678,04CE,0,船乗り,"船乗り
「どうもッ！」{W}",,
40-00-04CE-01,40,0,77F678,04CE,1,船乗り,"船乗り
「へへっ、いいこづかい稼ぎだぜ！」{W}",,
40-00-0514-00,40,0,77F678,0514,0,船乗り,"船乗り
「さてと・・・、次はなにを運ぼうか
　・・・」{W}",,
40-00-054E-00,40,0,77F678,054E,0,船乗り,"船乗り
「荷物のチェックをしています」{W}",,
40-00-0578-00,40,0,77F678,0578,0,船乗り,"船乗り
「海の男にゃ～、惚れるなよ～」{W}",,
40-00-05A2-00,40,0,77F678,05A2,0,船乗り,"船乗り
「あーー、もーー！！」{W}",,
40-00-05A2-01,40,0,77F678,05A2,1,船乗り,"船乗り
「仕事キツすぎるーッ！！」{W}",,
40-00-05E8-00,40,0,77F678,05E8,0,船乗り,"船乗り
「一体・・・、なんなんだよ、あの男
　は・・・？」{W}",,
40-00-0626-00,40,0,77F678,0626,0,船長,"船長
「あっ、あんた！」{W}",,
40-00-0626-01,40,0,77F678,0626,1,船長,"船長
「早く・・・、あの男をなんとかして
　くれ！」{W}",,
40-00-0626-02,40,0,77F678,0626,2,船長,"船長
「人間とは思えない力で暴れ回ってい
　るんだ！！」{W}",,
40-00-06B2-00,40,0,77F678,06B2,0,船乗り,"船乗り
「ひ～～～、怖いよ～～～」{W}",,
40-00-06D8-00,40,0,77F678,06D8,0,クレス,"{N1}
「メイアーさんッ！」{W}",,
40-00-06D8-01,40,0,77F678,06D8,1,クレス,"{N1}
「しっかりするんだ！！」{W}",,
40-00-06D8-02,40,0,77F678,06D8,2,メイアー,"メイアー
「たっ、助けて{SPD:10}・・・・・・{SPD:FF}」{W}",,
40-00-0746-00,40,0,77F678,0746,0,クラース,"{N4}
「{N1}、大丈夫かッ！！」{W}",,
40-00-0746-01,40,0,77F678,0746,1,クレス,"{N1}
「メイアーさんに魔物がとりついてい
　ました{SPD:10}・・・{SPD:FF}」{W}",,
40-00-0746-02,40,0,77F678,0746,2,クラース,"{N4}
「たぶんダオスの側近だな」{W}",,
40-00-0746-03,40,0,77F678,0746,3,クラース,"{N4}
「アルヴァニスタの内情を知る私たち
　を殺そうとしたんだ」{W}",,
40-00-0746-04,40,0,77F678,0746,4,クラース,"{N4}
「ところでメイアーは？」{W}",,
40-00-0830-00,40,0,77F678,0830,0,クラース,"{N4}
「ダメか{SPD:10}・・・{SPD:FF}」{W}",,
40-00-0830-01,40,0,77F678,0830,1,クラース,"{N4}
「これからは私たちも、うかうかして
　られないぞ」{W}",,
40-00-0830-02,40,0,77F678,0830,2,クラース,"{N4}
「存在をダオスに知られてしまったか
　らな{SPD:10}・・・{SPD:FF}」{W}",,
40-00-08CE-00,40,0,77F678,08CE,0,バーテン,"バーテン
「いらっしゃい」{W}",,
40-00-08EC-00,40,0,77F678,08EC,0,クラース,"{N4}
「さて・・・」{W}",,
40-00-08EC-01,40,0,77F678,08EC,1,クラース,"{N4}
「私たちは、どこに座るかな・・・」{W}",,
40-00-08EC-02,40,0,77F678,08EC,2,？？？,"？？？
「よぉっ！！」{W}",,
40-00-0946-00,40,0,77F678,0946,0,メイアー,"メイアー
「どうだ？」{W}",,
40-00-0946-01,40,0,77F678,0946,1,メイアー,"メイアー
「一緒に食べないか？」{W}",,
40-00-0982-00,40,0,77F678,0982,0,クラース,"{N4}
「そうだな」{W}",,
40-00-0982-01,40,0,77F678,0982,1,クラース,"{N4}
「ほかの席も空いてないみたいだし」{W}",,
40-00-09C2-00,40,0,77F678,09C2,0,メイアー,"メイアー
「酒はどうだい？」{W}",,
40-00-09C2-01,40,0,77F678,09C2,1,メイアー,"メイアー
「いけるくちだろう？」{W}",,
40-00-0A04-00,40,0,77F678,0A04,0,クラース,"{N4}
「いいねぇ！」{W}",,
40-00-0A1C-00,40,0,77F678,0A1C,0,メイアー,"メイアー
「偶然の出会いにカンパイ！」{W}",,
40-00-0A1C-01,40,0,77F678,0A1C,1,クラース,"{N4}
「カンパーイ！」{W}",,
40-00-0A5E-00,40,0,77F678,0A5E,0,メイアー,"メイアー
「おーい」{W}",,
40-00-0A5E-01,40,0,77F678,0A5E,1,メイアー,"メイアー
「どんどん持って来てくれ！」{W}",,
40-00-0A9E-00,40,0,77F678,0A9E,0,,　　　　１時間後・・・・・・{W},,
40-00-0ABE-00,40,0,77F678,0ABE,0,クレス,"{N1}
（この二人、いつまで飲んでるんだろ
　う？）{W}",,
40-00-0AF4-00,40,0,77F678,0AF4,0,,　　　　２時間後・・・・・・{W},,
40-00-0B14-00,40,0,77F678,0B14,0,クレス,"{N1}
『{N3}、大丈夫か・・・？』{W}",,
40-00-0B14-01,40,0,77F678,0B14,1,ミント,"{N2}
『でも、お酒を飲んでるわけじゃない
　ですから・・・』{W}",,
40-00-0B76-00,40,0,77F678,0B76,0,,　　　　３時間後・・・・・・{W},,
40-00-0B96-00,40,0,77F678,0B96,0,メイアー,"メイアー
「でな、徹夜で仕事しておきながら・
　・・」{W}",,
40-00-0B96-01,40,0,77F678,0B96,1,メイアー,"メイアー
「全部無駄になっちまったというわけ
　よッ！」{W}",,
40-00-0B96-02,40,0,77F678,0B96,2,クラース,"{N4}
「はっはっは！！」{W}",,
40-00-0B96-03,40,0,77F678,0B96,3,クラース,"{N4}
「そりゃあいい！！」{W}",,
40-00-0C40-00,40,0,77F678,0C40,0,メイアー,"メイアー
「ところで{SPD:10}・・・{SPD:FF}」{W}",,
40-00-0C40-01,40,0,77F678,0C40,1,クラース,"{N4}
「ところで？」{W}",,
40-00-0C40-02,40,0,77F678,0C40,2,メイアー,"メイアー
「ここだけの話なんだが{SPD:10}・・・{SPD:FF}」{W}",,
40-00-0C40-03,40,0,77F678,0C40,3,クラース,"{N4}
「なんだ？」{W}",,
40-00-0CC4-00,40,0,77F678,0CC4,0,クラース,"{N4}
「おい、もったいぶらずに言ってみろ
　よ」{W}",,
40-00-0CC4-01,40,0,77F678,0CC4,1,メイアー,"メイアー
「オレは実はモーリア坑道に行くのが
　目的じゃないんだ」{W}",,
40-00-0CC4-02,40,0,77F678,0CC4,2,クラース,"{N4}
「なんだって？」{W}",,
40-00-0D54-00,40,0,77F678,0D54,0,アーチェ,"{N3}
「はうーーーッ！！！」{W}",,
40-00-0D74-00,40,0,77F678,0D74,0,アーチェ,"{N3}
「ダメよ、{N1}」{W}",,
40-00-0D74-01,40,0,77F678,0D74,1,アーチェ,"{N3}
「そんなトコ触っちゃ{SPD:10}・・・{SPD:FF}▽」{W}",,
40-00-0DBC-00,40,0,77F678,0DBC,0,メイアー,"メイアー
「オレの本当の目的は・・・」{W}",,
40-00-0DBC-01,40,0,77F678,0DBC,1,メイアー,"メイアー
「冒険者ギルドにいる知り合いを通じ
　て・・・」{W}",,
40-00-0DBC-02,40,0,77F678,0DBC,2,メイアー,"メイアー
「アルヴァニスタに関する秘密の情報
　を売りに行くことなんだ」{W}",,
40-00-0DBC-03,40,0,77F678,0DBC,3,クラース,"{N4}
「情報{SPD:10}・・・？{SPD:FF}」{W}",,
40-00-0DBC-04,40,0,77F678,0DBC,4,メイアー,"メイアー
「そうさ」{W}",,
40-00-0DBC-05,40,0,77F678,0DBC,5,メイアー,"メイアー
「一見、平和に見えるアルヴァニスタ
　は・・・」{W}",,
40-00-0DBC-06,40,0,77F678,0DBC,6,メイアー,"メイアー
「実はほとんどダオスの支配下に入っ
　ているようなものだ」{W}",,
40-00-0DBC-07,40,0,77F678,0DBC,7,メイアー,"メイアー
「・・・っていう話なんだ」{W}",,
40-00-0DBC-08,40,0,77F678,0DBC,8,クラース,"{N4}
「なんだってッ！？」{W}",,
40-00-0DBC-09,40,0,77F678,0DBC,9,クラース,"{N4}
「どっ、・・・どうして？」{W}",,
40-00-0DBC-10,40,0,77F678,0DBC,10,メイアー,"メイアー
「ここが重要なんだが{SPD:10}・・・{SPD:FF}」{W}",,
40-00-0DBC-11,40,0,77F678,0DBC,11,メイアー,"メイアー
「アルヴァニスタの唯一の跡取りであ
　るレアード王子が・・・」{W}",,
40-00-0DBC-12,40,0,77F678,0DBC,12,メイアー,"メイアー
「ダオスの側近の操り人形になってい
　るらしいんだ」{W}",,
40-00-0DBC-13,40,0,77F678,0DBC,13,メイアー,"メイアー
「東方の大国ミッドガルズとタメをは
　るあの国が・・・」{W}",,
40-00-0DBC-14,40,0,77F678,0DBC,14,メイアー,"メイアー
「表立ってダオスと争わないのは裏に
　そんな理由があるからさ」{W}",,
40-00-10D0-00,40,0,77F678,10D0,0,クラース,"{N4}
「おどろいたな{SPD:10}・・・{SPD:FF}」{W}",,
40-00-10F8-00,40,0,77F678,10F8,0,アーチェ,"{N3}
「あいーーーッ！！！」{W}",,
40-00-1118-00,40,0,77F678,1118,0,アーチェ,"{N3}
「ダメだったら▽」{W}",,
40-00-1118-01,40,0,77F678,1118,1,アーチェ,"{N3}
「{N1}{SPD:10}・・・{SPD:FF}」{W}",,
40-00-1152-00,40,0,77F678,1152,0,メイアー,"メイアー
「とっ{SPD:10}・・・{SPD:FF}、とにかく！」{W}",,
40-00-1152-01,40,0,77F678,1152,1,メイアー,"メイアー
「このことは絶対秘密にしておいてく
　れよ」{W}",,
40-00-1152-02,40,0,77F678,1152,2,メイアー,"メイアー
「さてと・・・」{W}",,
40-00-1152-03,40,0,77F678,1152,3,メイアー,"メイアー
「そろそろお開きにするか」{W}",,
40-00-1152-04,40,0,77F678,1152,4,クラース,"{N4}
「そうだな」{W}",,
40-00-1210-00,40,0,77F678,1210,0,クラース,"{N4}
「{N3}」{W}",,
40-00-1210-01,40,0,77F678,1210,1,クラース,"{N4}
「そんな所で寝てたら、風邪ひくぞ」{W}",,
40-00-1210-02,40,0,77F678,1210,2,アーチェ,"{N3}
「{N1}のばかぁ{SPD:10}・・・{SPD:FF}」{W}",,
40-00-1210-03,40,0,77F678,1210,3,クラース,"{N4}
（一体・・・、どういう夢を見てるん
　だ・・・？）{W}",,
40-00-12AC-00,40,0,77F678,12AC,0,クラース,"{N4}
「よっこいしょ・・・」{W}",,
40-00-12CC-00,40,0,77F678,12CC,0,クラース,"{N4}
「ほら{N3}」{W}",,
40-00-12CC-01,40,0,77F678,12CC,1,クラース,"{N4}
「着いたぞ」{W}",,
40-00-12CC-02,40,0,77F678,12CC,2,アーチェ,"{N3}
「頭痛～い、熱っぽいよ～・・・」{W}",,
40-00-131E-00,40,0,77F678,131E,0,クレス,"{N1}
「あっ、メイアーさん」{W}",,
40-00-131E-01,40,0,77F678,131E,1,クレス,"{N1}
「おはようございます」{W}",,
40-00-131E-02,40,0,77F678,131E,2,クレス,"{N1}
「どうしたんですか？」{W}",,
40-00-131E-03,40,0,77F678,131E,3,メイアー,"メイアー
「{SPD:10}・・・・・・{SPD:FF}」{W}",,
40-00-139E-00,40,0,77F678,139E,0,クラース,"{N4}
「{N1}！」{W}",,
40-00-139E-01,40,0,77F678,139E,1,クラース,"{N4}
「危ない！！」{W}",,
40-00-13C8-00,40,0,77F678,13C8,0,クレス,"{N1}
「{N4}さん、なにを！？」{W}",,
40-00-13EA-00,40,0,77F678,13EA,0,クラース,"{N4}
「{N1}、外だ！」{W}",,
40-00-13EA-01,40,0,77F678,13EA,1,クラース,"{N4}
「メイアーは操られているんだ！」{W}",,
40-00-142C-00,40,0,77F678,142C,0,クレス,"{N1}
「{N4}さん・・・」{W}",,
40-00-142C-01,40,0,77F678,142C,1,クレス,"{N1}
「大丈夫ですか！？」{W}",,
40-00-142C-02,40,0,77F678,142C,2,クラース,"{N4}
「うう・・・・・・」{W}",,
40-00-142C-03,40,0,77F678,142C,3,クラース,"{N4}
「頭が痛い・・・」{W}",,
40-00-142C-04,40,0,77F678,142C,4,クラース,"{N4}
「二日酔いだ・・・」{W}",,
40-00-142C-05,40,0,77F678,142C,5,クレス,"{N1}
「{N4}さんは、このまま
　休んでて下さい」{W}",,
40-00-142C-06,40,0,77F678,142C,6,クレス,"{N1}
「ぼくが行きます！」{W}",,
40-00-1504-00,40,0,77F678,1504,0,アーチェ,"{N3}
「潮風が気持ちいいね～」{W}",,
40-00-1504-01,40,0,77F678,1504,1,ミント,"{N2}
「そうですね」{W}",,
40-00-153C-00,40,0,77F678,153C,0,クラース,"{N4}
『なあ{N1}』{W}",,
40-00-153C-01,40,0,77F678,153C,1,クラース,"{N4}
『お前どっちを狙ってるんだ？』{W}",,
40-00-1578-00,40,0,77F678,1578,0,クレス,"{N1}
『えッ？』{W}",,
40-00-1578-01,40,0,77F678,1578,1,クレス,"{N1}
『なんのことです？』{W}",,
40-00-1578-02,40,0,77F678,1578,2,クラース,"{N4}
『{N2}と{N3}さ！』{W}",,
40-00-1578-03,40,0,77F678,1578,3,クラース,"{N4}
『お前はどっち狙いなんだ？』{W}",,
40-00-1578-04,40,0,77F678,1578,4,クラース,"{N4}
『まあ{N2}は{SPD:10}・・・{SPD:FF}』{W}",,
40-00-1578-05,40,0,77F678,1578,5,クラース,"{N4}
『清楚で落ち着きがあってさ、そこが
　いいよな～』{W}",,
40-00-1578-06,40,0,77F678,1578,6,クラース,"{N4}
『{N3}の方は{SPD:10}・・・{SPD:FF}』{W}",,
40-00-1578-07,40,0,77F678,1578,7,クラース,"{N4}
『ああいった活発なのも、なかなか捨
　てがたいよな！』{W}",,
40-00-16A6-00,40,0,77F678,16A6,0,クレス,"{N1}
「ちょ、ちょっと！」{W}",,
40-00-16A6-01,40,0,77F678,16A6,1,クレス,"{N1}
「ぼッ{SPD:10}・・・{SPD:FF}、ぼ、ぼくはまだそんな
　こと・・・ッ！」{W}",,
40-00-16A6-02,40,0,77F678,16A6,2,クラース,"{N4}
『またまた・・・』{W}",,
40-00-16A6-03,40,0,77F678,16A6,3,クラース,"{N4}
『それじゃ{SPD:10}・・・、{SPD:FF}私がモノにしよう
　か？』{W}",,
40-00-16A6-04,40,0,77F678,16A6,4,クレス,"{N1}
「{N4}さんッ！！」{W}",,
40-00-16A6-05,40,0,77F678,16A6,5,クレス,"{N1}
「だいたい{N4}さんには
　ミラルドさんがいるでしょ！」{W}",,
40-00-17B8-00,40,0,77F678,17B8,0,クラース,"{N4}
「ばっ、ばかなことを！」{W}",,
40-00-17B8-01,40,0,77F678,17B8,1,クラース,"{N4}
「あいつはただの助手だ！」{W}",,
40-00-17B8-02,40,0,77F678,17B8,2,クレス,"{N1}
「え～、本当ですか～？」{W}",,
40-00-181C-00,40,0,77F678,181C,0,アーチェ,"{N3}
「ねぇねぇ」{W}",,
40-00-181C-01,40,0,77F678,181C,1,アーチェ,"{N3}
「なんの話をしているの？」{W}",,
40-00-181C-02,40,0,77F678,181C,2,クラース,"{N4}
「なっ、なんでもない、なんでもない
　よ」{W}",,
40-00-181C-03,40,0,77F678,181C,3,クラース,"{N4}
「君たちには関係ない事だよ」{W}",,
40-00-181C-04,40,0,77F678,181C,4,アーチェ,"{N3}
「あ～、聞きた～い！」{W}",,
40-00-18C8-00,40,0,77F678,18C8,0,？？？,"？？？
「あんたら、冒険者か？」{W}",,
40-00-18C8-01,40,0,77F678,18C8,1,クラース,"{N4}
「まあそんな所だが・・・」{W}",,
40-00-18C8-02,40,0,77F678,18C8,2,クラース,"{N4}
「そういうあんたは？」{W}",,
40-00-18C8-03,40,0,77F678,18C8,3,？？？,"？？？
「オレはメイアー」{W}",,
40-00-18C8-04,40,0,77F678,18C8,4,メイアー,"メイアー
「流れの剣士さ」{W}",,
40-00-18C8-05,40,0,77F678,18C8,5,クラース,"{N4}
「傭兵志願か？」{W}",,
40-00-18C8-06,40,0,77F678,18C8,6,メイアー,"メイアー
「違うさ」{W}",,
40-00-18C8-07,40,0,77F678,18C8,7,メイアー,"メイアー
「モーリア坑道を探索しに行くんだ」{W}",,
40-00-18C8-08,40,0,77F678,18C8,8,クレス,"{N1}
「モーリア坑道に？」{W}",,
40-00-18C8-09,40,0,77F678,18C8,9,メイアー,"メイアー
「ドワーフ族の鉱山跡さ」{W}",,
40-00-18C8-10,40,0,77F678,18C8,10,メイアー,"メイアー
「名前くらいは聞いたことがあるだろ
　う？」{W}",,
40-00-18C8-11,40,0,77F678,18C8,11,メイアー,"メイアー
「今はアルヴァニスタの許可がないと
　入れないけどな」{W}",,
40-00-18C8-12,40,0,77F678,18C8,12,クラース,"{N4}
「許可は取れそうなのか？」{W}",,
40-00-18C8-13,40,0,77F678,18C8,13,メイアー,"メイアー
「冒険者ギルドに知り合いがいてね」{W}",,
40-00-18C8-14,40,0,77F678,18C8,14,メイアー,"メイアー
「・・・ん？」{W}",,
40-00-18C8-15,40,0,77F678,18C8,15,メイアー,"メイアー
「そろそろ腹が減ったな・・・」{W}",,
40-00-18C8-16,40,0,77F678,18C8,16,メイアー,"メイアー
「それじゃあ、オレはこれで」{W}",,
40-00-1B36-00,40,0,77F678,1B36,0,アーチェ,"{N3}
「あたしもお腹すいちゃった・・・」{W}",,
40-00-1B36-01,40,0,77F678,1B36,1,クラース,"{N4}
「私たちも食事に行くか」{W}",,
40-00-1B82-00,40,0,77F678,1B82,0,クレス,"{N1}
「船長、ここらへんでいいです」{W}",,
40-00-1B82-01,40,0,77F678,1B82,1,船長,"船長
「本当にここでいいのか？」{W}",,
40-00-1B82-02,40,0,77F678,1B82,2,クラース,"{N4}
「ああ」{W}",,
40-00-1B82-03,40,0,77F678,1B82,3,クラース,"{N4}
「後は海中に潜るだけだからな」{W}",,
40-00-1B82-04,40,0,77F678,1B82,4,クラース,"{N4}
「世話になったな」{W}",,
40-00-1B82-05,40,0,77F678,1B82,5,船長,"船長
「いや、いいってことよ」{W}",,
40-00-1B82-06,40,0,77F678,1B82,6,クラース,"{N4}
「よし、それじゃあウンディーネを召
　喚するぞ」{W}",,
40-00-1C74-00,40,0,77F678,1C74,0,ウンディーネ,"ウンディーネ
「我が主よ」{W}",,
40-00-1C74-01,40,0,77F678,1C74,1,ウンディーネ,"ウンディーネ
「用件は何か？」{W}",,
40-00-1C74-02,40,0,77F678,1C74,2,クラース,"{N4}
「水の精霊よ」{W}",,
40-00-1C74-03,40,0,77F678,1C74,3,クラース,"{N4}
「私たちを海底深くまで導いてほしい
　のだが」{W}",,
40-00-1C74-04,40,0,77F678,1C74,4,ウンディーネ,"ウンディーネ
「承知した」{W}",,
40-00-1D1A-00,40,0,77F678,1D1A,0,ウンディーネ,"ウンディーネ
「この泡の中に入るがよい」{W}",,
40-00-1D46-00,40,0,77F678,1D46,0,船長,"船長
「なんだか、不思議な連中だったな」{W}",,
40-00-1D72-00,40,0,77F678,1D72,0,船長,"船長
「よしッ！」{W}",,
40-00-1D72-01,40,0,77F678,1D72,1,船長,"船長
「お前ら、引き上げだ！！」{W}",,
40-00-1DAA-00,40,0,77F678,1DAA,0,アーチェ,"{N3}
「船の旅っていいよね」{W}",,
40-00-1DAA-01,40,0,77F678,1DAA,1,アーチェ,"{N3}
「潮風が気持ちいい～」{W}",,
40-00-1DE8-00,40,0,77F678,1DE8,0,ミント,"{N2}
「みんな、聞いて下さい」{W}",,
40-00-1E0A-00,40,0,77F678,1E0A,0,クレス,"{N1}
「どうしたの？」{W}",,
40-00-1E0A-01,40,0,77F678,1E0A,1,ミント,"{N2}
「ユグドラシルの樹を復活させる方法
　を考えていました」{W}",,
40-00-1E0A-02,40,0,77F678,1E0A,2,ミント,"{N2}
「私の法術でなんとかならないか、と
　・・・」{W}",,
40-00-1E0A-03,40,0,77F678,1E0A,3,ミント,"{N2}
「でも、今の私の力ではどうにもなり
　ません」{W}",,
40-00-1E0A-04,40,0,77F678,1E0A,4,クラース,"{N4}
「・・・で？」{W}",,
40-00-1E0A-05,40,0,77F678,1E0A,5,ミント,"{N2}
「白馬、ユニコーンの力を借りるんで
　す」{W}",,
40-00-1E0A-06,40,0,77F678,1E0A,6,クレス,"{N1}
「ユニコーン・・・？」{W}",,
40-00-1E0A-07,40,0,77F678,1E0A,7,ミント,"{N2}
「ユニコーンは法術師の証、この世界
　のどこかにいるはずです」{W}",,
40-00-1E0A-08,40,0,77F678,1E0A,8,クラース,"{N4}
「しかし{SPD:10}・・・{SPD:FF}」{W}",,
40-00-1E0A-09,40,0,77F678,1E0A,9,クラース,"{N4}
「ユニコーンに会えたとしても、力を
　貸してくれるのか？」{W}",,
40-00-1FDE-00,40,0,77F678,1FDE,0,ミント,"{N2}
「・・・わかりません」{W}",,
40-00-1FDE-01,40,0,77F678,1FDE,1,ミント,"{N2}
「わかりませんけど・・・」{W}",,
40-00-1FDE-02,40,0,77F678,1FDE,2,クレス,"{N1}
「今はそれしか頼れないんだね・・・
　{N2}」{W}",,
40-00-1FDE-03,40,0,77F678,1FDE,3,クレス,"{N1}
「・・・行こうよ、ユニコーンを捜し
　に！」{W}",,
40-00-1FDE-04,40,0,77F678,1FDE,4,クレス,"{N1}
「きっと見つかるよ」{W}",,
40-00-20A4-00,40,0,77F678,20A4,0,ミント,"{N2}
「{N1}さん」{W}",,
40-00-20A4-01,40,0,77F678,20A4,1,ミント,"{N2}
「ありがとう・・・」{W}",,
40-00-20A4-02,40,0,77F678,20A4,2,クラース,"{N4}
「そうと決まれば早速行動だな」{W}",,
41-00-0000-00,41,0,78383C,0000,0,,ベルアダムの村,,
41-00-0010-00,41,0,78383C,0010,0,村の人,"村の人
「ダオスって・・・、どんな奴なんだ
　ろ？」{W}",,
41-00-0010-01,41,0,78383C,0010,1,村の人,"村の人
「かなり強力な軍隊を率いているって
　いうウワサだけど・・・」{W}",,
41-00-0090-00,41,0,78383C,0090,0,村の人,"村の人
「いい天気だね」{W}",,
41-00-0090-01,41,0,78383C,0090,1,村の人,"村の人
「やっぱ平和が一番！」{W}",,
41-00-00CC-00,41,0,78383C,00CC,0,男の子,"男の子
「魔物なんてへっちゃらさ！」{W}",,
41-00-00CC-01,41,0,78383C,00CC,1,男の子,"男の子
「ぼくが倒してやる！！」{W}",,
41-00-0116-00,41,0,78383C,0116,0,女の人,"女の人
「私も少し魔法が使えるんだけどね」{W}",,
41-00-0116-01,41,0,78383C,0116,1,女の人,"女の人
「最近どうも力が落ちてるような気が
　するの」{W}",,
41-00-0116-02,41,0,78383C,0116,2,女の人,"女の人
「どうしてかしら？」{W}",,
41-00-019A-00,41,0,78383C,019A,0,クレス,"{N1}
「この橋が、あのトーティスの橋だっ
　たなんて・・・」{W}",,
41-00-01DA-00,41,0,78383C,01DA,0,村人１,"村人１
「おい、ありゃ誰だ？」{W}",,
41-00-01DA-01,41,0,78383C,01DA,1,村人１,"村人１
「・・・よそ者だな」{W}",,
41-00-01DA-02,41,0,78383C,01DA,2,村人２,"村人２
「本当だ」{W}",,
41-00-01DA-03,41,0,78383C,01DA,3,村人３,"村人３
「まだ若いぞ」{W}",,
41-00-0246-00,41,0,78383C,0246,0,クレス,"{N1}
「あの、すいません」{W}",,
41-00-0246-01,41,0,78383C,0246,1,クレス,"{N1}
「ここは・・・」{W}",,
41-00-027C-00,41,0,78383C,027C,0,クレス,"{N1}
「あの{SPD:10}・・・{SPD:FF}」{W}",,
41-00-027C-01,41,0,78383C,027C,1,？？？,"？？？
「客人か？」{W}",,
41-00-027C-02,41,0,78383C,027C,2,？？？,"？？？
「珍しいのぉ」{W}",,
41-00-027C-03,41,0,78383C,027C,3,？？？,"？？？
「・・・わしはこの村の長をやっとる
　者じゃ」{W}",,
41-00-027C-04,41,0,78383C,027C,4,村長,"村長
「おぬしら・・・、一体どこから来た
　のかの？」{W}",,
41-00-027C-05,41,0,78383C,027C,5,ミント,"{N2}
「{SPD:10}えッ、あの・・・、その・・・{SPD:FF}」{W}",,
41-00-027C-06,41,0,78383C,027C,6,クレス,"{N1}
「ぼくは・・・」{W}",,
41-00-027C-07,41,0,78383C,027C,7,クレス,"{N1}
「トーティス村の{N1}です」{W}",,
41-00-027C-08,41,0,78383C,027C,8,クレス,"{N1}
「こちらは{N2}」{W}",,
41-00-03BC-00,41,0,78383C,03BC,0,クレス,"{N1}
「とある人の法術の力で・・・」{W}",,
41-00-03BC-01,41,0,78383C,03BC,1,クレス,"{N1}
「気がついたら近くの草原にいたんで
　す」{W}",,
41-00-03BC-02,41,0,78383C,03BC,2,村長,"村長
「{SPD:10}・・・{SPD:FF}トーティス？{SPD:10}・・・{SPD:FF}」{W}",,
41-00-03BC-03,41,0,78383C,03BC,3,村長,"村長
「知らんの」{W}",,
41-00-045E-00,41,0,78383C,045E,0,村長,"村長
「知っとる者はおるか？」{W}",,
41-00-0480-00,41,0,78383C,0480,0,クレス,"{N1}
「えッ？」{W}",,
41-00-0494-00,41,0,78383C,0494,0,村長,"村長
「うーむ{SPD:10}・・・{SPD:FF}」{W}",,
41-00-0494-01,41,0,78383C,0494,1,村長,"村長
「ウソをついてるようにも見えんの」{W}",,
41-00-0494-02,41,0,78383C,0494,2,村長,"村長
「だいたいホージュツなんて力も知ら
　ん」{W}",,
41-00-0494-03,41,0,78383C,0494,3,村長,"村長
「魔術の間違いかの？」{W}",,
41-00-0530-00,41,0,78383C,0530,0,クレス,"{N1}
「{SPD:10}マ・ジュ・ツ{SPD:FF}？」{W}",,
41-00-0530-01,41,0,78383C,0530,1,クレス,"{N1}
「えッ・・・？」{W}",,
41-00-0530-02,41,0,78383C,0530,2,クレス,"{N1}
「なんですか、それは？」{W}",,
41-00-058C-00,41,0,78383C,058C,0,村長,"村長
「わけありのようだの」{W}",,
41-00-058C-01,41,0,78383C,058C,1,村長,"村長
「家へこんか？」{W}",,
41-00-058C-02,41,0,78383C,058C,2,村長,"村長
「中で話そうではないか」{W}",,
41-00-05E4-00,41,0,78383C,05E4,0,村長,"村長
「こっちじゃ、ついてまいれ」{W}",,
41-00-060A-00,41,0,78383C,060A,0,村人１,"村人１
「おい、なんかおもしろそうだな」{W}",,
41-00-060A-01,41,0,78383C,060A,1,村人２,"村人２
「行ってみようぜ」{W}",,
42-00-0000-00,42,0,7846D0,0000,0,,ユークリッドの村,,
42-00-0012-00,42,0,7846D0,0012,0,男の子,"男の子
「とんぼ、とんぼ～！」{W}",,
42-00-0034-00,42,0,7846D0,0034,0,女の子,"女の子
「戦争、終わってよかったね」{W}",,
42-00-005C-00,42,0,7846D0,005C,0,女の子,"女の子
「ねえお兄ちゃん、本当に戦争が起こ
　るの？」{W}",,
42-00-005C-01,42,0,7846D0,005C,1,クレス,"{N1}
「えっ、戦争？」{W}",,
42-00-005C-02,42,0,7846D0,005C,2,女の子,"女の子
「うん・・・」{W}",,
42-00-005C-03,42,0,7846D0,005C,3,女の子,"女の子
「遠い国の王様が戦争するかもしれな
　いって、お母さんが言ってたの」{W}",,
42-00-0114-00,42,0,7846D0,0114,0,村の人,"村の人
「ほら、こっからだとベルアダムの村
　も見えるよ」{W}",,
42-00-0114-01,42,0,7846D0,0114,1,村の人,"村の人
「その向こうにある御神木もよく見え
　るな」{W}",,
42-00-0114-02,42,0,7846D0,0114,2,村の人,"村の人
「昔はよく遊びに行ったもんだ」{W}",,
42-00-01B0-00,42,0,7846D0,01B0,0,村の人,"村の人
「あれッ？」{W}",,
42-00-01B0-01,42,0,7846D0,01B0,1,村の人,"村の人
「よくここがわかったね」{W}",,
42-00-01B0-02,42,0,7846D0,01B0,2,村の人,"村の人
「どうだい？」{W}",,
42-00-01B0-03,42,0,7846D0,01B0,3,村の人,"村の人
「きれいな景色だろ」{W}",,
42-00-0220-00,42,0,7846D0,0220,0,クレス,"{N1}
「あの{SPD:10}・・・{SPD:FF}、そんな所でなにやって
　るんですか？」{W}",,
42-00-0220-01,42,0,7846D0,0220,1,女の人,"女の人
「あなたには関係ないわ{SPD:10}・・・{SPD:FF}」{W}",,
42-00-0296-00,42,0,7846D0,0296,0,クレス,"{N1}
「あの～{SPD:10}・・・{SPD:FF}」{W}",,
42-00-0296-01,42,0,7846D0,0296,1,女の人,"女の人
「なにか？」{W}",,
42-00-0296-02,42,0,7846D0,0296,2,クレス,"{N1}
「いい天気ですね・・・」{W}",,
42-00-02EE-00,42,0,7846D0,02EE,0,ミント,"{N2}
『{N1}さん！』{W}",,
42-00-02EE-01,42,0,7846D0,02EE,1,ミント,"{N2}
『あなたがナンパしてどうするんです
　か！？』{W}",,
42-00-02EE-02,42,0,7846D0,02EE,2,ミント,"{N2}
『もういいです！』{W}",,
42-00-02EE-03,42,0,7846D0,02EE,3,ミント,"{N2}
『私が行きますッ！！』{W}",,
42-00-0374-00,42,0,7846D0,0374,0,ミント,"{N2}
「あの{SPD:10}・・・{SPD:FF}、もしなにか悩みごとが
　あるなら・・・」{W}",,
42-00-0374-01,42,0,7846D0,0374,1,ミント,"{N2}
「話してもらえませんか？」{W}",,
42-00-0374-02,42,0,7846D0,0374,2,女の人,"女の人
「えッ？」{W}",,
42-00-03F2-00,42,0,7846D0,03F2,0,女の人,"女の人
「でっ、でも{SPD:10}・・・{SPD:FF}」{W}",,
42-00-03F2-01,42,0,7846D0,03F2,1,ミント,"{N2}
「話せばスッキリしますよ」{W}",,
42-00-043C-00,42,0,7846D0,043C,0,女の人,"女の人
「好きな人が{SPD:10}、{SPD:FF}いるんです」{W}",,
42-00-046A-00,42,0,7846D0,046A,0,ミント,"{N2}
「やっぱり{SPD:10}・・・{SPD:FF}」{W}",,
42-00-046A-01,42,0,7846D0,046A,1,ミント,"{N2}
「それで、その人は？」{W}",,
42-00-046A-02,42,0,7846D0,046A,2,女の人,"女の人
「武器屋に来てるエルウィン{SPD:10}・・・{SPD:FF}」{W}",,
42-00-046A-03,42,0,7846D0,046A,3,ミント,"{N2}
「武器屋ですね・・・」{W}",,
42-00-046A-04,42,0,7846D0,046A,4,ミント,"{N2}
「わかりました」{W}",,
42-00-0516-00,42,0,7846D0,0516,0,女の人,"女の人
「エルウィン{SPD:10}・・・{SPD:FF}」{W}",,
42-00-053E-00,42,0,7846D0,053E,0,クレス,"{N1}
「すいません」{W}",,
42-00-053E-01,42,0,7846D0,053E,1,クレス,"{N1}
「あなたの名前は？」{W}",,
42-00-053E-02,42,0,7846D0,053E,2,女の人,"女の人
「あッ、ごめんなさい」{W}",,
42-00-053E-03,42,0,7846D0,053E,3,女の人,"女の人
「私の名前はナンシーよ」{W}",,
42-00-05B4-00,42,0,7846D0,05B4,0,ナンシー,"ナンシー
「エルウィン{SPD:10}・・・{SPD:FF}」{W}",,
42-00-05DE-00,42,0,7846D0,05DE,0,ナンシー,"ナンシー
「ダメだったのね？」{W}",,
42-00-05DE-01,42,0,7846D0,05DE,1,ナンシー,"ナンシー
「何となくわかってたわ」{W}",,
42-00-05DE-02,42,0,7846D0,05DE,2,ナンシー,"ナンシー
「だって彼は社長の息子」{W}",,
42-00-05DE-03,42,0,7846D0,05DE,3,ナンシー,"ナンシー
「私はただの娘・・・」{W}",,
42-00-05DE-04,42,0,7846D0,05DE,4,ナンシー,"ナンシー
「どう考えても釣り合わないわ」{W}",,
42-00-05DE-05,42,0,7846D0,05DE,5,クレス,"{N1}
「ナンシーさん{SPD:10}・・・{SPD:FF}」{W}",,
42-00-05DE-06,42,0,7846D0,05DE,6,ナンシー,"ナンシー
「ありがとう、もういいわ」{W}",,
42-00-05DE-07,42,0,7846D0,05DE,7,ナンシー,"ナンシー
「大丈夫！」{W}",,
42-00-05DE-08,42,0,7846D0,05DE,8,ナンシー,"ナンシー
「平気だから・・・」{W}",,
42-00-0718-00,42,0,7846D0,0718,0,ナンシー,"ナンシー
「{SPD:10}・・・・・・{SPD:FF}」{W}",,
42-00-073E-00,42,0,7846D0,073E,0,音楽家,"音楽家
「はいはい～、お代はこちら～」{W}",,
42-00-073E-01,42,0,7846D0,073E,1,,"{COL:3}いくら払いますか？
１．１ガルド　　２．１０ガルド
３．１００ガルド４．１０００ガルド{COL:2}",,
42-00-07C6-00,42,0,7846D0,07C6,0,音楽家,"音楽家
「どうも」{W}",,
42-00-07DC-00,42,0,7846D0,07DC,0,音楽家,"音楽家
「ありがとう」{W}",,
42-00-07DC-01,42,0,7846D0,07DC,1,音楽家,"音楽家
「ここから北東にはローンヴァレイと
　いう谷があるんだよ～」{W}",,
42-00-07DC-02,42,0,7846D0,07DC,2,音楽家,"音楽家
「なにか怪しいとこなんだ～」{W}",,
42-00-0862-00,42,0,7846D0,0862,0,音楽家,"音楽家
「いや～、気前いいね」{W}",,
42-00-0862-01,42,0,7846D0,0862,1,音楽家,"音楽家
「今、この大陸ではユークリッド共和
　国という国が～」{W}",,
42-00-0862-02,42,0,7846D0,0862,2,音楽家,"音楽家
「できるかもしれないよ～」{W}",,
42-00-0862-03,42,0,7846D0,0862,3,音楽家,"音楽家
「北のデロイノ族～、南のメイルガン
　族～」{W}",,
42-00-0862-04,42,0,7846D0,0862,4,音楽家,"音楽家
「そしてユークリッド族の三部族が話
　し合ってる最中なんだ～」{W}",,
42-00-0966-00,42,0,7846D0,0966,0,音楽家,"音楽家
「いや～、気前いいね」{W}",,
42-00-0966-01,42,0,7846D0,0966,1,音楽家,"音楽家
「ダオスはミッドガルズと戦争をしよ
　うとしているんだよ～」{W}",,
42-00-0966-02,42,0,7846D0,0966,2,音楽家,"音楽家
「果たして～、どうなるんでしょうか
　ね～」{W}",,
42-00-0A04-00,42,0,7846D0,0A04,0,音楽家,"音楽家
「ありがとうございます！」{W}",,
42-00-0A04-01,42,0,7846D0,0A04,1,音楽家,"音楽家
「お客様は神様です！！」{W}",,
42-00-0A04-02,42,0,7846D0,0A04,2,音楽家,"音楽家
「この世界のどこかに白馬がいるんだ
　よ～」{W}",,
42-00-0A04-03,42,0,7846D0,0A04,3,音楽家,"音楽家
「清らかな乙女としか会わないってい
　うヘンな馬なんだ～」{W}",,
42-00-0AC6-00,42,0,7846D0,0AC6,0,音楽家,"音楽家
「ひやかしなら他でやってくれ」{W}",,
42-00-0AF0-00,42,0,7846D0,0AF0,0,音楽家,"音楽家
「金が足りないよ～」{W}",,
42-00-0B10-00,42,0,7846D0,0B10,0,音楽家,"音楽家
「タラリラ～～～～」{W}",,
42-00-0B10-01,42,0,7846D0,0B10,1,,ノリノリに弾いている。{W},,
42-00-0B48-00,42,0,7846D0,0B48,0,音楽家,"音楽家
「ポコポコ～～～～」{W}",,
42-00-0B48-01,42,0,7846D0,0B48,1,,ノリノリに叩いてる。{W},,
42-00-0B7E-00,42,0,7846D0,0B7E,0,男の子,"男の子
「あんまりうまくないね」{W}",,
42-00-0BA2-00,42,0,7846D0,0BA2,0,クレス,"{N1}
「なにか見えますかー？」{W}",,
42-00-0BA2-01,42,0,7846D0,0BA2,1,村の人,"村の人
「きれいな山脈が見えてるよ～」{W}",,
42-00-0BEC-00,42,0,7846D0,0BEC,0,クレス,"{N1}
「あのー、そんな所でなにしてるんで
　すかー？」{W}",,
42-00-0BEC-01,42,0,7846D0,0BEC,1,村の人,"村の人
「ここからだと遠くがよく見えるんだ
　よ」{W}",,
42-00-0BEC-02,42,0,7846D0,0BEC,2,クレス,"{N1}
「そこまで、どうやって登ったんです
　かー？」{W}",,
42-00-0BEC-03,42,0,7846D0,0BEC,3,村の人,"村の人
「内緒～って」{W}",,
42-00-0CA8-00,42,0,7846D0,0CA8,0,クレス,"{N1}
「どうしたの？」{W}",,
42-00-0CA8-01,42,0,7846D0,0CA8,1,クレス,"{N1}
「{N2}・・・？」{W}",,
42-00-0CA8-02,42,0,7846D0,0CA8,2,ミント,"{N2}
「あの人、病気ですね」{W}",,
42-00-0CA8-03,42,0,7846D0,0CA8,3,クレス,"{N1}
「えッ？」{W}",,
42-00-0D0A-00,42,0,7846D0,0D0A,0,クレス,"{N1}
「別に顔色も悪くないし{SPD:10}・・・{SPD:FF}」{W}",,
42-00-0D0A-01,42,0,7846D0,0D0A,1,ミント,"{N2}
「うん、もうッ！」{W}",,
42-00-0D0A-02,42,0,7846D0,0D0A,2,ミント,"{N2}
「{N1}さんって{SPD:10}・・・・・・{SPD:FF}
　ニブいのねッ！！」{W}",,
42-00-0D0A-03,42,0,7846D0,0D0A,3,ミント,"{N2}
「あれは、恋の病よ{SPD:10}・・・・・・{SPD:FF}」{W}",,
42-00-0DC4-00,42,0,7846D0,0DC4,0,クレス,"{N1}
「恋の病～！？」{W}",,
42-00-0DDE-00,42,0,7846D0,0DDE,0,ミント,"{N2}
「あのうつろな瞳、ほのかに漂う切な
　さ{SPD:10}・・・{SPD:FF}」{W}",,
42-00-0DDE-01,42,0,7846D0,0DDE,1,ミント,"{N2}
「私たちでなんとかしてあげられない
　かしら？」{W}",,
42-00-0DDE-02,42,0,7846D0,0DDE,2,クレス,"{N1}
（おせっかいだと思うんだけど）{W}",,
42-00-0E7E-00,42,0,7846D0,0E7E,0,ミント,"{N2}
「なにか言いました！？」{W}",,
42-00-0E7E-01,42,0,7846D0,0E7E,1,クレス,"{N1}
「いえ、別に・・・」{W}",,
43-00-0000-00,43,0,785E4C,0000,0,クラース,"{N4}
「・・・よしッ！」{W}",,
43-00-0000-01,43,0,785E4C,0000,1,クラース,"{N4}
「これでこちらの世界に瘴気が流れて
　くる事もなくなるだろう」{W}",,
43-00-0000-02,43,0,785E4C,0000,2,クラース,"{N4}
「さあ、シルフに会いに行こう」{W}",,
43-00-0000-03,43,0,785E4C,0000,3,クレス,"{N1}
「バートさんの話ではさらに奥のつり
　橋の向こうでしたよね」{W}",,
43-00-0000-04,43,0,785E4C,0000,4,クラース,"{N4}
「ああ」{W}",,
43-00-00DC-00,43,0,785E4C,00DC,0,クレス,"{N1}
「これ以上、先に進むのは無理か・・
　・」{W}",,
43-00-0110-00,43,0,785E4C,0110,0,クレス,"{N1}
「ロープでもないと、降りるのは無理
　か・・・」{W}",,
43-00-014A-00,43,0,785E4C,014A,0,クレス,"{N1}
「留守か・・・」{W}",,
43-00-014A-01,43,0,785E4C,014A,1,クレス,"{N1}
「どこに行ったんだろ？」{W}",,
43-00-0184-00,43,0,785E4C,0184,0,クレス,"{N1}
「素手でこの壁をくずすのは無理だな
　・・・」{W}",,
43-00-01BC-00,43,0,785E4C,01BC,0,クレス,"{N1}
「占いの本がぎっしり・・・」{W}",,
43-00-01BC-01,43,0,785E4C,01BC,1,クレス,"{N1}
「精霊についての本もある」{W}",,
43-00-0204-00,43,0,785E4C,0204,0,？？？,"？？？
「くッ、苦しい・・・・」{W}",,
43-00-0228-00,43,0,785E4C,0228,0,シルフ,"シルフ
「仲間が、魔界の空気に触れて、次々
　と正気を{SPD:10}・・・{SPD:FF}」{W}",,
43-00-0272-00,43,0,785E4C,0272,0,ミント,"{N2}
「マカイの空気？」{W}",,
43-00-0272-01,43,0,785E4C,0272,1,クラース,"{N4}
「そうか、瘴気に冒されてしまったの
　か！」{W}",,
43-00-0272-02,43,0,785E4C,0272,2,クレス,"{N1}
「ショウキ・・・？」{W}",,
43-00-0272-03,43,0,785E4C,0272,3,クレス,"{N1}
「それでシルフが正気を？」{W}",,
43-00-0300-00,43,0,785E4C,0300,0,ミント,"{N2}
「瘴気ってなんですか？」{W}",,
43-00-0300-01,43,0,785E4C,0300,1,クラース,"{N4}
「魔界の空気のことだ」{W}",,
43-00-0300-02,43,0,785E4C,0300,2,クラース,"{N4}
「たぶん、こちらの世界と魔界との間
　に歪みができて・・・」{W}",,
43-00-0300-03,43,0,785E4C,0300,3,クラース,"{N4}
「こちらに漏れ出してるんだな」{W}",,
43-00-0300-04,43,0,785E4C,0300,4,クラース,"{N4}
「人間は少しくらい吸っても平気だが
　精霊はそうはいかない」{W}",,
43-00-0300-05,43,0,785E4C,0300,5,ミント,"{N2}
「さっきの精霊みたいになってしまう
　んですね」{W}",,
43-00-0426-00,43,0,785E4C,0426,0,クレス,"{N1}
「じゃあ、その歪みっていうか穴をふ
　さげばいいんだろう？」{W}",,
43-00-046C-00,43,0,785E4C,046C,0,クレス,"{N1}
「さっそく探してみようよ」{W}",,
43-00-046C-01,43,0,785E4C,046C,1,クラース,"{N4}
「そっ、そうだな」{W}",,
43-00-04AA-00,43,0,785E4C,04AA,0,？？？,"？？？
「くッ、苦しい・・・」{W}",,
43-00-04AA-01,43,0,785E4C,04AA,1,？？？,"？？？
「助けて・・・」{W}",,
43-00-04E6-00,43,0,785E4C,04E6,0,クラース,"{N4}
「これはまるで、話に聞く魔界のよう
　だ！」{W}",,
43-00-04E6-01,43,0,785E4C,04E6,1,クラース,"{N4}
「瘴気が充満して、魔界のデーモンが
　入り込んでる！」{W}",,
43-00-04E6-02,43,0,785E4C,04E6,2,クラース,"{N4}
「出会ったら逃げるぞッ！」{W}",,
43-00-04E6-03,43,0,785E4C,04E6,3,クラース,"{N4}
「オレたちでは絶対に勝てん！」{W}",,
43-00-05A2-00,43,0,785E4C,05A2,0,ミント,"{N2}
「どっ、どうするんですか！？」{W}",,
43-00-05A2-01,43,0,785E4C,05A2,1,クラース,"{N4}
「すべての原因は瘴気だ」{W}",,
43-00-05A2-02,43,0,785E4C,05A2,2,クラース,"{N4}
「瘴気のない所では奴らは生きていけ
　ん！」{W}",,
43-00-061E-00,43,0,785E4C,061E,0,クラース,"{N4}
「あれはカマイタチだ」{W}",,
43-00-061E-01,43,0,785E4C,061E,1,クラース,"{N4}
「きっと風の精霊が狂って作り出した
　んだな」{W}",,
43-00-0674-00,43,0,785E4C,0674,0,シルフ,"シルフ
「あなたたちが・・・、瘴気を取り除
　いてくれたのですね・・・」{W}",,
43-00-0674-01,43,0,785E4C,0674,1,クラース,"{N4}
「古の指輪の命に従い、風を司るそな
　たと契約を結びたい」{W}",,
43-00-0674-02,43,0,785E4C,0674,2,シルフ,"シルフ
「・・・力になりましょう」{W}",,
43-00-0674-03,43,0,785E4C,0674,3,シルフ,"シルフ
「でもその前に、一つお願いがありま
　す」{W}",,
43-00-0674-04,43,0,785E4C,0674,4,クラース,"{N4}
「・・・珍しいな」{W}",,
43-00-0674-05,43,0,785E4C,0674,5,クラース,"{N4}
「精霊が人間に願いだと？」{W}",,
43-00-0674-06,43,0,785E4C,0674,6,シルフ,"シルフ
「・・・はい」{W}",,
43-00-0674-07,43,0,785E4C,0674,7,シルフ,"シルフ
「実は、今のままでは私たちと契約し
　ても・・・」{W}",,
43-00-0674-08,43,0,785E4C,0674,8,シルフ,"シルフ
「近いうちに、間違いなく全くの無駄
　になってしまうのです」{W}",,
43-00-0674-09,43,0,785E4C,0674,9,クラース,"{N4}
「意味が・・・、わからんな」{W}",,
43-00-0674-10,43,0,785E4C,0674,10,クラース,"{N4}
「どういうことだ？」{W}",,
43-00-0674-11,43,0,785E4C,0674,11,シルフ,"シルフ
「私たちの力の源でもある魔力が世界
　から失われようとしているのです」{W}",,
43-00-0674-12,43,0,785E4C,0674,12,シルフ,"シルフ
「その結果、精霊も魔術も世界から消
　滅してしまいます」{W}",,
43-00-0674-13,43,0,785E4C,0674,13,クラース,"{N4}
「なんだって！？」{W}",,
43-00-0674-14,43,0,785E4C,0674,14,クラース,"{N4}
「なぜ・・・ッ！」{W}",,
43-00-0674-15,43,0,785E4C,0674,15,シルフ,"シルフ
「精霊の森に生える大樹ユグドラシル
　に一度会って下さい」{W}",,
43-00-0674-16,43,0,785E4C,0674,16,シルフ,"シルフ
「これを持って行けば大樹に宿る精霊
　に会うことができます」{W}",,
43-00-0674-17,43,0,785E4C,0674,17,シルフ,"シルフ
「話が聞ければ未然に防ぐこともでき
　るかもしれません」{W}",,
43-00-0674-18,43,0,785E4C,0674,18,クラース,"{N4}
「・・・わかった」{W}",,
43-00-0674-19,43,0,785E4C,0674,19,クラース,"{N4}
「行ってみよう」{W}",,
43-00-0674-20,43,0,785E4C,0674,20,クラース,"{N4}
「その前に一つ聞きたいことがある」{W}",,
43-00-0674-21,43,0,785E4C,0674,21,クラース,"{N4}
「この谷に、少女が一人で迷い込まな
　かったか？」{W}",,
43-00-0674-22,43,0,785E4C,0674,22,クラース,"{N4}
「教えてくれ」{W}",,
43-00-0674-23,43,0,785E4C,0674,23,シルフ,"シルフ
「この数ヶ月の間、この谷を訪れたの
　はあなたたちだけです」{W}",,
43-00-0674-24,43,0,785E4C,0674,24,シルフ,"シルフ
「それ以外は、残念ながら誰も見てい
　ません{SPD:10}・・・・・・{SPD:FF}」{W}",,
43-00-0674-25,43,0,785E4C,0674,25,クラース,"{N4}
「そうか{SPD:10}・・・・・・{SPD:FF}」{W}",,
43-00-0674-26,43,0,785E4C,0674,26,シルフ,"シルフ
「では、契約を結びましょう」{W}",,
43-00-0674-27,43,0,785E4C,0674,27,シルフ,"シルフ
「オパールの指輪を」{W}",,
43-00-0BAA-00,43,0,785E4C,0BAA,0,クラース,"{N4}
「我、今、風の精に願い奉る」{W}",,
43-00-0BAA-01,43,0,785E4C,0BAA,1,クラース,"{N4}
「指輪の盟約のもと、我に精霊を従わ
　せたまえ」{W}",,
43-00-0BAA-02,43,0,785E4C,0BAA,2,クラース,"{N4}
「我が名は{N4}・・・」{W}",,
43-00-0C26-00,43,0,785E4C,0C26,0,,"{COL:3}{N4}はシルフを
召喚できるようになりました。{W}",,
43-00-0C26-01,43,0,785E4C,0C26,1,,エレメントオーブを手に入れました。{W},,
43-00-0C7E-00,43,0,785E4C,0C7E,0,,"{COL:2}{N4}は『{TITLE:1BE}』の
称号を得ました。{W}",,
43-00-0C7E-01,43,0,785E4C,0C7E,1,,{COL:0},,
43-00-0CAC-00,43,0,785E4C,0CAC,0,クレス,"{N1}
「シルフがいない{SPD:10}・・・{SPD:FF}」{W}",,
43-00-0CAC-01,43,0,785E4C,0CAC,1,クレス,"{N1}
「やはり瘴気のせいか・・・？」{W}",,
43-00-0CFC-00,43,0,785E4C,0CFC,0,バート,"バート
「やったのか！？」{W}",,
43-00-0CFC-01,43,0,785E4C,0CFC,1,バート,"バート
「風がすっかり元に戻ってるぞ」{W}",,
43-00-0CFC-02,43,0,785E4C,0CFC,2,クラース,"{N4}
「ああ」{W}",,
43-00-0CFC-03,43,0,785E4C,0CFC,3,バート,"バート
「・・・で？」{W}",,
43-00-0CFC-04,43,0,785E4C,0CFC,4,クラース,"{N4}
「{SPD:10}・・・{SPD:FF}あんたの娘が谷に入った形跡
　は、{SPD:10}・・・{SPD:FF}なかった」{W}",,
43-00-0CFC-05,43,0,785E4C,0CFC,5,クラース,"{N4}
「正気を取り戻した精霊にも聞いてみ
　たのだが・・・」{W}",,
43-00-0CFC-06,43,0,785E4C,0CFC,6,バート,"バート
「そうか{SPD:10}・・・{SPD:FF}」{W}",,
43-00-0CFC-07,43,0,785E4C,0CFC,7,バート,"バート
「一体どこに行ってしまったんだ{SPD:10}・・
　・、{SPD:FF}{N3}は{SPD:10}・・・{SPD:FF}」{W}",,
43-00-0CFC-08,43,0,785E4C,0CFC,8,ミント,"{N2}
「そう気を落とさないで下さい」{W}",,
43-00-0CFC-09,43,0,785E4C,0CFC,9,ミント,"{N2}
「これから向かう町でも娘さんの事は
　聞いてみますから{SPD:10}・・・{SPD:FF}」{W}",,
43-00-0CFC-10,43,0,785E4C,0CFC,10,バート,"バート
「・・・・・・ありがとう」{W}",,
43-00-0F06-00,43,0,785E4C,0F06,0,クラース,"{N4}
「よし・・・」{W}",,
43-00-0F06-01,43,0,785E4C,0F06,1,クラース,"{N4}
「それじゃあシルフの言っていた精霊
　の森とやらに行くか」{W}",,
43-00-0F06-02,43,0,785E4C,0F06,2,ミント,"{N2}
「確か、ベルアダムの村の南でしたよ
　ね」{W}",,
43-00-0F06-03,43,0,785E4C,0F06,3,クラース,"{N4}
「ああ」{W}",,
43-00-0FA2-00,43,0,785E4C,0FA2,0,クレス,"{N1}
「あッ、あの岩は動かせそうだな」{W}",,
43-00-0FA2-01,43,0,785E4C,0FA2,1,クレス,"{N1}
「あれで穴をふさげば・・・」{W}",,
43-00-0FF0-00,43,0,785E4C,0FF0,0,,{COL:3}休みますか？{COL:2},,
43-00-1006-00,43,0,785E4C,1006,0,バート,"バート
「ユグドラシルが復活？」{W}",,
43-00-1006-01,43,0,785E4C,1006,1,アーチェ,"{N3}
「精霊の森の御神木のことだよ、お父
　さん」{W}",,
43-00-1006-02,43,0,785E4C,1006,2,バート,"バート
「御神木を復活させたのか！？」{W}",,
43-00-1006-03,43,0,785E4C,1006,3,バート,"バート
「いや、すごいな」{W}",,
43-00-1006-04,43,0,785E4C,1006,4,バート,"バート
「これで旅も終わりなのか？」{W}",,
43-00-1006-05,43,0,785E4C,1006,5,アーチェ,"{N3}
「ま～だ」{W}",,
43-00-1006-06,43,0,785E4C,1006,6,アーチェ,"{N3}
「やらなきゃならない事があるんだ」{W}",,
43-00-1006-07,43,0,785E4C,1006,7,アーチェ,"{N3}
「心配しないで」{W}",,
43-00-1006-08,43,0,785E4C,1006,8,アーチェ,"{N3}
「必ず帰ってくるから」{W}",,
43-00-113A-00,43,0,785E4C,113A,0,バート,"バート
「ミッドガルズの伝承で・・・」{W}",,
43-00-113A-01,43,0,785E4C,113A,1,バート,"バート
「人の生命の源、生命エネルギーを司
　る精霊がいる・・・」{W}",,
43-00-113A-02,43,0,785E4C,113A,2,バート,"バート
「という話があるのは知っているが・
　・・」{W}",,
43-00-113A-03,43,0,785E4C,113A,3,バート,"バート
「もしかして{N2}君の法術の
　力と関係があるかもしれないな」{W}",,
43-00-113A-04,43,0,785E4C,113A,4,バート,"バート
「あれは人の生命を助ける力があるん
　だろ？」{W}",,
43-00-113A-05,43,0,785E4C,113A,5,バート,"バート
「なんでも馬の姿をしているとか」{W}",,
43-00-1286-00,43,0,785E4C,1286,0,バート,"バート
「{N3}をよろしく頼む」{W}",,
43-00-1286-01,43,0,785E4C,1286,1,バート,"バート
「しかし、いつの間にこんなに成長し
　たんだろう」{W}",,
43-00-1286-02,43,0,785E4C,1286,2,バート,"バート
「ついこの間まで子供だと思ってたの
　に・・・」{W}",,
43-00-131E-00,43,0,785E4C,131E,0,バート,"バート
「{N3}をよろしく頼む」{W}",,
43-00-1340-00,43,0,785E4C,1340,0,バート,"バート
「そうそう」{W}",,
43-00-1340-01,43,0,785E4C,1340,1,バート,"バート
「つるはしやロープを持って行った方
　がいいぞ」{W}",,
43-00-1340-02,43,0,785E4C,1340,2,バート,"バート
「谷には危険な所がたくさんあるから
　な」{W}",,
43-00-1340-03,43,0,785E4C,1340,3,バート,"バート
「どこに売ってるかって？」{W}",,
43-00-1340-04,43,0,785E4C,1340,4,バート,"バート
「確かハーメルだと思ったけど」{W}",,
43-00-1412-00,43,0,785E4C,1412,0,男の人,"男の人
「なんだ君たちは？」{W}",,
43-00-1412-01,43,0,785E4C,1412,1,男の人,"男の人
「ここは、君たちの来るような所じゃ
　ないよ」{W}",,
43-00-1412-02,43,0,785E4C,1412,2,男の人,"男の人
「早く帰りなさい」{W}",,
43-00-1486-00,43,0,785E4C,1486,0,おじいさん,"おじいさん
「なんじゃ、お前らは？」{W}",,
43-00-1486-01,43,0,785E4C,1486,1,おじいさん,"おじいさん
「人の家に、勝手に入ってくるんじゃ
　ない」{W}",,
43-00-14E8-00,43,0,785E4C,14E8,0,おじいさん,"おじいさん
「んッ？」{W}",,
43-00-14E8-01,43,0,785E4C,14E8,1,おじいさん,"おじいさん
「おぬしエルフか」{W}",,
43-00-14E8-02,43,0,785E4C,14E8,2,アーチェ,"{N3}
「あッ、いえ・・・、あたしハーフエ
　ルフなの」{W}",,
43-00-14E8-03,43,0,785E4C,14E8,3,おじいさん,"おじいさん
「どっちでもええわい」{W}",,
43-00-14E8-04,43,0,785E4C,14E8,4,おじいさん,"おじいさん
「呪文書があるんじゃが、どっちか買
　わんか？」{W}",,
43-00-14E8-05,43,0,785E4C,14E8,5,,"　１．{TITLE:C2}
　２．{TITLE:BF}",,
43-00-15D2-00,43,0,785E4C,15D2,0,おじいさん,"おじいさん
「２５０ガルドじゃ」{W}",,
43-00-15D2-01,43,0,785E4C,15D2,1,おじいさん,"おじいさん
「よいか？」{W}",,
43-00-1610-00,43,0,785E4C,1610,0,,"{N3}は
{TITLE:C2}を覚えました。{W}",,
43-00-162E-00,43,0,785E4C,162E,0,おじいさん,"おじいさん
「８００ガルドじゃ」{W}",,
43-00-162E-01,43,0,785E4C,162E,1,おじいさん,"おじいさん
「よいか？」",,
43-00-166A-00,43,0,785E4C,166A,0,,"{N3}は
{TITLE:BF}を覚えました。{W}",,
43-00-1688-00,43,0,785E4C,1688,0,おじいさん,"おじいさん
「用がないんだったら、さっさと出て
　くんじゃ」{W}",,
43-00-16C8-00,43,0,785E4C,16C8,0,おじいさん,"おじいさん
「用が済んだんだったら、さっさと出
　てくんじゃ」{W}",,
43-00-170A-00,43,0,785E4C,170A,0,おじいさん,"おじいさん
「お金が足りんぞ」{W}",,
43-00-172C-00,43,0,785E4C,172C,0,おじいさん,"おじいさん
「この魔法は、もう覚えてるじゃろう
　が」{W}",,
43-00-1766-00,43,0,785E4C,1766,0,クラース,"{N4}
「仇への憎しみがはれぬあまり、嘆き
　さまよう友の魂に・・・」{W}",,
43-00-1766-01,43,0,785E4C,1766,1,クラース,"{N4}
「自分の体を・・・、貸し与える{SPD:10}、{SPD:FF}か
　{SPD:10}・・・{SPD:FF}」{W}",,
43-00-1766-02,43,0,785E4C,1766,2,ミント,"{N2}
「リアさん・・・、天国に行けたんで
　しょうか{SPD:10}・・・？{SPD:FF}」{W}",,
43-00-1766-03,43,0,785E4C,1766,3,クレス,"{N1}
「行けなきゃ、おかしいさ・・・」{W}",,
43-00-1766-04,43,0,785E4C,1766,4,クラース,"{N4}
「{N3}って娘が腕利きの魔術師
　だからできた事だろうが・・・」{W}",,
43-00-1766-05,43,0,785E4C,1766,5,クラース,"{N4}
「まったく、おどろいたな」{W}",,
43-00-18CC-00,43,0,785E4C,18CC,0,ミント,"{N2}
「リアさんッ！」{W}",,
43-00-18CC-01,43,0,785E4C,18CC,1,ミント,"{N2}
「あッ{SPD:10}・・・{SPD:FF}」{W}",,
43-00-18CC-02,43,0,785E4C,18CC,2,ミント,"{N2}
「ごっ、ごめんなさい・・・」{W}",,
43-00-1928-00,43,0,785E4C,1928,0,アーチェ,"{N3}
「いいのよ、気にしなくても」{W}",,
43-00-1928-01,43,0,785E4C,1928,1,アーチェ,"{N3}
「{N2}ちゃんだっけ？」{W}",,
43-00-1928-02,43,0,785E4C,1928,2,アーチェ,"{N3}
「私がいつまでもポニーテールにしな
　いから悪いんだもんね」{W}",,
43-00-19B0-00,43,0,785E4C,19B0,0,アーチェ,"{N3}
「これでどう？」{W}",,
43-00-19B0-01,43,0,785E4C,19B0,1,ミント,"{N2}
「あッ{SPD:10}・・・・・・{SPD:FF}」{W}",,
43-00-19B0-02,43,0,785E4C,19B0,2,ミント,"{N2}
「ええ、似合ってます」{W}",,
43-00-1A0C-00,43,0,785E4C,1A0C,0,アーチェ,"{N3}
「リアの力になってくれて、ありがと
　ね▽」{W}",,
43-00-1A0C-01,43,0,785E4C,1A0C,1,アーチェ,"{N3}
「今度は、あたしがみんなの力になっ
　てあげちゃうから」{W}",,
43-00-1A82-00,43,0,785E4C,1A82,0,アーチェ,"{N3}
「これはあたしのお父さんから」{W}",,
43-00-1A82-01,43,0,785E4C,1A82,1,アーチェ,"{N3}
「お礼だってさ」{W}",,
43-00-1AC2-00,43,0,785E4C,1AC2,0,,契約の指輪アクアマリンとルビーを手に入れました。{W},,
43-00-1AC2-01,43,0,785E4C,1AC2,1,アーチェ,"{N3}
「さっ、行きましょ！」{W}",,
43-00-1AC2-02,43,0,785E4C,1AC2,2,クレス,"{N1}
「よしッ！」{W}",,
43-00-1AC2-03,43,0,785E4C,1AC2,3,クレス,"{N1}
「アルヴァニスタへ向けて出発だ！」{W}",,
43-00-1B52-00,43,0,785E4C,1B52,0,クレス,"{N1}
「ここは？」{W}",,
43-00-1B52-01,43,0,785E4C,1B52,1,クラース,"{N4}
「風の精霊が住む谷」{W}",,
43-00-1B52-02,43,0,785E4C,1B52,2,クラース,"{N4}
「ローンヴァレイさ」{W}",,
43-00-1B52-03,43,0,785E4C,1B52,3,ミント,"{N2}
「風の・・・、セイレイ？」{W}",,
43-00-1B52-04,43,0,785E4C,1B52,4,クラース,"{N4}
「召喚術は、精霊と契約して魔術のよ
　うな力を使う技術・・・」{W}",,
43-00-1B52-05,43,0,785E4C,1B52,5,クラース,"{N4}
「というようなものでね」{W}",,
43-00-1B52-06,43,0,785E4C,1B52,6,クラース,"{N4}
「契約するためには、とても高価で貴
　重な指輪と大変な危険が伴う」{W}",,
43-00-1B52-07,43,0,785E4C,1B52,7,クレス,"{N1}
「指輪・・・？」{W}",,
43-00-1B52-08,43,0,785E4C,1B52,8,クラース,"{N4}
「まあ、とにかくそこの家に入るぞ」{W}",,
43-00-1B52-09,43,0,785E4C,1B52,9,クラース,"{N4}
「会いたい男がいるんだ」{W}",,
43-00-1CD4-00,43,0,785E4C,1CD4,0,バート,"バート
「{N3}！」{W}",,
43-00-1CD4-01,43,0,785E4C,1CD4,1,アーチェ,"{N3}
「ごめん{SPD:10}・・・{SPD:FF}、実は{SPD:10}・・・{SPD:FF}」{W}",,
43-00-1CD4-02,43,0,785E4C,1CD4,2,バート,"バート
「いいんだ」{W}",,
43-00-1CD4-03,43,0,785E4C,1CD4,3,バート,"バート
「帰って来てくれさえすれば{SPD:10}・・・・
　・・{SPD:FF}」{W}",,
43-00-1CD4-04,43,0,785E4C,1CD4,4,アーチェ,"{N3}
「ごめんなさい、お父さん{SPD:10}・・・・・
　・{SPD:FF}」{W}",,
43-00-1DAC-00,43,0,785E4C,1DAC,0,クラース,"{N4}
「失礼だが、あなたが・・・、バート
　さんで？」{W}",,
43-00-1DE6-00,43,0,785E4C,1DE6,0,バート,"バート
「おや・・・？」{W}",,
43-00-1DE6-01,43,0,785E4C,1DE6,1,バート,"バート
「君たちはこの間の{SPD:10}・・・{SPD:FF}」{W}",,
43-00-1E2E-00,43,0,785E4C,1E2E,0,クラース,"{N4}
「なんだ、バートと知り合いだったの
　か？」{W}",,
43-00-1E2E-01,43,0,785E4C,1E2E,1,クレス,"{N1}
「いっ、いえ、そういうわけじゃ・・
　・」{W}",,
43-00-1E96-00,43,0,785E4C,1E96,0,バート,"バート
「あなたは？」{W}",,
43-00-1E96-01,43,0,785E4C,1E96,1,クラース,"{N4}
「私は{N4}」{W}",,
43-00-1E96-02,43,0,785E4C,1E96,2,クラース,"{N4}
「風の精霊との契約に、挑戦したいん
　だ」{W}",,
43-00-1E96-03,43,0,785E4C,1E96,3,バート,"バート
「・・・しばらく、待った方がいい」{W}",,
43-00-1E96-04,43,0,785E4C,1E96,4,バート,"バート
「以前に地震があったろう？」{W}",,
43-00-1E96-05,43,0,785E4C,1E96,5,バート,"バート
「あの後から精霊たちが妙に暴れだし
　てね」{W}",,
43-00-1E96-06,43,0,785E4C,1E96,6,バート,"バート
「一人じゃ近寄れないし、原因はわか
　らないままだ」{W}",,
43-00-1E96-07,43,0,785E4C,1E96,7,クラース,"{N4}
「だが、急ぐんだ」{W}",,
43-00-1E96-08,43,0,785E4C,1E96,8,クラース,"{N4}
「それと契約の指輪を譲ってほしい」{W}",,
43-00-1E96-09,43,0,785E4C,1E96,9,クラース,"{N4}
「タダとはいわない」{W}",,
43-00-1E96-10,43,0,785E4C,1E96,10,バート,"バート
「{SPD:10}・・・{SPD:FF}どうしても行くというのなら
　指輪はタダでもいい」{W}",,
43-00-1E96-11,43,0,785E4C,1E96,11,クラース,"{N4}
「どういうことだ？」{W}",,
43-00-1E96-12,43,0,785E4C,1E96,12,バート,"バート
「実はわしの娘が何日か前から行方知
　れずになってな」{W}",,
43-00-1E96-13,43,0,785E4C,1E96,13,バート,"バート
「心配して精霊の様子を見に行ったか
　もしれないんだ」{W}",,
43-00-1E96-14,43,0,785E4C,1E96,14,クラース,"{N4}
「女の子が一人で！？」{W}",,
43-00-1E96-15,43,0,785E4C,1E96,15,クラース,"{N4}
「危険すぎるだろう！」{W}",,
43-00-1E96-16,43,0,785E4C,1E96,16,バート,"バート
「頼む・・・」{W}",,
43-00-1E96-17,43,0,785E4C,1E96,17,クラース,"{N4}
「・・・指輪はタダだな」{W}",,
43-00-1E96-18,43,0,785E4C,1E96,18,クラース,"{N4}
「いいだろう」{W}",,
43-00-1E96-19,43,0,785E4C,1E96,19,バート,"バート
「娘の名は{N3}・・・」{W}",,
43-00-1E96-20,43,0,785E4C,1E96,20,バート,"バート
「ポニーテールが特徴だ」{W}",,
43-00-1E96-21,43,0,785E4C,1E96,21,バート,"バート
「誰に似たのかオテンバでね」{W}",,
43-00-1E96-22,43,0,785E4C,1E96,22,バート,"バート
「とにかく目立つ子だよ」{W}",,
43-00-1E96-23,43,0,785E4C,1E96,23,クラース,"{N4}
「わかった、捜してこよう」{W}",,
43-00-1E96-24,43,0,785E4C,1E96,24,バート,"バート
「そうそう」{W}",,
43-00-1E96-25,43,0,785E4C,1E96,25,バート,"バート
「精霊とはいつも谷の一番奥、つり橋
　の向こうで会っている」{W}",,
43-00-2296-00,43,0,785E4C,2296,0,,"契約の指輪オパールを
手に入れました。{W}",,
43-00-22C0-00,43,0,785E4C,22C0,0,クレス,"{N1}
「ふう・・・」{W}",,
43-00-22C0-01,43,0,785E4C,22C0,1,クレス,"{N1}
「やっと{N3}の家に着いた」{W}",,
43-00-22C0-02,43,0,785E4C,22C0,2,クレス,"{N1}
「・・・{N3}？」{W}",,
43-00-2312-00,43,0,785E4C,2312,0,アーチェ,"{N3}
「お父さんのうそつきッ！！」{W}",,
43-00-2312-01,43,0,785E4C,2312,1,アーチェ,"{N3}
「お母さん死んでないじゃん！！」{W}",,
43-00-2312-02,43,0,785E4C,2312,2,バート,"バート
「なななッ{SPD:10}・・・{SPD:FF}」{W}",,
43-00-2384-00,43,0,785E4C,2384,0,バート,"バート
「あっ・・・、会ったのか？」{W}",,
43-00-23AC-00,43,0,785E4C,23AC,0,バート,"バート
「{SPD:10}・・・{SPD:FF}そうか」{W}",,
43-00-23AC-01,43,0,785E4C,23AC,1,アーチェ,"{N3}
「どうしてお母さん、家から出ていっ
　ちゃったの？」{W}",,
43-00-240C-00,43,0,785E4C,240C,0,アーチェ,"{N3}
「浮気・・・？」{W}",,
43-00-2426-00,43,0,785E4C,2426,0,バート,"バート
「ばっ、なんてことを！」{W}",,
43-00-2426-01,43,0,785E4C,2426,1,バート,"バート
「なんでそうなる！？」{W}",,
43-00-2426-02,43,0,785E4C,2426,2,クラース,"{N4}
「エルフは種族として団結する道を選
　んだ・・・」{W}",,
43-00-2426-03,43,0,785E4C,2426,3,クラース,"{N4}
「確かそうじゃなかったか？」{W}",,
43-00-24C8-00,43,0,785E4C,24C8,0,バート,"バート
「・・・そうだ」{W}",,
43-00-24C8-01,43,0,785E4C,24C8,1,バート,"バート
「ほんの十数年前まではエルフと人間
　は共存していたんだ」{W}",,
43-00-24C8-02,43,0,785E4C,24C8,2,バート,"バート
「しかし、ある時突然彼らは人間を嫌
　い・・・」{W}",,
43-00-24C8-03,43,0,785E4C,24C8,3,バート,"バート
「エルフの血が人間と交わることを拒
　んで・・・」{W}",,
43-00-24C8-04,43,0,785E4C,24C8,4,バート,"バート
「今のユミルの森に移り住んだのだ」{W}",,
43-00-25CA-00,43,0,785E4C,25CA,0,バート,"バート
「もちろん、エルフ全員がそう考えて
　いたわけではない」{W}",,
43-00-25CA-01,43,0,785E4C,25CA,1,バート,"バート
「むりやり人間と引き裂かれた例もた
　くさんあった」{W}",,
43-00-25CA-02,43,0,785E4C,25CA,2,バート,"バート
「私とルーティもその中の一つにすぎ
　ないのだ」{W}",,
43-00-2686-00,43,0,785E4C,2686,0,バート,"バート
「ルーティ！！」{W}",,
43-00-26A2-00,43,0,785E4C,26A2,0,バート,"バート
「どうしても{SPD:F}、{SPD:FF}行くのか？」{W}",,
43-00-26A2-01,43,0,785E4C,26A2,1,ルーティ,"ルーティ
「はい{SPD:10}・・・{SPD:FF}」{W}",,
43-00-26A2-02,43,0,785E4C,26A2,2,バート,"バート
「なぜ・・・？」{W}",,
43-00-26A2-03,43,0,785E4C,26A2,3,バート,"バート
「・・・なぜもう一緒に暮らせないん
　だ？」{W}",,
43-00-2742-00,43,0,785E4C,2742,0,バート,"バート
「ルーティ！」{W}",,
43-00-2742-01,43,0,785E4C,2742,1,バート,"バート
「考え直してくれッ！！」{W}",,
43-00-2742-02,43,0,785E4C,2742,2,ルーティ,"ルーティ
「{SPD:10}・・・{SPD:FF}バート{SPD:10}・・・{SPD:FF}」{W}",,
43-00-2742-03,43,0,785E4C,2742,3,バート,"バート
「一緒に・・・、もう一度・・・」{W}",,
43-00-2742-04,43,0,785E4C,2742,4,ルーティ,"ルーティ
「{SPD:10}・・・・・・{SPD:FF}」{W}",,
43-00-27FE-00,43,0,785E4C,27FE,0,バート,"バート
「ルーティ、なぜだッ！！」{W}",,
43-00-2824-00,43,0,785E4C,2824,0,エルフ,"エルフ
「種族の隔たりは、考える以上に大き
　かったということだ」{W}",,
43-00-2824-01,43,0,785E4C,2824,1,エルフ,"エルフ
「お前たち人間は・・・」{W}",,
43-00-2824-02,43,0,785E4C,2824,2,エルフ,"エルフ
「今までしたこと、これからしようと
　していることの愚かさを・・・」{W}",,
43-00-2824-03,43,0,785E4C,2824,3,エルフ,"エルフ
「もう一度、よく考えてみることだ」{W}",,
43-00-2824-04,43,0,785E4C,2824,4,バート,"バート
「なんだとッ？」{W}",,
43-00-2824-05,43,0,785E4C,2824,5,バート,"バート
「一体、どういう・・・」{W}",,
43-00-2824-06,43,0,785E4C,2824,6,エルフ,"エルフ
「でなければ・・・」{W}",,
43-00-2824-07,43,0,785E4C,2824,7,エルフ,"エルフ
「ニ度と我々が、人間の前に姿を見せ
　ることもあるまい」{W}",,
43-00-29A2-00,43,0,785E4C,29A2,0,バート,"バート
「どういう意味なんだ・・・」{W}",,
43-00-29A2-01,43,0,785E4C,29A2,1,バート,"バート
「ルーティ{SPD:10}・・・{SPD:FF}」{W}",,
43-00-29EE-00,43,0,785E4C,29EE,0,クレス,"{N1}
「人間がしようとしていることの・・
　・、愚かさ？」{W}",,
43-00-2A2C-00,43,0,785E4C,2A2C,0,バート,"バート
「私には全くわからんよ」{W}",,
43-00-2A2C-01,43,0,785E4C,2A2C,1,バート,"バート
「とにかく、自分を死んだことにして
　くれというのは・・・」{W}",,
43-00-2A2C-02,43,0,785E4C,2A2C,2,バート,"バート
「ルーティ自身の、願いだったんだ」{W}",,
43-00-2A2C-03,43,0,785E4C,2A2C,3,アーチェ,"{N3}
「お母さんね{SPD:10}・・・{SPD:FF}」{W}",,
43-00-2AE6-00,43,0,785E4C,2AE6,0,バート,"バート
「えッ？」{W}",,
43-00-2AE6-01,43,0,785E4C,2AE6,1,アーチェ,"{N3}
「謝ってたよ・・・、ごめんなさいっ
　て」{W}",,
43-00-2AE6-02,43,0,785E4C,2AE6,2,アーチェ,"{N3}
「もう、お父さんだって{G:6D1}んでないで
　しょ？」{W}",,
43-00-2AE6-03,43,0,785E4C,2AE6,3,バート,"バート
「私は、一度たりとも母さんを{G:6D1}んだ
　りしてないよ」{W}",,
43-00-2BA2-00,43,0,785E4C,2BA2,0,アーチェ,"{N3}
「だったら・・・」{W}",,
43-00-2BBE-00,43,0,785E4C,2BBE,0,アーチェ,"{N3}
「きっともと通りになれるじゃん？」{W}",,
43-00-2BBE-01,43,0,785E4C,2BBE,1,アーチェ,"{N3}
「だから・・・、この話はもうおしま
　い！」{W}",,
43-00-2BBE-02,43,0,785E4C,2BBE,2,バート,"バート
「そうだな、すまなかったな」{W}",,
43-00-2C44-00,43,0,785E4C,2C44,0,クラース,"{N4}
「それと{SPD:F}・・・{SPD:FF}」{W}",,
43-00-2C44-01,43,0,785E4C,2C44,1,アーチェ,"{N3}
「リアの両親のことなんだけど、なに
　か悪いことしてたの？」{W}",,
43-00-2C44-02,43,0,785E4C,2C44,2,バート,"バート
「はぁ？？」{W}",,
43-00-2CC0-00,43,0,785E4C,2CC0,0,クラース,"{N4}
「スカーレット夫妻とミッドガルズに
　何か関係がないかを知りたいんだ」{W}",,
43-00-2CC0-01,43,0,785E4C,2CC0,1,バート,"バート
「数年前にミッドガルズから引っ越し
　てきたくらいしか・・・」{W}",,
43-00-2CC0-02,43,0,785E4C,2CC0,2,バート,"バート
「・・・なんでも、城で未知の力の研
　究をしていたとか」{W}",,
43-00-2CC0-03,43,0,785E4C,2CC0,3,バート,"バート
「夫妻がどうかしたのか？」{W}",,
43-00-2CC0-04,43,0,785E4C,2CC0,4,クラース,"{N4}
「未知の力・・・？」{W}",,
43-00-2CC0-05,43,0,785E4C,2CC0,5,クラース,"{N4}
「もしかして・・・魔科学のことじゃ
　・・・？」{W}",,
43-00-2CC0-06,43,0,785E4C,2CC0,6,アーチェ,"{N3}
「魔科学とダオス、なにか関係でもあ
　るのかな？」{W}",,
43-00-2CC0-07,43,0,785E4C,2CC0,7,クレス,"{N1}
「さあ・・・」{W}",,
43-00-2CC0-08,43,0,785E4C,2CC0,8,ミント,"{N2}
「そろそろミッドガルズに戻らないと
　・・・」{W}",,
43-00-2CC0-09,43,0,785E4C,2CC0,9,クラース,"{N4}
「・・・そうだな」{W}",,
43-00-2EB2-00,43,0,785E4C,2EB2,0,,"どうしますか？
１．パッと帰る
２．歩いて帰る",,
43-00-2EE2-00,43,0,785E4C,2EE2,0,料理人,"料理人
「グラタンは作っておるのか？
　{SPD:10}・・・{SPD:FF}じゃ！」{W}",,
43-00-2F24-00,43,0,785E4C,2F24,0,料理人,"料理人
「私は『すばらしき味の世界』の住人
　じゃ」{W}",,
43-00-2F24-01,43,0,785E4C,2F24,1,料理人,"料理人
「この味を、より多くの人に伝えたい
　のじゃ！」{W}",,
43-00-2F24-02,43,0,785E4C,2F24,2,料理人,"料理人
「君も、私の世界に触れてみないか？
　{SPD:10}・・・{SPD:FF}じゃ！」",,
43-00-2FDA-00,43,0,785E4C,2FDA,0,料理人,"料理人
「この料理を伝授するのじゃ！」{W}",,
43-00-3004-00,43,0,785E4C,3004,0,,"{COL:2}グラタンを料理できるようになりまし
た。{W}",,
43-00-3004-01,43,0,785E4C,3004,1,,{COL:0},,
43-00-3038-00,43,0,785E4C,3038,0,料理人,"料理人
「おお、なんということじゃ！」{W}",,
43-00-3062-00,43,0,785E4C,3062,0,忍者,"忍者
「気に入ってもらえたかしら？」{W}",,
43-00-308A-00,43,0,785E4C,308A,0,忍者,"忍者
「わたしは修業中の忍者です」{W}",,
43-00-308A-01,43,0,785E4C,308A,1,忍者,"忍者
「ここでの修行で会得した忍術を、あ
　なたにも教えてあげましょうか？」",,
43-00-30FC-00,43,0,785E4C,30FC,0,忍者,"忍者
「ただし{NUM:35}０００ガルドよ」{W}",,
43-00-30FC-01,43,0,785E4C,30FC,1,,{NUM:CF08}ガルド払いますか？,,
43-00-313C-00,43,0,785E4C,313C,0,,"{N6}は
{TITLE:B5}を覚えました。{W}",,
43-00-313C-01,43,0,785E4C,313C,1,忍者,"忍者
「ありがとう」{W}",,
43-00-3170-00,43,0,785E4C,3170,0,忍者,"忍者
「お金が足りないみたいね」{W}",,
43-00-3194-00,43,0,785E4C,3194,0,忍者,"忍者
「買ってよ」{W}",,
43-00-31AA-00,43,0,785E4C,31AA,0,忍者,"忍者
「お役に立てなくて残念だわ」{W}",,
44-00-0000-00,44,0,78BC50,0000,0,クレス,"{N1}
「んッ？」{W}",,
44-00-0000-01,44,0,78BC50,0000,1,クレス,"{N1}
「なんか城の入口が騒がしいな」{W}",,
44-00-003A-00,44,0,78BC50,003A,0,,ミッドガルズ南部,,
44-00-004C-00,44,0,78BC50,004C,0,,ミッドガルズ北部,,
44-00-005E-00,44,0,78BC50,005E,0,,武具の店『スピリット』,,
44-00-0076-00,44,0,78BC50,0076,0,,宿屋『セイバー』,,
44-00-0088-00,44,0,78BC50,0088,0,,ドラッグストア『バスター』,,
44-00-00A4-00,44,0,78BC50,00A4,0,,道具屋『スレイヤー４』,,
44-00-00BC-00,44,0,78BC50,00BC,0,,食料店『ニンジャ』,,
44-00-00D0-00,44,0,78BC50,00D0,0,,市長の家,,
44-00-00DA-00,44,0,78BC50,00DA,0,？？？,"？？？
「誰もいないよッ！！」{W}",,
44-00-00FC-00,44,0,78BC50,00FC,0,クレス,"{N1}
「牛小屋か・・・」{W}",,
44-00-0118-00,44,0,78BC50,0118,0,ミント,"{N2}
「今、町の外へ出歩かない方がいいで
　すよ」{W}",,
44-00-014E-00,44,0,78BC50,014E,0,衛兵,"衛兵
「そこで止まれ！」{W}",,
44-00-016A-00,44,0,78BC50,016A,0,衛兵,"衛兵
「なんだ、お前らは？」{W}",,
44-00-016A-01,44,0,78BC50,016A,1,衛兵,"衛兵
「怪しい奴らだ」{W}",,
44-00-016A-02,44,0,78BC50,016A,2,衛兵,"衛兵
「さっさと失せろ！」{W}",,
44-00-01BE-00,44,0,78BC50,01BE,0,衛兵,"衛兵
「なんだ、お前らは？」{W}",,
44-00-01BE-01,44,0,78BC50,01BE,1,クラース,"{N4}
「我々はエドワード殿の知り合いだ」{W}",,
44-00-01BE-02,44,0,78BC50,01BE,2,クラース,"{N4}
「彼に会わせて欲しい」{W}",,
44-00-01BE-03,44,0,78BC50,01BE,3,衛兵,"衛兵
「エドワード殿の？」{W}",,
44-00-01BE-04,44,0,78BC50,01BE,4,衛兵,"衛兵
「何か、身分を証明できる物はあるの
　か！？」{W}",,
44-00-01BE-05,44,0,78BC50,01BE,5,クラース,"{N4}
「いや、それは・・・」{W}",,
44-00-01BE-06,44,0,78BC50,01BE,6,クラース,"{N4}
「アルヴァニスタ国王から授かったエ
　ンブレムを無くして・・・」{W}",,
44-00-01BE-07,44,0,78BC50,01BE,7,衛兵,"衛兵
「怪しい奴らだ」{W}",,
44-00-01BE-08,44,0,78BC50,01BE,8,衛兵,"衛兵
「さっさと失せろッ！」{W}",,
44-00-0314-00,44,0,78BC50,0314,0,衛兵,"衛兵
「んッ、冒険者か？」{W}",,
44-00-0314-01,44,0,78BC50,0314,1,衛兵,"衛兵
「とりあえず、お前たち全員の身分を
　証明する物はあるか？」{W}",,
44-00-0314-02,44,0,78BC50,0314,2,クラース,"{N4}
「これではダメか？」{W}",,
44-00-0314-03,44,0,78BC50,0314,3,クラース,"{N4}
「アルヴァニスタ国王から授かったエ
　ンブレムなんだが」{W}",,
44-00-03D2-00,44,0,78BC50,03D2,0,衛兵,"衛兵
「これは確かに・・・！」{W}",,
44-00-03D2-01,44,0,78BC50,03D2,1,クラース,"{N4}
「エドワード・Ｄ・モリスン殿に会わ
　せて欲しいんだが」{W}",,
44-00-0434-00,44,0,78BC50,0434,0,衛兵,"衛兵
「こちらへ」{W}",,
44-00-044A-00,44,0,78BC50,044A,0,？？？,"？？？
『おい、おまいらッ！！』{W}",,
44-00-046E-00,44,0,78BC50,046E,0,クレス,"{N1}
「なっ、なんだ、今のは？」{W}",,
44-00-046E-01,44,0,78BC50,046E,1,アーチェ,"{N3}
「確かに声がしたよね」{W}",,
44-00-046E-02,44,0,78BC50,046E,2,クラース,"{N4}
「ああ・・・」{W}",,
44-00-04C6-00,44,0,78BC50,04C6,0,クレス,"{N1}
「なっ、なんだ、・・・虫か？」{W}",,
44-00-04C6-01,44,0,78BC50,04C6,1,？？？,"？？？
『虫じゃないよ～だ！』{W}",,
44-00-04C6-02,44,0,78BC50,04C6,2,クラース,"{N4}
「なら魔物か！？」{W}",,
44-00-04C6-03,44,0,78BC50,04C6,3,？？？,"？？？
『へ～ん、違うよ～だ』{W}",,
44-00-04C6-04,44,0,78BC50,04C6,4,？？？,"？？？
『ヒマだからおまいらと遊ぼうと思っ
　たんだ』{W}",,
44-00-04C6-05,44,0,78BC50,04C6,5,アーチェ,"{N3}
「あたしたちは重要な使命があって旅
　してるの」{W}",,
44-00-04C6-06,44,0,78BC50,04C6,6,アーチェ,"{N3}
「あんたと遊んでるヒマなんて、ない
　よ～だ！」{W}",,
44-00-04C6-07,44,0,78BC50,04C6,7,？？？,"？？？
『だったらこうしてやるぅ！』{W}",,
44-00-0616-00,44,0,78BC50,0616,0,ミント,"{N2}
「{N1}さん！」{W}",,
44-00-0616-01,44,0,78BC50,0616,1,ミント,"{N2}
「大丈夫ですか・・・！？」{W}",,
44-00-0616-02,44,0,78BC50,0616,2,アーチェ,"{N3}
「なによ、あいつ！」{W}",,
44-00-066C-00,44,0,78BC50,066C,0,クレス,"{N1}
「あッ！！」{W}",,
44-00-066C-01,44,0,78BC50,066C,1,クラース,"{N4}
「どうした、{N1}！」{W}",,
44-00-066C-02,44,0,78BC50,066C,2,クレス,"{N1}
「アルヴァニスタ王国のエンブレムが
　ないッ！」{W}",,
44-00-066C-03,44,0,78BC50,066C,3,クラース,"{N4}
「なにーーーーッ！！」{W}",,
44-00-06F4-00,44,0,78BC50,06F4,0,？？？,"？？？
『エンブレムが欲しければ１２星座の
　塔まで来てよね！』{W}",,
44-00-06F4-01,44,0,78BC50,06F4,1,？？？,"？？？
『それじゃあ、バイバ～イ』{W}",,
44-00-075C-00,44,0,78BC50,075C,0,クレス,"{N1}
「どっ、どうしよう？」{W}",,
44-00-075C-01,44,0,78BC50,075C,1,クラース,"{N4}
「取り戻すしかあるまい」{W}",,
44-00-075C-02,44,0,78BC50,075C,2,クラース,"{N4}
「ミッドガルズ城に入るには身分を証
　明する物が必要だからな」{W}",,
44-00-075C-03,44,0,78BC50,075C,3,クラース,"{N4}
「１２星座の塔か・・・」{W}",,
44-00-075C-04,44,0,78BC50,075C,4,クラース,"{N4}
「ブラムバルドの言ってた、あの塔だ
　な」{W}",,
44-00-075C-05,44,0,78BC50,075C,5,ミント,"{N2}
「精霊が住んでいるという？」{W}",,
44-00-075C-06,44,0,78BC50,075C,6,クラース,"{N4}
「ああ」{W}",,
44-00-075C-07,44,0,78BC50,075C,7,クラース,"{N4}
「この町から南に向かえば、あるはず
　だ」{W}",,
44-00-089A-00,44,0,78BC50,089A,0,衛兵,"衛兵
「異常無しッ！」{W}",,
44-00-08B4-00,44,0,78BC50,08B4,0,宿屋,"宿屋
「いらっしゃい」{W}",,
44-00-08B4-01,44,0,78BC50,08B4,1,宿屋,"宿屋
「あなたたちのことはライゼン様から
　聞いています」{W}",,
44-00-08B4-02,44,0,78BC50,08B4,2,宿屋,"宿屋
「お泊まりになりますか？」",,
44-00-092A-00,44,0,78BC50,092A,0,宿屋,"宿屋
「ごゆっくり」{W}",,
44-00-0942-00,44,0,78BC50,0942,0,宿屋,"宿屋
「またのおこしを、お待ちしてます」{W}",,
44-00-096E-00,44,0,78BC50,096E,0,宿屋,"宿屋
「あいすいませんが、このような状況
　ですので・・・」{W}",,
44-00-09AE-00,44,0,78BC50,09AE,0,主人,"主人
「いらっしゃい」{W}",,
44-00-09C8-00,44,0,78BC50,09C8,0,主人,"主人
「どうも」{W}",,
44-00-09DC-00,44,0,78BC50,09DC,0,防具屋,"防具屋
「いらっしゃい」{W}",,
44-00-09F8-00,44,0,78BC50,09F8,0,防具屋,"防具屋
「ありがとう」{W}",,
44-00-0A12-00,44,0,78BC50,0A12,0,武器屋,"武器屋
「へい、いらっしゃい」{W}",,
44-00-0A34-00,44,0,78BC50,0A34,0,武器屋,"武器屋
「こんな状況だからこそ商売をしなく
　てはならんのじゃ」{W}",,
44-00-0A34-01,44,0,78BC50,0A34,1,武器屋,"武器屋
「どうもありがとう」{W}",,
44-00-0A96-00,44,0,78BC50,0A96,0,道具屋,"道具屋
「いらっしゃい」{W}",,
44-00-0AB2-00,44,0,78BC50,0AB2,0,道具屋,"道具屋
「どうもありがとう」{W}",,
44-00-0AD2-00,44,0,78BC50,0AD2,0,店員,"店員
「たいした物はないけど・・・、いい
　かしら？」{W}",,
44-00-0B0C-00,44,0,78BC50,0B0C,0,店員,"店員
「どうもありがとう」{W}",,
44-00-0B2A-00,44,0,78BC50,0B2A,0,兵士,"兵士
「あいつ、どうやって忍び込んだんだ
　ろう？」{W}",,
44-00-0B62-00,44,0,78BC50,0B62,0,兵士,"兵士
「モリスン殿が説得しているようだが
　相手は魔物だ」{W}",,
44-00-0B62-01,44,0,78BC50,0B62,1,兵士,"兵士
「聞き入れるわけがない！」{W}",,
44-00-0BC2-00,44,0,78BC50,0BC2,0,兵士,"兵士
「一体どうしたら・・・」{W}",,
44-00-0BE4-00,44,0,78BC50,0BE4,0,兵士,"兵士
「た、たいへんだ！」{W}",,
44-00-0BE4-01,44,0,78BC50,0BE4,1,兵士,"兵士
「魔物が子供を人質に！！」{W}",,
44-00-0C24-00,44,0,78BC50,0C24,0,市長,"市長
「大人には見えない白馬が北の森に住
　んでいるという」{W}",,
44-00-0C24-01,44,0,78BC50,0C24,1,市長,"市長
「本当かのぅ？」{W}",,
44-00-0C7C-00,44,0,78BC50,0C7C,0,市長,"市長
「ほとんどの民が、町を出ていってし
　まった」{W}",,
44-00-0C7C-01,44,0,78BC50,0C7C,1,市長,"市長
「戦争が終わるまでは私の仕事はない
　な、こりゃ」{W}",,
44-00-0CEE-00,44,0,78BC50,0CEE,0,兵士,"兵士
「アルヴァニスタに残してきた両親が
　心配です」{W}",,
44-00-0D28-00,44,0,78BC50,0D28,0,町の人,"町の人
「ここも、住み心地が良くなりやすか
　ねぇ」{W}",,
44-00-0D60-00,44,0,78BC50,0D60,0,町の人,"町の人
「早いとこトンズラしまへんと」{W}",,
44-00-0D60-01,44,0,78BC50,0D60,1,町の人,"町の人
「ここは、危のうてしょうがありまへ
　ん」{W}",,
44-00-0DBE-00,44,0,78BC50,0DBE,0,町の人,"町の人
「よッ！」{W}",,
44-00-0DBE-01,44,0,78BC50,0DBE,1,町の人,"町の人
「あんさん剣士はんどすか？」{W}",,
44-00-0DBE-02,44,0,78BC50,0DBE,2,町の人,"町の人
「この奥義書、買いまへんか？」{W}",,
44-00-0DBE-03,44,0,78BC50,0DBE,3,町の人,"町の人
「１８０００ガルドでいいどす」{W}",,
44-00-0DBE-04,44,0,78BC50,0DBE,4,,{COL:3}買いますか？{COL:2},,
44-00-0E5E-00,44,0,78BC50,0E5E,0,町の人,"町の人
「ちッ」{W}",,
44-00-0E72-00,44,0,78BC50,0E72,0,町の人,"町の人
「金足りまへんて」{W}",,
44-00-0E90-00,44,0,78BC50,0E90,0,,"{COL:3}{N1}は
襲爪飛燕脚を覚えました。{COL:2}{W}",,
44-00-0E90-01,44,0,78BC50,0E90,1,町の人,"町の人
「毎度おおきにッ！」{W}",,
44-00-0EDA-00,44,0,78BC50,0EDA,0,花売り,"花売り
「ちょっとお兄さん、８００００でど
　う？」{W}",,
44-00-0EDA-01,44,0,78BC50,0EDA,1,クレス,"{N1}
「どうって・・・？」{W}",,
44-00-0EDA-02,44,0,78BC50,0EDA,2,花売り,"花売り
「ちッ、子供に用はないよ！」{W}",,
44-00-0EDA-03,44,0,78BC50,0EDA,3,クレス,"{N1}
「８００００は高くない？」{W}",,
44-00-0EDA-04,44,0,78BC50,0EDA,4,花売り,"花売り
「・・・なんで知ってんだよ？」{W}",,
44-00-0F9E-00,44,0,78BC50,0F9E,0,シスター,"シスター
「私の祖母の話ですが、白馬は清らか
　な乙女にしか会わないそうです」{W}",,
44-00-0F9E-01,44,0,78BC50,0F9E,1,シスター,"シスター
「それだけ、ピュアな心の持ち主なん
　でしょうね」{W}",,
44-00-102E-00,44,0,78BC50,102E,0,シスター,"シスター
「この子たちは、戦争で両親を失った
　子供ばかりです」{W}",,
44-00-102E-01,44,0,78BC50,102E,1,シスター,"シスター
「なんでこんなことに・・・」{W}",,
44-00-109A-00,44,0,78BC50,109A,0,男の子,"男の子
「オレ、一人でも平気さッ！」{W}",,
44-00-10C2-00,44,0,78BC50,10C2,0,男の子,"男の子
「ママ、早く帰ってこないかな？」{W}",,
44-00-10EE-00,44,0,78BC50,10EE,0,女の子,"女の子
「おうちに帰りたい・・・」{W}",,
44-00-1114-00,44,0,78BC50,1114,0,女の子,"女の子
「北の森にはね、真っ白な馬がいるん
　だよ！」{W}",,
44-00-114E-00,44,0,78BC50,114E,0,女の子,"女の子
「・・・・・・」{W}",,
44-00-116A-00,44,0,78BC50,116A,0,男の子,"男の子
「なんかくれよ」{W}",,
44-00-1186-00,44,0,78BC50,1186,0,女の子,"女の子
「お兄ちゃん、遊んでよ」{W}",,
44-00-11AA-00,44,0,78BC50,11AA,0,町の人,"町の人
「身も心も清らかな乙女だけが、白馬
　に出会える・・・」{W}",,
44-00-11AA-01,44,0,78BC50,11AA,1,町の人,"町の人
「・・・っていう話があるけど、本当
　かしら？」{W}",,
44-00-1228-00,44,0,78BC50,1228,0,町の人,"町の人
「ついに平和が来たんですね！」{W}",,
44-00-1252-00,44,0,78BC50,1252,0,町の人,"町の人
「ダオスを倒した勇者たちは・・・」{W}",,
44-00-1252-01,44,0,78BC50,1252,1,町の人,"町の人
「王様からの祝福を受ける前にどこか
　に行ってしまったそうよ」{W}",,
44-00-1252-02,44,0,78BC50,1252,2,町の人,"町の人
「一目見たかったわ」{W}",,
44-00-1252-03,44,0,78BC50,1252,3,町の人,"町の人
「えッ、あなたたちが！？」{W}",,
44-00-1252-04,44,0,78BC50,1252,4,町の人,"町の人
「ウソつかないでよ」{W}",,
44-00-1328-00,44,0,78BC50,1328,0,町の人,"町の人
「戦いが終わったという話を聞いて、
　戻ってきました」{W}",,
44-00-136A-00,44,0,78BC50,136A,0,町の人,"町の人
「勇者たちの戦いはまさに死闘だった
　らしいね」{W}",,
44-00-136A-01,44,0,78BC50,136A,1,町の人,"町の人
「すごいねッ！！」{W}",,
44-00-13C2-00,44,0,78BC50,13C2,0,男の子,"男の子
「へーんだ」{W}",,
44-00-13C2-01,44,0,78BC50,13C2,1,男の子,"男の子
「ダオスなんて、ひとひねりだったの
　にな」{W}",,
44-00-13C2-02,44,0,78BC50,13C2,2,男の子,"男の子
「いなくなって残念だな」{W}",,
44-00-1432-00,44,0,78BC50,1432,0,女の子,"女の子
「ウソつきは泥棒の始まりよね」{W}",,
44-00-1432-01,44,0,78BC50,1432,1,女の子,"女の子
「えーッ！！」{W}",,
44-00-1432-02,44,0,78BC50,1432,2,女の子,"女の子
「・・・お兄ちゃんたちがダオスを倒
　したの！？」{W}",,
44-00-1432-03,44,0,78BC50,1432,3,女の子,"女の子
「お兄ちゃんたちも、泥棒の始まりだ
　よ！！」{W}",,
44-00-14E8-00,44,0,78BC50,14E8,0,おじいさん,"おじいさん
「やっと、やっと長年の苦しみから解
　放されたんじゃな・・・」{W}",,
44-00-14E8-01,44,0,78BC50,14E8,1,おじいさん,"おじいさん
「うれしいのぅ」{W}",,
44-00-1554-00,44,0,78BC50,1554,0,おばあさん,"おばあさん
「もう疲れたよ」{W}",,
44-00-1554-01,44,0,78BC50,1554,1,おばあさん,"おばあさん
「息子も、もうこの世にはいないし・
　・・」{W}",,
44-00-15AE-00,44,0,78BC50,15AE,0,女の人,"女の人
「ボランティアの為に来ました」{W}",,
44-00-15AE-01,44,0,78BC50,15AE,1,女の人,"女の人
「私も孤児たちの為に働きたいと思い
　ます」{W}",,
44-00-160E-00,44,0,78BC50,160E,0,剣士,"剣士
「ダオス討伐の為にミッドガルズ軍隊
　に入隊しようと思って来たのだが」{W}",,
44-00-160E-01,44,0,78BC50,160E,1,剣士,"剣士
「・・・遅かったようだ」{W}",,
44-00-160E-02,44,0,78BC50,160E,2,剣士,"剣士
「ちょっと安心」{W}",,
44-00-1696-00,44,0,78BC50,1696,0,女の人,"女の人
「ダオスもいなくなったことだし、こ
　の町で商売でもしようかしら？」{W}",,
44-00-16E6-00,44,0,78BC50,16E6,0,町の人,"町の人
「戦争中のピリピリした緊張感はもう
　たくさんだよ」{W}",,
44-00-16E6-01,44,0,78BC50,16E6,1,町の人,"町の人
「親友同士でもケンカをしてしまうか
　らね」{W}",,
44-00-175C-00,44,0,78BC50,175C,0,町の人,"町の人
「一体、ダオスはなんの為にこの国と
　戦争をしていたんでしょうね？」{W}",,
44-00-175C-01,44,0,78BC50,175C,1,町の人,"町の人
「いまいち目的がはっきりしてないん
　だ」{W}",,
44-00-17E0-00,44,0,78BC50,17E0,0,男の子,"男の子
「お父さん、どこに行ったんだろ・・
　・？」{W}",,
44-00-17E0-01,44,0,78BC50,17E0,1,男の子,"男の子
「お母さんは、神様の所に行ったって
　言ってたけど・・・」{W}",,
44-00-185C-00,44,0,78BC50,185C,0,女の子,"女の子
「やっと外に出れたの」{W}",,
44-00-185C-01,44,0,78BC50,185C,1,女の子,"女の子
「戦争中ずっと家の中にいたからつま
　んなかったわ」{W}",,
44-00-18BC-00,44,0,78BC50,18BC,0,おじいさん,"おじいさん
「この国もやがては世界を統率する国
　になるじゃろ」{W}",,
44-00-18BC-01,44,0,78BC50,18BC,1,おじいさん,"おじいさん
「じゃが、どのような方法で統率する
　かはわからんがの」{W}",,
44-00-1946-00,44,0,78BC50,1946,0,おばあさん,"おばあさん
「魔科学兵器が、世界の脅威にならね
　ばよいが・・・」{W}",,
44-00-198C-00,44,0,78BC50,198C,0,バイト,"バイト
「私はバイトです」{W}",,
44-00-198C-01,44,0,78BC50,198C,1,バイト,"バイト
「お会計は奥で願います」{W}",,
44-00-19CC-00,44,0,78BC50,19CC,0,町の人,"町の人
「買い出しに来ました」{W}",,
44-00-19CC-01,44,0,78BC50,19CC,1,町の人,"町の人
「戦争は終わっても、食料事情はあま
　り変わりません」{W}",,
44-00-1A2E-00,44,0,78BC50,1A2E,0,町の人,"町の人
「米不足が叫ばれていますが・・・」{W}",,
44-00-1A2E-01,44,0,78BC50,1A2E,1,町の人,"町の人
「そんなにたいした問題にはならない
　でしょう」{W}",,
44-00-1A2E-02,44,0,78BC50,1A2E,2,町の人,"町の人
「外国産米を輸入すればいい」{W}",,
44-00-1A2E-03,44,0,78BC50,1A2E,3,町の人,"町の人
「えッ、簡単に言うなって？」{W}",,
44-00-1AE2-00,44,0,78BC50,1AE2,0,研究員,"研究員
「戦争が終わっても、魔科学兵器の研
　究はなくなりません」{W}",,
44-00-1AE2-01,44,0,78BC50,1AE2,1,研究員,"研究員
「これは人類の未来の為に必要な研究
　なのです」{W}",,
44-00-1B62-00,44,0,78BC50,1B62,0,町の人,"町の人
「ミッドガルズ王は・・・」{W}",,
44-00-1B62-01,44,0,78BC50,1B62,1,町の人,"町の人
「魔科学兵器の研究を更に拡大しよう
　としているけど・・・」{W}",,
44-00-1B62-02,44,0,78BC50,1B62,2,町の人,"町の人
「ぼくは反対だね」{W}",,
44-00-1B62-03,44,0,78BC50,1B62,3,町の人,"町の人
「きっとこの先、いつかあれが世界の
　脅威になるよ」{W}",,
44-00-1C28-00,44,0,78BC50,1C28,0,元・兵士,"元・兵士
「私は退役軍人です」{W}",,
44-00-1C28-01,44,0,78BC50,1C28,1,元・兵士,"元・兵士
「さてと、次はどこに就職しようか・
　・・」{W}",,
44-00-1C82-00,44,0,78BC50,1C82,0,おばあさん,"おばあさん
「やっと平和が訪れたわ」{W}",,
44-00-1C82-01,44,0,78BC50,1C82,1,おばあさん,"おばあさん
「これで観光客がたくさん来れば言う
　ことないわい」{W}",,
44-00-1CEC-00,44,0,78BC50,1CEC,0,女の人,"女の人
「今、この子を寝かせようと思って昔
　話をしているところよ」{W}",,
44-00-1CEC-01,44,0,78BC50,1CEC,1,女の人,"女の人
「静かにしてね」{W}",,
44-00-1D4E-00,44,0,78BC50,1D4E,0,女の人,"女の人
「じゃあ、続きね」{W}",,
44-00-1D4E-01,44,0,78BC50,1D4E,1,女の人,"女の人
「その兵士は一目散に結界の外に向か
　いました」{W}",,
44-00-1D4E-02,44,0,78BC50,1D4E,2,女の人,"女の人
「国王はしつこく兵士を追いかけてき
　ます」{W}",,
44-00-1D4E-03,44,0,78BC50,1D4E,3,女の人,"女の人
「兵士はついに国王を振り切り、結界
　の外に出ました」{W}",,
44-00-1D4E-04,44,0,78BC50,1D4E,4,女の人,"女の人
「外の世界はみんなが思っているよう
　な毒が充満し・・・」{W}",,
44-00-1D4E-05,44,0,78BC50,1D4E,5,女の人,"女の人
「太陽の光も届かぬ地獄とは大違いで
　した」{W}",,
44-00-1D4E-06,44,0,78BC50,1D4E,6,女の人,"女の人
「チョウが舞い、鹿が水辺にたたずむ
　まるで、天国のような世界でした」{W}",,
44-00-1D4E-07,44,0,78BC50,1D4E,7,女の人,"女の人
「結界の外は、元の美しい世界に戻っ
　ていたのです」{W}",,
44-00-1D4E-08,44,0,78BC50,1D4E,8,女の人,"女の人
「兵士は、精霊様を逃がしてあげまし
　た」{W}",,
44-00-1D4E-09,44,0,78BC50,1D4E,9,女の人,"女の人
「精霊様が、空に消えてゆく姿をいつ
　までも見ていました」{W}",,
44-00-1D4E-10,44,0,78BC50,1D4E,10,女の人,"女の人
「おしまい」{W}",,
44-00-1D4E-11,44,0,78BC50,1D4E,11,女の人,"女の人
「さ、もう寝なさい」{W}",,
44-00-1FD0-00,44,0,78BC50,1FD0,0,女の人,"女の人
「さあ、早く寝なさい」{W}",,
44-00-1FF2-00,44,0,78BC50,1FF2,0,クラース,"{N4}
「すッ、すごい・・・」{W}",,
44-00-1FF2-01,44,0,78BC50,1FF2,1,クラース,"{N4}
「これならダオスといえども、ひとた
　まりもないな」{W}",,
44-00-204E-00,44,0,78BC50,204E,0,兵士,"兵士
「たッ、たいへんだ！！」{W}",,
44-00-204E-01,44,0,78BC50,204E,1,兵士,"兵士
「魔科学兵器が使い物にならなくなっ
　たらしいんだ！！」{W}",,
44-00-204E-02,44,0,78BC50,204E,2,クラース,"{N4}
「なんだって！？」{W}",,
44-00-204E-03,44,0,78BC50,204E,3,クラース,"{N4}
「やはり魔力を科学で扱うなんて無理
　なのか・・・？」{W}",,
44-00-2108-00,44,0,78BC50,2108,0,アーチェ,"{N3}
「そんなことより、どうすんの！？」{W}",,
44-00-2108-01,44,0,78BC50,2108,1,クラース,"{N4}
「ああ、くそッ！」{W}",,
44-00-2108-02,44,0,78BC50,2108,2,クラース,"{N4}
「{N1}がいれば・・・」{W}",,
44-00-216C-00,44,0,78BC50,216C,0,クラース,"{N4}
「{N1}！」{W}",,
44-00-216C-01,44,0,78BC50,216C,1,クラース,"{N4}
「無事だったか？」{W}",,
44-00-216C-02,44,0,78BC50,216C,2,ミント,"{N2}
「{N1}さん・・・？」{W}",,
44-00-216C-03,44,0,78BC50,216C,3,ミント,"{N2}
「本当に{N1}さんなの？」{W}",,
44-00-216C-04,44,0,78BC50,216C,4,クレス,"{N1}
「心配かけてすまない」{W}",,
44-00-216C-05,44,0,78BC50,216C,5,アーチェ,"{N3}
「{N1}」{W}",,
44-00-216C-06,44,0,78BC50,216C,6,アーチェ,"{N3}
「その馬どうしたの？」{W}",,
44-00-216C-07,44,0,78BC50,216C,7,アーチェ,"{N3}
「かっこいいじゃん！」{W}",,
44-00-216C-08,44,0,78BC50,216C,8,クレス,"{N1}
「話は後で！」{W}",,
44-00-216C-09,44,0,78BC50,216C,9,クレス,"{N1}
「敵のボスを一気にたたく！」{W}",,
44-00-216C-10,44,0,78BC50,216C,10,クレス,"{N1}
「奴らは、空を飛べないとタカをくく
　っているはずだ！」{W}",,
44-00-216C-11,44,0,78BC50,216C,11,アーチェ,"{N3}
「あッ、待って！」{W}",,
44-00-216C-12,44,0,78BC50,216C,12,アーチェ,"{N3}
「あたしも行く！」{W}",,
44-00-216C-13,44,0,78BC50,216C,13,クレス,"{N1}
「しかしそのホウキじゃ・・・」{W}",,
44-00-216C-14,44,0,78BC50,216C,14,アーチェ,"{N3}
「あんまり長くは飛べないと思うけど
　・・・」{W}",,
44-00-216C-15,44,0,78BC50,216C,15,アーチェ,"{N3}
「一人よりはいいじゃん？」{W}",,
44-00-236C-00,44,0,78BC50,236C,0,ペガサス,"ペガサス
『私の力で長く高く飛べるようにしよ
　う』{W}",,
44-00-236C-01,44,0,78BC50,236C,1,ペガサス,"ペガサス
『戦力は多い方がいいだろう？』{W}",,
44-00-236C-02,44,0,78BC50,236C,2,クレス,"{N1}
「ありがとう、ペガサス」{W}",,
44-00-236C-03,44,0,78BC50,236C,3,ペガサス,"ペガサス
『それから、武器はグーングニルを使
　え』{W}",,
44-00-236C-04,44,0,78BC50,236C,4,ペガサス,"ペガサス
『馬上戦闘では、剣や斧などは役に立
　たぬ』{W}",,
44-00-245C-00,44,0,78BC50,245C,0,クレス,"{N1}
「よしッ！」{W}",,
44-00-245C-01,44,0,78BC50,245C,1,クレス,"{N1}
「行こう！！」{W}",,
44-00-2488-00,44,0,78BC50,2488,0,クレス,"{N1}
「ありがとう、ペガサス」{W}",,
44-00-2488-01,44,0,78BC50,2488,1,ペガサス,"ペガサス
『私は主からの任を全うしたにすぎな
　い』{W}",,
44-00-2488-02,44,0,78BC50,2488,2,ペガサス,"ペガサス
『グーングニルは、返してもらうぞ』{W}",,
44-00-2488-03,44,0,78BC50,2488,3,ペガサス,"ペガサス
『さらばだ』{W}",,
44-00-2526-00,44,0,78BC50,2526,0,ライゼン,"ライゼン
「{N1}殿、{N3}殿！
　ご無事ですか！？」{W}",,
44-00-2526-01,44,0,78BC50,2526,1,クレス,"{N1}
「ええ」{W}",,
44-00-2526-02,44,0,78BC50,2526,2,クレス,"{N1}
「敵の空中部隊は・・・」{W}",,
44-00-2526-03,44,0,78BC50,2526,3,クレス,"{N1}
「ボスがいなくなったことで統率が乱
　れて、退却していきましたよ」{W}",,
44-00-2526-04,44,0,78BC50,2526,4,ライゼン,"ライゼン
「誠に申し訳ない、我が軍隊にもっと
　力があれば・・・」{W}",,
44-00-2526-05,44,0,78BC50,2526,5,ライゼン,"ライゼン
「ともあれ、王もお喜びだ」{W}",,
44-00-2526-06,44,0,78BC50,2526,6,ライゼン,"ライゼン
「近々、勲章を受けることになるだろ
　う」{W}",,
44-00-2526-07,44,0,78BC50,2526,7,クラース,"{N4}
「いや、それにはまだ早い」{W}",,
44-00-2526-08,44,0,78BC50,2526,8,クレス,"{N1}
「ダオスを倒すまでは油断しない方が
　いいです」{W}",,
44-00-2526-09,44,0,78BC50,2526,9,ライゼン,"ライゼン
「うむ、そうだったな」{W}",,
44-00-2526-10,44,0,78BC50,2526,10,ライゼン,"ライゼン
「だが、敵はしばらく動けまい」{W}",,
44-00-2526-11,44,0,78BC50,2526,11,ライゼン,"ライゼン
「今日はゆっくり休むといい」{W}",,
44-00-2526-12,44,0,78BC50,2526,12,ライゼン,"ライゼン
「その前に、これを・・・」{W}",,
44-00-276A-00,44,0,78BC50,276A,0,クレス,"{N1}
「これは・・、呪文書！」{W}",,
44-00-276A-01,44,0,78BC50,276A,1,ライゼン,"ライゼン
「研究所のエドワードの机の上にあっ
　たんだ」{W}",,
44-00-276A-02,44,0,78BC50,276A,2,ライゼン,"ライゼン
「・・・置き手紙も一緒にね」{W}",,
44-00-276A-03,44,0,78BC50,276A,3,,"『もし、私の身になにかあった場合は
　この本を{N3}に・・・』{W}",,
44-00-276A-04,44,0,78BC50,276A,4,,"『きっと彼女なら、この魔法を使いこ
　なすことができるだろう』{W}",,
44-00-276A-05,44,0,78BC50,276A,5,アーチェ,"{N3}
「モリスンさんが・・・」{W}",,
44-00-288C-00,44,0,78BC50,288C,0,,"{N3}は
{TITLE:BD}を覚えました。{W}",,
44-00-288C-01,44,0,78BC50,288C,1,ライゼン,"ライゼン
「エドワードは自分の使命を君たちに
　託したんだ」{W}",,
44-00-288C-02,44,0,78BC50,288C,2,ライゼン,"ライゼン
「彼の為にもがんばってくれ！」{W}",,
44-00-2912-00,44,0,78BC50,2912,0,,"　　　　　彼が逝ったことで
　　　歴史の歯車が狂い・・・{W}",,
44-00-2912-01,44,0,78BC50,2912,1,,"　　　　戦争の勝敗の行方が
　　　全くわからなくなっていた{W}",,
44-00-298A-00,44,0,78BC50,298A,0,,"　　　　果たして勝利の女神は
　　　どちらに微笑むのだろうか{W}",,
44-00-29CA-00,44,0,78BC50,29CA,0,クレス,"{N1}
「あ～・・・、よく寝た」{W}",,
44-00-29EC-00,44,0,78BC50,29EC,0,クレス,"{N1}
「{N2}、おはよう」{W}",,
44-00-29EC-01,44,0,78BC50,29EC,1,クレス,"{N1}
「今朝は早いね」{W}",,
44-00-2A20-00,44,0,78BC50,2A20,0,クレス,"{N1}
「{N2}？」{W}",,
44-00-2A34-00,44,0,78BC50,2A34,0,クラース,"{N4}
「やあ、おはよう・・・」{W}",,
44-00-2A56-00,44,0,78BC50,2A56,0,クラース,"{N4}
「んッ、どうした？」{W}",,
44-00-2A74-00,44,0,78BC50,2A74,0,ミント,"{N2}
「みんな、聞いて下さい」{W}",,
44-00-2A74-01,44,0,78BC50,2A74,1,クレス,"{N1}
「どうしたの？」{W}",,
44-00-2A74-02,44,0,78BC50,2A74,2,ミント,"{N2}
「ユグドラシルの樹を復活させる方法
　を考えていました」{W}",,
44-00-2A74-03,44,0,78BC50,2A74,3,ミント,"{N2}
「私の法術で、なんとかならないかと
　・・・」{W}",,
44-00-2A74-04,44,0,78BC50,2A74,4,ミント,"{N2}
「でも、今の私の力ではどうにもなり
　ません」{W}",,
44-00-2A74-05,44,0,78BC50,2A74,5,クラース,"{N4}
「・・・で？」{W}",,
44-00-2A74-06,44,0,78BC50,2A74,6,ミント,"{N2}
「白馬、ユニコーンの力を借りるので
　す」{W}",,
44-00-2A74-07,44,0,78BC50,2A74,7,クレス,"{N1}
「ユニコーン・・・？」{W}",,
44-00-2A74-08,44,0,78BC50,2A74,8,ミント,"{N2}
「ユニコーンは法術師の証、この世界
　のどこかにいるはずです」{W}",,
44-00-2A74-09,44,0,78BC50,2A74,9,クラース,"{N4}
「しかし{SPD:10}・・・{SPD:FF}、ユニコーンに会えた
　としても・・・」{W}",,
44-00-2A74-10,44,0,78BC50,2A74,10,クラース,"{N4}
「力を貸してくれるのか？」{W}",,
44-00-2C6E-00,44,0,78BC50,2C6E,0,ミント,"{N2}
「わかりません」{W}",,
44-00-2C6E-01,44,0,78BC50,2C6E,1,ミント,"{N2}
「わかりませんけど・・・」{W}",,
44-00-2C6E-02,44,0,78BC50,2C6E,2,クレス,"{N1}
「今はそれしか頼れないんだね、
　{N2}・・・」{W}",,
44-00-2C6E-03,44,0,78BC50,2C6E,3,クレス,"{N1}
「行こうよ・・・、ユニコーンを捜し
　に！」{W}",,
44-00-2C6E-04,44,0,78BC50,2C6E,4,クレス,"{N1}
「きっと見つかるよ」{W}",,
44-00-2D30-00,44,0,78BC50,2D30,0,ミント,"{N2}
「{N1}さん・・・」{W}",,
44-00-2D30-01,44,0,78BC50,2D30,1,ミント,"{N2}
「ありがとう・・・」{W}",,
44-00-2D30-02,44,0,78BC50,2D30,2,クラース,"{N4}
「そうと決まれば早速行動だ」{W}",,
44-00-2D8C-00,44,0,78BC50,2D8C,0,クラース,"{N4}
「{N3}、起きろ！」{W}",,
44-00-2D8C-01,44,0,78BC50,2D8C,1,クラース,"{N4}
「もう朝だぞッ！」{W}",,
44-00-2D8C-02,44,0,78BC50,2D8C,2,アーチェ,"{N3}
「あん・・・、もうちょっと・・・」{W}",,
44-00-2D8C-03,44,0,78BC50,2D8C,3,クラース,"{N4}
「起きろってッ！！」{W}",,
44-00-2E08-00,44,0,78BC50,2E08,0,アーチェ,"{N3}
「みんな早起きだね～」{W}",,
44-00-2E08-01,44,0,78BC50,2E08,1,アーチェ,"{N3}
「どうしたの？」{W}",,
45-00-0000-00,45,0,7908E0,0000,0,,エルフの集落,,
45-00-000E-00,45,0,7908E0,000E,0,,宿屋『エルフＩＮＮ』,,
45-00-0024-00,45,0,7908E0,0024,0,,食料店『あかさたな』,,
45-00-003A-00,45,0,7908E0,003A,0,,武具屋『トワイライト』,,
45-00-0052-00,45,0,7908E0,0052,0,,雑貨屋『サンセット』,,
45-00-0068-00,45,0,7908E0,0068,0,,名も無き宿屋,,
45-00-0076-00,45,0,7908E0,0076,0,,名も無き食べ物屋,,
45-00-0088-00,45,0,7908E0,0088,0,,名も無き武具屋,,
45-00-0098-00,45,0,7908E0,0098,0,,名も無き道具＆薬屋,,
45-00-00AC-00,45,0,7908E0,00AC,0,,トレントの森,,
45-00-00BA-00,45,0,7908E0,00BA,0,クレス,"{N1}
「・・・カギがかかってる」{W}",,
45-00-00BA-01,45,0,7908E0,00BA,1,クレス,"{N1}
「どうやら倉庫みたいだ」{W}",,
45-00-00FE-00,45,0,7908E0,00FE,0,,　　　　　ハーブの特性{W},,
45-00-00FE-01,45,0,7908E0,00FE,1,,"ハーブにはたくさんの種類があるが、
セボリー・セージ・ラベンダー・ベル
ベーヌが最もポピュラーなものだ。{W}",,
45-00-00FE-02,45,0,7908E0,00FE,2,,"これらはある特殊な薬品につけると赤
く変色し、より強力なハーブになると
いう。{W}",,
45-00-01D2-00,45,0,7908E0,01D2,0,,　　　　エルフの長寿の秘密{W},,
45-00-01D2-01,45,0,7908E0,01D2,1,,"エルフ族は人間族に比べ、たいへんな
長寿の持ち主である。{W}",,
45-00-01D2-02,45,0,7908E0,01D2,2,,"それにはもちろん日々の健康管理、特
に栄養ある食事が大事ではあるが、{W}",,
45-00-01D2-03,45,0,7908E0,01D2,3,,"やはり『生物の進化』にも絡んでくる
特異なものである。{W}",,
45-00-01D2-04,45,0,7908E0,01D2,4,,"親と子は、似ているようで微妙な違い
がある。{W}",,
45-00-01D2-05,45,0,7908E0,01D2,5,,"それは『進化』の過程の末端で、この
微妙な違いが何十世代という時を経て
大きな『進化』となるのである。{W}",,
45-00-01D2-06,45,0,7908E0,01D2,6,,"この『進化』が起こるという事は、そ
の生物はまだ『進化』の途中だと言え
るだろう。{W}",,
45-00-01D2-07,45,0,7908E0,01D2,7,,"それらの考えから察するに、我々エル
フ族は長寿な分だけ『進化』が遅く、
それだけ『進化』の必要ない生物だ。{W}",,
45-00-01D2-08,45,0,7908E0,01D2,8,,"生物の中でも優れた生物という事にな
るだろう。{W}",,
45-00-042E-00,45,0,7908E0,042E,0,ブラムバルド,"ブラムバルド
「申し訳ない」{W}",,
45-00-042E-01,45,0,7908E0,042E,1,ブラムバルド,"ブラムバルド
「私はこの村から出るわけにはいかな
　いのでね」{W}",,
45-00-048E-00,45,0,7908E0,048E,0,エルフの衛兵,"エルフの衛兵
「族長！」{W}",,
45-00-048E-01,45,0,7908E0,048E,1,エルフの衛兵,"エルフの衛兵
「怪しい者を捕らえました！」{W}",,
45-00-048E-02,45,0,7908E0,048E,2,ブラムバルド,"ブラムバルド
「人間の不法侵入者か？」{W}",,
45-00-048E-03,45,0,7908E0,048E,3,エルフの衛兵,"エルフの衛兵
「いえ、その・・・、ハーフエルフで
　して・・・」{W}",,
45-00-048E-04,45,0,7908E0,048E,4,ブラムバルド,"ブラムバルド
「なんだとッ！！」{W}",,
45-00-0562-00,45,0,7908E0,0562,0,？？？,"？？？
「ちょっとぉ、離してよッ！」{W}",,
45-00-0562-01,45,0,7908E0,0562,1,？？？,"？？？
「あ～ら、そこのお兄さんいい男ねぇ
　ん▽」{W}",,
45-00-0562-02,45,0,7908E0,0562,2,？？？,"？？？
「あ～ん行かないでったらぁ！」{W}",,
45-00-05E8-00,45,0,7908E0,05E8,0,クレス,"{N1}
「この声は{SPD:10}・・・{SPD:FF}」{W}",,
45-00-060C-00,45,0,7908E0,060C,0,クラース,"{N4}
「{N3}！」{W}",,
45-00-060C-01,45,0,7908E0,060C,1,クラース,"{N4}
「待ってろとあれほど言ったのに！」{W}",,
45-00-060C-02,45,0,7908E0,060C,2,アーチェ,"{N3}
「だぁってぇ～・・・」{W}",,
45-00-0668-00,45,0,7908E0,0668,0,アーチェ,"{N3}
「早くほどいて～ッ！」{W}",,
45-00-0668-01,45,0,7908E0,0668,1,アーチェ,"{N3}
「あたしはこんな変な趣味してないん
　だってばぁ！」{W}",,
45-00-0668-02,45,0,7908E0,0668,2,ブラムバルド,"ブラムバルド
「あなたたちの連れですか？」{W}",,
45-00-06F0-00,45,0,7908E0,06F0,0,ミント,"{N2}
「ほどいてあげて下さい、お願いしま
　す！」{W}",,
45-00-0726-00,45,0,7908E0,0726,0,エルフの衛兵,"エルフの衛兵
「族長、例外を認めては他の者に示し
　がつきませんぞ！」{W}",,
45-00-0770-00,45,0,7908E0,0770,0,ブラムバルド,"ブラムバルド
「ハーフエルフの不法侵入者は例外な
　く死{SPD:10}・・・{SPD:FF}」{W}",,
45-00-07BC-00,45,0,7908E0,07BC,0,？？？,"？？？
「待って下さい！！」{W}",,
45-00-07DC-00,45,0,7908E0,07DC,0,？？？,"？？？
「どうか見逃してあげて下さい、お願
　いします！」{W}",,
45-00-07DC-01,45,0,7908E0,07DC,1,？？？,"？？？
「この娘を殺すというのなら私が身代
　わりになります！」{W}",,
45-00-07DC-02,45,0,7908E0,07DC,2,？？？,"？？？
「ですから{SPD:10}・・・{SPD:FF}」{W}",,
45-00-07DC-03,45,0,7908E0,07DC,3,？？？,"？？？
「お願いします・・・！」{W}",,
45-00-08A2-00,45,0,7908E0,08A2,0,ブラムバルド,"ブラムバルド
「わかりました・・・」{W}",,
45-00-08CA-00,45,0,7908E0,08CA,0,ブラムバルド,"ブラムバルド
「ロープをほどいてあげなさい」{W}",,
45-00-08CA-01,45,0,7908E0,08CA,1,エルフの衛兵,"エルフの衛兵
「しかし・・・！」{W}",,
45-00-08CA-02,45,0,7908E0,08CA,2,ブラムバルド,"ブラムバルド
「族長命令です」{W}",,
45-00-093C-00,45,0,7908E0,093C,0,？？？,"？？？
「ごめんなさい、{N3}・・・
　許して{SPD:10}・・・{SPD:FF}」{W}",,
45-00-093C-01,45,0,7908E0,093C,1,？？？,"？？？
「本当にごめんなさい{SPD:10}・・・{SPD:FF}
　ごめんなさい{SPD:10}・・・・・・{SPD:FF}」{W}",,
45-00-093C-02,45,0,7908E0,093C,2,アーチェ,"{N3}
「え・・・、えッ？？」{W}",,
45-00-09EC-00,45,0,7908E0,09EC,0,クラース,"{N4}
「どうした？」{W}",,
45-00-0A04-00,45,0,7908E0,0A04,0,エルフの衛兵,"エルフの衛兵
「なにか？」{W}",,
45-00-0A04-01,45,0,7908E0,0A04,1,アーチェ,"{N3}
「お願い、さっきの人にもう一度会わ
　せて！」{W}",,
45-00-0A04-02,45,0,7908E0,0A04,2,エルフの衛兵,"エルフの衛兵
「ダメだッ！」{W}",,
45-00-0A04-03,45,0,7908E0,0A04,3,エルフの衛兵,"エルフの衛兵
「無事に出られるだけでもありがたい
　と思えッ！」{W}",,
45-00-0AB8-00,45,0,7908E0,0AB8,0,アーチェ,"{N3}
「ねぇ！」{W}",,
45-00-0AB8-01,45,0,7908E0,0AB8,1,アーチェ,"{N3}
「聞こえる！？」{W}",,
45-00-0AB8-02,45,0,7908E0,0AB8,2,アーチェ,"{N3}
「お母さん・・・・・・、お母さんな
　んでしょ？」{W}",,
45-00-0AB8-03,45,0,7908E0,0AB8,3,アーチェ,"{N3}
「お願いッ！」{W}",,
45-00-0AB8-04,45,0,7908E0,0AB8,4,アーチェ,"{N3}
「もう一度、顔を見せて・・・、
　会わせて{SPD:10}・・・・・・{SPD:FF}」{W}",,
45-00-0AB8-05,45,0,7908E0,0AB8,5,アーチェ,"{N3}
「お願いだから{SPD:10}・・・・・・{SPD:FF}」{W}",,
45-00-0BA8-00,45,0,7908E0,0BA8,0,クレス,"{N1}
「{N3}{SPD:10}・・・{SPD:FF}」{W}",,
45-00-0BC8-00,45,0,7908E0,0BC8,0,エルフの衛兵,"エルフの衛兵
「残念だがその娘がいる限り、この村
　には入れない」{W}",,
45-00-0BC8-01,45,0,7908E0,0BC8,1,エルフの衛兵,"エルフの衛兵
「早々に立ち去るがいい」{W}",,
45-00-0C36-00,45,0,7908E0,0C36,0,ブラムバルド,"ブラムバルド
「では、行きましょう」{W}",,
45-00-0C5E-00,45,0,7908E0,0C5E,0,クレス,"{N1}
「ブラムバルドさん、これからどうす
　れば？」{W}",,
45-00-0C5E-01,45,0,7908E0,0C5E,1,ブラムバルド,"ブラムバルド
「この先に・・・」{W}",,
45-00-0C5E-02,45,0,7908E0,0C5E,2,ブラムバルド,"ブラムバルド
「私たちにとっての聖域、ヘイムダー
　ルという地があります」{W}",,
45-00-0C5E-03,45,0,7908E0,0C5E,3,ブラムバルド,"ブラムバルド
「そこにある漆黒の石盤を探さなけれ
　ばなりません」{W}",,
45-00-0C5E-04,45,0,7908E0,0C5E,4,クレス,"{N1}
「その石盤で何を？」{W}",,
45-00-0C5E-05,45,0,7908E0,0C5E,5,ブラムバルド,"ブラムバルド
「詳しい話は石盤の所で・・・」{W}",,
45-00-0C5E-06,45,0,7908E0,0C5E,6,ブラムバルド,"ブラムバルド
「森の動物たちが私たちを導いてくれ
　るでしょう」{W}",,
45-00-0DD4-00,45,0,7908E0,0DD4,0,クラース,"{N4}
「やはり、ここにオリジンがいるのは
　間違いないな」{W}",,
45-00-0DD4-01,45,0,7908E0,0DD4,1,クレス,"{N1}
「ここにですか？」{W}",,
45-00-0DD4-02,45,0,7908E0,0DD4,2,クラース,"{N4}
「ああ」{W}",,
45-00-0DD4-03,45,0,7908E0,0DD4,3,クラース,"{N4}
「過去の世界で契約の指輪を再生して
　もらった時・・・」{W}",,
45-00-0DD4-04,45,0,7908E0,0DD4,4,クラース,"{N4}
「一瞬ではあるがオリジンが見えたん
　だ」{W}",,
45-00-0EAE-00,45,0,7908E0,0EAE,0,チェスター,"{N5}
「{N3}！」{W}",,
45-00-0EC2-00,45,0,7908E0,0EC2,0,クレス,"{N1}
「えッ！？」{W}",,
45-00-0ED8-00,45,0,7908E0,0ED8,0,アーチェ,"{N3}
「へっへぇ～、やっぱり来ちゃいまし
　た▽」{W}",,
45-00-0ED8-01,45,0,7908E0,0ED8,1,クラース,"{N4}
「なるほど、空からとはな」{W}",,
45-00-0ED8-02,45,0,7908E0,0ED8,2,ミント,"{N2}
「ヴォルトの力のおかげですね」{W}",,
45-00-0F56-00,45,0,7908E0,0F56,0,クラース,"{N4}
「いや、全くその通りだ」{W}",,
45-00-0F78-00,45,0,7908E0,0F78,0,クラース,"{N4}
「・・・！？」{W}",,
45-00-0F78-01,45,0,7908E0,0F78,1,クラース,"{N4}
「いつまでも笑っている場合じゃない
　ぞッ」{W}",,
45-00-0FC4-00,45,0,7908E0,0FC4,0,オリジン,"オリジン
『炎と氷の封印を解いて聖域に現れた
　る者よ』{W}",,
45-00-0FC4-01,45,0,7908E0,0FC4,1,オリジン,"オリジン
『覚悟はできているだろうな！』{W}",,
45-00-0FC4-02,45,0,7908E0,0FC4,2,クラース,"{N4}
「・・・望むところだッ！」{W}",,
45-00-104C-00,45,0,7908E0,104C,0,オリジン,"オリジン
『くッ・・・』{W}",,
45-00-104C-01,45,0,7908E0,104C,1,オリジン,"オリジン
『私が人間などに屈するとは・・・』{W}",,
45-00-104C-02,45,0,7908E0,104C,2,オリジン,"オリジン
『なっ、なにが望みだ？』{W}",,
45-00-104C-03,45,0,7908E0,104C,3,クラース,"{N4}
「召喚の契約を結びたいのだが、その
　前に時の剣を作り出して欲しい」{W}",,
45-00-104C-04,45,0,7908E0,104C,4,クラース,"{N4}
「その為に炎の剣と氷の剣の封印を解
　いたのだ」{W}",,
45-00-104C-05,45,0,7908E0,104C,5,オリジン,"オリジン
『何故に？』{W}",,
45-00-104C-06,45,0,7908E0,104C,6,クレス,"{N1}
「ダオスを倒すためです！」{W}",,
45-00-104C-07,45,0,7908E0,104C,7,クレス,"{N1}
「ダオスは時の剣がなければ法術です
　ぐに未来に逃げてしまうからです」{W}",,
45-00-104C-08,45,0,7908E0,104C,8,オリジン,"オリジン
『ダオスか・・・』{W}",,
45-00-104C-09,45,0,7908E0,104C,9,オリジン,"オリジン
『今、この世界の脅威となっている・
　・・』{W}",,
45-00-104C-10,45,0,7908E0,104C,10,オリジン,"オリジン
『ふふ・・・』{W}",,
45-00-104C-11,45,0,7908E0,104C,11,チェスター,"{N5}
「なにがおかしいんだ！？」{W}",,
45-00-104C-12,45,0,7908E0,104C,12,チェスター,"{N5}
「お前、自分の立場がわかっているの
　か！？」{W}",,
45-00-104C-13,45,0,7908E0,104C,13,オリジン,"オリジン
『お前たちは、なぜダオスがこの星に
　現れたのか考えた事はあるのか？』{W}",,
45-00-104C-14,45,0,7908E0,104C,14,オリジン,"オリジン
『どういう奴なのか・・・』{W}",,
45-00-104C-15,45,0,7908E0,104C,15,オリジン,"オリジン
『どこから来たのか・・・』{W}",,
45-00-104C-16,45,0,7908E0,104C,16,オリジン,"オリジン
『なぜ、こんな事をしているのか！』{W}",,
45-00-104C-17,45,0,7908E0,104C,17,ミント,"{N2}
「確かに、ダオスの正体はわからない
　ことばかりです」{W}",,
45-00-104C-18,45,0,7908E0,104C,18,ミント,"{N2}
「でも・・・」{W}",,
45-00-104C-19,45,0,7908E0,104C,19,ミント,"{N2}
「あの人のせいでどれだけの人が不幸
　になっているか・・・」{W}",,
45-00-104C-20,45,0,7908E0,104C,20,クレス,"{N1}
「・・・ぼくたちはこの世界を守りた
　いんだ！」{W}",,
45-00-104C-21,45,0,7908E0,104C,21,クレス,"{N1}
「みんながいるこの世界を！」{W}",,
45-00-144E-00,45,0,7908E0,144E,0,オリジン,"オリジン
『{SPD:10}・・・・・・{SPD:FF}まあいい』{W}",,
45-00-144E-01,45,0,7908E0,144E,1,オリジン,"オリジン
『私は負けたのだ』{W}",,
45-00-144E-02,45,0,7908E0,144E,2,オリジン,"オリジン
『お前たちに従おう』{W}",,
45-00-144E-03,45,0,7908E0,144E,3,オリジン,"オリジン
『時の剣を作るのだったな』{W}",,
45-00-144E-04,45,0,7908E0,144E,4,オリジン,"オリジン
『では・・・』{W}",,
45-00-144E-05,45,0,7908E0,144E,5,オリジン,"オリジン
『剣とダイヤモンドの指輪を石盤の前
　に置いて下がりなさい』{W}",,
45-00-1542-00,45,0,7908E0,1542,0,クレス,"{N1}
「これが時の剣・・・」{W}",,
45-00-1562-00,45,0,7908E0,1562,0,,エターナルソードを手に入れました。{W},,
45-00-1562-01,45,0,7908E0,1562,1,クレス,"{N1}
「なっ、なんだッ！？」{W}",,
45-00-1562-02,45,0,7908E0,1562,2,クレス,"{N1}
「頭に直接話しかけて・・・」{W}",,
45-00-1562-03,45,0,7908E0,1562,3,時の剣,"時の剣
『時を刻みし剣を使うものよ』{W}",,
45-00-1562-04,45,0,7908E0,1562,4,時の剣,"時の剣
『我の力と一つとなりて悪しき心の持
　ち主を倒すがよい・・・』{W}",,
45-00-1638-00,45,0,7908E0,1638,0,クレス,"{N1}
「あ、頭に何かが注ぎこまれているよ
　うだ・・・」{W}",,
45-00-1674-00,45,0,7908E0,1674,0,,"{COL:3}{N1}は
空間翔転移・時空蒼破斬・転移蒼破斬
を覚えました。{COL:2}{W}",,
45-00-16BA-00,45,0,7908E0,16BA,0,,"{COL:2}{N1}は『{TITLE:190}』の
称号を得ました。{W}",,
45-00-16BA-01,45,0,7908E0,16BA,1,,{COL:0},,
45-00-16E8-00,45,0,7908E0,16E8,0,クラース,"{N4}
「よし・・・、それじゃあ次は私の番
　だ」{W}",,
45-00-16E8-01,45,0,7908E0,16E8,1,クラース,"{N4}
「ダイヤモンドの指輪で、契約を結べ
　るのだな？」{W}",,
45-00-16E8-02,45,0,7908E0,16E8,2,オリジン,"オリジン
『そうだ』{W}",,
45-00-176C-00,45,0,7908E0,176C,0,クラース,"{N4}
「我、今、根源の精に願い奉る」{W}",,
45-00-176C-01,45,0,7908E0,176C,1,クラース,"{N4}
「指輪の盟約のもと、我に精霊を従わ
　せたまえ」{W}",,
45-00-176C-02,45,0,7908E0,176C,2,クラース,"{N4}
「我が名は{N4}・・・」{W}",,
45-00-17EA-00,45,0,7908E0,17EA,0,,"{N4}は{TITLE:D8}を
召喚できるようになりました。{W}",,
45-00-1818-00,45,0,7908E0,1818,0,,"{COL:2}{N4}は『{TITLE:1C0}』の
称号を得ました。{W}",,
45-00-1818-01,45,0,7908E0,1818,1,,{COL:0},,
45-00-1846-00,45,0,7908E0,1846,0,クラース,"{N4}
「後はダオスの居場所をつきとめるだ
　けだな」{W}",,
45-00-1846-01,45,0,7908E0,1846,1,ミント,"{N2}
「でも・・・、ダオスは一体どこにい
　るんでしょうね？」{W}",,
45-00-1846-02,45,0,7908E0,1846,2,アーチェ,"{N3}
「ルーングロムさんなら知っているん
　じゃない？」{W}",,
45-00-1846-03,45,0,7908E0,1846,3,クレス,"{N1}
「よし、アルヴァニスタに行こう！」{W}",,
45-00-1922-00,45,0,7908E0,1922,0,ミント,"{N2}
「この石盤は？」{W}",,
45-00-1922-01,45,0,7908E0,1922,1,ブラムバルド,"ブラムバルド
「森の名前でもあるユミルとは、根源
　を意味する言葉でね」{W}",,
45-00-1922-02,45,0,7908E0,1922,2,ブラムバルド,"ブラムバルド
「ここには根源を司る精霊オリジンが
　眠っていると言われています」{W}",,
45-00-1922-03,45,0,7908E0,1922,3,クレス,"{N1}
「オリジン・・・」{W}",,
45-00-1922-04,45,0,7908E0,1922,4,ブラムバルド,"ブラムバルド
「精霊たちの王{SPD:10}、{SPD:FF}という話です」{W}",,
45-00-1922-05,45,0,7908E0,1922,5,ブラムバルド,"ブラムバルド
「超古代の終末の戦い{SPD:10}・・・{SPD:FF}」{W}",,
45-00-1922-06,45,0,7908E0,1922,6,ブラムバルド,"ブラムバルド
「私たちは『ラグナロック』と呼んで
　いますが・・・」{W}",,
45-00-1922-07,45,0,7908E0,1922,7,ブラムバルド,"ブラムバルド
「その時に一度だけ、この世界に現れ
　たらしいです」{W}",,
45-00-1AE6-00,45,0,7908E0,1AE6,0,ブラムバルド,"ブラムバルド
「そんないわくつきの石盤だからかど
　うかは知りませんが・・・」{W}",,
45-00-1AE6-01,45,0,7908E0,1AE6,1,ブラムバルド,"ブラムバルド
「これには、物質再生の力があるんで
　す」{W}",,
45-00-1AE6-02,45,0,7908E0,1AE6,2,クラース,"{N4}
「ふぅむ・・・」{W}",,
45-00-1AE6-03,45,0,7908E0,1AE6,3,クラース,"{N4}
「まさにそれこそオリジンの持つと言
　われる力じゃないか」{W}",,
45-00-1AE6-04,45,0,7908E0,1AE6,4,ブラムバルド,"ブラムバルド
「石盤に、そんな不思議な力があるか
　ら・・・」{W}",,
45-00-1AE6-05,45,0,7908E0,1AE6,5,ブラムバルド,"ブラムバルド
「昔の人はオリジンと関係づけたのか
　もしれませんね」{W}",,
45-00-1C52-00,45,0,7908E0,1C52,0,ミント,"{N2}
「それじゃあ、お願いします」{W}",,
45-00-1C52-01,45,0,7908E0,1C52,1,ブラムバルド,"ブラムバルド
「さがっていて下さい・・・」{W}",,
45-00-1CA4-00,45,0,7908E0,1CA4,0,ブラムバルド,"ブラムバルド
「終わりましたよ」{W}",,
45-00-1CA4-01,45,0,7908E0,1CA4,1,ミント,"{N2}
「こんなにステキな指輪だったんです
　ね」{W}",,
45-00-1CA4-02,45,0,7908E0,1CA4,2,クラース,"{N4}
「よし、次は精霊ルナとの契約だな」{W}",,
45-00-1CA4-03,45,0,7908E0,1CA4,3,ミント,"{N2}
「その後は、モリスンさんの手助けで
　すね」{W}",,
45-00-1CA4-04,45,0,7908E0,1CA4,4,ブラムバルド,"ブラムバルド
「それならばフレイランドとミッドガ
　ルズの間にある・・・」{W}",,
45-00-1CA4-05,45,0,7908E0,1CA4,5,ブラムバルド,"ブラムバルド
「『１２星座の塔』という場所に行っ
　てみるといい」{W}",,
45-00-1CA4-06,45,0,7908E0,1CA4,6,ブラムバルド,"ブラムバルド
「そこには精霊が住んでいるという話
　があります」{W}",,
45-00-1CA4-07,45,0,7908E0,1CA4,7,ブラムバルド,"ブラムバルド
「・・・残念ながら、どんな精霊かは
　わかりませんが・・・」{W}",,
45-00-1CA4-08,45,0,7908E0,1CA4,8,ブラムバルド,"ブラムバルド
「召喚できるようになれば、かなりの
　戦力になるでしょう」{W}",,
45-00-1CA4-09,45,0,7908E0,1CA4,9,クラース,"{N4}
「わかった、ありがとう」{W}",,
45-00-1EE0-00,45,0,7908E0,1EE0,0,クレス,"{N1}
「あっ、待ってください！」{W}",,
45-00-1EE0-01,45,0,7908E0,1EE0,1,クレス,"{N1}
「こっ、これをッ！！」{W}",,
45-00-1F22-00,45,0,7908E0,1F22,0,クラース,"{N4}
「なんだその弓は？」{W}",,
45-00-1F22-01,45,0,7908E0,1F22,1,クラース,"{N4}
「壊れてるじゃないか」{W}",,
45-00-1F5E-00,45,0,7908E0,1F5E,0,クレス,"{N1}
「この弓も直りませんか？」{W}",,
45-00-1F82-00,45,0,7908E0,1F82,0,クレス,"{N1}
「ずうずうしいのは承知です」{W}",,
45-00-1F82-01,45,0,7908E0,1F82,1,クレス,"{N1}
「でも・・・」{W}",,
45-00-1FBE-00,45,0,7908E0,1FBE,0,クレス,"{N1}
「これはどうしても直したい大切なも
　のなんです！」{W}",,
45-00-1FFC-00,45,0,7908E0,1FFC,0,ミント,"{N2}
「クレスさん・・・」{W}",,
45-00-1FFC-01,45,0,7908E0,1FFC,1,クレス,"{N1}
「お願いします！」{W}",,
45-00-1FFC-02,45,0,7908E0,1FFC,2,クレス,"{N1}
「弓を直してください！」{W}",,
45-00-2054-00,45,0,7908E0,2054,0,ブラムバルド,"ブラムバルド
「{SPD:10}・・・・・・{SPD:FF}」{W}",,
45-00-2054-01,45,0,7908E0,2054,1,ブラムバルド,"ブラムバルド
「・・・残念ですが、それは無理です
　ね・・・」{W}",,
45-00-20BE-00,45,0,7908E0,20BE,0,クレス,"{N1}
「{SPD:10}・・・{SPD:FF}そうですか」{W}",,
45-00-20E4-00,45,0,7908E0,20E4,0,クレス,"{N1}
「無理を言ってすみません」{W}",,
45-00-20E4-01,45,0,7908E0,20E4,1,ブラムバルド,"ブラムバルド
「いや・・・、直らないわけではない
　んです」{W}",,
45-00-2146-00,45,0,7908E0,2146,0,ブラムバルド,"ブラムバルド
「契約の指輪のように強力な魔力のあ
　るものはいいのですが・・・」{W}",,
45-00-2146-01,45,0,7908E0,2146,1,ブラムバルド,"ブラムバルド
「石盤の物質再生の力は、本来の姿に
　戻すものですから・・・」{W}",,
45-00-21E8-00,45,0,7908E0,21E8,0,ブラムバルド,"ブラムバルド
「その弓は普通の人によって作られた
　物ですよね？」{W}",,
45-00-21E8-01,45,0,7908E0,21E8,1,ブラムバルド,"ブラムバルド
「それだと、本来の姿・・・」{W}",,
45-00-21E8-02,45,0,7908E0,21E8,2,ブラムバルド,"ブラムバルド
「おそらく、木の棒になります」{W}",,
45-00-21E8-03,45,0,7908E0,21E8,3,クレス,"{N1}
「えッ？？」{W}",,
45-00-21E8-04,45,0,7908E0,21E8,4,ブラムバルド,"ブラムバルド
「単純に壊れているだけなら単純に直
　せば良いのです」{W}",,
45-00-21E8-05,45,0,7908E0,21E8,5,ブラムバルド,"ブラムバルド
「つまり、腕の良い武器職人に修理し
　てもらえば直る」{W}",,
45-00-21E8-06,45,0,7908E0,21E8,6,ブラムバルド,"ブラムバルド
「と、いうことです」{W}",,
45-00-21E8-07,45,0,7908E0,21E8,7,ブラムバルド,"ブラムバルド
「きっと村の武器屋の者なら直せるで
　しょう」{W}",,
45-00-21E8-08,45,0,7908E0,21E8,8,ミント,"{N2}
「本当ですか！」{W}",,
45-00-21E8-09,45,0,7908E0,21E8,9,ミント,"{N2}
「良かった・・・」{W}",,
45-00-23BC-00,45,0,7908E0,23BC,0,クラース,"{N4}
「なあ・・・、その弓は一体なんなん
　だ？」{W}",,
45-00-23F2-00,45,0,7908E0,23F2,0,クレス,"{N1}
「これは{SPD:10}・・・{SPD:FF}、大切な友人にかえさ
　なくちゃいけないんです」{W}",,
45-00-23F2-01,45,0,7908E0,23F2,1,クレス,"{N1}
「かならず・・・」{W}",,
45-00-245C-00,45,0,7908E0,245C,0,クレス,"{N1}
「かならずもう一度会って！」{W}",,
45-00-2482-00,45,0,7908E0,2482,0,ミント,"{N2}
「行きましょう」{W}",,
45-00-2482-01,45,0,7908E0,2482,1,ミント,"{N2}
「指輪も直ったし、弓も見てもらわな
　いと！」{W}",,
45-00-2482-02,45,0,7908E0,2482,2,ブラムバルド,"ブラムバルド
「話はまとまったようですね」{W}",,
45-00-2482-03,45,0,7908E0,2482,3,ブラムバルド,"ブラムバルド
「では武器職人の事もあるので、村ま
　で私も一緒に行きましょう」{W}",,
45-00-254E-00,45,0,7908E0,254E,0,,契約の指輪ムーンストーンとトパーズを手に入れました。{W},,
45-00-2586-00,45,0,7908E0,2586,0,クレス,"{N1}
「君、なんでこんな所にいるの？」{W}",,
45-00-2586-01,45,0,7908E0,2586,1,すず,"{N6}
「御案内します」{W}",,
45-00-2586-02,45,0,7908E0,2586,2,アーチェ,"{N3}
「待って～」{W}",,
45-00-25DC-00,45,0,7908E0,25DC,0,クレス,"{N1}
「あ、{N6}ちゃん・・・」{W}",,
45-00-25DC-01,45,0,7908E0,25DC,1,すず,"{N6}
「御案内します」{W}",,
45-00-25DC-02,45,0,7908E0,25DC,2,アーチェ,"{N3}
「待って～」{W}",,
45-00-262A-00,45,0,7908E0,262A,0,すず,"{N6}
「どうぞこちらへ」{W}",,
45-00-2646-00,45,0,7908E0,2646,0,アーチェ,"{N3}
「あたしも連れてって～」{W}",,
45-00-2668-00,45,0,7908E0,2668,0,ミント,"{N2}
「ブラムバルドさん！！」{W}",,
45-00-268A-00,45,0,7908E0,268A,0,ブラムバルド,"ブラムバルド
「おお、あなた方は」{W}",,
45-00-268A-01,45,0,7908E0,268A,1,ブラムバルド,"ブラムバルド
「旅は順調ですか？」{W}",,
45-00-268A-02,45,0,7908E0,268A,2,ブラムバルド,"ブラムバルド
「{SPD:10}・・・{SPD:FF}どうかしましたか？」{W}",,
45-00-2708-00,45,0,7908E0,2708,0,クラース,"{N4}
「実は・・・」{W}",,
45-00-2708-01,45,0,7908E0,2708,1,クラース,"{N4}
「あなたにお願いがありまして」{W}",,
45-00-2746-00,45,0,7908E0,2746,0,ブラムバルド,"ブラムバルド
「なんでしょう？」{W}",,
45-00-276A-00,45,0,7908E0,276A,0,クレス,"{N1}
「アーシアさんって方を、知ってます
　か？」{W}",,
45-00-27A0-00,45,0,7908E0,27A0,0,ブラムバルド,"ブラムバルド
「{SPD:10}・・・{SPD:FF}ええ」{W}",,
45-00-27A0-01,45,0,7908E0,27A0,1,ブラムバルド,"ブラムバルド
「しかし・・・、なぜあなた方が彼女
　を？」{W}",,
45-00-27A0-02,45,0,7908E0,27A0,2,ミント,"{N2}
「お願いです！」{W}",,
45-00-27A0-03,45,0,7908E0,27A0,3,ミント,"{N2}
「私たちと一緒に来てください！」{W}",,
45-00-27A0-04,45,0,7908E0,27A0,4,ミント,"{N2}
「{N3}さんが！」{W}",,
45-00-285C-00,45,0,7908E0,285C,0,ブラムバルド,"ブラムバルド
「ちょ、ちょっと待ってくれ！」{W}",,
45-00-285C-01,45,0,7908E0,285C,1,ブラムバルド,"ブラムバルド
「あっ、あなた方は彼女に会ったので
　すか？」{W}",,
45-00-28CA-00,45,0,7908E0,28CA,0,クラース,"{N4}
「{SPD:10}・・・{SPD:FF}ええ、会いました」{W}",,
45-00-28CA-01,45,0,7908E0,28CA,1,クラース,"{N4}
「そしてあなたを連れてきてくれと・
　・・」{W}",,
45-00-292A-00,45,0,7908E0,292A,0,ブラムバルド,"ブラムバルド
「そうですか」{W}",,
45-00-292A-01,45,0,7908E0,292A,1,ブラムバルド,"ブラムバルド
「彼女が・・・・・・」{W}",,
45-00-2970-00,45,0,7908E0,2970,0,ブラムバルド,"ブラムバルド
「行きましょう・・・！」{W}",,
45-00-2970-01,45,0,7908E0,2970,1,ブラムバルド,"ブラムバルド
「このままでは、きっとあなた方にも
　迷惑がかかります」{W}",,
45-00-2970-02,45,0,7908E0,2970,2,ブラムバルド,"ブラムバルド
「・・・これは私の責任です」{W}",,
45-00-2A0E-00,45,0,7908E0,2A0E,0,エルフの弓職人,"エルフの弓職人
「久しぶりだね」{W}",,
45-00-2A0E-01,45,0,7908E0,2A0E,1,エルフの弓職人,"エルフの弓職人
「アーシアには会えたのかい？」{W}",,
45-00-2A62-00,45,0,7908E0,2A62,0,エルフの弓職人,"エルフの弓職人
「まだいるのかな？」{W}",,
45-00-2A62-01,45,0,7908E0,2A62,1,エルフの弓職人,"エルフの弓職人
「エルフと人間が交流のあった時の話
　だからね」{W}",,
45-00-2ACC-00,45,0,7908E0,2ACC,0,ミント,"{N2}
「あの・・・」{W}",,
45-00-2ACC-01,45,0,7908E0,2ACC,1,ミント,"{N2}
「弓を直してもらえませんか？」{W}",,
45-00-2ACC-02,45,0,7908E0,2ACC,2,エルフの弓職人,"エルフの弓職人
「・・・弓？」{W}",,
45-00-2ACC-03,45,0,7908E0,2ACC,3,クレス,"{N1}
「これです」{W}",,
45-00-2B3E-00,45,0,7908E0,2B3E,0,エルフの弓職人,"エルフの弓職人
「どれどれ{SPD:10}・・・{SPD:FF}」{W}",,
45-00-2B6C-00,45,0,7908E0,2B6C,0,エルフの弓職人,"エルフの弓職人
「う～ん、なんとか直るとは思うけど
　・・・」{W}",,
45-00-2B6C-01,45,0,7908E0,2B6C,1,エルフの弓職人,"エルフの弓職人
「この弓{SPD:10}・・・、{SPD:FF}ポッキリ折れてるで
　しょ？」{W}",,
45-00-2B6C-02,45,0,7908E0,2B6C,2,エルフの弓職人,"エルフの弓職人
「作り直しになるかな？」{W}",,
45-00-2C20-00,45,0,7908E0,2C20,0,ミント,"{N2}
「どうにかこの弓を使えるように直す
　ことはできませんか？」{W}",,
45-00-2C20-01,45,0,7908E0,2C20,1,エルフの弓職人,"エルフの弓職人
「そうだなぁ・・・」{W}",,
45-00-2C20-02,45,0,7908E0,2C20,2,エルフの弓職人,"エルフの弓職人
「どうしてもっていうならとっておき
　の方法があるけど」{W}",,
45-00-2CD6-00,45,0,7908E0,2CD6,0,クレス,"{N1}
「本当ですか！」{W}",,
45-00-2CD6-01,45,0,7908E0,2CD6,1,クレス,"{N1}
「ぜひ教えてください！」{W}",,
45-00-2CD6-02,45,0,7908E0,2CD6,2,エルフの弓職人,"エルフの弓職人
「ユミルの森を出て、東の方向に行く
　と小さな館があるんだ」{W}",,
45-00-2CD6-03,45,0,7908E0,2CD6,3,エルフの弓職人,"エルフの弓職人
「そこに住む『アーシア』という彫刻
　家なら直せると思うよ」{W}",,
45-00-2CD6-04,45,0,7908E0,2CD6,4,エルフの弓職人,"エルフの弓職人
「すごい魔力を持った天才彫刻家だっ
　て話だよ」{W}",,
45-00-2CD6-05,45,0,7908E0,2CD6,5,エルフの弓職人,"エルフの弓職人
「ただ・・・」{W}",,
45-00-2CD6-06,45,0,7908E0,2CD6,6,クレス,"{N1}
「ただ？」{W}",,
45-00-2CD6-07,45,0,7908E0,2CD6,7,エルフの弓職人,"エルフの弓職人
「まだいるのかな？」{W}",,
45-00-2CD6-08,45,0,7908E0,2CD6,8,エルフの弓職人,"エルフの弓職人
「エルフと人間が交流のあった時の話
　だからね」{W}",,
45-00-2E88-00,45,0,7908E0,2E88,0,ミント,"{N2}
「ありがとうございました」{W}",,
45-00-2EAC-00,45,0,7908E0,2EAC,0,エルフの弓職人,"エルフの弓職人
「あんたら、冒険者かい？」{W}",,
45-00-2EAC-01,45,0,7908E0,2EAC,1,エルフの弓職人,"エルフの弓職人
「残念だけど、あんたらに売れる武具
　はないよ」{W}",,
45-00-2EAC-02,45,0,7908E0,2EAC,2,エルフの弓職人,"エルフの弓職人
「ここにあるのは狩猟用のばかりだか
　ら」{W}",,
45-00-2F58-00,45,0,7908E0,2F58,0,雑貨屋,"雑貨屋
「いらっしゃい」{W}",,
45-00-2F74-00,45,0,7908E0,2F74,0,雑貨屋,"雑貨屋
「ありがとうございます」{W}",,
45-00-2F98-00,45,0,7908E0,2F98,0,薬屋,"薬屋
「いらっしゃい」{W}",,
45-00-2F98-01,45,0,7908E0,2F98,1,薬屋,"薬屋
「いい薬がそろってるよ」{W}",,
45-00-2FD2-00,45,0,7908E0,2FD2,0,薬屋,"薬屋
「ありがとう」{W}",,
45-00-2FEA-00,45,0,7908E0,2FEA,0,宿屋,"宿屋
「あなた方は・・・」{W}",,
45-00-2FEA-01,45,0,7908E0,2FEA,1,クレス,"{N1}
「あの・・・、なにか？」{W}",,
45-00-2FEA-02,45,0,7908E0,2FEA,2,宿屋,"宿屋
「いえ・・・」{W}",,
45-00-2FEA-03,45,0,7908E0,2FEA,3,宿屋,"宿屋
「あなた方がウワサに聞く勇者様です
　か？」{W}",,
45-00-2FEA-04,45,0,7908E0,2FEA,4,クレス,"{N1}
「いや、勇者じゃないですよ」{W}",,
45-00-2FEA-05,45,0,7908E0,2FEA,5,クレス,"{N1}
「ただの冒険者です」{W}",,
45-00-2FEA-06,45,0,7908E0,2FEA,6,宿屋,"宿屋
「これを・・・、髪がピンクの子に渡
　して下さい」{W}",,
45-00-2FEA-07,45,0,7908E0,2FEA,7,宿屋,"宿屋
「私がもっていても役に立ちませんか
　ら・・・」{W}",,
45-00-2FEA-08,45,0,7908E0,2FEA,8,クレス,"{N1}
「これは・・・、ホウキ？」{W}",,
45-00-3146-00,45,0,7908E0,3146,0,,スターブルームを手に入れました。{W},,
45-00-3146-01,45,0,7908E0,3146,1,宿屋,"宿屋
「それと・・・、これを・・・」{W}",,
45-00-3190-00,45,0,7908E0,3190,0,,母の手袋を手に入れました。{W},,
45-00-3190-01,45,0,7908E0,3190,1,宿屋,"宿屋
「どうかこの事は内密に・・・」{W}",,
45-00-3190-02,45,0,7908E0,3190,2,クレス,"{N1}
「あの、やはりあなたは・・・」{W}",,
45-00-3190-03,45,0,7908E0,3190,3,クレス,"{N1}
「{N3}の・・・」{W}",,
45-00-3190-04,45,0,7908E0,3190,4,宿屋,"宿屋
「{SPD:10}・・・・・・{SPD:FF}」{W}",,
45-00-3190-05,45,0,7908E0,3190,5,宿屋,"宿屋
「どうか、お聞きにならないで下さい
　・・・」{W}",,
45-00-3190-06,45,0,7908E0,3190,6,宿屋,"宿屋
「ところで・・・」{W}",,
45-00-3282-00,45,0,7908E0,3282,0,宿屋,"宿屋
「いらっしゃい、泊まりますか？」{W}",,
45-00-3282-01,45,0,7908E0,3282,1,宿屋,"宿屋
「一晩３０ガルドになるわよ」",,
45-00-32CE-00,45,0,7908E0,32CE,0,宿屋,"宿屋
「お客さん、お金足りないわ」{W}",,
45-00-32F4-00,45,0,7908E0,32F4,0,宿屋,"宿屋
「ゆっくりしていってね」{W}",,
45-00-3316-00,45,0,7908E0,3316,0,宿屋,"宿屋
「また来て下さいね」{W}",,
45-00-3334-00,45,0,7908E0,3334,0,主人,"主人
「いらっしゃい」{W}",,
45-00-3334-01,45,0,7908E0,3334,1,主人,"主人
「自然な食品がいっぱいよ」{W}",,
45-00-3370-00,45,0,7908E0,3370,0,主人,"主人
「ありがとう」{W}",,
45-00-3388-00,45,0,7908E0,3388,0,エルフの男の子,"エルフの男の子
「今、かくれんぼやってるんだ」{W}",,
45-00-33BA-00,45,0,7908E0,33BA,0,エルフの女の子,"エルフの女の子
「みーっけ！」{W}",,
45-00-33BA-01,45,0,7908E0,33BA,1,エルフの男の子,"エルフの男の子
「げッ！」{W}",,
45-00-33BA-02,45,0,7908E0,33BA,2,エルフの男の子,"エルフの男の子
「見つかっちまったじゃないか！」{W}",,
45-00-33BA-03,45,0,7908E0,33BA,3,エルフの女の子,"エルフの女の子
「それじゃ、今度は私が隠れる番ね」{W}",,
45-00-345E-00,45,0,7908E0,345E,0,エルフの男の子,"エルフの男の子
「ちくしょうッ！！」{W}",,
45-00-345E-01,45,0,7908E0,345E,1,エルフの男の子,"エルフの男の子
「邪魔すんなよ！！」{W}",,
45-00-34AC-00,45,0,7908E0,34AC,0,エルフの男の子,"エルフの男の子
「今、かくれんぼやってるんだ」{W}",,
45-00-34AC-01,45,0,7908E0,34AC,1,エルフの男の子,"エルフの男の子
「邪魔すんなよ」{W}",,
45-00-3500-00,45,0,7908E0,3500,0,エルフの男の子,"エルフの男の子
「いーち、にー、さーん・・・」{W}",,
45-00-3532-00,45,0,7908E0,3532,0,エルフの女の子,"エルフの女の子
「今、かくれんぼやってるんの」{W}",,
45-00-3532-01,45,0,7908E0,3532,1,エルフの女の子,"エルフの女の子
「今度は邪魔しないでよ」{W}",,
45-00-358E-00,45,0,7908E0,358E,0,エルフの女の子,"エルフの女の子
「いーち、にー、さーん・・・」{W}",,
45-00-35C0-00,45,0,7908E0,35C0,0,エルフの女の子,"エルフの女の子
「今、かくれんぼやってるの」{W}",,
45-00-35F0-00,45,0,7908E0,35F0,0,エルフの男の子,"エルフの男の子
「みーっけ！」{W}",,
45-00-35F0-01,45,0,7908E0,35F0,1,エルフの女の子,"エルフの女の子
「あ～ん、もうッ！」{W}",,
45-00-35F0-02,45,0,7908E0,35F0,2,エルフの女の子,"エルフの女の子
「見つかったじゃない～！」{W}",,
45-00-35F0-03,45,0,7908E0,35F0,3,エルフの男の子,"エルフの男の子
「それじゃ今度はぼくが隠れる番だ」{W}",,
45-00-3698-00,45,0,7908E0,3698,0,エルフの女の子,"エルフの女の子
「もうッ！」{W}",,
45-00-3698-01,45,0,7908E0,3698,1,エルフの女の子,"エルフの女の子
「邪魔しないでよッ！」{W}",,
45-00-36E0-00,45,0,7908E0,36E0,0,エルフ,"エルフ
「ベネツィアに残した息子たちは大丈
　夫だろうか・・・？」{W}",,
45-00-36E0-01,45,0,7908E0,36E0,1,エルフ,"エルフ
「心配でしょうがないよ」{W}",,
45-00-3748-00,45,0,7908E0,3748,0,エルフ,"エルフ
「いい天気ね」{W}",,
45-00-3762-00,45,0,7908E0,3762,0,エルフの衛兵,"エルフの衛兵
「通ってよし！」{W}",,
45-00-3784-00,45,0,7908E0,3784,0,エルフの衛兵,"エルフの衛兵
「秋の収穫の準備で人が少ないんだ」{W}",,
45-00-3784-01,45,0,7908E0,3784,1,エルフの衛兵,"エルフの衛兵
「お店は全部やってるよ」{W}",,
45-00-37E0-00,45,0,7908E0,37E0,0,エルフの衛兵,"エルフの衛兵
「今、みんな狩りに行って人が少ない
　んだ」{W}",,
45-00-37E0-01,45,0,7908E0,37E0,1,エルフの衛兵,"エルフの衛兵
「狩りって言ってもかなり長期に渡る
　ものだけどね」{W}",,
45-00-3862-00,45,0,7908E0,3862,0,クレス,"{N1}
「これは・・・、呪文書だ！」{W}",,
45-00-3888-00,45,0,7908E0,3888,0,,"{N3}は
{TITLE:C5}を覚えました。{COL:2}{W}",,
45-00-38AA-00,45,0,7908E0,38AA,0,クレス,"{N1}
「でも、ぼくが持っていてもしょうが
　ないな」{W}",,
45-00-38AA-01,45,0,7908E0,38AA,1,クレス,"{N1}
「戻しておこう」{W}",,
45-00-38FA-00,45,0,7908E0,38FA,0,エルフ,"エルフ
「今年の収穫は大変そうだな」{W}",,
45-00-38FA-01,45,0,7908E0,38FA,1,エルフ,"エルフ
「トレントやユミルの森にはかなりの
　魔物が出没するそうだ」{W}",,
45-00-3968-00,45,0,7908E0,3968,0,エルフ,"エルフ
「この村の村長、ブラムバルド様もか
　なり考えが変わったよ」{W}",,
45-00-3968-01,45,0,7908E0,3968,1,エルフ,"エルフ
「人間と交流を深めようなんて」{W}",,
45-00-39D8-00,45,0,7908E0,39D8,0,エルフ,"エルフ
「ここも変わってしまったよ」{W}",,
45-00-39D8-01,45,0,7908E0,39D8,1,エルフ,"エルフ
「ブラムバルド様がいた頃がなつかし
　い」{W}",,
45-00-3A34-00,45,0,7908E0,3A34,0,男の人,"男の人
「私はアルヴァニスタのスーパー
　『食べすぎ』の店員です」{W}",,
45-00-3A34-01,45,0,7908E0,3A34,1,男の人,"男の人
「エルフの集落には自然食品がたくさ
　んあってよく仕入れに来るんです」{W}",,
45-00-3A34-02,45,0,7908E0,3A34,2,男の人,"男の人
「でもここまで遠いですから、保存が
　効く物や薬などを扱っています」{W}",,
45-00-3B18-00,45,0,7908E0,3B18,0,エルフの男の子,"エルフの男の子
「一度でいいから・・・、都に行って
　みたいなぁ・・・」{W}",,
45-00-3B64-00,45,0,7908E0,3B64,0,おばあさん,"おばあさん
「わたしゃ、保養のために来ておる」{W}",,
45-00-3B64-01,45,0,7908E0,3B64,1,おばあさん,"おばあさん
「ここは自然がたくさんあっていいの
　う」{W}",,
45-00-3BCE-00,45,0,7908E0,3BCE,0,シスター,"シスター
「布教活動しに来ています」{W}",,
45-00-3BCE-01,45,0,7908E0,3BCE,1,シスター,"シスター
「大地母神マーテル様の教えでもある
　自然崇拝は・・・」{W}",,
45-00-3BCE-02,45,0,7908E0,3BCE,2,シスター,"シスター
「エルフの方々の考えと似ています」{W}",,
45-00-3BCE-03,45,0,7908E0,3BCE,3,シスター,"シスター
「きっと受け入れてくれるでしょう」{W}",,
45-00-3C96-00,45,0,7908E0,3C96,0,エルフの女の子,"エルフの女の子
「この間、大使としてアルヴァニスタ
　王国に行ってきたんだけど・・・」{W}",,
45-00-3C96-01,45,0,7908E0,3C96,1,エルフの女の子,"エルフの女の子
「王女様って、すっっっっごくきれい
　だった！」{W}",,
45-00-3D32-00,45,0,7908E0,3D32,0,エルフ,"エルフ
「人が多くなってにぎやかになるのは
　・・・」{W}",,
45-00-3D32-01,45,0,7908E0,3D32,1,エルフ,"エルフ
「この村の発展のためには良い事かも
　しれんが・・・」{W}",,
45-00-3D32-02,45,0,7908E0,3D32,2,エルフ,"エルフ
「私は静かな方がいいよ」{W}",,
45-00-3DCE-00,45,0,7908E0,3DCE,0,エルフ,"エルフ
「エルフ族のこれからについて、話し
　合っています」{W}",,
45-00-3DCE-01,45,0,7908E0,3DCE,1,エルフ,"エルフ
「人間は受け入れているのに・・・」{W}",,
45-00-3DCE-02,45,0,7908E0,3DCE,2,エルフ,"エルフ
「ハーフエルフは受け入れないのは、
　どうしてなのだ？」{W}",,
45-00-3E7C-00,45,0,7908E0,3E7C,0,エルフ,"エルフ
「エルフ族のこれからについて、話し
　合っているんじゃ」{W}",,
45-00-3E7C-01,45,0,7908E0,3E7C,1,エルフ,"エルフ
「わしは最初から人間を受け入れるの
　は反対だったんじゃ」{W}",,
45-00-3E7C-02,45,0,7908E0,3E7C,2,エルフ,"エルフ
「現にユミルやトレントの森の動物た
　ちが少なくなっておる！」{W}",,
45-00-3E7C-03,45,0,7908E0,3E7C,3,エルフ,"エルフ
「ハーフエルフの受け入れは断固とし
　て反対じゃ！」{W}",,
45-00-3F8A-00,45,0,7908E0,3F8A,0,エルフ,"エルフ
「エルフ族のこれからについて、話し
　合っています」{W}",,
45-00-3F8A-01,45,0,7908E0,3F8A,1,エルフ,"エルフ
「エルフ族のこれからの発展の為には
　・・・」{W}",,
45-00-3F8A-02,45,0,7908E0,3F8A,2,エルフ,"エルフ
「彼ら、ハーフエルフの力が必要だと
　思います」{W}",,
45-00-3F8A-03,45,0,7908E0,3F8A,3,エルフ,"エルフ
「彼らは苦境をくぐりぬけてきた強い
　精神力があるからです」{W}",,
45-00-4082-00,45,0,7908E0,4082,0,ブラムバルド,"ブラムバルド
「ハーフエルフの問題は世界に平和が
　訪れてから・・・」{W}",,
45-00-4082-01,45,0,7908E0,4082,1,ブラムバルド,"ブラムバルド
「改めてじっくり話し合いたいと思っ
　ています」{W}",,
45-00-410C-00,45,0,7908E0,410C,0,ブラムバルド,"ブラムバルド
「あなた方は・・・！」{W}",,
45-00-410C-01,45,0,7908E0,410C,1,ブラムバルド,"ブラムバルド
「お久しぶりです」{W}",,
45-00-410C-02,45,0,7908E0,410C,2,ブラムバルド,"ブラムバルド
「この前会ったのは・・・」{W}",,
45-00-410C-03,45,0,7908E0,410C,3,ブラムバルド,"ブラムバルド
「１５０年くらい前でしたか？」{W}",,
45-00-410C-04,45,0,7908E0,410C,4,クレス,"{N1}
「そっ、そうなりますね・・・」{W}",,
45-00-410C-05,45,0,7908E0,410C,5,クレス,"{N1}
（何か時間の感覚が違うなぁΩ）{W}",,
45-00-410C-06,45,0,7908E0,410C,6,ブラムバルド,"ブラムバルド
「この村も、だいぶ様変りしたでしょ
　う？」{W}",,
45-00-410C-07,45,0,7908E0,410C,7,ブラムバルド,"ブラムバルド
「あなた方が１５０年前に世界に平和
　を取り戻してから・・・」{W}",,
45-00-410C-08,45,0,7908E0,410C,8,ブラムバルド,"ブラムバルド
「私の考えは変わりました」{W}",,
45-00-410C-09,45,0,7908E0,410C,9,ブラムバルド,"ブラムバルド
「人間の中にも、我々の理解者がいる
　んだと・・・」{W}",,
45-00-410C-10,45,0,7908E0,410C,10,ブラムバルド,"ブラムバルド
「アルヴァニスタ王も、その中の一人
　です」{W}",,
45-00-410C-11,45,0,7908E0,410C,11,ブラムバルド,"ブラムバルド
「王は積極的に我々の文化を吸収して
　くれました」{W}",,
45-00-410C-12,45,0,7908E0,410C,12,ブラムバルド,"ブラムバルド
「そして我々の地位の向上に貢献して
　くれたのです」{W}",,
45-00-410C-13,45,0,7908E0,410C,13,クラース,"{N4}
「へぇ～」{W}",,
45-00-410C-14,45,0,7908E0,410C,14,クラース,"{N4}
「だが、相変わらずハーフエルフは受
　け入れていないようだな」{W}",,
45-00-410C-15,45,0,7908E0,410C,15,ブラムバルド,"ブラムバルド
「それは・・・」{W}",,
45-00-410C-16,45,0,7908E0,410C,16,ブラムバルド,"ブラムバルド
「昔の過ちを繰り返すのでは、と考え
　る人がいるのです・・・」{W}",,
45-00-410C-17,45,0,7908E0,410C,17,クラース,"{N4}
「昔の過ち？」{W}",,
45-00-410C-18,45,0,7908E0,410C,18,ブラムバルド,"ブラムバルド
「ハーフエルフは、我々にない能力を
　持っています」{W}",,
45-00-410C-19,45,0,7908E0,410C,19,ブラムバルド,"ブラムバルド
「桁外れの魔力、人間以上の知識力、
　・・・そして魔科学兵器・・・」{W}",,
45-00-410C-20,45,0,7908E0,410C,20,ブラムバルド,"ブラムバルド
「ミッドガルズの優秀な科学者の大半
　はハーフエルフでした」{W}",,
45-00-410C-21,45,0,7908E0,410C,21,クラース,"{N4}
「ミッドガルズの科学者が！？」{W}",,
45-00-410C-22,45,0,7908E0,410C,22,クラース,"{N4}
「しかしあそこはエルフの受け入れを
　断固として拒んだはず・・・」{W}",,
45-00-410C-23,45,0,7908E0,410C,23,ブラムバルド,"ブラムバルド
「表向きは・・・、です」{W}",,
45-00-410C-24,45,0,7908E0,410C,24,ブラムバルド,"ブラムバルド
「それに・・・」{W}",,
45-00-410C-25,45,0,7908E0,410C,25,ブラムバルド,"ブラムバルド
「純粋なエルフだったら魔科学などと
　いう・・・」{W}",,
45-00-410C-26,45,0,7908E0,410C,26,ブラムバルド,"ブラムバルド
「魔力をもてあそんだようなモノに力
　を貸すはずがありません！」{W}",,
45-00-410C-27,45,0,7908E0,410C,27,ブラムバルド,"ブラムバルド
「しかし、ハーフエルフは魔科学に力
　を貸してしまった・・・」{W}",,
45-00-410C-28,45,0,7908E0,410C,28,ブラムバルド,"ブラムバルド
「マナの力が失われる危機を、自ら生
　み出しているのです」{W}",,
45-00-410C-29,45,0,7908E0,410C,29,ミント,"{N2}
「きっ、きっと・・・」{W}",,
45-00-410C-30,45,0,7908E0,410C,30,ミント,"{N2}
「なにか理由があったんです！」{W}",,
45-00-410C-31,45,0,7908E0,410C,31,ミント,"{N2}
「ハーフエルフだって魔法を使うんで
　すから・・・」{W}",,
45-00-410C-32,45,0,7908E0,410C,32,ブラムバルド,"ブラムバルド
「そう・・・願いたいものです」{W}",,
45-00-410C-33,45,0,7908E0,410C,33,ブラムバルド,"ブラムバルド
「しかし我々も考えを改めるべきなの
　でしょう」{W}",,
45-00-410C-34,45,0,7908E0,410C,34,ブラムバルド,"ブラムバルド
「彼らの話を聞かずに結論づけるのは
　身勝手そのものですから」{W}",,
45-00-410C-35,45,0,7908E0,410C,35,ブラムバルド,"ブラムバルド
「今一度、ハーフエルフについて考え
　る必要はあると思います」{W}",,
45-00-410C-36,45,0,7908E0,410C,36,クラース,"{N4}
「しかし・・・」{W}",,
45-00-410C-37,45,0,7908E0,410C,37,クラース,"{N4}
「このままではマナが完全に世界から
　消えるのも時間の問題だ」{W}",,
45-00-410C-38,45,0,7908E0,410C,38,ブラムバルド,"ブラムバルド
「・・・・・・」{W}",,
45-00-410C-39,45,0,7908E0,410C,39,ミント,"{N2}
「でっ、でもッ！」{W}",,
45-00-410C-40,45,0,7908E0,410C,40,ミント,"{N2}
「魔科学だって・・・、使い方により
　ますよ！」{W}",,
45-00-410C-41,45,0,7908E0,410C,41,ミント,"{N2}
「レアバードみたいに平和利用に使え
　ば、きっと・・・」{W}",,
45-00-410C-42,45,0,7908E0,410C,42,ブラムバルド,"ブラムバルド
「そうですね・・・」{W}",,
45-00-410C-43,45,0,7908E0,410C,43,ブラムバルド,"ブラムバルド
「ありがとう、なにかいい考えが浮か
　びそうですよ」{W}",,
45-00-4A58-00,45,0,7908E0,4A58,0,エルフ,"エルフ
「やっぱりお腹の赤ちゃんのためにも
　ここから出た方がいい」{W}",,
45-00-4AA0-00,45,0,7908E0,4AA0,0,女の人,"女の人
「ここであなたと暮らせたらどんなに
　いいか・・・」{W}",,
45-00-4AE0-00,45,0,7908E0,4AE0,0,クレス,"{N1}
「なんだか、不思議な質感の石盤だな
　・・・」{W}",,
45-00-4B18-00,45,0,7908E0,4B18,0,エルフの衛兵,"エルフの衛兵
「なんだ、お前たちは！？」{W}",,
45-00-4B18-01,45,0,7908E0,4B18,1,エルフの衛兵,"エルフの衛兵
「ここはエルフ以外は立入禁止だ！」{W}",,
45-00-4B76-00,45,0,7908E0,4B76,0,クラース,"{N4}
「・・・このエンブレムが目に入らな
　いのか？」{W}",,
45-00-4B76-01,45,0,7908E0,4B76,1,クラース,"{N4}
「族長に会わせてくれ」{W}",,
45-00-4B76-02,45,0,7908E0,4B76,2,エルフの衛兵,"エルフの衛兵
「それは！」{W}",,
45-00-4B76-03,45,0,7908E0,4B76,3,エルフの衛兵,"エルフの衛兵
「アルヴァニスタ王国の・・・！」{W}",,
45-00-4B76-04,45,0,7908E0,4B76,4,エルフの衛兵,"エルフの衛兵
「失礼しました、こちらです」{W}",,
45-00-4C46-00,45,0,7908E0,4C46,0,？？？,"？？？
「待たせて申し訳ありません」{W}",,
45-00-4C46-01,45,0,7908E0,4C46,1,？？？,"？？？
「初めまして」{W}",,
45-00-4C46-02,45,0,7908E0,4C46,2,？？？,"？？？
「私が族長のブラムバルドです」{W}",,
45-00-4CAE-00,45,0,7908E0,4CAE,0,クラース,"{N4}
「私は{N4}」{W}",,
45-00-4CC4-00,45,0,7908E0,4CC4,0,クラース,"{N4}
「こちらの二人は、{N1}に
　{N2}です」{W}",,
45-00-4CF4-00,45,0,7908E0,4CF4,0,クラース,"{N4}
「早速ですが、これを・・・」{W}",,
45-00-4D1A-00,45,0,7908E0,4D1A,0,ブラムバルド,"ブラムバルド
「これは契約の指輪！」{W}",,
45-00-4D1A-01,45,0,7908E0,4D1A,1,ブラムバルド,"ブラムバルド
「{SPD:10}・・・{SPD:FF}でも壊れているようですね」{W}",,
45-00-4D1A-02,45,0,7908E0,4D1A,2,ミント,"{N2}
「これを修復する方法があると聞いて
　ここまで来たんです」{W}",,
45-00-4D1A-03,45,0,7908E0,4D1A,3,ブラムバルド,"ブラムバルド
「・・・なるほど」{W}",,
45-00-4D1A-04,45,0,7908E0,4D1A,4,ブラムバルド,"ブラムバルド
「石盤の力が必要ですね」{W}",,
45-00-4D1A-05,45,0,7908E0,4D1A,5,ブラムバルド,"ブラムバルド
「村の北側で待ってます」{W}",,
45-00-4D1A-06,45,0,7908E0,4D1A,6,ブラムバルド,"ブラムバルド
「詳しい話はその時に」{W}",,
45-00-4E56-00,45,0,7908E0,4E56,0,料理人,"料理人
「私は『すばらしき味の世界』の住人
　だ」{W}",,
45-00-4E56-01,45,0,7908E0,4E56,1,料理人,"料理人
「この味をより多くの人に伝えたい」{W}",,
45-00-4E56-02,45,0,7908E0,4E56,2,料理人,"料理人
「君も私の世界に触れてみないか？」",,
45-00-4EE2-00,45,0,7908E0,4EE2,0,料理人,"料理人
「この料理を伝授しよう！」{W}",,
45-00-4F08-00,45,0,7908E0,4F08,0,,"{COL:2}フルーツパフェを料理できるようにな
りました。{W}",,
45-00-4F08-01,45,0,7908E0,4F08,1,,{COL:0},,
45-00-4F42-00,45,0,7908E0,4F42,0,料理人,"料理人
「おお、なんということだ！」{W}",,
45-00-4F6A-00,45,0,7908E0,4F6A,0,料理人,"料理人
「・・・実は、私は『すばらしき味の
　世界』を二つ持っている」{W}",,
45-00-4F6A-01,45,0,7908E0,4F6A,1,料理人,"料理人
「私の『もう一つの世界』に触れてみ
　ないか？」",,
45-00-4FEC-00,45,0,7908E0,4FEC,0,料理人,"料理人
「さあ、この料理を伝授しよう！」{W}",,
45-00-5018-00,45,0,7908E0,5018,0,,"{COL:2}やさいサラダを料理できるようになり
ました。{COL:0}{W}",,
45-00-5050-00,45,0,7908E0,5050,0,料理人,"料理人
「私のもう一つの世界は、待っている
　ぞ！」{W}",,
45-00-5088-00,45,0,7908E0,5088,0,料理人,"料理人
「フルーツパフェとやさいサラダ作っ
　てるかい？」{W}",,
45-00-50C6-00,45,0,7908E0,50C6,0,クレス,"{N1}
「待ってください」{W}",,
45-00-50C6-01,45,0,7908E0,50C6,1,クレス,"{N1}
「少しだけ、ブラムバルドさんとお話
　したい事があります」{W}",,
45-00-50C6-02,45,0,7908E0,50C6,2,エルフの衛兵,"エルフの衛兵
「ダメだ！」{W}",,
45-00-50C6-03,45,0,7908E0,50C6,3,ミント,"{N2}
「少しだけ、お願いします！」{W}",,
45-00-50C6-04,45,0,7908E0,50C6,4,エルフの衛兵,"エルフの衛兵
「{SPD:10}・・・{SPD:FF}」{W}",,
45-00-5186-00,45,0,7908E0,5186,0,ブラムバルド,"ブラムバルド
「どうした、騒々しいぞ！」{W}",,
45-00-51B2-00,45,0,7908E0,51B2,0,クレス,"{N1}
「あっ、ブラムバルドさん！」{W}",,
45-00-51D8-00,45,0,7908E0,51D8,0,ブラムバルド,"ブラムバルド
「おや、あなたたちは・・・」{W}",,
45-00-51D8-01,45,0,7908E0,51D8,1,ブラムバルド,"ブラムバルド
「このあいだは特別に許可したんです
　・・・」{W}",,
45-00-51D8-02,45,0,7908E0,51D8,2,ブラムバルド,"ブラムバルド
「ハーフエルフと共にいる以上は、こ
　こへは来ないで頂きたい」{W}",,
45-00-51D8-03,45,0,7908E0,51D8,3,クレス,"{N1}
「違うんです」{W}",,
45-00-51D8-04,45,0,7908E0,51D8,4,クレス,"{N1}
「前にヘイムダールの石盤の前で聞い
　た弓の事で来たんです！」{W}",,
45-00-51D8-05,45,0,7908E0,51D8,5,ブラムバルド,"ブラムバルド
「{SPD:10}・・・{SPD:FF}？」{W}",,
45-00-51D8-06,45,0,7908E0,51D8,6,ブラムバルド,"ブラムバルド
「ああ、あの弓のことか！」{W}",,
45-00-51D8-07,45,0,7908E0,51D8,7,ブラムバルド,"ブラムバルド
「確かに、ここの武器職人に見せろと
　いったのは私{SPD:10}・・・{SPD:FF}」{W}",,
45-00-538E-00,45,0,7908E0,538E,0,ブラムバルド,"ブラムバルド
「・・・そうですね、わかりました」{W}",,
45-00-538E-01,45,0,7908E0,538E,1,ブラムバルド,"ブラムバルド
「では、こうしましょう」{W}",,
45-00-538E-02,45,0,7908E0,538E,2,ブラムバルド,"ブラムバルド
「君と彼女の二人が、私と一緒に武器
　職人のもとに行く」{W}",,
45-00-538E-03,45,0,7908E0,538E,3,ブラムバルド,"ブラムバルド
「残りの二人は、ここで待っててもら
　う」{W}",,
45-00-538E-04,45,0,7908E0,538E,4,ブラムバルド,"ブラムバルド
「いいですね？」{W}",,
45-00-538E-05,45,0,7908E0,538E,5,クレス,"{N1}
「はい、ありがとうございます」{W}",,
45-00-54B2-00,45,0,7908E0,54B2,0,ブラムバルド,"ブラムバルド
「もう良いのですか？」",,
45-00-54D8-00,45,0,7908E0,54D8,0,ブラムバルド,"ブラムバルド
「では、行きましょう」{W}",,
45-00-5500-00,45,0,7908E0,5500,0,ブラムバルド,"ブラムバルド
「では、終わったら声をかけてくださ
　い」{W}",,
45-00-553C-00,45,0,7908E0,553C,0,クレス,"{N1}
「わざわざありがとうございました」{W}",,
45-00-553C-01,45,0,7908E0,553C,1,ミント,"{N2}
「本当に・・・、おかげで手がかりが
　掴めました」{W}",,
45-00-553C-02,45,0,7908E0,553C,2,ブラムバルド,"ブラムバルド
「では、頑張ってください」{W}",,
45-00-55CC-00,45,0,7908E0,55CC,0,クレス,"{N1}
「じゃあ、戻ろう」{W}",,
45-00-55E8-00,45,0,7908E0,55E8,0,クレス,"{N1}
「おまたせ」{W}",,
45-00-55FE-00,45,0,7908E0,55FE,0,クラース,"{N4}
「もう良いのか？」{W}",,
45-00-55FE-01,45,0,7908E0,55FE,1,ミント,"{N2}
「はい」{W}",,
45-00-562A-00,45,0,7908E0,562A,0,,大きな枯れ木がある。{W},,
45-00-562A-01,45,0,7908E0,562A,1,アーチェ,"{N3}
「この枝をもって帰ればいいわ」{W}",,
45-00-562A-02,45,0,7908E0,562A,2,アーチェ,"{N3}
「じゃあ、さっそく持って帰ろうか」{W}",,
45-00-562A-03,45,0,7908E0,562A,3,すず,"{N6}
「はい！」{W}",,
45-00-56A4-00,45,0,7908E0,56A4,0,,大きな枯れ木がある。{W},,
45-00-56BC-00,45,0,7908E0,56BC,0,すず,"{N6}
「そろそろ時間ですね・・・」{W}",,
45-00-56BC-01,45,0,7908E0,56BC,1,アーチェ,"{N3}
「え、もう！？」{W}",,
45-00-56BC-02,45,0,7908E0,56BC,2,アーチェ,"{N3}
「うぅ・・・、大丈夫かなぁ？」{W}",,
45-00-5720-00,45,0,7908E0,5720,0,,ミゲールの町に戻りますか？,,
45-00-573C-00,45,0,7908E0,573C,0,アーチェ,"{N3}
「一回町に戻ろうか」{W}",,
45-00-573C-01,45,0,7908E0,573C,1,すず,"{N6}
「わかりました」{W}",,
45-00-5772-00,45,0,7908E0,5772,0,,"ミゲールの町に戻る事ができますが、
戻ると今回の依頼は失敗となります。{W}",,
45-00-5772-01,45,0,7908E0,5772,1,,ミゲールの町に戻りますか？,,
45-00-57D6-00,45,0,7908E0,57D6,0,アーチェ,"{N3}
「一回町に戻ろうか」{W}",,
45-00-57D6-01,45,0,7908E0,57D6,1,すず,"{N6}
「わかりました」{W}",,
45-00-580C-00,45,0,7908E0,580C,0,,"依頼を受けた町に退却しますか？
",,
45-00-582E-00,45,0,7908E0,582E,0,アーチェ,"{N3}
「一回町に戻ろうか」{W}",,
45-00-582E-01,45,0,7908E0,582E,1,すず,"{N6}
「わかりました」{W}",,
45-00-5864-00,45,0,7908E0,5864,0,アーチェ,"{N3}
「この町にまだ困ってる人が
　いる気がする・・・」{W}",,
45-00-58A0-00,45,0,7908E0,58A0,0,アーチェ,"{N3}
「おっといけない！」{W}",,
45-00-58A0-01,45,0,7908E0,58A0,1,アーチェ,"{N3}
「まだ任務の途中だった・・・」{W}",,
45-00-58E4-00,45,0,7908E0,58E4,0,アーチェ,"{N3}
「まだ用事がすんでないよ・・・」{W}",,
46-00-0000-00,46,0,79A48C,0000,0,,雑貨屋『テンダロイン』,,
46-00-0018-00,46,0,79A48C,0018,0,,武具屋『ガーリック』,,
46-00-002E-00,46,0,79A48C,002E,0,,食料店『サーロイン』,,
46-00-0044-00,46,0,79A48C,0044,0,,宿屋『スパゲティー』,,
46-00-005A-00,46,0,79A48C,005A,0,,宿屋『ハンバーグ』,,
46-00-006E-00,46,0,79A48C,006E,0,,オリーブヴィレッジ,,
46-00-0082-00,46,0,79A48C,0082,0,村の人,"村の人
「バジリスクって知ってる？」{W}",,
46-00-0082-01,46,0,79A48C,0082,1,村の人,"村の人
「砂漠にいる怪物なんだけど、こいつ
　にやられると石になっちゃうんだ」{W}",,
46-00-00FA-00,46,0,79A48C,00FA,0,料理人,"料理人
「ポワレ作ってるかい？」{W}",,
46-00-011E-00,46,0,79A48C,011E,0,料理人,"料理人
「私は『すばらしき味の世界』の住人
　だ」{W}",,
46-00-011E-01,46,0,79A48C,011E,1,料理人,"料理人
「この味をより多くの人に伝えたい」{W}",,
46-00-011E-02,46,0,79A48C,011E,2,料理人,"料理人
「君も私の世界に触れてみないか？」",,
46-00-01AA-00,46,0,79A48C,01AA,0,料理人,"料理人
「この料理を伝授しよう！」{W}",,
46-00-01D0-00,46,0,79A48C,01D0,0,,"{COL:2}ポワレを料理できるように
なりました。{W}",,
46-00-01D0-01,46,0,79A48C,01D0,1,,{COL:0},,
46-00-0202-00,46,0,79A48C,0202,0,料理人,"料理人
「おお、なんということだ！」{W}",,
46-00-022A-00,46,0,79A48C,022A,0,村の人,"村の人
「えっ、精霊の話？」{W}",,
46-00-022A-01,46,0,79A48C,022A,1,村の人,"村の人
「ああ、あの話ならおもしろいかな」{W}",,
46-00-022A-02,46,0,79A48C,022A,2,村の人,"村の人
「昔々、今のような・・・」{W}",,
46-00-022A-03,46,0,79A48C,022A,3,クレス,"{N1}
「それなら、最初の部分だけ知ってま
　す」{W}",,
46-00-022A-04,46,0,79A48C,022A,4,クレス,"{N1}
「続きが知りたいんですよ」{W}",,
46-00-022A-05,46,0,79A48C,022A,5,クレス,"{N1}
「世界が滅んだ後にできた国の王様に
　月の精霊様が捕まったところから」{W}",,
46-00-022A-06,46,0,79A48C,022A,6,村の人,"村の人
「ああ、え～と・・・」{W}",,
46-00-022A-07,46,0,79A48C,022A,7,村の人,"村の人
「月の精霊様を見つけた兵士は悩んだ
　あげく・・・」{W}",,
46-00-022A-08,46,0,79A48C,022A,8,村の人,"村の人
「精霊様を、助けることにしたんだ」{W}",,
46-00-022A-09,46,0,79A48C,022A,9,村の人,"村の人
「国家への反逆は極刑に値するけど・
　・・」{W}",,
46-00-022A-10,46,0,79A48C,022A,10,村の人,"村の人
「兵士の精霊様に対する想いはそれを
　はねのけた」{W}",,
46-00-022A-11,46,0,79A48C,022A,11,村の人,"村の人
「国家に恨みを持つ者の助けもあって
　・・・」{W}",,
46-00-022A-12,46,0,79A48C,022A,12,村の人,"村の人
「兵士は、精霊様を見事助けだしたん
　だ」{W}",,
46-00-022A-13,46,0,79A48C,022A,13,村の人,"村の人
「しかし国王は執拗に兵士を追いかけ
　てきた」{W}",,
46-00-022A-14,46,0,79A48C,022A,14,村の人,"村の人
「結界の中に安住の地などあるはずも
　なかった」{W}",,
46-00-022A-15,46,0,79A48C,022A,15,村の人,"村の人
「兵士はここで『かけ』にでた・・・
　・・・結界の外に出ようと・・・」{W}",,
46-00-022A-16,46,0,79A48C,022A,16,村の人,"村の人
「精霊様の力なら毒が充満している外
　でも生きられる・・・」{W}",,
46-00-022A-17,46,0,79A48C,022A,17,村の人,"村の人
「兵士は自分の命をかけて精霊様を助
　けようとしたんだ」{W}",,
46-00-022A-18,46,0,79A48C,022A,18,村の人,"村の人
「おいらが知ってるのは、ここまで」{W}",,
46-00-022A-19,46,0,79A48C,022A,19,村の人,"村の人
「ごめんね」{W}",,
46-00-0630-00,46,0,79A48C,0630,0,村の人,"村の人
「ここは食料店だけど、食事を作って
　くれたりもするんだ」{W}",,
46-00-0676-00,46,0,79A48C,0676,0,村の人,"村の人
「石化されても、パナシーアボトルで
　回復することができます」{W}",,
46-00-0676-01,46,0,79A48C,0676,1,村の人,"村の人
「でもやっぱり事前にリキュールボト
　ルを飲んでおいた方がいいですよ」{W}",,
46-00-0710-00,46,0,79A48C,0710,0,男の子,"男の子
「石化やマヒで全滅した隊商がいるそ
　うです」{W}",,
46-00-0710-01,46,0,79A48C,0710,1,男の子,"男の子
「あなたがたも気をつけた方がいいで
　すよ」{W}",,
46-00-0780-00,46,0,79A48C,0780,0,村の人,"村の人
「砂漠には炎の攻撃に耐性がある怪物
　が多いみたいです」{W}",,
46-00-07C4-00,46,0,79A48C,07C4,0,村の人,"村の人
「もし砂漠でバジリスクと出会ったら
　どうする？」{W}",,
46-00-07C4-01,46,0,79A48C,07C4,1,村の人,"村の人
「私なら、ひたすら逃げるね」{W}",,
46-00-07C4-02,46,0,79A48C,07C4,2,村の人,"村の人
「逃げられれば、の話だけどね」{W}",,
46-00-0850-00,46,0,79A48C,0850,0,村の人,"村の人
「この村にはバジリスクと戦ったこと
　のある人はいないよ」{W}",,
46-00-0850-01,46,0,79A48C,0850,1,村の人,"村の人
「そういう人は砂漠にいるよ」{W}",,
46-00-0850-02,46,0,79A48C,0850,2,村の人,"村の人
「石になってるけどね・・・」{W}",,
46-00-08E2-00,46,0,79A48C,08E2,0,町の人,"町の人
「この店ってなんでこんなに人が多い
　んだろ？」{W}",,
46-00-091E-00,46,0,79A48C,091E,0,村の人,"村の人
「この店ってなんでこんなに人が多い
　んだろ？」{W}",,
46-00-095A-00,46,0,79A48C,095A,0,宿屋の主人,"宿屋の主人
「おや、あんたバジリスクのうろこを
　持ってるじゃないか」{W}",,
46-00-09A4-00,46,0,79A48C,09A4,0,宿屋の主人,"宿屋の主人
「でも少ないねぇ」{W}",,
46-00-09A4-01,46,0,79A48C,09A4,1,宿屋,"宿屋
「五、六枚あればいい薬になるんだけ
　ど」{W}",,
46-00-09A4-02,46,0,79A48C,09A4,2,宿屋の主人,"宿屋の主人
「ところで・・・」{W}",,
46-00-0A18-00,46,0,79A48C,0A18,0,宿屋の主人,"宿屋の主人
「一日ここで泊まって待ってておくれ
　よ」{W}",,
46-00-0A18-01,46,0,79A48C,0A18,1,宿屋の主人,"宿屋の主人
「代金はただでいいからさ」{W}",,
46-00-0A18-02,46,0,79A48C,0A18,2,,{COL:3}泊まりますか？{COL:2},,
46-00-0A90-00,46,0,79A48C,0A90,0,宿屋の主人,"宿屋の主人
「そうか・・・」{W}",,
46-00-0AB0-00,46,0,79A48C,0AB0,0,宿屋の主人,"宿屋の主人
「さっそく、村中に知らせなくては」{W}",,
46-00-0AE2-00,46,0,79A48C,0AE2,0,宿屋の主人,"宿屋の主人
「{N1}さ～ん」{W}",,
46-00-0AE2-01,46,0,79A48C,0AE2,1,宿屋の主人,"宿屋の主人
「エドワードさんが来たよ～」{W}",,
46-00-0B2A-00,46,0,79A48C,0B2A,0,エドワード,"エドワード
「君たちか」{W}",,
46-00-0B2A-01,46,0,79A48C,0B2A,1,エドワード,"エドワード
「貴重なうろこを譲ってくれるという
　のは」{W}",,
46-00-0B2A-02,46,0,79A48C,0B2A,2,クラース,"{N4}
「エドワードさんですね」{W}",,
46-00-0B2A-03,46,0,79A48C,0B2A,3,クラース,"{N4}
「実はこれを・・・」{W}",,
46-00-0BBC-00,46,0,79A48C,0BBC,0,クレス・ミント,"{N1}・{N2}
「モリスンさんッ！？」{W}",,
46-00-0BE2-00,46,0,79A48C,0BE2,0,宿屋の主人,"宿屋の主人
「エドワードさん？」{W}",,
46-00-0BE2-01,46,0,79A48C,0BE2,1,宿屋の主人,"宿屋の主人
「ああ、ここに来たよ」{W}",,
46-00-0BE2-02,46,0,79A48C,0BE2,2,宿屋の主人,"宿屋の主人
「バジリスクのうろこを欲しがって、
　あちこち尋ねてるみたいだったね」{W}",,
46-00-0BE2-03,46,0,79A48C,0BE2,3,クラース,"{N4}
「ああ、あの傷の特効薬になるという
　やつか？」{W}",,
46-00-0BE2-04,46,0,79A48C,0BE2,4,宿屋の主人,"宿屋の主人
「そうそう、よく知ってるねぇ」{W}",,
46-00-0BE2-05,46,0,79A48C,0BE2,5,宿屋の主人,"宿屋の主人
「最近はまとまった量はなかなか手に
　入らないんだよ」{W}",,
46-00-0BE2-06,46,0,79A48C,0BE2,6,ミント,"{N2}
「バジリスクってなんですか？」{W}",,
46-00-0BE2-07,46,0,79A48C,0BE2,7,宿屋の主人,"宿屋の主人
「砂漠に住む恐ろしい怪物さ」{W}",,
46-00-0BE2-08,46,0,79A48C,0BE2,8,宿屋の主人,"宿屋の主人
「薬に使えるうろこが取れること自体
　がまれでね」{W}",,
46-00-0BE2-09,46,0,79A48C,0BE2,9,宿屋の主人,"宿屋の主人
「エドワードさんが言付けていったん
　だよ」{W}",,
46-00-0BE2-10,46,0,79A48C,0BE2,10,宿屋の主人,"宿屋の主人
「バジリスクのうろこを持った人がい
　たら教えてくれって」{W}",,
46-00-0BE2-11,46,0,79A48C,0BE2,11,宿屋の主人,"宿屋の主人
「飛んでやってくるそうだよ」{W}",,
46-00-0E62-00,46,0,79A48C,0E62,0,宿屋の主人,"宿屋の主人
「ところで・・・」{W}",,
46-00-0E84-00,46,0,79A48C,0E84,0,宿屋の主人,"宿屋の主人
「いらっしゃい、泊まるかね？」{W}",,
46-00-0E84-01,46,0,79A48C,0E84,1,宿屋の主人,"宿屋の主人
「一晩４５ガルドになりやすぜ」",,
46-00-0EDC-00,46,0,79A48C,0EDC,0,宿屋の主人,"宿屋の主人
「お客さん、お金足りないよ」{W}",,
46-00-0F08-00,46,0,79A48C,0F08,0,宿屋の主人,"宿屋の主人
「ごゆっくり」{W}",,
46-00-0F26-00,46,0,79A48C,0F26,0,宿屋の主人,"宿屋の主人
「また来てくれよ」{W}",,
46-00-0F48-00,46,0,79A48C,0F48,0,主人,"主人
「いらっしゃい」{W}",,
46-00-0F48-01,46,0,79A48C,0F48,1,主人,"主人
「なんにしますか？」{W}",,
46-00-0F7E-00,46,0,79A48C,0F7E,0,主人,"主人
「ありがとうございます」{W}",,
46-00-0FA0-00,46,0,79A48C,0FA0,0,道具屋,"道具屋
「らっしゃい」{W}",,
46-00-0FBA-00,46,0,79A48C,0FBA,0,道具屋,"道具屋
「どうも」{W}",,
46-00-0FD0-00,46,0,79A48C,0FD0,0,薬屋,"薬屋
「いらっしゃい」{W}",,
46-00-0FD0-01,46,0,79A48C,0FD0,1,薬屋,"薬屋
「いい薬があるよ」{W}",,
46-00-1004-00,46,0,79A48C,1004,0,薬屋,"薬屋
「あんまり変わりばえしないって？
　よけいなお世話だよ」{W}",,
46-00-1046-00,46,0,79A48C,1046,0,武具屋,"武具屋
「いらっしゃい」{W}",,
46-00-1046-01,46,0,79A48C,1046,1,武具屋,"武具屋
「アルヴァニスタからの輸入品だよ」{W}",,
46-00-108E-00,46,0,79A48C,108E,0,武具屋,"武具屋
「らっしゃい」{W}",,
46-00-108E-01,46,0,79A48C,108E,1,武具屋,"武具屋
「ここは、ミッドガルズとアルヴァニ
　スタの中継地点だから・・・」{W}",,
46-00-108E-02,46,0,79A48C,108E,2,武具屋,"武具屋
「いいのそろってるよ」{W}",,
46-00-1114-00,46,0,79A48C,1114,0,武具屋,"武具屋
「どうも～」{W}",,
46-00-112C-00,46,0,79A48C,112C,0,テシミヤグラ,"テシミヤグラ
「らっしゃい」{W}",,
46-00-112C-01,46,0,79A48C,112C,1,テシミヤグラ,"テシミヤグラ
「えッ？」{W}",,
46-00-112C-02,46,0,79A48C,112C,2,テシミヤグラ,"テシミヤグラ
「なんでこんな所に船乗りがいるかっ
　て？」{W}",,
46-00-112C-03,46,0,79A48C,112C,3,テシミヤグラ,"テシミヤグラ
「別にオレは船乗りじゃないよ」{W}",,
46-00-112C-04,46,0,79A48C,112C,4,テシミヤグラ,"テシミヤグラ
「これはファッションだよ」{W}",,
46-00-11FA-00,46,0,79A48C,11FA,0,村の人,"村の人
「ここから東にある洞窟は精霊様が住
　んでいる」{W}",,
46-00-11FA-01,46,0,79A48C,11FA,1,村の人,"村の人
「と、いわれているんだ」{W}",,
46-00-11FA-02,46,0,79A48C,11FA,2,村の人,"村の人
「でも、中は溶岩地獄」{W}",,
46-00-11FA-03,46,0,79A48C,11FA,3,村の人,"村の人
「かなりの暑さらしいよ」{W}",,
46-00-129A-00,46,0,79A48C,129A,0,村の人,"村の人
「いや～、暑いね～」{W}",,
46-00-12BA-00,46,0,79A48C,12BA,0,村の人,"村の人
「エドワードっていう人なら・・・」{W}",,
46-00-12BA-01,46,0,79A48C,12BA,1,村の人,"村の人
「ここから南東のオアシスに行ったと
　思うよ」{W}",,
46-00-1320-00,46,0,79A48C,1320,0,旅人,"旅人
「エドワード？」{W}",,
46-00-1320-01,46,0,79A48C,1320,1,旅人,"旅人
「ああ、ここから北のオアシスに行っ
　たよ」{W}",,
46-00-136E-00,46,0,79A48C,136E,0,旅人,"旅人
「いや～、休まるね～」{W}",,
46-00-138E-00,46,0,79A48C,138E,0,おじいさん,"おじいさん
「はっ、なんじゃ？」{W}",,
46-00-138E-01,46,0,79A48C,138E,1,クレス,"{N1}
「ですから・・・」{W}",,
46-00-138E-02,46,0,79A48C,138E,2,クレス,"{N1}
「エドワードという人がここに来ませ
　んでしたか？」{W}",,
46-00-138E-03,46,0,79A48C,138E,3,おじいさん,"おじいさん
「なに？」{W}",,
46-00-138E-04,46,0,79A48C,138E,4,おじいさん,"おじいさん
「かたつむりがどうかしたか？」{W}",,
46-00-138E-05,46,0,79A48C,138E,5,クレス,"{N1}
「えッ、かたつむり？」{W}",,
46-00-138E-06,46,0,79A48C,138E,6,おじいさん,"おじいさん
「今、・・・エスカルゴと言ったでは
　ないか」{W}",,
46-00-138E-07,46,0,79A48C,138E,7,クレス,"{N1}
「エドワードッ！」{W}",,
46-00-138E-08,46,0,79A48C,138E,8,クレス,"{N1}
「一文字しか合ってないじゃないです
　か！」{W}",,
46-00-138E-09,46,0,79A48C,138E,9,おじいさん,"おじいさん
「・・・冗談じゃ」{W}",,
46-00-138E-10,46,0,79A48C,138E,10,おじいさん,"おじいさん
「エドワードならさらに北のオアシス
　へ行ったわい」{W}",,
46-00-1556-00,46,0,79A48C,1556,0,おじいさん,"おじいさん
「どうじゃ？」{W}",,
46-00-1556-01,46,0,79A48C,1556,1,おじいさん,"おじいさん
「えどっこは見つかったか？」{W}",,
46-00-1556-02,46,0,79A48C,1556,2,クレス,"{N1}
「エドワードッ！」{W}",,
46-00-15B8-00,46,0,79A48C,15B8,0,おじいさん,"おじいさん
「あぢ～・・・」{W}",,
46-00-15D8-00,46,0,79A48C,15D8,0,旅人,"旅人
「エドワード？」{W}",,
46-00-15D8-01,46,0,79A48C,15D8,1,旅人,"旅人
「あの人なら、オリーブヴィレッジに
　行ったよ」{W}",,
46-00-15D8-02,46,0,79A48C,15D8,2,アーチェ,"{N3}
「あらら、行き違いになっちゃったみ
　たいだね」{W}",,
46-00-15D8-03,46,0,79A48C,15D8,3,クレス,"{N1}
「急いで戻ろう」{W}",,
46-00-167A-00,46,0,79A48C,167A,0,クレス,"{N1}
「あのブッシュベイビーは・・・？」{W}",,
46-00-167A-01,46,0,79A48C,167A,1,旅人,"旅人
「ああ、あれはみんなぼくの友達さ」{W}",,
46-00-16D0-00,46,0,79A48C,16D0,0,町の人,"町の人
「燃えている奴には水をぶっかけるの
　が一番さ」{W}",,
46-00-170C-00,46,0,79A48C,170C,0,町の人,"町の人
「名工ギースって知ってるか？」{W}",,
46-00-170C-01,46,0,79A48C,170C,1,町の人,"町の人
「こぶしで鋼を鍛えるってので有名で
　『鉄拳ギース』って呼ばれてたよ」{W}",,
46-00-170C-02,46,0,79A48C,170C,2,町の人,"町の人
「けど、どっかへ行っちまったんだ」{W}",,
46-00-17B2-00,46,0,79A48C,17B2,0,町の人,"町の人
「暑いね」{W}",,
46-00-17B2-01,46,0,79A48C,17B2,1,町の人,"町の人
「氷に包まれた大陸に町があるんだっ
　てさ」{W}",,
46-00-17B2-02,46,0,79A48C,17B2,2,町の人,"町の人
「こんな暑い所からそこへ引っ越した
　いね」{W}",,
46-00-1834-00,46,0,79A48C,1834,0,町の人,"町の人
「エルフの集落の奥のトレントの森・
　・・」{W}",,
46-00-1834-01,46,0,79A48C,1834,1,町の人,"町の人
「エルフの聖域ヘイムダールには精霊
　様がいるんだ」{W}",,
46-00-1834-02,46,0,79A48C,1834,2,町の人,"町の人
「超古代の古文書には伝説っぽく書い
　てあったけど・・・」{W}",,
46-00-1834-03,46,0,79A48C,1834,3,町の人,"町の人
「本当に存在するんだよ」{W}",,
46-00-1834-04,46,0,79A48C,1834,4,町の人,"町の人
「本当だよ」{W}",,
46-00-1926-00,46,0,79A48C,1926,0,町の人,"町の人
「ギースさんは人目を避けて、とある
　小島へ移り住んだっていう話です」{W}",,
46-00-1978-00,46,0,79A48C,1978,0,,"『ユウちゃん、ここに眠る。』
と書いてある。{W}",,
46-00-19A8-00,46,0,79A48C,19A8,0,,裏に『ごくつぶし』と書いてあった。{W},,
46-00-19CE-00,46,0,79A48C,19CE,0,薬師,"薬師
「ここの薬は{SPD:10}す・べ・て{SPD:FF}、私の手作り
　よ」{W}",,
46-00-19CE-01,46,0,79A48C,19CE,1,薬師,"薬師
「どう、すごいでしょ？」{W}",,
46-00-1A2A-00,46,0,79A48C,1A2A,0,卵売り,"卵売り
「卵いらんかね～」{W}",,
46-00-1A2A-01,46,0,79A48C,1A2A,1,卵売り,"卵売り
「産みたての卵だよ～」{W}",,
46-00-1A2A-02,46,0,79A48C,1A2A,2,卵売り,"卵売り
「一つ８０ガルドだよ～」{W}",,
46-00-1A2A-03,46,0,79A48C,1A2A,3,,{COL:3}卵を買いますか？{COL:2},,
46-00-1AA2-00,46,0,79A48C,1AA2,0,卵売り,"卵売り
「どうも～」{W}",,
46-00-1ABA-00,46,0,79A48C,1ABA,0,卵売り,"卵売り
「お金足りないよ～」{W}",,
46-00-1ADA-00,46,0,79A48C,1ADA,0,卵売り,"卵売り
「それ以上持てないじゃん」{W}",,
46-00-1B00-00,46,0,79A48C,1B00,0,卵売り,"卵売り
「ありがとやんした～」{W}",,
46-00-1B22-00,46,0,79A48C,1B22,0,剣士,"剣士
「心頭滅却すれば火もまた涼し」{W}",,
46-00-1B4A-00,46,0,79A48C,1B4A,0,剣士,"剣士
「君、剣士か？」{W}",,
46-00-1B4A-01,46,0,79A48C,1B4A,1,剣士,"剣士
「この奥義書を買わぬか？」{W}",,
46-00-1B4A-02,46,0,79A48C,1B4A,2,クレス,"{N1}
「えっ、奥義書！？」{W}",,
46-00-1B4A-03,46,0,79A48C,1B4A,3,剣士,"剣士
「買ってはみたものの、私には使いこ
　なせそうにない」{W}",,
46-00-1B4A-04,46,0,79A48C,1B4A,4,剣士,"剣士
「どうだ？」{W}",,
46-00-1B4A-05,46,0,79A48C,1B4A,5,剣士,"剣士
「４００００ガルドでよいが」{W}",,
46-00-1B4A-06,46,0,79A48C,1B4A,6,,{COL:3}買いますか？{COL:2},,
46-00-1C2C-00,46,0,79A48C,1C2C,0,剣士,"剣士
「むぅ・・・、そうか」{W}",,
46-00-1C4C-00,46,0,79A48C,1C4C,0,剣士,"剣士
「金が足りぬぞ！」{W}",,
46-00-1C68-00,46,0,79A48C,1C68,0,,"{COL:3}{N1}は
鳳凰翔破斬を覚えました。{COL:2}{W}",,
46-00-1C68-01,46,0,79A48C,1C68,1,剣士,"剣士
「恩にきるぞ」{W}",,
46-00-1CAA-00,46,0,79A48C,1CAA,0,おばあさん,"おばあさん
「ここから、東の溶岩地帯に塔がある
　じゃろ」{W}",,
46-00-1CAA-01,46,0,79A48C,1CAA,1,おばあさん,"おばあさん
「その中は灼熱地獄で、生きて帰った
　者はおらんという話じゃ」{W}",,
46-00-1CAA-02,46,0,79A48C,1CAA,2,おばあさん,"おばあさん
「じゃが、それだけ価値のあるお宝が
　眠っている」{W}",,
46-00-1CAA-03,46,0,79A48C,1CAA,3,おばあさん,"おばあさん
「・・・とも考えられるがな」{W}",,
46-00-1CAA-04,46,0,79A48C,1CAA,4,おばあさん,"おばあさん
「フェッフェッフェ・・・」{W}",,
46-00-1DC6-00,46,0,79A48C,1DC6,0,町の人,"町の人
「熱砂の洞窟の怪物は炎の弓を持って
　いるらしいぜ」{W}",,
46-00-1E06-00,46,0,79A48C,1E06,0,剣士,"剣士
「この辺りは・・・」{W}",,
46-00-1E06-01,46,0,79A48C,1E06,1,剣士,"剣士
「超古代の大国オーディーンによって
　統治されたっていう話だ」{W}",,
46-00-1E06-02,46,0,79A48C,1E06,2,剣士,"剣士
「しかし・・・」{W}",,
46-00-1E06-03,46,0,79A48C,1E06,3,剣士,"剣士
「当時の戦争のせいで、砂漠の大陸に
　なってしまったんだとさ」{W}",,
46-00-1E06-04,46,0,79A48C,1E06,4,剣士,"剣士
「考古学者から聞いたんだ」{W}",,
46-00-1EEA-00,46,0,79A48C,1EEA,0,収集家,"収集家
「ねぇ、あなた・・・」{W}",,
46-00-1EEA-01,46,0,79A48C,1EEA,1,収集家,"収集家
「{ITEM:18A}持ってない？」{W}",,
46-00-1F2A-00,46,0,79A48C,1F2A,0,収集家,"収集家
「あっ、持ってるじゃない！」{W}",,
46-00-1F2A-01,46,0,79A48C,1F2A,1,収集家,"収集家
「私の{ITEM:189}と、交換しま
　しょうよ」",,
46-00-1F7E-00,46,0,79A48C,1F7E,0,収集家,"収集家
「これで、私のコレクションも更に
　充実するわ！」{W}",,
46-00-1FBC-00,46,0,79A48C,1FBC,0,,{COL:2}{ITEM:189}を手に入れました。{W},,
46-00-1FBC-01,46,0,79A48C,1FBC,1,,{COL:0},,
46-00-1FDE-00,46,0,79A48C,1FDE,0,収集家,"収集家
「あなたも、{ITEM:189}をたく
　さん持っているじゃない」{W}",,
46-00-201C-00,46,0,79A48C,201C,0,収集家,"収集家
「気が変わったら、声をかけてね」{W}",,
46-00-2048-00,46,0,79A48C,2048,0,収集家,"収集家
「{ITEM:18A}を探してるのよね
　・・・」{W}",,
46-00-2076-00,46,0,79A48C,2076,0,町の人,"町の人
「バジリスクと戦うならリキュールボ
　トルを持っていくことですね」{W}",,
46-00-20C4-00,46,0,79A48C,20C4,0,エドワード,"エドワード
「私の名字はモリスンだが」{W}",,
46-00-20C4-01,46,0,79A48C,20C4,1,エドワード,"エドワード
「そんなにおどろいて、どうしたのか
　ね？」{W}",,
46-00-20C4-02,46,0,79A48C,20C4,2,クレス・ミント,"{N1}・{N2}
「あああ{SPD:10}、{SPD:FF}あっ{SPD:10}、{SPD:FF}あの{SPD:10}・・・{SPD:FF}」{W}",,
46-00-20C4-03,46,0,79A48C,20C4,3,クラース,"{N4}
「ニ人とも、変だぞ」{W}",,
46-00-2186-00,46,0,79A48C,2186,0,クラース,"{N4}
「エドワードさん、うろこの話の前に
　この手紙を」{W}",,
46-00-2186-01,46,0,79A48C,2186,1,エドワード,"エドワード
「グロムからの紹介？」{W}",,
46-00-2186-02,46,0,79A48C,2186,2,エドワード,"エドワード
「こんな所まで訪ねてくるなんて、訳
　ありか？」{W}",,
46-00-2186-03,46,0,79A48C,2186,3,クラース,"{N4}
「はい」{W}",,
46-00-2186-04,46,0,79A48C,2186,4,クラース,"{N4}
「できれば話は部屋で・・・」{W}",,
46-00-2258-00,46,0,79A48C,2258,0,エドワード,"エドワード
「ほぉ！」{W}",,
46-00-2258-01,46,0,79A48C,2258,1,エドワード,"エドワード
「レアード王子を助けたのは、君たち
　だったのか」{W}",,
46-00-2258-02,46,0,79A48C,2258,2,クラース,"{N4}
「ええ」{W}",,
46-00-2258-03,46,0,79A48C,2258,3,クラース,"{N4}
「その後、捕まりましたがね」{W}",,
46-00-2258-04,46,0,79A48C,2258,4,エドワード,"エドワード
「はっはっは！」{W}",,
46-00-2258-05,46,0,79A48C,2258,5,エドワード,"エドワード
「オチまでついてるのか」{W}",,
46-00-2258-06,46,0,79A48C,2258,6,エドワード,"エドワード
「まあ、話はだいたいわかった」{W}",,
46-00-2258-07,46,0,79A48C,2258,7,クラース,"{N4}
「で、なにか良い方法は？」{W}",,
46-00-2258-08,46,0,79A48C,2258,8,エドワード,"エドワード
「また指輪を見つけるよりも手っ取り
　早い方法があるぞ」{W}",,
46-00-2258-09,46,0,79A48C,2258,9,エドワード,"エドワード
「この壊れた指輪・・・」{W}",,
46-00-2258-10,46,0,79A48C,2258,10,エドワード,"エドワード
「見た所、相当強力な精霊と契約する
　ためのもののようだ」{W}",,
46-00-2258-11,46,0,79A48C,2258,11,エドワード,"エドワード
「だが、同じ物は二度と手に入らんだ
　ろう」{W}",,
46-00-2258-12,46,0,79A48C,2258,12,エドワード,"エドワード
「なにしろ、今は亡きドワーフ族とエ
　ルフの合作だからな」{W}",,
46-00-2258-13,46,0,79A48C,2258,13,クラース,"{N4}
「つまり？」{W}",,
46-00-2258-14,46,0,79A48C,2258,14,エドワード,"エドワード
「・・・ユミルの森に行ってみるとい
　い」{W}",,
46-00-2258-15,46,0,79A48C,2258,15,エドワード,"エドワード
「修復する方法がきっとあるはずだ」{W}",,
46-00-2258-16,46,0,79A48C,2258,16,クラース,"{N4}
「エルフたちの！？」{W}",,
46-00-2258-17,46,0,79A48C,2258,17,クラース,"{N4}
「とても入れませんよ！」{W}",,
46-00-2258-18,46,0,79A48C,2258,18,エドワード,"エドワード
「ルーングロムに頼めばいい」{W}",,
46-00-2258-19,46,0,79A48C,2258,19,エドワード,"エドワード
「アルヴァニスタの紹介状があれば、
　大丈夫だ」{W}",,
46-00-2258-20,46,0,79A48C,2258,20,クラース,"{N4}
「はぁ・・・」{W}",,
46-00-2258-21,46,0,79A48C,2258,21,エドワード,"エドワード
「それじゃあ、バジリスクのうろこは
　ありがたくもらっていくよ」{W}",,
46-00-2258-22,46,0,79A48C,2258,22,エドワード,"エドワード
「私は戦争が起こるまでに仲間を集め
　てミッドガルズに向かうつもりだ」{W}",,
46-00-2258-23,46,0,79A48C,2258,23,エドワード,"エドワード
「できれば・・・」{W}",,
46-00-2258-24,46,0,79A48C,2258,24,クラース,"{N4}
「えッ？」{W}",,
46-00-2258-25,46,0,79A48C,2258,25,エドワード,"エドワード
「できれば君たちのような頼りになる
　者にも来て欲しいんだが」{W}",,
46-00-2258-26,46,0,79A48C,2258,26,エドワード,"エドワード
「・・・無理強いできることではない
　しな」{W}",,
46-00-2258-27,46,0,79A48C,2258,27,エドワード,"エドワード
「それじゃ、またどこかでお会いしよ
　う」{W}",,
46-00-2776-00,46,0,79A48C,2776,0,クレス,"{N1}
「モリスンさん！」{W}",,
46-00-2792-00,46,0,79A48C,2792,0,モリスン,"モリスン
「まだなにか？」{W}",,
46-00-2792-01,46,0,79A48C,2792,1,クレス,"{N1}
「・・・これを見て下さい」{W}",,
46-00-2792-02,46,0,79A48C,2792,2,クレス,"{N1}
「きっと役に立ちますから」{W}",,
46-00-27F4-00,46,0,79A48C,27F4,0,モリスン,"モリスン
「ずいぶん古びた本だね」{W}",,
46-00-27F4-01,46,0,79A48C,27F4,1,モリスン,"モリスン
「{SPD:10}・・・・・・{SPD:FF}んッ？」{W}",,
46-00-27F4-02,46,0,79A48C,27F4,2,モリスン,"モリスン
「私の字・・・？」{W}",,
46-00-27F4-03,46,0,79A48C,27F4,3,モリスン,"モリスン
「えッ、私のサイン？」{W}",,
46-00-27F4-04,46,0,79A48C,27F4,4,クレス,"{N1}
「トリニクス・Ｄ・モリスン」{W}",,
46-00-27F4-05,46,0,79A48C,27F4,5,クレス,"{N1}
「この本をぼくに託してくれた人の名
　です」{W}",,
46-00-27F4-06,46,0,79A48C,27F4,6,モリスン,"モリスン
「モリスンだって？」{W}",,
46-00-27F4-07,46,0,79A48C,27F4,7,クレス,"{N1}
「あなたの子孫です」{W}",,
46-00-27F4-08,46,0,79A48C,27F4,8,クレス,"{N1}
「ぼくは未来の世界から来たんです」{W}",,
46-00-27F4-09,46,0,79A48C,27F4,9,モリスン,"モリスン
「・・・時間転移？」{W}",,
46-00-27F4-10,46,0,79A48C,27F4,10,モリスン,"モリスン
「ふッ{SPD:10}・・・{SPD:FF}ははッ」{W}",,
46-00-27F4-11,46,0,79A48C,27F4,11,モリスン,"モリスン
「冗談はよしてくれ」{W}",,
46-00-27F4-12,46,0,79A48C,27F4,12,モリスン,"モリスン
「この私さえまだ研究中なのに」{W}",,
46-00-27F4-13,46,0,79A48C,27F4,13,クレス,"{N1}
「だからきっとその研究が実って未来
　のモリスンさんが・・・」{W}",,
46-00-27F4-14,46,0,79A48C,27F4,14,モリスン,"モリスン
「仮に君の言ったとおりだとしても・
　・・、聞きたくはないな」{W}",,
46-00-27F4-15,46,0,79A48C,27F4,15,クレス,"{N1}
「えッ？」{W}",,
46-00-2A76-00,46,0,79A48C,2A76,0,ミント,"{N2}
「{N3}さんには・・・」{W}",,
46-00-2A76-01,46,0,79A48C,2A76,1,ミント,"{N2}
「・・・まだ、話していませんでした
　けど・・・」{W}",,
46-00-2A76-02,46,0,79A48C,2A76,2,ミント,"{N2}
「私と{N1}さんは・・・」{W}",,
46-00-2A76-03,46,0,79A48C,2A76,3,ミント,"{N2}
「１００年後の未来から時間転移して
　きたんです」{W}",,
46-00-2A76-04,46,0,79A48C,2A76,4,アーチェ,"{N3}
「ほえ・・・？」{W}",,
46-00-2A76-05,46,0,79A48C,2A76,5,アーチェ,"{N3}
「ってゆ～事は、つまり・・・」{W}",,
46-00-2B68-00,46,0,79A48C,2B68,0,アーチェ,"{N3}
「あたし、１００才もおばあちゃんな
　わけ？」{W}",,
46-00-2BA0-00,46,0,79A48C,2BA0,0,ミント,"{N2}
「エドワードさんの子孫にあたる人の
　力で{SPD:10}・・・{SPD:FF}」{W}",,
46-00-2BE4-00,46,0,79A48C,2BE4,0,モリスン,"モリスン
「君は、戦争の結果を知ってるんだろ
　う？」{W}",,
46-00-2BE4-01,46,0,79A48C,2BE4,1,モリスン,"モリスン
「この後に起こる事や、行く末も・・
　・」{W}",,
46-00-2BE4-02,46,0,79A48C,2BE4,2,モリスン,"モリスン
「でも、私はすべてを知ってあきらめ
　るような事はしたくない」{W}",,
46-00-2BE4-03,46,0,79A48C,2BE4,3,モリスン,"モリスン
「君だって、私の子孫とやらや親友を
　助ける為にここにいるんだろう？」{W}",,
46-00-2BE4-04,46,0,79A48C,2BE4,4,モリスン,"モリスン
「歴史を変えるために！」{W}",,
46-00-2BE4-05,46,0,79A48C,2BE4,5,モリスン,"モリスン
「私だって同じ気持ちだ」{W}",,
46-00-2BE4-06,46,0,79A48C,2BE4,6,モリスン,"モリスン
「たとえ無駄であっても！」{W}",,
46-00-2D5E-00,46,0,79A48C,2D5E,0,クレス,"{N1}
「ぼくは・・・、そこまでは言って・
　・・」{W}",,
46-00-2D5E-01,46,0,79A48C,2D5E,1,モリスン,"モリスン
「いや・・・、君も同じ気持ちのはず
　だ」{W}",,
46-00-2D5E-02,46,0,79A48C,2D5E,2,モリスン,"モリスン
「今、君がここにいることが{SPD:20}、{SPD:FF}なによ
　りの証拠だ」{W}",,
46-00-2E10-00,46,0,79A48C,2E10,0,クレス,"{N1}
「モリスンさん！」{W}",,
46-00-2E10-01,46,0,79A48C,2E10,1,クレス,"{N1}
「{SPD:10}・・・{SPD:FF}ミッドガルズで待ってて下さ
　い」{W}",,
46-00-2E10-02,46,0,79A48C,2E10,2,クレス,"{N1}
「きっとまた会いましょう！」{W}",,
46-00-2E10-03,46,0,79A48C,2E10,3,クレス,"{N1}
「ぼくたちも力になります！」{W}",,
46-00-2EAE-00,46,0,79A48C,2EAE,0,モリスン,"モリスン
「・・・未来に帰るアテは、あるのか
　い？」{W}",,
46-00-2EAE-01,46,0,79A48C,2EAE,1,クレス,"{N1}
「それも解決しないといけない事なん
　です・・・」{W}",,
46-00-2EAE-02,46,0,79A48C,2EAE,2,モリスン,"モリスン
「よし、今度会う時までに私がなんと
　かしておこう」{W}",,
46-00-2EAE-03,46,0,79A48C,2EAE,3,モリスン,"モリスン
「子孫にできて私にできないわけない
　からね」{W}",,
46-00-2F9C-00,46,0,79A48C,2F9C,0,モリスン,"モリスン
「ふふ」{W}",,
46-00-2F9C-01,46,0,79A48C,2F9C,1,モリスン,"モリスン
「本当は転移の研究はあきらめかけて
　いたんだ」{W}",,
46-00-2F9C-02,46,0,79A48C,2F9C,2,クレス,"{N1}
「がんばって下さい！」{W}",,
46-00-2F9C-03,46,0,79A48C,2F9C,3,モリスン,"モリスン
「お互いにね」{W}",,
46-00-3026-00,46,0,79A48C,3026,0,クラース,"{N4}
「それじゃあ、急いでアルヴァニスタ
　に戻るか」{W}",,
46-00-3026-01,46,0,79A48C,3026,1,クラース,"{N4}
「ルーングロムさんにエルフの集落へ
　入るための許可証を頼まなくては」{W}",,
46-00-30AE-00,46,0,79A48C,30AE,0,クレス,"{N1}
「暑いところだな～」{W}",,
46-00-30AE-01,46,0,79A48C,30AE,1,クラース,"{N4}
「こんな砂漠だ」{W}",,
46-00-30AE-02,46,0,79A48C,30AE,2,クラース,"{N4}
「この村にエドワードさんがよらない
　わけがない」{W}",,
46-00-30AE-03,46,0,79A48C,30AE,3,ミント,"{N2}
「あっ、あの人に聞いてみましょう」{W}",,
46-00-3148-00,46,0,79A48C,3148,0,クレス,"{N1}
「すいません」{W}",,
46-00-3160-00,46,0,79A48C,3160,0,村の人,"村の人
「なにか？」{W}",,
46-00-3160-01,46,0,79A48C,3160,1,クレス,"{N1}
「この村にエドワードという人が来ま
　せんでしたか？」{W}",,
46-00-3160-02,46,0,79A48C,3160,2,村の人,"村の人
「エドワード？」{W}",,
46-00-3160-03,46,0,79A48C,3160,3,村の人,"村の人
「ああ・・・、この前までそんな旅人
　がいたっけ」{W}",,
46-00-3160-04,46,0,79A48C,3160,4,クレス,"{N1}
「それで、その人は今どこに？」{W}",,
46-00-3160-05,46,0,79A48C,3160,5,村の人,"村の人
「なにか急ぎの用事があるとかで、村
　から出ていったけど・・・」{W}",,
46-00-3160-06,46,0,79A48C,3160,6,村の人,"村の人
「たぶん今頃、村の南東にあるオアシ
　スに行ってないかな」{W}",,
46-00-3160-07,46,0,79A48C,3160,7,クレス,"{N1}
「ありがとう」{W}",,
46-00-3160-08,46,0,79A48C,3160,8,クラース,"{N4}
「よし、今から行けば間に合うかもし
　れない」{W}",,
46-00-3160-09,46,0,79A48C,3160,9,クラース,"{N4}
「急ごう！」{W}",,
46-00-3320-00,46,0,79A48C,3320,0,,オリーブヴィレッジ,,
46-00-3334-00,46,0,79A48C,3334,0,クレス,"{N1}
「エドワードさん、ここに戻ったはず
　なんだけど・・・」{W}",,
46-00-3334-01,46,0,79A48C,3334,1,ミント,"{N2}
「またあの人に聞いてみましょうよ」{W}",,
46-00-33A0-00,46,0,79A48C,33A0,0,クレス,"{N1}
「すいません」{W}",,
46-00-33B8-00,46,0,79A48C,33B8,0,村の人,"村の人
「なにか？」{W}",,
46-00-33B8-01,46,0,79A48C,33B8,1,クレス,"{N1}
「この間、あなたに話したエドワード
　という人を見ませんでしたか？」{W}",,
46-00-33B8-02,46,0,79A48C,33B8,2,村の人,"村の人
「ああ、数時間前に宿屋に入ってくの
　を見たよ」{W}",,
46-00-33B8-03,46,0,79A48C,33B8,3,クレス,"{N1}
「ありがとう」{W}",,
46-00-346C-00,46,0,79A48C,346C,0,,オリーブヴィレッジ,,
46-00-3480-00,46,0,79A48C,3480,0,クレス,"{N1}
「あ～・・・、よく寝た」{W}",,
46-00-34A2-00,46,0,79A48C,34A2,0,クレス,"{N1}
「{N2}、おはよう」{W}",,
46-00-34A2-01,46,0,79A48C,34A2,1,クレス,"{N1}
「今朝は早いね」{W}",,
46-00-34D6-00,46,0,79A48C,34D6,0,クレス,"{N1}
「{N2}？」{W}",,
46-00-34EA-00,46,0,79A48C,34EA,0,クラース,"{N4}
「やあ、おはよう・・・」{W}",,
46-00-350C-00,46,0,79A48C,350C,0,クラース,"{N4}
「んッ、どうした？」{W}",,
46-00-352A-00,46,0,79A48C,352A,0,ミント,"{N2}
「みんな、聞いて下さい」{W}",,
46-00-352A-01,46,0,79A48C,352A,1,クレス,"{N1}
「どうしたの？」{W}",,
46-00-352A-02,46,0,79A48C,352A,2,ミント,"{N2}
「ユグドラシルの樹を復活させる方法
　を考えていました」{W}",,
46-00-352A-03,46,0,79A48C,352A,3,ミント,"{N2}
「私の法術で、なんとかならないかと
　・・・」{W}",,
46-00-352A-04,46,0,79A48C,352A,4,ミント,"{N2}
「でも、今の私の力ではどうにもなり
　ません」{W}",,
46-00-352A-05,46,0,79A48C,352A,5,クラース,"{N4}
「・・・で？」{W}",,
46-00-352A-06,46,0,79A48C,352A,6,ミント,"{N2}
「白馬、ユニコーンの力を借りるので
　す」{W}",,
46-00-352A-07,46,0,79A48C,352A,7,クレス,"{N1}
「ユニコーン・・・？」{W}",,
46-00-352A-08,46,0,79A48C,352A,8,ミント,"{N2}
「ユニコーンは法術師の証、この世界
　のどこかにいるはずです」{W}",,
46-00-352A-09,46,0,79A48C,352A,9,クラース,"{N4}
「しかし{SPD:10}・・・{SPD:FF}、ユニコーンに会えた
　としても・・・」{W}",,
46-00-352A-10,46,0,79A48C,352A,10,クラース,"{N4}
「力を貸してくれるのか？」{W}",,
46-00-3724-00,46,0,79A48C,3724,0,ミント,"{N2}
「わかりません」{W}",,
46-00-3724-01,46,0,79A48C,3724,1,ミント,"{N2}
「わかりませんけど・・・」{W}",,
46-00-3724-02,46,0,79A48C,3724,2,クレス,"{N1}
「今は、それしか頼れないんだね、
　{N2}」{W}",,
46-00-3724-03,46,0,79A48C,3724,3,クレス,"{N1}
「行こうよ、・・・ユニコーンを捜し
　に！」{W}",,
46-00-3724-04,46,0,79A48C,3724,4,クレス,"{N1}
「きっと見つかるよ」{W}",,
46-00-37E2-00,46,0,79A48C,37E2,0,ミント,"{N2}
「{N1}さん・・・」{W}",,
46-00-37E2-01,46,0,79A48C,37E2,1,ミント,"{N2}
「ありがとう・・・」{W}",,
46-00-37E2-02,46,0,79A48C,37E2,2,クラース,"{N4}
「そうと決まれば早速行動だ」{W}",,
46-00-383E-00,46,0,79A48C,383E,0,クラース,"{N4}
「{N3}、起きろ！」{W}",,
46-00-383E-01,46,0,79A48C,383E,1,クラース,"{N4}
「もう朝だぞ！」{W}",,
46-00-3872-00,46,0,79A48C,3872,0,アーチェ,"{N3}
「あん・・・、もうちょっと・・・」{W}",,
46-00-3872-01,46,0,79A48C,3872,1,クラース,"{N4}
「起きろって！！」{W}",,
46-00-38B8-00,46,0,79A48C,38B8,0,アーチェ,"{N3}
「みんな早起きだね～」{W}",,
46-00-38B8-01,46,0,79A48C,38B8,1,アーチェ,"{N3}
「どうしたの？」{W}",,
46-00-38F0-00,46,0,79A48C,38F0,0,料理人,"料理人
「フルーツジュース・・・作ってるか
　・・・？」{W}",,
46-00-392C-00,46,0,79A48C,392C,0,料理人,"料理人
「私は『すばらしき味の世界』の住人
　・・・」{W}",,
46-00-392C-01,46,0,79A48C,392C,1,料理人,"料理人
「この味を、より多くの人に伝えたい
　・・・のだが暑い・・・」{W}",,
46-00-392C-02,46,0,79A48C,392C,2,料理人,"料理人
「君も、私の世界に触れてみないか・
　・・？」",,
46-00-39E4-00,46,0,79A48C,39E4,0,料理人,"料理人
「この料理を伝授しよう・・・」{W}",,
46-00-3A0E-00,46,0,79A48C,3A0E,0,,"{COL:2}フルーツジュースを料理できるように
なりました。{W}",,
46-00-3A0E-01,46,0,79A48C,3A0E,1,,{COL:0},,
46-00-3A4A-00,46,0,79A48C,3A4A,0,料理人,"料理人
「ああ・・・フルーツジュースが飲み
　たいなぁ・・・」{W}",,
46-00-3A8C-00,46,0,79A48C,3A8C,0,料理人,"料理人
「ああ・・・暑い・・・」{W}",,
46-00-3AB0-00,46,0,79A48C,3AB0,0,男の人,"男の人
「私は、さすらいの料理人」{W}",,
46-00-3AB0-01,46,0,79A48C,3AB0,1,さすらいの料理人,"さすらいの料理人
「数１０年にわたる、料理の修行の末
　・・・」{W}",,
46-00-3AB0-02,46,0,79A48C,3AB0,2,さすらいの料理人,"さすらいの料理人
「ついにスパイス料理をきわめること
　ができたのだ」{W}",,
46-00-3AB0-03,46,0,79A48C,3AB0,3,さすらいの料理人,"さすらいの料理人
「君達は本場のカリーという料理を食
　べたことがあるかな？」{W}",,
46-00-3AB0-04,46,0,79A48C,3AB0,4,クレス,"{N1}
「そりゃ、ありますよ」{W}",,
46-00-3AB0-05,46,0,79A48C,3AB0,5,クレス,"{N1}
「カレーなんて、珍しくないじゃない
　ですか」{W}",,
46-00-3AB0-06,46,0,79A48C,3AB0,6,さすらいの料理人,"さすらいの料理人
「チッチッチッ、本場のカリーと言っ
　ただろう」{W}",,
46-00-3AB0-07,46,0,79A48C,3AB0,7,さすらいの料理人,"さすらいの料理人
「本場のカリーは、そこらのカレーと
　はスパイスが断然違う！！」{W}",,
46-00-3AB0-08,46,0,79A48C,3AB0,8,さすらいの料理人,"さすらいの料理人
「一度、味わってみるかい？」",,
46-00-3CCA-00,46,0,79A48C,3CCA,0,さすらいの料理人,"さすらいの料理人
「特製スパイスたっぷりだぜ」{W}",,
46-00-3CFC-00,46,0,79A48C,3CFC,0,すず,"{N6}
「わたし、もういいです」{W}",,
46-00-3CFC-01,46,0,79A48C,3CFC,1,さすらいの料理人,"さすらいの料理人
「それは残念だな」{W}",,
46-00-3D44-00,46,0,79A48C,3D44,0,クレス,"{N1}
「うひゃあ！」{W}",,
46-00-3D44-01,46,0,79A48C,3D44,1,クレス,"{N1}
「かれぇ！」{W}",,
46-00-3D70-00,46,0,79A48C,3D70,0,,"{COL:2}カレーライスを料理できるようになり
ました。{W}",,
46-00-3D70-01,46,0,79A48C,3D70,1,,{COL:0},,
46-00-3DA8-00,46,0,79A48C,3DA8,0,さすらいの料理人,"さすらいの料理人
「それは残念だな」{W}",,
46-00-3DD0-00,46,0,79A48C,3DD0,0,すず,"{N6}
「{N1}さん」{W}",,
46-00-3DD0-01,46,0,79A48C,3DD0,1,すず,"{N6}
「これは、なんという食べ物でしょう
　か？」{W}",,
46-00-3E1A-00,46,0,79A48C,3E1A,0,クレス,"{N1}
「あっ、これはね・・・」{W}",,
46-00-3E3C-00,46,0,79A48C,3E3C,0,さすらいの料理人,"さすらいの料理人
「どうだお嬢ちゃん、ちょっと食べて
　みるかい？」{W}",,
46-00-3E3C-01,46,0,79A48C,3E3C,1,さすらいの料理人,"さすらいの料理人
「うまいぜぇ！」{W}",,
46-00-3E3C-02,46,0,79A48C,3E3C,2,すず,"{N6}
「そうですか・・・」{W}",,
46-00-3EC4-00,46,0,79A48C,3EC4,0,クレス,"{N1}
「・・・大丈夫かい？」{W}",,
46-00-3EC4-01,46,0,79A48C,3EC4,1,クレス,"{N1}
「{N6}ちゃん・・・」{W}",,
46-00-3EC4-02,46,0,79A48C,3EC4,2,すず,"{N6}
「・・・・・・」{W}",,
46-00-3EC4-03,46,0,79A48C,3EC4,3,すず,"{N6}
「・・・はい」{W}",,
46-00-3EC4-04,46,0,79A48C,3EC4,4,すず,"{N6}
「平気です{SPD:20}・・・{SPD:FF}たぶん・・・」{W}",,
46-00-3EC4-05,46,0,79A48C,3EC4,5,すず,"{N6}
「私は・・・」{W}",,
46-00-3EC4-06,46,0,79A48C,3EC4,6,すず,"{N6}
「甘いものの方が、好きです」{W}",,
46-00-3F96-00,46,0,79A48C,3F96,0,,"{COL:2}{N6}は『{TITLE:1F1}』の
称号を得ました。{W}",,
46-00-3F96-01,46,0,79A48C,3F96,1,,{COL:0},,
46-00-3FC4-00,46,0,79A48C,3FC4,0,男の子,"男の子
「頭がくらくらしてきた・・・」{W}",,
46-00-3FEE-00,46,0,79A48C,3FEE,0,男,"男
「あぁピンク色の幻が見える・・・」{W}",,
46-00-4018-00,46,0,79A48C,4018,0,シスター,"シスター
「今年は暑いですねぇ・・・」{W}",,
46-00-4042-00,46,0,79A48C,4042,0,宿屋,"宿屋
「冷房が壊れた！！」{W}",,
46-00-4042-01,46,0,79A48C,4042,1,宿屋,"宿屋
「今日泊まると地獄だぞ～」{W}",,
46-00-4082-00,46,0,79A48C,4082,0,女の子,"女の子
「きゃははははは・・・・・・
　・・・・・・・・・ふぅ」{W}",,
46-00-4082-01,46,0,79A48C,4082,1,女の子,"女の子
「笑っても暑いのは暑いのね・・・」{W}",,
46-00-40F2-00,46,0,79A48C,40F2,0,雑貨屋,"雑貨屋
「今年は飛ぶように氷マクラが売れま　すねぇ」{W}",,
46-00-412A-00,46,0,79A48C,412A,0,武具屋,"武具屋
「最近魔物が少なくなったせいか、
　品物が全然売れないよ」{W}",,
46-00-4170-00,46,0,79A48C,4170,0,主人,"主人
「いらっしゃい」{W}",,
46-00-418A-00,46,0,79A48C,418A,0,おじいさん,"おじいさん
「この子の親はどこだ～～！！」{W}",,
46-00-41B8-00,46,0,79A48C,41B8,0,少女,"少女
「暑いのなんて平気だもん！！」{W}",,
46-00-41E0-00,46,0,79A48C,41E0,0,アーチェ,"{N3}
「{SPD:10}・・・・・・・・・{SPD:FF}暑い」{W}",,
46-00-41E0-01,46,0,79A48C,41E0,1,すず,"{N6}
「我慢してください」{W}",,
46-00-41E0-02,46,0,79A48C,41E0,2,すず,"{N6}
「これも世界の平和の為ならば、良い
　修行となります」{W}",,
46-00-41E0-03,46,0,79A48C,41E0,3,アーチェ,"{N3}
「ふーん{SPD:10}・・・{SPD:FF}」{W}",,
46-00-41E0-04,46,0,79A48C,41E0,4,すず,"{N6}
「忍者はこの程度の暑さで音を上げま
　せん」{W}",,
46-00-42BA-00,46,0,79A48C,42BA,0,アーチェ,"{N3}
「ところで{N6}ちゃん？」{W}",,
46-00-42DC-00,46,0,79A48C,42DC,0,すず,"{N6}
「なんですか？」{W}",,
46-00-42DC-01,46,0,79A48C,42DC,1,アーチェ,"{N3}
「正直、暑いよね・・・？」{W}",,
46-00-42DC-02,46,0,79A48C,42DC,2,すず,"{N6}
「{SPD:10}・・・・・・・・・{SPD:FF}平気です！」{W}",,
46-00-42DC-03,46,0,79A48C,42DC,3,アーチェ,"{N3}
「忍者だから？」{W}",,
46-00-42DC-04,46,0,79A48C,42DC,4,すず,"{N6}
「{SPD:10}・・・・・・・・・{SPD:FF}はい！」{W}",,
46-00-438C-00,46,0,79A48C,438C,0,少年,"少年
「う～ん、う～ん」{W}",,
46-00-43A8-00,46,0,79A48C,43A8,0,少年,"少年
「う～ん、う～ん」{W}",,
46-00-43C4-00,46,0,79A48C,43C4,0,少年,"少年
「う～ん、う～ん」{W}",,
46-00-43E0-00,46,0,79A48C,43E0,0,少年,"少年
「すやすや」{W}",,
46-00-43F6-00,46,0,79A48C,43F6,0,少年の母,"少年の母
「息子の様子がおかしいんです！」{W}",,
46-00-43F6-01,46,0,79A48C,43F6,1,少年の母,"少年の母
「熱がなかなか下がらないの」{W}",,
46-00-444C-00,46,0,79A48C,444C,0,少年の母,"少年の母
「お薬は見つかったかしら？」{W}",,
46-00-4476-00,46,0,79A48C,4476,0,少年の母,"少年の母
「お薬は見つかったかしら？」{W}",,
46-00-44A0-00,46,0,79A48C,44A0,0,少年の母,"少年の母
「ありがとうございます」{W}",,
46-00-44C6-00,46,0,79A48C,44C6,0,少年の父,"少年の父
「海洋深層水があれば、熱射病を治す
　ことができるのですが・・・」{W}",,
46-00-44C6-01,46,0,79A48C,44C6,1,少年の父,"少年の父
「でも海洋深層水がとれるのは、浸食
　洞の奥地・・・」{W}",,
46-00-44C6-02,46,0,79A48C,44C6,2,少年の父,"少年の父
「私ではとてもたどりつけそうにない
　し・・・」{W}",,
46-00-44C6-03,46,0,79A48C,44C6,3,,取りに行きますか？,,
46-00-45A6-00,46,0,79A48C,45A6,0,少年の父,"少年の父
「ああ、どうすれば良いんだ・・・」{W}",,
46-00-45D6-00,46,0,79A48C,45D6,0,アーチェ,"{N3}
「じゃあ、あたしが取ってきてあげよ
　うか？」{W}",,
46-00-45D6-01,46,0,79A48C,45D6,1,少年の父,"少年の父
「本当ですか！？」{W}",,
46-00-45D6-02,46,0,79A48C,45D6,2,アーチェ,"{N3}
「あたしに任せておけば
　バッチリよ！」{W}",,
46-00-465C-00,46,0,79A48C,465C,0,アーチェ,"{N3}
「ねっ、{N6}ちゃん！」{W}",,
46-00-467C-00,46,0,79A48C,467C,0,すず,"{N6}
「{SPD:10}・・・・・・{SPD:FF}」{W}",,
46-00-467C-01,46,0,79A48C,467C,1,アーチェ,"{N3}
「ねっ、{N6}ちゃん！！」{W}",,
46-00-467C-02,46,0,79A48C,467C,2,すず,"{N6}
「{SPD:10}・・・・・・{SPD:FF}はい」{W}",,
46-00-467C-03,46,0,79A48C,467C,3,アーチェ,"{N3}
「よーし、そうと決まればさっそく行
　きましょ～♪」{W}",,
46-00-471E-00,46,0,79A48C,471E,0,少年の父,"少年の父
「海洋深層水は浸食洞の奥でとれると
　言われています」{W}",,
46-00-4762-00,46,0,79A48C,4762,0,少年の父,"少年の父
「これは海洋深層水！」{W}",,
46-00-4762-01,46,0,79A48C,4762,1,少年の父,"少年の父
「これで息子の熱も下がることでしょ
　う」{W}",,
46-00-47BC-00,46,0,79A48C,47BC,0,少年の父,"少年の父
「ありがとうございます」{W}",,
46-00-47E2-00,46,0,79A48C,47E2,0,男の人,"男の人
「息子が、息子が大変なんです！」{W}",,
46-00-47E2-01,46,0,79A48C,47E2,1,男の人,"男の人
「ああ、どうしたら良いんだ」{W}",,
46-00-4834-00,46,0,79A48C,4834,0,アーチェ,"{N3}
「さあ、すぐに治療しなきゃ！」{W}",,
46-00-4834-01,46,0,79A48C,4834,1,少年の父,"少年の父
「はい！」{W}",,
46-00-4872-00,46,0,79A48C,4872,0,少年の父,"少年の父
「ふう・・・、なんとか落ち着いたよ
　うだ」{W}",,
46-00-4872-01,46,0,79A48C,4872,1,少年の母,"少年の母
「よかったわ・・・」{W}",,
46-00-48CC-00,46,0,79A48C,48CC,0,少年の母,"少年の母
「この度は私たちの為にはるばる浸
　食洞まで・・・」{W}",,
46-00-48CC-01,46,0,79A48C,48CC,1,少年の母,"少年の母
「なんとお礼を申し上げればよいか」{W}",,
46-00-48CC-02,46,0,79A48C,48CC,2,少年の父,"少年の父
「本当にありがとうございました」{W}",,
46-00-48CC-03,46,0,79A48C,48CC,3,少年の父,"少年の父
「あなた方は命の恩人です」{W}",,
46-00-48CC-04,46,0,79A48C,48CC,4,アーチェ,"{N3}
「まいったな～、命の恩人だなんて」{W}",,
46-00-48CC-05,46,0,79A48C,48CC,5,アーチェ,"{N3}
「いや～、テレちゃうな～」{W}",,
46-00-48CC-06,46,0,79A48C,48CC,6,アーチェ,"{N3}
「ねぇ、{N6}ちゃん」{W}",,
46-00-49F6-00,46,0,79A48C,49F6,0,すず,"{N6}
「コホンッ」{W}",,
46-00-4A0C-00,46,0,79A48C,4A0C,0,アーチェ,"{N3}
「え～・・・」{W}",,
46-00-4A0C-01,46,0,79A48C,4A0C,1,アーチェ,"{N3}
「全然気にしなくていいって！」{W}",,
46-00-4A0C-02,46,0,79A48C,4A0C,2,アーチェ,"{N3}
「人として当然のことをしたまでなん
　だからさ」{W}",,
46-00-4A0C-03,46,0,79A48C,4A0C,3,少年の父,"少年の父
「本当に、本当にありがとうございま
　した」{W}",,
46-00-4ABA-00,46,0,79A48C,4ABA,0,アーチェ,"{N3}
「それじゃミゲールの町に戻ろっか」{W}",,
46-00-4ABA-01,46,0,79A48C,4ABA,1,すず,"{N6}
「はい！」{W}",,
46-00-4AF8-00,46,0,79A48C,4AF8,0,アーチェ,"{N3}
「じゃあ、戻ろうか！」{W}",,
46-00-4AF8-01,46,0,79A48C,4AF8,1,すず,"{N6}
「はい」{W}",,
46-00-4B28-00,46,0,79A48C,4B28,0,,浸食洞へ向かいますか？,,
46-00-4B40-00,46,0,79A48C,4B40,0,ヤスダさん,"ヤスダさん
「暑いでつね、（・ロ・）／たん」{W}",,
46-00-4B40-01,46,0,79A48C,4B40,1,,"（・ロ・）／さん
「暑いね、ヤスダさん」{W}",,
46-00-4B40-02,46,0,79A48C,4B40,2,ヤスダさん,"ヤスダさん
「ジュース飲みたいでつ。
　（・ロ・）／たん」{W}",,
46-00-4B40-03,46,0,79A48C,4B40,3,,"（・ロ・）／さん
「ジュース飲みたいね。
　ヤスダさん」{W}",,
46-00-4B40-04,46,0,79A48C,4B40,4,ヤスダさん,"ヤスダさん
「オリーブヴィレッジに逝って買って
　きてよ、（・ロ・）／たん」{W}",,
46-00-4B40-05,46,0,79A48C,4B40,5,,"（・ロ・）／さん
「オリーブヴィレッジに行って買って
　きてよ、ヤスダさん」{W}",,
46-00-4B40-06,46,0,79A48C,4B40,6,ヤスダさん,"ヤスダさん
「ＭＪＤＳＫ！」{W}",,
46-00-4B40-07,46,0,79A48C,4B40,7,,"（・ロ・）／さん
「ＭＪＤＳＹ！」{W}",,
46-00-4B40-08,46,0,79A48C,4B40,8,ヤスダさん,"ヤスダさん
「このゲーム、売れるといいでつね。
　（・ロ・）／たん」{W}",,
46-00-4B40-09,46,0,79A48C,4B40,9,,"（・ロ・）／さん
「このゲーム、きっと売れるよ。
　ヤスダさん」{W}",,
46-00-4D76-00,46,0,79A48C,4D76,0,すず,"{N6}
「そろそろ時間ですね・・・」{W}",,
46-00-4D76-01,46,0,79A48C,4D76,1,アーチェ,"{N3}
「え、もう！？」{W}",,
46-00-4D76-02,46,0,79A48C,4D76,2,アーチェ,"{N3}
「うぅ・・・、大丈夫かなぁ？」{W}",,
46-00-4DDA-00,46,0,79A48C,4DDA,0,,ミゲールの町に戻りますか？,,
46-00-4DF6-00,46,0,79A48C,4DF6,0,アーチェ,"{N3}
「一回町に戻ろうか」{W}",,
46-00-4DF6-01,46,0,79A48C,4DF6,1,すず,"{N6}
「わかりました」{W}",,
46-00-4E2C-00,46,0,79A48C,4E2C,0,,"ミゲールの町に戻る事ができますが、
戻ると今回の依頼は失敗となります。{W}",,
46-00-4E2C-01,46,0,79A48C,4E2C,1,,ミゲールの町に戻りますか？,,
46-00-4E90-00,46,0,79A48C,4E90,0,アーチェ,"{N3}
「一回町に戻ろうか」{W}",,
46-00-4E90-01,46,0,79A48C,4E90,1,すず,"{N6}
「わかりました」{W}",,
46-00-4EC6-00,46,0,79A48C,4EC6,0,,"依頼を受けた町に退却しますか？
",,
46-00-4EE8-00,46,0,79A48C,4EE8,0,アーチェ,"{N3}
「一回町に戻ろうか」{W}",,
46-00-4EE8-01,46,0,79A48C,4EE8,1,すず,"{N6}
「わかりました」{W}",,
46-00-4F1E-00,46,0,79A48C,4F1E,0,アーチェ,"{N3}
「この町にまだ困ってる人が
　いる気がする・・・」{W}",,
46-00-4F5A-00,46,0,79A48C,4F5A,0,アーチェ,"{N3}
「おっといけない！」{W}",,
46-00-4F5A-01,46,0,79A48C,4F5A,1,アーチェ,"{N3}
「まだ任務の途中だった・・・」{W}",,
46-00-4F9E-00,46,0,79A48C,4F9E,0,アーチェ,"{N3}
「まだ用事がすんでないよ・・・」{W}",,
46-00-4FC8-00,46,0,79A48C,4FC8,0,,ＭＩＳＳＩＯＮ　ＣＯＭＰＬＥＴＥ！,,
47-00-0000-00,47,0,7A2690,0000,0,,真夜中です。休みますか？,,
47-00-001A-00,47,0,7A2690,001A,0,クレス,"{N1}
「よし、行くぞ！！」{W}",,
47-00-0038-00,47,0,7A2690,0038,0,クレス,"{N1}
「先を急ぐぞ！！」{W}",,
47-00-0054-00,47,0,7A2690,0054,0,,{VAR:E0A080}日目,,
47-00-005F-00,47,0,7A2690,005F,0,,１日目,,
47-00-0067-00,47,0,7A2690,0067,0,,ヴァルハラ平原,,
47-00-0077-00,47,0,7A2690,0077,0,クラース,"{N4}
「今は作戦遂行中だ」{W}",,
47-00-0077-01,47,0,7A2690,0077,1,クラース,"{N4}
「ヴァルハラ平原から出ない方がいい
　だろう」{W}",,
47-00-00CB-00,47,0,7A2690,00CB,0,ライゼン,"ライゼン
「もたもたするな！」{W}",,
47-00-00CB-01,47,0,7A2690,00CB,1,ライゼン,"ライゼン
「速やかに作戦を遂行せよ！！」{W}",,
47-00-0117-00,47,0,7A2690,0117,0,補給部隊,"補給部隊
「ここで休みをとれますが、八時間の
　ロスタイムになります」{W}",,
47-00-0117-01,47,0,7A2690,0117,1,,{COL:3}休みますか？{COL:2},,
47-00-0175-00,47,0,7A2690,0175,0,クレス,"{N1}
「よし、行くぞ！！」{W}",,
47-00-0193-00,47,0,7A2690,0193,0,,{VAR:E0A080}日目,,
47-00-019E-00,47,0,7A2690,019E,0,補給部隊,"補給部隊
「私はアイテムの補給部隊です」{W}",,
47-00-019E-01,47,0,7A2690,019E,1,補給部隊,"補給部隊
「アイテムを補給しますか？」{W}",,
47-00-019E-02,47,0,7A2690,019E,2,,"１アップルグミ　２パナシーアボトル
３オレンジグミ　４ライフボトル",,
47-00-0234-00,47,0,7A2690,0234,0,,"アップルグミが
いっぱいになりました。{W}",,
47-00-025E-00,47,0,7A2690,025E,0,,"パナシーアボトルが
いっぱいになりました。{W}",,
47-00-028C-00,47,0,7A2690,028C,0,,"オレンジグミが
いっぱいになりました。{W}",,
47-00-02B6-00,47,0,7A2690,02B6,0,,"ライフボトルが
いっぱいになりました。{W}",,
47-00-02E0-00,47,0,7A2690,02E0,0,,"{COL:2}補給部隊
「いつでも補給できますから」{W}",,
47-00-030E-00,47,0,7A2690,030E,0,剣士,"剣士
「心頭滅却すれば寒さも忘れる」{W}",,
47-00-0336-00,47,0,7A2690,0336,0,剣士,"剣士
「君、剣士か？」{W}",,
47-00-0336-01,47,0,7A2690,0336,1,剣士,"剣士
「この奥義書を買わぬか？」{W}",,
47-00-0336-02,47,0,7A2690,0336,2,クレス,"{N1}
「えっ、奥義書！？」{W}",,
47-00-0336-03,47,0,7A2690,0336,3,剣士,"剣士
「もらい物なのだが、どこぞの流派の
　技など・・・・」{W}",,
47-00-0336-04,47,0,7A2690,0336,4,剣士,"剣士
「私は私の道を行くのみ！！」{W}",,
47-00-0336-05,47,0,7A2690,0336,5,剣士,"剣士
「どうだ？」{W}",,
47-00-0336-06,47,0,7A2690,0336,6,剣士,"剣士
「５００００ガルドでよいが」{W}",,
47-00-0336-07,47,0,7A2690,0336,7,,{COL:3}買いますか？{COL:2},,
47-00-043C-00,47,0,7A2690,043C,0,剣士,"剣士
「剣の道は厳しい」{W}",,
47-00-043C-01,47,0,7A2690,043C,1,剣士,"剣士
「商人の道もまた厳しい・・・」{W}",,
47-00-047E-00,47,0,7A2690,047E,0,剣士,"剣士
「金が足りぬぞっ！」{W}",,
47-00-049C-00,47,0,7A2690,049C,0,,"{COL:3}{N1}は
襲爪閃空破を覚えました。{COL:2}{W}",,
47-00-049C-01,47,0,7A2690,049C,1,剣士,"剣士
「恩に着るぞ」{W}",,
47-00-04DE-00,47,0,7A2690,04DE,0,ライゼン,"ライゼン
「作戦の前に、王の言葉をみなに伝え
　る」{W}",,
47-00-04DE-01,47,0,7A2690,04DE,1,ライゼン,"ライゼン
『この作戦に一番活躍したものには十
　分な褒賞を与える』{W}",,
47-00-04DE-02,47,0,7A2690,04DE,2,カークウッド部隊長,"カークウッド部隊長
「褒賞？」{W}",,
47-00-04DE-03,47,0,7A2690,04DE,3,リチャード部隊長,"リチャード部隊長
「なにが出るかは戦い方しだいってい
　うわけか」{W}",,
47-00-04DE-04,47,0,7A2690,04DE,4,ライゼン,"ライゼン
「では、作戦を遂行する！」{W}",,
47-00-04DE-05,47,0,7A2690,04DE,5,ライゼン,"ライゼン
「諸君の成果に期待する！」{W}",,
47-00-060A-00,47,0,7A2690,060A,0,,"{COL:3}あなたの任務はヴァルハラ平原を探索
し、敵の部隊を討伐することにありま
す。{W}",,
47-00-060A-01,47,0,7A2690,060A,1,,"敵との遭遇は今までと違い、接触によ
り戦闘に入ります。{W}",,
47-00-060A-02,47,0,7A2690,060A,2,,"最終目的は敵部隊のボスを倒すことで
す。{W}",,
47-00-060A-03,47,0,7A2690,060A,3,,任務は速やかに行いましょう。{W},,
47-00-060A-04,47,0,7A2690,060A,4,,{COL:2},,
47-00-06E2-00,47,0,7A2690,06E2,0,？？？,"？？？
『ふはははッ！』{W}",,
47-00-06E2-01,47,0,7A2690,06E2,1,？？？,"？？？
『よくここまで来ることができたな』{W}",,
47-00-06E2-02,47,0,7A2690,06E2,2,？？？,"？？？
『ほめてやろう』{W}",,
47-00-06E2-03,47,0,7A2690,06E2,3,？？？,"？？？
『私がダオス陸軍部隊長イシュラント
　だ』{W}",,
47-00-06E2-04,47,0,7A2690,06E2,4,イシュラント,"イシュラント
『・・・だが、貴様らの進軍もここま
　で・・・』{W}",,
47-00-06E2-05,47,0,7A2690,06E2,5,イシュラント,"イシュラント
『ここが・・・、貴様らの墓場となる
　のだッ！！！』{W}",,
47-00-07FC-00,47,0,7A2690,07FC,0,クレス,"{N1}
「よし、これでかなり敵を足止めでき
　るな」{W}",,
47-00-07FC-01,47,0,7A2690,07FC,1,クラース,"{N4}
「戻って報告だ」{W}",,
47-00-084A-00,47,0,7A2690,084A,0,クレス,"{N1}
「大丈夫か！？」{W}",,
47-00-084A-01,47,0,7A2690,084A,1,マコーレイ部隊長,"マコーレイ部隊長
「敵は手強い、気をつけろ！！」{W}",,
47-00-084A-02,47,0,7A2690,084A,2,？？？,"？？？
『ふはははッ！』{W}",,
47-00-084A-03,47,0,7A2690,084A,3,？？？,"？？？
『ザコばかりよく来るな』{W}",,
47-00-084A-04,47,0,7A2690,084A,4,？？？,"？？？
『私がダオス陸軍部隊長イシュラント
　だ』{W}",,
47-00-084A-05,47,0,7A2690,084A,5,イシュラント,"イシュラント
『貴様らも、私の攻撃のえじきにして
　くれるわッ！！』{W}",,
47-00-094C-00,47,0,7A2690,094C,0,クレス,"{N1}
「みなさん、大丈夫ですか？」{W}",,
47-00-094C-01,47,0,7A2690,094C,1,マコーレイ部隊長,"マコーレイ部隊長
「我々は大丈夫だ」{W}",,
47-00-094C-02,47,0,7A2690,094C,2,マコーレイ部隊長,"マコーレイ部隊長
「よくやってくれた・・・、礼を言う
　よ」{W}",,
47-00-094C-03,47,0,7A2690,094C,3,マコーレイ部隊長,"マコーレイ部隊長
「これで、敵の動きに影響が出るはず
　だ」{W}",,
47-00-094C-04,47,0,7A2690,094C,4,クラース,"{N4}
「ミッドガルズに戻ろう」{W}",,
47-00-094C-05,47,0,7A2690,094C,5,クラース,"{N4}
「王に報告だ」{W}",,
47-00-0A4A-00,47,0,7A2690,0A4A,0,リチャード部隊長,"リチャード部隊長
「遅いぞッ！」{W}",,
47-00-0A4A-01,47,0,7A2690,0A4A,1,リチャード部隊長,"リチャード部隊長
「敵のボスは我々が倒した」{W}",,
47-00-0A4A-02,47,0,7A2690,0A4A,2,リチャード部隊長,"リチャード部隊長
「悪いが、お前たちの出る幕はもうな
　い」{W}",,
47-00-0A4A-03,47,0,7A2690,0A4A,3,クラース,"{N4}
「う～ん・・・」{W}",,
47-00-0A4A-04,47,0,7A2690,0A4A,4,クラース,"{N4}
「遅かったようだな」{W}",,
47-00-0B0E-00,47,0,7A2690,0B0E,0,兵士,"兵士
「こらこら、ここから先はダオスの支
　配する危険な所だ」{W}",,
47-00-0B0E-01,47,0,7A2690,0B0E,1,兵士,"兵士
「入ることは許さん」{W}",,
47-00-0B6C-00,47,0,7A2690,0B6C,0,兵士,"兵士
「申し訳ない、{N1}殿」{W}",,
47-00-0B6C-01,47,0,7A2690,0B6C,1,兵士,"兵士
「ミッドガルズ城まで戻って下さい」{W}",,
47-00-0B6C-02,47,0,7A2690,0B6C,2,兵士,"兵士
「王がお待ちになっているはずです」{W}",,
48-00-0000-00,48,0,7A4614,0000,0,,忍者の里,,
48-00-000A-00,48,0,7A4614,000A,0,,お頭の家,,
48-00-0014-00,48,0,7A4614,0014,0,,よろず屋『くりきんとん』,,
48-00-002E-00,48,0,7A4614,002E,0,乱蔵,"乱蔵
「{N6}をよろしく頼みます」{W}",,
48-00-002E-01,48,0,7A4614,002E,1,乱蔵,"乱蔵
「これも忍者の家に生まれた子のさだ
　め・・・」{W}",,
48-00-002E-02,48,0,7A4614,002E,2,乱蔵,"乱蔵
「厳しい掟が忍者の業を成り立たせる
　のじゃ」{W}",,
48-00-00C0-00,48,0,7A4614,00C0,0,乱蔵,"乱蔵
「{N6}よ」{W}",,
48-00-00C0-01,48,0,7A4614,00C0,1,すず,"{N6}
「はっ！」{W}",,
48-00-00E6-00,48,0,7A4614,00E6,0,乱蔵,"乱蔵
「・・・ふむ！」{W}",,
48-00-00E6-01,48,0,7A4614,00E6,1,乱蔵,"乱蔵
「修行は欠かしてないようじゃな」{W}",,
48-00-00E6-02,48,0,7A4614,00E6,2,すず,"{N6}
「はっ！」{W}",,
48-00-00E6-03,48,0,7A4614,00E6,3,乱蔵,"乱蔵
「よし」{W}",,
48-00-00E6-04,48,0,7A4614,00E6,4,乱蔵,"乱蔵
「{N6}よ・・・・・・
　試練を受けてみるか？」{W}",,
48-00-00E6-05,48,0,7A4614,00E6,5,乱蔵,"乱蔵
「いずれは受けなければならぬ儀式」{W}",,
48-00-00E6-06,48,0,7A4614,00E6,6,乱蔵,"乱蔵
「今のおぬしならば、必ずや乗り越え
　られるじゃろう」{W}",,
48-00-00E6-07,48,0,7A4614,00E6,7,乱蔵,"乱蔵
「どうじゃ？」",,
48-00-01FC-00,48,0,7A4614,01FC,0,乱蔵,"乱蔵
「{N6}よ」{W}",,
48-00-01FC-01,48,0,7A4614,01FC,1,すず,"{N6}
「はっ！」{W}",,
48-00-01FC-02,48,0,7A4614,01FC,2,乱蔵,"乱蔵
「試練に挑戦するか？」",,
48-00-023E-00,48,0,7A4614,023E,0,すず,"{N6}
「はいっ！」{W}",,
48-00-023E-01,48,0,7A4614,023E,1,乱蔵,"乱蔵
「よろしい、では無事に乗り越えて見
　せよ！」{W}",,
48-00-023E-02,48,0,7A4614,023E,2,すず,"{N6}
「はっ！」{W}",,
48-00-023E-03,48,0,7A4614,023E,3,すず,"{N6}
「では、行って参ります」{W}",,
48-00-02BC-00,48,0,7A4614,02BC,0,乱蔵,"乱蔵
「そうか」{W}",,
48-00-02BC-01,48,0,7A4614,02BC,1,乱蔵,"乱蔵
「十分な力をつけたと思った時、再び
　わしの元へと来るのじゃ」{W}",,
48-00-02BC-02,48,0,7A4614,02BC,2,すず,"{N6}
「はっ！」{W}",,
48-00-0328-00,48,0,7A4614,0328,0,乱蔵,"乱蔵
「これは{N1}殿」{W}",,
48-00-0328-01,48,0,7A4614,0328,1,乱蔵,"乱蔵
「よくぞ参られた」{W}",,
48-00-0328-02,48,0,7A4614,0328,2,乱蔵,"乱蔵
「{N6}の両親の事について」{W}",,
48-00-0328-03,48,0,7A4614,0328,3,乱蔵,"乱蔵
「なんと礼を述べてよいやら・・・」{W}",,
48-00-0328-04,48,0,7A4614,0328,4,クレス,"{N1}
「いっ、いや・・・、しかし・・・」{W}",,
48-00-0328-05,48,0,7A4614,0328,5,クレス,"{N1}
「{N6}ちゃんの・・・」{W}",,
48-00-0328-06,48,0,7A4614,0328,6,乱蔵,"乱蔵
「・・・なにも、申されるな」{W}",,
48-00-0328-07,48,0,7A4614,0328,7,乱蔵,"乱蔵
「我ら一族はあなた方を憎むどころか
　{N6}の両親を・・・」{W}",,
48-00-0328-08,48,0,7A4614,0328,8,乱蔵,"乱蔵
「・・・救ってくれた恩人として迎え
　入れるじゃろう」{W}",,
48-00-0328-09,48,0,7A4614,0328,9,クレス,"{N1}
「乱蔵さん、ありがとうございます」{W}",,
48-00-0328-10,48,0,7A4614,0328,10,乱蔵,"乱蔵
「これは我ら一族の気持ちじゃ」{W}",,
48-00-0328-11,48,0,7A4614,0328,11,乱蔵,"乱蔵
「受け取ってくだされ」{W}",,
48-00-0328-12,48,0,7A4614,0328,12,クレス,"{N1}
「えっ、これって・・・」{W}",,
48-00-0328-13,48,0,7A4614,0328,13,乱蔵,"乱蔵
「奥義書じゃ」{W}",,
48-00-0328-14,48,0,7A4614,0328,14,乱蔵,"乱蔵
「異国の旅のものがここを訪れた時、
　我らに預けていったものじゃ」{W}",,
48-00-0328-15,48,0,7A4614,0328,15,乱蔵,"乱蔵
『世界に危機が訪れた時、一人の剣士
　がここを訪れるであろう』{W}",,
48-00-0328-16,48,0,7A4614,0328,16,乱蔵,"乱蔵
『もしその剣士がたぐいまれなき能力
　の持ち主であれば・・・』{W}",,
48-00-0328-17,48,0,7A4614,0328,17,乱蔵,"乱蔵
『それを渡すがよい・・・』{W}",,
48-00-0328-18,48,0,7A4614,0328,18,乱蔵,"乱蔵
「これがその旅人の残していった言葉
　じゃ」{W}",,
48-00-0328-19,48,0,7A4614,0328,19,乱蔵,"乱蔵
「そしておぬしが現れた」{W}",,
48-00-0328-20,48,0,7A4614,0328,20,乱蔵,"乱蔵
「{N1}殿こそが・・・」{W}",,
48-00-0328-21,48,0,7A4614,0328,21,乱蔵,"乱蔵
「この奥義書を持つにふさわしいお方
　じゃ」{W}",,
48-00-06D6-00,48,0,7A4614,06D6,0,,"{COL:3}{N1}は
獅子千裂破を覚えました。{COL:2}{W}",,
48-00-06D6-01,48,0,7A4614,06D6,1,乱蔵,"乱蔵
「そして、これはお願いになるのじゃ
　が・・・」{W}",,
48-00-06D6-02,48,0,7A4614,06D6,2,乱蔵,"乱蔵
「この{N6}を・・・」{W}",,
48-00-06D6-03,48,0,7A4614,06D6,3,乱蔵,"乱蔵
「共に連れて行ってはくれまいか？」{W}",,
48-00-0780-00,48,0,7A4614,0780,0,すず,"{N6}
「私からもお願いいたします」{W}",,
48-00-0780-01,48,0,7A4614,0780,1,すず,"{N6}
「みなさんには色々とお世話になりま
　した」{W}",,
48-00-0780-02,48,0,7A4614,0780,2,すず,"{N6}
「その恩返しがしたいのです」{W}",,
48-00-0780-03,48,0,7A4614,0780,3,すず,"{N6}
「なにより、両親を探すという私の目
　的はすでになくなりました」{W}",,
48-00-0780-04,48,0,7A4614,0780,4,すず,"{N6}
「足手まといになるかもしれませんが
　・・・」{W}",,
48-00-0780-05,48,0,7A4614,0780,5,すず,"{N6}
「今、自分が出来ることをしたいので
　す！」{W}",,
48-00-0780-06,48,0,7A4614,0780,6,すず,"{N6}
「世界のためと言ったらおおげさかも
　しれませんが・・・」{W}",,
48-00-0780-07,48,0,7A4614,0780,7,クレス,"{N1}
「{N6}ちゃん・・・」{W}",,
48-00-0780-08,48,0,7A4614,0780,8,アーチェ,"{N3}
「一緒に行こうよ！」{W}",,
48-00-0780-09,48,0,7A4614,0780,9,ミント,"{N2}
「がんばりましょうね」{W}",,
48-00-0948-00,48,0,7A4614,0948,0,乱蔵,"乱蔵
「{N6}」{W}",,
48-00-0948-01,48,0,7A4614,0948,1,乱蔵,"乱蔵
「みなさんの力となるのじゃぞ」{W}",,
48-00-0948-02,48,0,7A4614,0948,2,乱蔵,"乱蔵
「{N1}殿・・・！」{W}",,
48-00-0948-03,48,0,7A4614,0948,3,クレス,"{N1}
「・・・はい！」{W}",,
48-00-0948-04,48,0,7A4614,0948,4,乱蔵,"乱蔵
「我々一族全員が・・・」{W}",,
48-00-0948-05,48,0,7A4614,0948,5,乱蔵,"乱蔵
「いや世界中の人々があなた方を応援
　してくれるじゃろう」{W}",,
48-00-0948-06,48,0,7A4614,0948,6,クレス,"{N1}
「はいッ！！」{W}",,
48-00-0A2A-00,48,0,7A4614,0A2A,0,乱蔵,"乱蔵
「ところで、{N6}よ」{W}",,
48-00-0A2A-01,48,0,7A4614,0A2A,1,乱蔵,"乱蔵
「おぬしもいずれは、この忍者の里を
　継ぐさだめ」{W}",,
48-00-0A2A-02,48,0,7A4614,0A2A,2,すず,"{N6}
「はっ！」{W}",,
48-00-0A2A-03,48,0,7A4614,0A2A,3,乱蔵,"乱蔵
「試練の洞窟の事は知っておろう」{W}",,
48-00-0A2A-04,48,0,7A4614,0A2A,4,すず,"{N6}
「はい」{W}",,
48-00-0A2A-05,48,0,7A4614,0A2A,5,乱蔵,"乱蔵
「十分な力をつけたと思った時、再び
　わしの元へと来るのじゃ」{W}",,
48-00-0A2A-06,48,0,7A4614,0A2A,6,乱蔵,"乱蔵
「よいな」{W}",,
48-00-0A2A-07,48,0,7A4614,0A2A,7,すず,"{N6}
「はっ！」{W}",,
48-00-0B36-00,48,0,7A4614,0B36,0,乱蔵,"乱蔵
「さて皆さん、旅立つ前に温泉で疲れ
　を癒していってはどうじゃ？」{W}",,
48-00-0B82-00,48,0,7A4614,0B82,0,乱蔵,"乱蔵
「よろしくお頼み申します」{W}",,
48-00-0B82-01,48,0,7A4614,0B82,1,乱蔵,"乱蔵
「{N6}の両親は・・・」{W}",,
48-00-0B82-02,48,0,7A4614,0B82,2,乱蔵,"乱蔵
「我々の調べでは、ユークリッドの周
　辺にいるらしいということじゃ」{W}",,
48-00-0C10-00,48,0,7A4614,0C10,0,すず,"{N6}
「気にしないで下さい」{W}",,
48-00-0C10-01,48,0,7A4614,0C10,1,すず,"{N6}
「忍者は非情でなければならないので
　す」{W}",,
48-00-0C10-02,48,0,7A4614,0C10,2,すず,"{N6}
「きっと父上も母上もわかってくれま
　す」{W}",,
48-00-0C94-00,48,0,7A4614,0C94,0,すず,"{N6}
「おじいちゃんに会って下さい」{W}",,
48-00-0C94-01,48,0,7A4614,0C94,1,すず,"{N6}
「両親の事でぜひお礼がしたいって」{W}",,
48-00-0CE6-00,48,0,7A4614,0CE6,0,すず,"{N6}
「父上も母上もきっとどこかで生きて
　いるはずです」{W}",,
48-00-0D24-00,48,0,7A4614,0D24,0,さる,"さる
「キー」{W}",,
48-00-0D36-00,48,0,7A4614,0D36,0,おみよ,"おみよ
「お茶摘みやってるのよ」{W}",,
48-00-0D36-01,48,0,7A4614,0D36,1,おみよ,"おみよ
「やっぱり緑茶が一番よね」{W}",,
48-00-0D7E-00,48,0,7A4614,0D7E,0,おその,"おその
「お前さんら、異国のものかい」{W}",,
48-00-0D7E-01,48,0,7A4614,0D7E,1,おその,"おその
「よくここに来れたねぇ」{W}",,
48-00-0D7E-02,48,0,7A4614,0D7E,2,おその,"おその
「ここには、珍しい道具があるでよ」{W}",,
48-00-0D7E-03,48,0,7A4614,0D7E,3,おその,"おその
「本当は物々交換なんじゃが・・・」{W}",,
48-00-0D7E-04,48,0,7A4614,0D7E,4,おその,"おその
「最近はガルド通貨でも買えるように
　なったんじゃ」{W}",,
48-00-0E60-00,48,0,7A4614,0E60,0,真蔵,"真蔵
「忍者は素早さが一番！」{W}",,
48-00-0E82-00,48,0,7A4614,0E82,0,おしん,"おしん
「御両親が亡くなって・・・」{W}",,
48-00-0E82-01,48,0,7A4614,0E82,1,おしん,"おしん
「{N6}ちゃん・・・
　落ち込んでなきゃいいけど」{W}",,
48-00-0EE4-00,48,0,7A4614,0EE4,0,おしん,"おしん
「{N6}ちゃん・・・
　かわいそう・・・」{W}",,
48-00-0EE4-01,48,0,7A4614,0EE4,1,おしん,"おしん
「早く両親が見つからないかな」{W}",,
48-00-0F40-00,48,0,7A4614,0F40,0,貫蔵,"貫蔵
「ここの特産物っていったら、お茶と
　みそとこんにゃくだな」{W}",,
48-00-0F40-01,48,0,7A4614,0F40,1,貫蔵,"貫蔵
「でも、みそはものすごい貴重品だか
　ら高いよ～」{W}",,
48-00-0FC0-00,48,0,7A4614,0FC0,0,おしず,"おしず
「本当は手裏剣とか戦闘で使いたかっ
　たんだけどねぇ」{W}",,
48-00-1002-00,48,0,7A4614,1002,0,おしず,"おしず
「あっ、{N6}ちゃん」{W}",,
48-00-1002-01,48,0,7A4614,1002,1,おしず,"おしず
「この子、まだ１１歳なのに実にしっ
　かりした子なのよ」{W}",,
48-00-1002-02,48,0,7A4614,1002,2,おしず,"おしず
「いずれは、この里の頭領になるって
　言われているわ」{W}",,
48-00-10A4-00,48,0,7A4614,10A4,0,すず,"{N6}
「私は・・・、そんな・・・」{W}",,
48-00-10CA-00,48,0,7A4614,10CA,0,,"{N6}は『{TITLE:1F0}』の
称号を得ました。{W}",,
48-00-10F0-00,48,0,7A4614,10F0,0,おかよ,"おかよ
「ちゃんぴょんの{N1}さん！
　こんにちは」{W}",,
48-00-1126-00,48,0,7A4614,1126,0,おかよ,"おかよ
「私、強い男にあこがれているの」{W}",,
48-00-1126-01,48,0,7A4614,1126,1,おかよ,"おかよ
「なんでも、他の国では強い男のこと
　を・・・」{W}",,
48-00-1126-02,48,0,7A4614,1126,2,おかよ,"おかよ
「「ちゃんぴょん」と呼ぶらしいのよ
　・・・」{W}",,
48-00-11C4-00,48,0,7A4614,11C4,0,クレス,"{N1}
「あの、ぼくがそうみたいですが」{W}",,
48-00-11C4-01,48,0,7A4614,11C4,1,おかよ,"おかよ
「え～！」{W}",,
48-00-11C4-02,48,0,7A4614,11C4,2,おかよ,"おかよ
「本当？」{W}",,
48-00-1216-00,48,0,7A4614,1216,0,おかよ,"おかよ
「あなた、本当に「ちゃんぴょん」み
　たいね！」{W}",,
48-00-1216-01,48,0,7A4614,1216,1,おかよ,"おかよ
「私、感激よ！」{W}",,
48-00-1216-02,48,0,7A4614,1216,2,おかよ,"おかよ
「これをあげるわ」{W}",,
48-00-1288-00,48,0,7A4614,1288,0,,{ITEM:185}を手に入れました。{W},,
48-00-12A2-00,48,0,7A4614,12A2,0,おかよ,"おかよ
「あなた、「ちゃんぴょん」なの？」{W}",,
48-00-12A2-01,48,0,7A4614,12A2,1,おかよ,"おかよ
「うーん、本当かしら？」{W}",,
48-00-12F2-00,48,0,7A4614,12F2,0,おかよ,"おかよ
「ああ、ちゃんぴょんに会いたいわ・
　・・」{W}",,
48-00-132A-00,48,0,7A4614,132A,0,おさよ,"おさよ
「この村に伝わる童話を聞かせてやろ
　う」{W}",,
48-00-132A-01,48,0,7A4614,132A,1,おさよ,"おさよ
「昔々この村におじいさんとおばあさ
　んが住んでいました」{W}",,
48-00-132A-02,48,0,7A4614,132A,2,おさよ,"おさよ
「おじいさんは、川へ洗濯に・・・」{W}",,
48-00-132A-03,48,0,7A4614,132A,3,おさよ,"おさよ
「おばあさんは、山へ芝刈りに行きま
　した」{W}",,
48-00-132A-04,48,0,7A4614,132A,4,おさよ,"おさよ
「・・・おや？」{W}",,
48-00-132A-05,48,0,7A4614,132A,5,おさよ,"おさよ
「おじいさんが山で、おばあさんが川
　じゃったかのぅ・・・？」{W}",,
48-00-132A-06,48,0,7A4614,132A,6,おさよ,"おさよ
「はぁ・・・」{W}",,
48-00-132A-07,48,0,7A4614,132A,7,おさよ,"おさよ
「年はとりたくないのぅ」{W}",,
48-00-14A2-00,48,0,7A4614,14A2,0,コロ吉,"コロ吉
「我が輩はコロ吉なり」{W}",,
48-00-14A2-01,48,0,7A4614,14A2,1,コロ吉,"コロ吉
「今、忍者の修行中なりよ」{W}",,
48-00-14E8-00,48,0,7A4614,14E8,0,仁蔵,"仁蔵
「忍者って結構マルチタイプの戦士な
　んだ」{W}",,
48-00-14E8-01,48,0,7A4614,14E8,1,仁蔵,"仁蔵
「巨大なガマガエルを召喚する召喚魔
　法は使えるし・・・」{W}",,
48-00-14E8-02,48,0,7A4614,14E8,2,仁蔵,"仁蔵
「火とんの術や水とんの術なんかの攻
　撃魔法も使えるし・・・」{W}",,
48-00-14E8-03,48,0,7A4614,14E8,3,仁蔵,"仁蔵
「素早さはどの種族にも負けないし・
　・・」{W}",,
48-00-14E8-04,48,0,7A4614,14E8,4,仁蔵,"仁蔵
「飛び道具の扱いも得意なんだ」{W}",,
48-00-1600-00,48,0,7A4614,1600,0,おちよ,"おちよ
「女の忍者は『くのいち』って呼ばれ
　ているのよ」{W}",,
48-00-1600-01,48,0,7A4614,1600,1,おちよ,"おちよ
「なぜって？」{W}",,
48-00-1600-02,48,0,7A4614,1600,2,おちよ,"おちよ
「『女』っていう漢字を分けると
　『くノ一』になるからなの」{W}",,
48-00-169C-00,48,0,7A4614,169C,0,彗蔵,"彗蔵
「・・・忍者の修行は厳しいでござる
　よ」{W}",,
48-00-16D0-00,48,0,7A4614,16D0,0,おとみ,"おとみ
「飯を炊くのも修行のうちってね」{W}",,
48-00-16D0-01,48,0,7A4614,16D0,1,おとみ,"おとみ
「女の修行は厳しいわ」{W}",,
48-00-171C-00,48,0,7A4614,171C,0,およね,"およね
「いらっしゃい」{W}",,
48-00-171C-01,48,0,7A4614,171C,1,およね,"およね
「なにかお入り用で？」{W}",,
48-00-1758-00,48,0,7A4614,1758,0,およね,"およね
「毎度おおきに」{W}",,
48-00-1774-00,48,0,7A4614,1774,0,輩蔵,"輩蔵
「・・・我が一族の者が操られてダオ
　スの手先になっている」{W}",,
48-00-1774-01,48,0,7A4614,1774,1,輩蔵,"輩蔵
「なんとも、くやしい話だ・・・」{W}",,
48-00-1774-02,48,0,7A4614,1774,2,輩蔵,"輩蔵
「しかし、本当にダオスの仕業なのだ
　ろうか？」{W}",,
48-00-1774-03,48,0,7A4614,1774,3,輩蔵,"輩蔵
「実は仲間から・・・」{W}",,
48-00-1774-04,48,0,7A4614,1774,4,輩蔵,"輩蔵
「巨大な目玉の化け物を見かけたとい
　う話を聞いたのだが・・・」{W}",,
48-00-1880-00,48,0,7A4614,1880,0,おきょう,"おきょう
「はようダオスを倒さへんと、とんで
　もないことになるで～」{W}",,
48-00-1880-01,48,0,7A4614,1880,1,おきょう,"おきょう
「・・・ほんまに」{W}",,
48-00-1880-02,48,0,7A4614,1880,2,おきょう,"おきょう
「あんさんらも、ごっつ大変やな～」{W}",,
48-00-1880-03,48,0,7A4614,1880,3,おきょう,"おきょう
「応援してるで～」{W}",,
48-00-1934-00,48,0,7A4614,1934,0,おふゆ,"おふゆ
「みそは作るのに手間と時間がかかる
　ので、いくつも持てないのさ」{W}",,
48-00-1934-01,48,0,7A4614,1934,1,おふゆ,"おふゆ
「持ってるみそを使ったら、またおい
　で」{W}",,
48-00-19B6-00,48,0,7A4614,19B6,0,おふゆ,"おふゆ
「みそおでんに必要な「みそ」はこの
　里でしか手に入らないよ」{W}",,
48-00-19B6-01,48,0,7A4614,19B6,1,おふゆ,"おふゆ
「みそは、作るのに手間と時間がかか
　るので、少し高いのさ」{W}",,
48-00-19B6-02,48,0,7A4614,19B6,2,おふゆ,"おふゆ
「そうさねぇ、ガルド通貨だと・・・
　８００００ガルドになるかねぇ」{W}",,
48-00-19B6-03,48,0,7A4614,19B6,3,,{COL:2}みそを買いますか？{COL:0},,
48-00-1AAE-00,48,0,7A4614,1AAE,0,おふゆ,"おふゆ
「みそは高級品だからねぇ・・・」{W}",,
48-00-1ADA-00,48,0,7A4614,1ADA,0,おふゆ,"おふゆ
「お金が足りないよ・・・」{W}",,
48-00-1B00-00,48,0,7A4614,1B00,0,,{COL:2}みそを手に入れました。{COL:0}{W},,
48-00-1B00-01,48,0,7A4614,1B00,1,おふゆ,"おふゆ
「おいしいおでんを作るんだよ」{W}",,
48-00-1B4A-00,48,0,7A4614,1B4A,0,おふゆ,"おふゆ
「わたしゃおでんを作るのが得意なん
　だよ」{W}",,
48-00-1B4A-01,48,0,7A4614,1B4A,1,おふゆ,"おふゆ
「そうだ、あんたたちにも作り方を教
　えてあげようね」{W}",,
48-00-1BC2-00,48,0,7A4614,1BC2,0,,"{COL:2}みそおでんを料理できるようになりま
した。{W}",,
48-00-1BC2-01,48,0,7A4614,1BC2,1,,"なお、みそおでんには料理熟練度によ
る付加ボーナスがありません。{W}",,
48-00-1BC2-02,48,0,7A4614,1BC2,2,,"どのキャラクターも、一度作るだけで
☆五つになります。{W}",,
48-00-1BC2-03,48,0,7A4614,1BC2,3,,{COL:0},,
48-00-1C72-00,48,0,7A4614,1C72,0,絵師,"絵師
「私は絵師です」{W}",,
48-00-1C72-01,48,0,7A4614,1C72,1,絵師,"絵師
「しかし・・・、『これだ！！』
　という絵が描けません」{W}",,
48-00-1C72-02,48,0,7A4614,1C72,2,絵師,"絵師
「どうしたらよいのでしょう？」{W}",,
48-00-1C72-03,48,0,7A4614,1C72,3,絵師,"絵師
「生活費も稼がなければならないのに
　・・・」{W}",,
48-00-1D28-00,48,0,7A4614,1D28,0,絵師,"絵師
「そうだッ！」{W}",,
48-00-1D28-01,48,0,7A4614,1D28,1,絵師,"絵師
「私の絵を買いませんか？」{W}",,
48-00-1D28-02,48,0,7A4614,1D28,2,絵師,"絵師
「３００００ガルドでいいです」{W}",,
48-00-1D28-03,48,0,7A4614,1D28,3,,{COL:3}買いますか？{COL:2},,
48-00-1D9C-00,48,0,7A4614,1D9C,0,絵師,"絵師
「そうですか・・・」{W}",,
48-00-1DBA-00,48,0,7A4614,1DBA,0,絵師,"絵師
「お金が足りないよ」{W}",,
48-00-1DBA-01,48,0,7A4614,1DBA,1,絵師,"絵師
「これ以上はまけられません」{W}",,
48-00-1DFC-00,48,0,7A4614,1DFC,0,,{COL:3}浮世絵を手に入れました。{COL:2}{W},,
48-00-1DFC-01,48,0,7A4614,1DFC,1,絵師,"絵師
「ありがとう、助かります」{W}",,
48-00-1E42-00,48,0,7A4614,1E42,0,すず,"{N6}
「お帰りですか？」{W}",,
48-00-1E42-01,48,0,7A4614,1E42,1,すず,"{N6}
「お送りします」{W}",,
48-00-1E42-02,48,0,7A4614,1E42,2,すず,"{N6}
「どこまで行きますか？」{W}",,
48-00-1E42-03,48,0,7A4614,1E42,3,,"１．トレントの森（里の入口）
２．エルフの集落
３．ユミルの森の入口",,
48-00-1EDA-00,48,0,7A4614,1EDA,0,すず,"{N6}
「ゆっくりしていって下さいね」{W}",,
48-00-1F02-00,48,0,7A4614,1F02,0,アーチェ,"{N3}
「じゃあ、あたしは先に行ってるよ」{W}",,
48-00-1F02-01,48,0,7A4614,1F02,1,アーチェ,"{N3}
「ユミルの森の入口で待ってるから」{W}",,
48-00-1F02-02,48,0,7A4614,1F02,2,アーチェ,"{N3}
「じゃあね」{W}",,
48-00-1F6C-00,48,0,7A4614,1F6C,0,すず,"{N6}
「それでは、行きますよ」{W}",,
48-00-1F8E-00,48,0,7A4614,1F8E,0,,{COL:3}完全回復しました。{COL:2}{W},,
48-00-1FAC-00,48,0,7A4614,1FAC,0,すず,"{N6}
「ようこそ、忍者の里へ」{W}",,
48-00-1FAC-01,48,0,7A4614,1FAC,1,すず,"{N6}
「忍者の里の頭領である、私のおじい
　ちゃんに会って下さい」{W}",,
48-00-2012-00,48,0,7A4614,2012,0,すず,"{N6}
「おじいちゃんはこの奥です」{W}",,
48-00-2012-01,48,0,7A4614,2012,1,クレス,"{N1}
「ここが頭領の家か・・・」{W}",,
48-00-2012-02,48,0,7A4614,2012,2,クラース,"{N4}
「なんていうか、独特な雰囲気のある
　家だな・・・」{W}",,
48-00-2096-00,48,0,7A4614,2096,0,クレス,"{N1}
「なっ、なんだーッ！？」{W}",,
48-00-2096-01,48,0,7A4614,2096,1,チェスター,"{N5}
「おいおい・・・、穴の底に竹槍があ
　るぞ・・・」{W}",,
48-00-2096-02,48,0,7A4614,2096,2,すず,"{N6}
「ごっ、ごめんなさい」{W}",,
48-00-2096-03,48,0,7A4614,2096,3,すず,"{N6}
「用心のために家の中にワナがたくさ
　んあるんです」{W}",,
48-00-2096-04,48,0,7A4614,2096,4,アーチェ,"{N3}
「そういう事は早く言ってよ！」{W}",,
48-00-2172-00,48,0,7A4614,2172,0,チェスター,"{N5}
「いいかげんにしてくれよな～」{W}",,
48-00-2172-01,48,0,7A4614,2172,1,クレス,"{N1}
「たっ・・・、たぶんもう大丈夫だよ
　・・・」{W}",,
48-00-21D0-00,48,0,7A4614,21D0,0,クラース,"{N4}
「{N1}・・・」{W}",,
48-00-21D0-01,48,0,7A4614,21D0,1,クラース,"{N4}
「油断しない方が・・・ッ！！」{W}",,
48-00-220E-00,48,0,7A4614,220E,0,ミント,"{N2}
「{N1}さん！」{W}",,
48-00-220E-01,48,0,7A4614,220E,1,クラース,"{N4}
「言わんこっちゃない・・・」{W}",,
48-00-224A-00,48,0,7A4614,224A,0,ミント,"{N2}
「{N1}さん・・・」{W}",,
48-00-224A-01,48,0,7A4614,224A,1,ミント,"{N2}
「大丈夫ですか？」{W}",,
48-00-224A-02,48,0,7A4614,224A,2,クレス,"{N1}
「あっ、ああ・・・」{W}",,
48-00-229C-00,48,0,7A4614,229C,0,？？？,"？？？
「わしがこの忍者の里の長をやっとる
　藤林乱蔵じゃ」{W}",,
48-00-229C-01,48,0,7A4614,229C,1,乱蔵,"乱蔵
「すまないことをしたのぅ」{W}",,
48-00-22FE-00,48,0,7A4614,22FE,0,乱蔵,"乱蔵
「{N6}！」{W}",,
48-00-22FE-01,48,0,7A4614,22FE,1,乱蔵,"乱蔵
「お客さんが来る時は仕掛けを外して
　おけと言っておいたではないか！」{W}",,
48-00-22FE-02,48,0,7A4614,22FE,2,すず,"{N6}
「ごっ、ごめんなさい・・・」{W}",,
48-00-2384-00,48,0,7A4614,2384,0,クレス,"{N1}
「きっ、気にしないで下さい」{W}",,
48-00-2384-01,48,0,7A4614,2384,1,乱蔵,"乱蔵
「しかし、そのままじゃ風邪をひいて
　しまうのぅ」{W}",,
48-00-2384-02,48,0,7A4614,2384,2,乱蔵,"乱蔵
「温泉にでも入りなさい」{W}",,
48-00-2384-03,48,0,7A4614,2384,3,乱蔵,"乱蔵
「話はそれからじゃ」{W}",,
48-00-2420-00,48,0,7A4614,2420,0,アーチェ,"{N3}
「わ～い、温泉、温泉～」{W}",,
48-00-2442-00,48,0,7A4614,2442,0,クレス,"{N1}
「へえ～、これが温泉か」{W}",,
48-00-2442-01,48,0,7A4614,2442,1,チェスター,"{N5}
「なんか硫黄のにおいがするな」{W}",,
48-00-248A-00,48,0,7A4614,248A,0,クラース,"{N4}
「いいねぇ～」{W}",,
48-00-24A2-00,48,0,7A4614,24A2,0,アーチェ,"{N3}
「{N2}、早くー！」{W}",,
48-00-24A2-01,48,0,7A4614,24A2,1,ミント,"{N2}
「今行きます」{W}",,
48-00-24D4-00,48,0,7A4614,24D4,0,ミント,"{N2}
「気持ちいいですね」{W}",,
48-00-24D4-01,48,0,7A4614,24D4,1,アーチェ,"{N3}
「もう最高ッ！」{W}",,
48-00-250A-00,48,0,7A4614,250A,0,アーチェ,"{N3}
「あーーーーーーッ！！！！」{W}",,
48-00-2530-00,48,0,7A4614,2530,0,ミント,"{N2}
「どっ、どうしました！？」{W}",,
48-00-2530-01,48,0,7A4614,2530,1,アーチェ,"{N3}
「{N2}の胸・・・」{W}",,
48-00-2530-02,48,0,7A4614,2530,2,アーチェ,"{N3}
「大きい～！！」{W}",,
48-00-2586-00,48,0,7A4614,2586,0,ミント,"{N2}
「えッ、あッ・・・」{W}",,
48-00-2586-01,48,0,7A4614,2586,1,ミント,"{N2}
「かっ、からかわないで下さい！」{W}",,
48-00-2586-02,48,0,7A4614,2586,2,アーチェ,"{N3}
「だって～、あたしぺったんこなんだ
　もん」{W}",,
48-00-2586-03,48,0,7A4614,2586,3,アーチェ,"{N3}
「うらやましいな～・・・」{W}",,
48-00-2622-00,48,0,7A4614,2622,0,ミント,"{N2}
「もうッ！」{W}",,
48-00-2638-00,48,0,7A4614,2638,0,チェスター,"{N5}
「・・・聞いたか？」{W}",,
48-00-2638-01,48,0,7A4614,2638,1,クレス,"{N1}
「なにを・・・？」{W}",,
48-00-2638-02,48,0,7A4614,2638,2,チェスター,"{N5}
「{N3}たちの話をだよ！」{W}",,
48-00-2638-03,48,0,7A4614,2638,3,チェスター,"{N5}
「こりゃ見ない手はないな」{W}",,
48-00-26B2-00,48,0,7A4614,26B2,0,クレス,"{N1}
「おっ、おい！」{W}",,
48-00-26B2-01,48,0,7A4614,26B2,1,クレス,"{N1}
「やめとけよッ！！」{W}",,
48-00-26E8-00,48,0,7A4614,26E8,0,クラース,"{N4}
「いいねぇ、若いってのは」{W}",,
48-00-26E8-01,48,0,7A4614,26E8,1,クレス,"{N1}
「感心してる場合じゃないよ！」{W}",,
48-00-2732-00,48,0,7A4614,2732,0,アーチェ,"{N3}
「この、スケベ大魔王がっ！！」{W}",,
48-00-275A-00,48,0,7A4614,275A,0,クレス,"{N1}
「だからやめとけって・・・」{W}",,
48-00-2780-00,48,0,7A4614,2780,0,,"{N2}、{N3}、{N5}は
それぞれ新たな称号を得ました。",,
48-00-27B4-00,48,0,7A4614,27B4,0,乱蔵,"乱蔵
「どうじゃ、さっぱりしたろう？」{W}",,
48-00-27B4-01,48,0,7A4614,27B4,1,クレス,"{N1}
「ええ、ありがとうございます」{W}",,
48-00-27B4-02,48,0,7A4614,27B4,2,乱蔵,"乱蔵
「世界を救う勇者殿に対する当然のも
　てなしじゃよ」{W}",,
48-00-27B4-03,48,0,7A4614,27B4,3,乱蔵,"乱蔵
「遠慮はいらんて」{W}",,
48-00-27B4-04,48,0,7A4614,27B4,4,乱蔵,"乱蔵
「うわさは聞いておる」{W}",,
48-00-27B4-05,48,0,7A4614,27B4,5,乱蔵,"乱蔵
「物の怪の長ダオス退治の旅をしてお
　られるとか・・・」{W}",,
48-00-27B4-06,48,0,7A4614,27B4,6,クラース,"{N4}
「なぜそれを？」{W}",,
48-00-27B4-07,48,0,7A4614,27B4,7,クラース,"{N4}
「ここは外界との接触を拒んでいると
　聞いていますが・・・」{W}",,
48-00-27B4-08,48,0,7A4614,27B4,8,乱蔵,"乱蔵
「それは表向きの顔・・・」{W}",,
48-00-27B4-09,48,0,7A4614,27B4,9,乱蔵,"乱蔵
「裏ではユークリッドやアルヴァニス
　タの隠密行動役じゃ」{W}",,
48-00-27B4-10,48,0,7A4614,27B4,10,クレス,"{N1}
「隠密・・・？」{W}",,
48-00-27B4-11,48,0,7A4614,27B4,11,乱蔵,"乱蔵
「スパイみたいなものじゃ」{W}",,
48-00-27B4-12,48,0,7A4614,27B4,12,乱蔵,"乱蔵
「我々は、裏の情報探索が主な業なん
　じゃ」{W}",,
48-00-29E6-00,48,0,7A4614,29E6,0,チェスター,"{N5}
「そしてオレたちも探られてる、って
　わけか」{W}",,
48-00-29E6-01,48,0,7A4614,29E6,1,チェスター,"{N5}
「あんまりいい気分はしないな」{W}",,
48-00-29E6-02,48,0,7A4614,29E6,2,ミント,"{N2}
「えッ・・・」{W}",,
48-00-29E6-03,48,0,7A4614,29E6,3,クレス,"{N1}
「{N5}！」{W}",,
48-00-29E6-04,48,0,7A4614,29E6,4,クレス,"{N1}
「口がすぎるぞッ！」{W}",,
48-00-2A88-00,48,0,7A4614,2A88,0,クラース,"{N4}
「いや、私も同感だ」{W}",,
48-00-2A88-01,48,0,7A4614,2A88,1,クラース,"{N4}
「最近ダオスの手先になった忍者がた
　くさん出没している」{W}",,
48-00-2A88-02,48,0,7A4614,2A88,2,クラース,"{N4}
「我々の周りでも・・・」{W}",,
48-00-2A88-03,48,0,7A4614,2A88,3,クラース,"{N4}
「探られているような感じがしてなら
　なかったんだ」{W}",,
48-00-2B44-00,48,0,7A4614,2B44,0,すず,"{N6}
「ちっ、違いますッ！」{W}",,
48-00-2B44-01,48,0,7A4614,2B44,1,すず,"{N6}
「あの人たちは・・・ッ！！」{W}",,
48-00-2B44-02,48,0,7A4614,2B44,2,乱蔵,"乱蔵
「{N6}・・・」{W}",,
48-00-2B44-03,48,0,7A4614,2B44,3,乱蔵,"乱蔵
「わしが説明しよう」{W}",,
48-00-2BBA-00,48,0,7A4614,2BBA,0,すず,"{N6}
「はい・・・」{W}",,
48-00-2BD2-00,48,0,7A4614,2BD2,0,乱蔵,"乱蔵
「実はのぅ、折り入っておぬしらに頼
　みがあるのじゃ」{W}",,
48-00-2BD2-01,48,0,7A4614,2BD2,1,クレス,"{N1}
「頼み・・・？」{W}",,
48-00-2BD2-02,48,0,7A4614,2BD2,2,乱蔵,"乱蔵
「ダオスは、やつはわしらの仲間をさ
　らい・・・」{W}",,
48-00-2BD2-03,48,0,7A4614,2BD2,3,乱蔵,"乱蔵
「戦闘員として洗脳しているらしいの
　じゃ」{W}",,
48-00-2BD2-04,48,0,7A4614,2BD2,4,クラース,"{N4}
「洗脳・・・、マインドコントロール
　か」{W}",,
48-00-2BD2-05,48,0,7A4614,2BD2,5,クラース,"{N4}
「やつも・・・、手段を選ばなくなっ
　たか・・・」{W}",,
48-00-2BD2-06,48,0,7A4614,2BD2,6,乱蔵,"乱蔵
「おぬしらの周りでの不穏な動きは、
　おそらくそ奴らのことだろう」{W}",,
48-00-2BD2-07,48,0,7A4614,2BD2,7,乱蔵,"乱蔵
「{N6}の両親も・・・」{W}",,
48-00-2BD2-08,48,0,7A4614,2BD2,8,乱蔵,"乱蔵
「ニ年前に行方不明になってな」{W}",,
48-00-2BD2-09,48,0,7A4614,2BD2,9,すず,"{N6}
「{SPD:10}・・・・・・・・・・・・{SPD:FF}」{W}",,
48-00-2BD2-10,48,0,7A4614,2BD2,10,乱蔵,"乱蔵
「ダオスをこの世から抹殺するという
　使命もあるが・・・」{W}",,
48-00-2BD2-11,48,0,7A4614,2BD2,11,乱蔵,"乱蔵
「この子の両親の捜索も、手伝っては
　くれぬか？」{W}",,
48-00-2E3A-00,48,0,7A4614,2E3A,0,乱蔵,"乱蔵
「{N6}の為にも・・・」{W}",,
48-00-2E5A-00,48,0,7A4614,2E5A,0,クレス,"{N1}
「どこまでできるかわかりませんが、
　やりましょう」{W}",,
48-00-2E98-00,48,0,7A4614,2E98,0,クラース,"{N4}
「やれやれ、困ったもんだな・・・
　{N1}のお人好しにも」{W}",,
48-00-2EDA-00,48,0,7A4614,2EDA,0,アーチェ,"{N3}
「なに言ってんのよ」{W}",,
48-00-2EDA-01,48,0,7A4614,2EDA,1,アーチェ,"{N3}
「そこがいいところなんじゃない▽」{W}",,
48-00-2F22-00,48,0,7A4614,2F22,0,乱蔵,"乱蔵
「名は父が銅蔵、母がおきよ」{W}",,
48-00-2F22-01,48,0,7A4614,2F22,1,乱蔵,"乱蔵
「つい最近の情報では・・・」{W}",,
48-00-2F22-02,48,0,7A4614,2F22,2,乱蔵,"乱蔵
「ユークリッドの周辺でそれらしき人
　物を見かけた、ということじゃ」{W}",,
48-00-2F22-03,48,0,7A4614,2F22,3,乱蔵,"乱蔵
「よろしくお頼み申します」{W}",,
48-00-2F22-04,48,0,7A4614,2F22,4,乱蔵,"乱蔵
「そうじゃ」{W}",,
48-00-2F22-05,48,0,7A4614,2F22,5,乱蔵,"乱蔵
「前金と言ってはなんじゃが・・・」{W}",,
48-00-3018-00,48,0,7A4614,3018,0,乱蔵,"乱蔵
「これは、我が家に伝わる秘伝の剣
　『ムラマサ』じゃ」{W}",,
48-00-3018-01,48,0,7A4614,3018,1,クレス,"{N1}
「いいのですか？」{W}",,
48-00-3018-02,48,0,7A4614,3018,2,乱蔵,"乱蔵
「かまわぬ」{W}",,
48-00-3018-03,48,0,7A4614,3018,3,乱蔵,"乱蔵
「使わなければ宝の持ち腐れじゃよ」{W}",,
48-00-30B0-00,48,0,7A4614,30B0,0,,ムラマサを手に入れました。{W},,
48-00-30CE-00,48,0,7A4614,30CE,0,,"{N1}は『{TITLE:189}』の
称号を得ました。{W}",,
48-00-30F4-00,48,0,7A4614,30F4,0,クレス,"{N1}
「うん、やはり温泉はいいな」{W}",,
48-00-30F4-01,48,0,7A4614,30F4,1,チェスター,"{N5}
「体の疲れが、一気に取れる気がする
　な・・・」{W}",,
48-00-30F4-02,48,0,7A4614,30F4,2,クラース,"{N4}
「ああ、まさに生き返った気分だな」{W}",,
48-00-317C-00,48,0,7A4614,317C,0,チェスター,"{N5}
「・・・ん？」{W}",,
48-00-317C-01,48,0,7A4614,317C,1,チェスター,"{N5}
「なんだ、{N1}？」{W}",,
48-00-317C-02,48,0,7A4614,317C,2,クレス,"{N1}
「{N5}、お前・・・」{W}",,
48-00-317C-03,48,0,7A4614,317C,3,クレス,"{N1}
「前よりも、たくましい体つきになっ
　た気がするな」{W}",,
48-00-3206-00,48,0,7A4614,3206,0,チェスター,"{N5}
「そうか？」{W}",,
48-00-3206-01,48,0,7A4614,3206,1,チェスター,"{N5}
「ここのところ、訓練を続けていたせ
　いかな」{W}",,
48-00-3206-02,48,0,7A4614,3206,2,クレス,"{N1}
「腕や胸の辺りなんか、見違えるよう
　だぞ」{W}",,
48-00-3286-00,48,0,7A4614,3286,0,アーチェ,"{N3}
「ねぇ、{N2}！」{W}",,
48-00-3286-01,48,0,7A4614,3286,1,アーチェ,"{N3}
「今の聞いた？」{W}",,
48-00-32B8-00,48,0,7A4614,32B8,0,ミント,"{N2}
「なっ、なんですか・・・？」{W}",,
48-00-32B8-01,48,0,7A4614,32B8,1,アーチェ,"{N3}
「{N1}たちの話をよ！」{W}",,
48-00-32B8-02,48,0,7A4614,32B8,2,アーチェ,"{N3}
「これは・・・」{W}",,
48-00-32B8-03,48,0,7A4614,32B8,3,アーチェ,"{N3}
「見ない手はないでしょ▽」{W}",,
48-00-3336-00,48,0,7A4614,3336,0,ミント,"{N2}
「あ、あの・・・」{W}",,
48-00-3336-01,48,0,7A4614,3336,1,ミント,"{N2}
「こういうことは・・・」{W}",,
48-00-3336-02,48,0,7A4614,3336,2,アーチェ,"{N3}
「いいからいいから♪」{W}",,
48-00-3336-03,48,0,7A4614,3336,3,アーチェ,"{N3}
「・・・だいたい、女湯だけのぞかれ
　るなんて不公平じゃん！」{W}",,
48-00-3336-04,48,0,7A4614,3336,4,ミント,"{N2}
「そういう問題では・・・」{W}",,
48-00-3336-05,48,0,7A4614,3336,5,アーチェ,"{N3}
「さて、見～ま～す～よ～」{W}",,
48-00-341A-00,48,0,7A4614,341A,0,すず,"{N6}
「{N4}さん」{W}",,
48-00-341A-01,48,0,7A4614,341A,1,すず,"{N6}
「お酒の用意ができました」{W}",,
48-00-341A-02,48,0,7A4614,341A,2,クラース,"{N4}
「ああ、ありがとう」{W}",,
48-00-341A-03,48,0,7A4614,341A,3,クラース,"{N4}
「ここに持ってきてくれ」{W}",,
48-00-341A-04,48,0,7A4614,341A,4,クレス,"{N1}
「{N4}さん」{W}",,
48-00-341A-05,48,0,7A4614,341A,5,クレス,"{N1}
「すっかりごきげんですね」{W}",,
48-00-34C4-00,48,0,7A4614,34C4,0,クレス,"{N1}
「・・・って、ああッ！」{W}",,
48-00-34E6-00,48,0,7A4614,34E6,0,アーチェ,"{N3}
「お、おーっす〃」{W}",,
48-00-34E6-01,48,0,7A4614,34E6,1,アーチェ,"{N3}
「みんな元気ぃ～？」{W}",,
48-00-351E-00,48,0,7A4614,351E,0,,{N5}は新しい称号を得ました。{W},,
48-00-353E-00,48,0,7A4614,353E,0,くのいち,"くのいち
「最近は平和だから、あまり裏の仕事
　はないのよ」{W}",,
48-00-357E-00,48,0,7A4614,357E,0,老忍者,"老忍者
「この里の自慢の温泉が壊れてしまっ
　てのぅ」{W}",,
48-00-357E-01,48,0,7A4614,357E,1,老忍者,"老忍者
「腰痛にはあの温泉が一番なんじゃ」{W}",,
48-00-357E-02,48,0,7A4614,357E,2,老忍者,"老忍者
「早く直して欲しいもんじゃ」{W}",,
48-00-360A-00,48,0,7A4614,360A,0,男の子,"男の子
「あ、頭領だ！」{W}",,
48-00-3626-00,48,0,7A4614,3626,0,女の子,"女の子
「あ、頭領様！」{W}",,
48-00-3626-01,48,0,7A4614,3626,1,女の子,"女の子
「こんにちは！」{W}",,
48-00-365C-00,48,0,7A4614,365C,0,忍者,"忍者
「世界が平和になるという事は良い事
　です」{W}",,
48-00-365C-01,48,0,7A4614,365C,1,忍者,"忍者
「でも、人類にとって共通の敵がいな
　くなったからといって・・・」{W}",,
48-00-365C-02,48,0,7A4614,365C,2,忍者,"忍者
「果たして、いつまでもこの平和は続
　くものなのでしょうか？」{W}",,
48-00-3722-00,48,0,7A4614,3722,0,忍者,"忍者
「先代頭領様より、お頭を受け継がれ
　た{N6}様は・・・」{W}",,
48-00-3722-01,48,0,7A4614,3722,1,忍者,"忍者
「先代に負けず劣らず、皆からの評判
　がすごくいいんです」{W}",,
48-00-3722-02,48,0,7A4614,3722,2,忍者,"忍者
「面倒見が良く、しっかり者で忍者と
　しての能力も高い・・・」{W}",,
48-00-3722-03,48,0,7A4614,3722,3,忍者,"忍者
「その上、器量も良い」{W}",,
48-00-3722-04,48,0,7A4614,3722,4,忍者,"忍者
「はぁ、{N6}様・・・▽」{W}",,
48-00-382A-00,48,0,7A4614,382A,0,くのいち,"くのいち
「この人ッたら毎日こんなことばっか
　り言ってるんだから・・・」{W}",,
48-00-3878-00,48,0,7A4614,3878,0,女の子,"女の子
「あ、頭領。また旅にでるの？」{W}",,
48-00-3878-01,48,0,7A4614,3878,1,女の子,"女の子
「私も連れてって～」{W}",,
48-00-38C0-00,48,0,7A4614,38C0,0,老忍者,"老忍者
「最近は食べることだけが楽しみでの
　う」{W}",,
48-00-38F6-00,48,0,7A4614,38F6,0,忍者,"忍者
「世の中が平和になった今、修行する
　必要はあるのだろうか・・・」{W}",,
48-00-3942-00,48,0,7A4614,3942,0,男の子,"男の子
「うぁ～ん、ねぇちゃんがさんまとっ
　た～～！！」{W}",,
48-00-3980-00,48,0,7A4614,3980,0,女の子,"女の子
「あたしさんま好きなのよね」{W}",,
48-00-39A8-00,48,0,7A4614,39A8,0,忍者,"忍者
「・・・さんまを返してあげなさい」{W}",,
48-00-39D4-00,48,0,7A4614,39D4,0,くのいち,"くのいち
「あら、火がつかない・・・」{W}",,
48-00-39D4-01,48,0,7A4614,39D4,1,くのいち,"くのいち
「とうとう壊れたのかしら」{W}",,
48-00-3A24-00,48,0,7A4614,3A24,0,アーチェ,"{N3}
「{N6}ちゃ～ん、いる～？」{W}",,
48-00-3A24-01,48,0,7A4614,3A24,1,すず,"{N6}
「{N3}さん！」{W}",,
48-00-3A24-02,48,0,7A4614,3A24,2,アーチェ,"{N3}
「へへへっ、久しぶりだね！
　{N6}ちゃん！」{W}",,
48-00-3A24-03,48,0,7A4614,3A24,3,すず,"{N6}
「はい！」{W}",,
48-00-3A24-04,48,0,7A4614,3A24,4,すず,"{N6}
「今日はどうしたんですか？」{W}",,
48-00-3A24-05,48,0,7A4614,3A24,5,アーチェ,"{N3}
「ちょっとね・・・、手伝って欲しい
　ことがあるんだ」{W}",,
48-00-3A24-06,48,0,7A4614,3A24,6,アーチェ,"{N3}
「今から一緒に来てくれない？」{W}",,
48-00-3A24-07,48,0,7A4614,3A24,7,すず,"{N6}
「もちろんです！」{W}",,
48-00-3A24-08,48,0,7A4614,3A24,8,すず,"{N6}
「仲間ですから！」{W}",,
48-00-3A24-09,48,0,7A4614,3A24,9,アーチェ,"{N3}
「わー、ありがとー▽」{W}",,
48-00-3A24-10,48,0,7A4614,3A24,10,すず,"{N6}
「でも、いったい何をするんです？」{W}",,
48-00-3A24-11,48,0,7A4614,3A24,11,アーチェ,"{N3}
「いいから、いいから」{W}",,
48-00-3A24-12,48,0,7A4614,3A24,12,アーチェ,"{N3}
「それはそうと{SPD:10}・・・・・・、{SPD:FF}ねぇ
　{N6}ちゃん・・・」{W}",,
48-00-3A24-13,48,0,7A4614,3A24,13,すず,"{N6}
「はい？」{W}",,
48-00-3A24-14,48,0,7A4614,3A24,14,アーチェ,"{N3}
「{N6}ちゃんって{SPD:10}・・・・・・{SPD:FF}
　老けないわね・・・」{W}",,
48-00-3A24-15,48,0,7A4614,3A24,15,すず,"{N6}
「はい、忍者ですから」{W}",,
48-00-3A24-16,48,0,7A4614,3A24,16,アーチェ,"{N3}
「そういうもの{SPD:10}・・・、{SPD:FF}なの？」{W}",,
48-00-3A24-17,48,0,7A4614,3A24,17,すず,"{N6}
「はい、一応・・・、私、忍者ですか
　ら」{W}",,
48-00-3A24-18,48,0,7A4614,3A24,18,アーチェ,"{N3}
「なんか{SPD:10}・・・、{SPD:FF}ズルいわね」{W}",,
48-00-3A24-19,48,0,7A4614,3A24,19,すず,"{N6}
「でも{SPD:10}・・・、{SPD:FF}忍者ですから」{W}",,
48-00-3A24-20,48,0,7A4614,3A24,20,アーチェ,"{N3}
「・・・まあいいわ」{W}",,
48-00-3A24-21,48,0,7A4614,3A24,21,アーチェ,"{N3}
「さあ、行きましょう！」{W}",,
48-00-3A24-22,48,0,7A4614,3A24,22,すず,"{N6}
「はい！」{W}",,
48-00-3D86-00,48,0,7A4614,3D86,0,アーチェ,"{N3}
「いや～▽」{W}",,
48-00-3D86-01,48,0,7A4614,3D86,1,アーチェ,"{N3}
「苦労してダンジョンを抜けてきたか
　いがあったね！」{W}",,
48-00-3D86-02,48,0,7A4614,3D86,2,ミント,"{N2}
「本当ですね」{W}",,
48-00-3D86-03,48,0,7A4614,3D86,3,ミント,"{N2}
「温泉って身体だけではなく、心まで
　癒されますよね」{W}",,
48-00-3E2E-00,48,0,7A4614,3E2E,0,クラース,"{N4}
「ふ～、極楽だ・・・」{W}",,
48-00-3E2E-01,48,0,7A4614,3E2E,1,クラース,"{N4}
「旅の疲れなんて吹っ飛ぶよなあ
　{N1}！」{W}",,
48-00-3E2E-02,48,0,7A4614,3E2E,2,クレス,"{N1}
「・・・・・・」{W}",,
48-00-3E2E-03,48,0,7A4614,3E2E,3,クレス,"{N1}
「なんか違う気がする・・・」{W}",,
48-00-3EBC-00,48,0,7A4614,3EBC,0,老忍者,"老忍者
「この温泉を作った時はモーリア坑道
　の石材を使ったそうじゃ」{W}",,
48-00-3F06-00,48,0,7A4614,3F06,0,老忍者,"老忍者
「おぉ、温泉にぴったりの石じゃの」{W}",,
48-00-3F06-01,48,0,7A4614,3F06,1,老忍者,"老忍者
「これで修理できるじゃろう」{W}",,
48-00-3F06-02,48,0,7A4614,3F06,2,アーチェ,"{N3}
「いやー、よかったねー！」{W}",,
48-00-3F06-03,48,0,7A4614,3F06,3,老忍者,"老忍者
「まったくじゃ」{W}",,
48-00-3F06-04,48,0,7A4614,3F06,4,老忍者,"老忍者
「もう、暴れて温泉を壊さないで欲し
　いのぅ」{W}",,
48-00-3F06-05,48,0,7A4614,3F06,5,アーチェ,"{N3}
「・・・バレてたのね・・・」{W}",,
48-00-3FF2-00,48,0,7A4614,3FF2,0,老忍者,"老忍者
「今、温泉は修理中じゃ」{W}",,
48-00-3FF2-01,48,0,7A4614,3FF2,1,老忍者,"老忍者
「つかえんぞぃ」{W}",,
48-00-4030-00,48,0,7A4614,4030,0,老忍者,"老忍者
「おや、{N3}さん」{W}",,
48-00-4030-01,48,0,7A4614,4030,1,老忍者,"老忍者
「ちょうど良かったよ」{W}",,
48-00-4030-02,48,0,7A4614,4030,2,老忍者,"老忍者
「温泉を修理したいのじゃが、材料の
　石材が不足していての」{W}",,
48-00-4030-03,48,0,7A4614,4030,3,老忍者,"老忍者
「すまんが石材を取ってきてはくれん
　かの？」{W}",,
48-00-4030-04,48,0,7A4614,4030,4,老忍者,"老忍者
「しかし誰がこんな風に壊してしまっ
　たんじゃろうか？」{W}",,
48-00-4030-05,48,0,7A4614,4030,5,老忍者,"老忍者
「まるで魔法の力で吹き飛ばしたよう
　な壊れ方じゃ・・・」{W}",,
48-00-4172-00,48,0,7A4614,4172,0,アーチェ,"{N3}
「だ・・・、誰だろうね～、そんな事
　しちゃった犯人は！」{W}",,
48-00-4172-01,48,0,7A4614,4172,1,すず,"{N6}
「・・・・・・」{W}",,
48-00-4172-02,48,0,7A4614,4172,2,,この依頼を受けますか？,,
48-00-41E4-00,48,0,7A4614,41E4,0,老忍者,"老忍者
「そうか、しかたあるまい・・・」{W}",,
48-00-41E4-01,48,0,7A4614,41E4,1,老忍者,"老忍者
「一体誰がこんな事をしてしまったん
　だろうかねぇ」{W}",,
48-00-41E4-02,48,0,7A4614,41E4,2,アーチェ,"{N3}
「・・・・・・」{W}",,
48-00-4266-00,48,0,7A4614,4266,0,老忍者,"老忍者
「おぉ、そうか」{W}",,
48-00-4266-01,48,0,7A4614,4266,1,老忍者,"老忍者
「ありがたいのぅ」{W}",,
48-00-4266-02,48,0,7A4614,4266,2,老忍者,"老忍者
「石材はモーリア坑道にいいのがある
　じゃろう」{W}",,
48-00-42D8-00,48,0,7A4614,42D8,0,,モーリア坑道へ向かいますか？,,
48-00-42F6-00,48,0,7A4614,42F6,0,アーチェ,"{N3}
「よし、それじゃいっちょモーリア坑
　道へと向かいますか！」{W}",,
48-00-42F6-01,48,0,7A4614,42F6,1,すず,"{N6}
「はい！」{W}",,
48-00-434E-00,48,0,7A4614,434E,0,すず,"{N6}
「そろそろ時間ですね・・・」{W}",,
48-00-434E-01,48,0,7A4614,434E,1,アーチェ,"{N3}
「え、もう！？」{W}",,
48-00-434E-02,48,0,7A4614,434E,2,アーチェ,"{N3}
「うぅ・・・、大丈夫かなぁ？」{W}",,
48-00-43B2-00,48,0,7A4614,43B2,0,,ミゲールの町に戻りますか？,,
48-00-43CE-00,48,0,7A4614,43CE,0,アーチェ,"{N3}
「一回町に戻ろうか」{W}",,
48-00-43CE-01,48,0,7A4614,43CE,1,すず,"{N6}
「わかりました」{W}",,
48-00-4404-00,48,0,7A4614,4404,0,,"ミゲールの町に戻る事ができますが、
戻ると今回の依頼は失敗となります。{W}",,
48-00-4404-01,48,0,7A4614,4404,1,,ミゲールの町に戻りますか？,,
48-00-4468-00,48,0,7A4614,4468,0,アーチェ,"{N3}
「一回町に戻ろうか」{W}",,
48-00-4468-01,48,0,7A4614,4468,1,すず,"{N6}
「わかりました」{W}",,
48-00-449E-00,48,0,7A4614,449E,0,,"依頼を受けた町に退却しますか？
",,
48-00-44C0-00,48,0,7A4614,44C0,0,アーチェ,"{N3}
「一回町に戻ろうか」{W}",,
48-00-44C0-01,48,0,7A4614,44C0,1,すず,"{N6}
「わかりました」{W}",,
48-00-44F6-00,48,0,7A4614,44F6,0,アーチェ,"{N3}
「この町にまだ困ってる人が
　いる気がする・・・」{W}",,
48-00-4532-00,48,0,7A4614,4532,0,アーチェ,"{N3}
「おっといけない！」{W}",,
48-00-4532-01,48,0,7A4614,4532,1,アーチェ,"{N3}
「まだ任務の途中だった・・・」{W}",,
48-00-4576-00,48,0,7A4614,4576,0,アーチェ,"{N3}
「まだ用事がすんでないよ・・・」{W}",,
48-00-45A0-00,48,0,7A4614,45A0,0,,ＭＩＳＳＩＯＮ　ＣＯＭＰＬＥＴＥ！,,
49-00-0000-00,49,0,7ABAA8,0000,0,,"その後、彼らの行方を知る者は
誰もいなかった・・・",,
49-00-0034-00,49,0,7ABAA8,0034,0,,"「知っての通り、ダオスの居城は我が
　国の北東に位置する島にある」{W}",,
49-00-007A-00,49,0,7ABAA8,007A,0,,"「島と大陸をつなぐものはわずかに橋
　が一つ」{W}",,
49-00-007A-01,49,0,7ABAA8,007A,1,,"「ここが戦略上での重要拠点となるの
　は明白である」{W}",,
49-00-007A-02,49,0,7ABAA8,007A,2,,"「作戦の第一段階は、この地点に布陣
　することになる」{W}",,
49-00-011A-00,49,0,7ABAA8,011A,0,,"「だが、主力部隊が最短ルートでここ
　まで来るには五日はかかるだろう」{W}",,
50-00-0000-00,50,0,7AE37C,0000,0,,ドワーフの神殿地下{VAR:E54280}階,,
50-00-001B-00,50,0,7AE37C,001B,0,クレス,"{N1}
「ここに仲間を置いていくわけには
　いけないな」{W}",,
50-00-0055-00,50,0,7AE37C,0055,0,クレス,"{N1}
「ここでスイッチを押さないと
　先に進めないようだ」{W}",,
50-00-0093-00,50,0,7AE37C,0093,0,クレス,"{N1}
「スイッチみたいなものがある」{W}",,
50-00-0093-01,50,0,7AE37C,0093,1,クレス,"{N1}
「なんのスイッチだ・・・？」{W}",,
50-00-00DF-00,50,0,7AE37C,00DF,0,,見えない力で押し戻された。{W},,
50-00-00FD-00,50,0,7AE37C,00FD,0,,見えない力で押し戻された。{W},,
50-00-011B-00,50,0,7AE37C,011B,0,すず,"{N6}
「待ってくださ～い」{W}",,
50-00-0139-00,50,0,7AE37C,0139,0,,{N6}が仲間に加わりました。{W},,
50-00-0157-00,50,0,7AE37C,0157,0,アーチェ,"{N3}
「ちょっと、まさか置いて行く気
　じゃないわよね」{W}",,
50-00-0193-00,50,0,7AE37C,0193,0,,{N3}が仲間に加わりました。{W},,
50-00-01B1-00,50,0,7AE37C,01B1,0,アーチェ,"{N3}
「ちょっと、まさか置いて行く気
　じゃないわよね」{W}",,
50-00-01ED-00,50,0,7AE37C,01ED,0,,{N3}が仲間に加わりました。{W},,
50-00-020B-00,50,0,7AE37C,020B,0,すず,"{N6}
「待ってくださ～い」{W}",,
50-00-0229-00,50,0,7AE37C,0229,0,,{N6}が仲間に加わりました。{W},,
50-00-0247-00,50,0,7AE37C,0247,0,？？？,"？？？
「人の子がなんのようだ・・」{W}",,
50-00-0247-01,50,0,7AE37C,0247,1,クラース,"{N4}
「精霊とお見受けする」{W}",,
50-00-0247-02,50,0,7AE37C,0247,2,クラース,"{N4}
「率直に言おう、あなたと契約を
　結びたい」{W}",,
50-00-0247-03,50,0,7AE37C,0247,3,？？？,"？？？
「クックック」{W}",,
50-00-0247-04,50,0,7AE37C,0247,4,クラース,"{N4}
「！？」{W}",,
50-00-02E9-00,50,0,7AE37C,02E9,0,？？？,"？？？
「クックック・・・」{W}",,
50-00-02E9-01,50,0,7AE37C,02E9,1,？？？,"？？？
「なかなか楽しませてくれる」{W}",,
50-00-02E9-02,50,0,7AE37C,02E9,2,プルート,"プルート
「我が名はプルート・・・・・・
　契約が望みか？」{W}",,
50-00-02E9-03,50,0,7AE37C,02E9,3,クラース,"{N4}
「そうだ」{W}",,
50-00-02E9-04,50,0,7AE37C,02E9,4,プルート,"プルート
「では、ラピスラズリの指輪を出
　すがよい」{W}",,
50-00-03B7-00,50,0,7AE37C,03B7,0,クラース,"{N4}
「我、今、冥界の精に願い奉る」{W}",,
50-00-03B7-01,50,0,7AE37C,03B7,1,クラース,"{N4}
「指輪の盟約のもと、我に精霊を従わ
　せたまえ」{W}",,
50-00-03B7-02,50,0,7AE37C,03B7,2,クラース,"{N4}
「我が名は{N4}・・・」{W}",,
50-00-0435-00,50,0,7AE37C,0435,0,,"{COL:2}{N4}はプルートを
召喚できるようになりました。{COL:0}",,
50-00-046D-00,50,0,7AE37C,046D,0,？？？,"？？？
「ぬし等には資格が無いようだ」{W}",,
50-00-046D-01,50,0,7AE37C,046D,1,？？？,"？？？
「ここを通すわけにはいかぬ！」{W}",,
50-00-04BF-00,50,0,7AE37C,04BF,0,,見えない力で押し戻された。{W},,
50-00-04DD-00,50,0,7AE37C,04DD,0,？？？,"？？？
「ぬし等には資格が無いようだ」{W}",,
50-00-04DD-01,50,0,7AE37C,04DD,1,？？？,"？？？
「ここを通すわけにはいかぬ！」{W}",,
50-00-052F-00,50,0,7AE37C,052F,0,,見えない力で押し戻された。{W},,
50-00-054D-00,50,0,7AE37C,054D,0,クレス,"{N1}
「これは・・・、呪文書だ！」{W}",,
50-00-0573-00,50,0,7AE37C,0573,0,,"{N3}は
エクステンションを覚えました。{W}",,
50-00-059D-00,50,0,7AE37C,059D,0,クレス,"{N1}
「でも、ぼくが持っていてもしょうが
　ないな」{W}",,
50-00-059D-01,50,0,7AE37C,059D,1,クレス,"{N1}
「戻しておこう」{W}",,
50-00-05ED-00,50,0,7AE37C,05ED,0,クレス,"{N1}
「この巻物は忍術書だ」{W}",,
50-00-060D-00,50,0,7AE37C,060D,0,,"{N6}は
児雷也を覚えました。{COL:0}",,
50-00-062F-00,50,0,7AE37C,062F,0,クレス,"{N1}
「でも、ぼくが持っていてもしょうが
　ないな」{W}",,
50-00-062F-01,50,0,7AE37C,062F,1,クレス,"{N1}
「戻しておこう」{W}",,
50-00-067F-00,50,0,7AE37C,067F,0,クレス,"{N1}
「これは・・・、奥義書だ！」{W}",,
50-00-06A5-00,50,0,7AE37C,06A5,0,,"{COL:3}{N1}は
猛虎連撃破を覚えました。{COL:2}",,
50-00-06CF-00,50,0,7AE37C,06CF,0,,"『真実は見えざる道にあり』

　　　　　　　と書かれている。{W}",,
50-00-070F-00,50,0,7AE37C,070F,0,,"『我、汝の力を試さん』

　　　　　　　と書かれている。{W}",,
50-00-074B-00,50,0,7AE37C,074B,0,,"『我、汝に光を授けん』

　　　　　　　と書かれている。{W}",,
50-00-0787-00,50,0,7AE37C,0787,0,,"『光には光、闇には闇を与えん』

　　　　　　　と書かれている。{W}",,
50-00-07CB-00,50,0,7AE37C,07CB,0,,"『我、汝に道を授けん』

　　　　　　　と書かれている。{W}",,
50-00-0807-00,50,0,7AE37C,0807,0,,"『光を持たざる者に道は開けず』

　　　　　　　と書かれている。{W}",,
50-00-084B-00,50,0,7AE37C,084B,0,,"『汝、我に道をささげよ』

　　　　　　　と書かれている。{W}",,
50-00-0889-00,50,0,7AE37C,0889,0,,"『道は開かれた』

　　　　　　　と書かれている。{W}",,
50-00-08BF-00,50,0,7AE37C,08BF,0,クレス,"{N1}
「この文字は・・・」{W}",,
50-00-08DD-00,50,0,7AE37C,08DD,0,クレス,"{N1}
「{N3}でないと・・・
　読めないな・・・」{W}",,
50-00-0911-00,50,0,7AE37C,0911,0,クレス,"{N1}
「{N3}、読める？」{W}",,
50-00-092D-00,50,0,7AE37C,092D,0,アーチェ,"{N3}
「どれどれ・・・」{W}",,
50-00-092D-01,50,0,7AE37C,092D,1,アーチェ,"{N3}
『封印の地の扉を開く者、いけにえを
　ささげよ』{W}",,
50-00-092D-02,50,0,7AE37C,092D,2,アーチェ,"{N3}
『いけにえによりて開きし扉、瞬きす
　る間も与えず』{W}",,
50-00-09BD-00,50,0,7AE37C,09BD,0,アーチェ,"{N3}
「だってさ」{W}",,
50-00-09D3-00,50,0,7AE37C,09D3,0,アーチェ,"{N3}
「いけにえって、どういう事かな？」{W}",,
50-00-09D3-01,50,0,7AE37C,09D3,1,クレス,"{N1}
「わからないけど、とにかくこのまま
　じゃ先に進めないな」{W}",,
50-00-09D3-02,50,0,7AE37C,09D3,2,クレス,"{N1}
「まだ、他にも道があるのかもしれな
　い」{W}",,
50-00-09D3-03,50,0,7AE37C,09D3,3,クレス,"{N1}
「探してみよう」{W}",,
50-00-0A8B-00,50,0,7AE37C,0A8B,0,,{COL:3}レバーがあります倒しますか？{COL:2},,
50-00-0AB1-00,50,0,7AE37C,0AB1,0,クレス,"{N1}
「レバーはすでに倒れている」{W}",,
50-00-0AB1-01,50,0,7AE37C,0AB1,1,クレス,"{N1}
「もう動かないみたいだな」{W}",,
50-00-0AF9-00,50,0,7AE37C,0AF9,0,クレス,"{N1}
「レバーはすでに倒れている」{W}",,
50-00-0AF9-01,50,0,7AE37C,0AF9,1,クレス,"{N1}
「もう動かないみたいだな」{W}",,
50-00-0B41-00,50,0,7AE37C,0B41,0,クレス,"{N1}
「レバーはすでに倒れている」{W}",,
50-00-0B41-01,50,0,7AE37C,0B41,1,クレス,"{N1}
「もう動かないみたいだな」{W}",,
50-00-0B89-00,50,0,7AE37C,0B89,0,クレス,"{N1}
「レバーはすでに倒れている」{W}",,
50-00-0B89-01,50,0,7AE37C,0B89,1,クレス,"{N1}
「もう動かないみたいだな」{W}",,
50-00-0BD1-00,50,0,7AE37C,0BD1,0,クレス,"{N1}
「レバーがロックされていて、動
　かない・・・」{W}",,
50-00-0C0B-00,50,0,7AE37C,0C0B,0,クレス,"{N1}
「うわっ！！」{W}",,
50-00-0C23-00,50,0,7AE37C,0C23,0,,"{COL:3}左スイッチを押すメンバーを
選んでください。{COL:2}{W}",,
50-00-0C23-01,50,0,7AE37C,0C23,1,,"１．{N2}２．{N5}
３．{N4}４．それ以外",,
50-00-0C81-00,50,0,7AE37C,0C81,0,,"{COL:3}左スイッチを押すメンバーを
選んでください。{COL:2}{W}",,
50-00-0C81-01,50,0,7AE37C,0C81,1,,"１．{N2}２．{N5}
３．{N4}４．{N3}",,
50-00-0CDB-00,50,0,7AE37C,0CDB,0,クレス,"{N1}
「{N2}は今は
　いないんだった」{W}",,
50-00-0D05-00,50,0,7AE37C,0D05,0,クレス,"{N1}
「{N5}は今は
　いないんだった」{W}",,
50-00-0D2F-00,50,0,7AE37C,0D2F,0,クレス,"{N1}
「{N4}は今は
　いないんだった」{W}",,
50-00-0D59-00,50,0,7AE37C,0D59,0,,"１．{N3}
２．{N6}
",,
50-00-0D6F-00,50,0,7AE37C,0D6F,0,クレス,"{N1}
「{N3}は今は
　いないんだった」{W}",,
50-00-0D99-00,50,0,7AE37C,0D99,0,クレス,"{N1}
「{N6}は今は
　いないんだった」{W}",,
50-00-0DC3-00,50,0,7AE37C,0DC3,0,クレス,"{N1}
「{N3}は今は
　いないんだった」{W}",,
50-00-0DED-00,50,0,7AE37C,0DED,0,,"{COL:3}右スイッチを押すメンバーを
選んでください。{COL:2}{W}",,
50-00-0DED-01,50,0,7AE37C,0DED,1,,"１．{N2}
２．{N5}{W}",,
50-00-0DED-02,50,0,7AE37C,0DED,2,,"３．{N4}
４．それ以外",,
50-00-0E4F-00,50,0,7AE37C,0E4F,0,,"{COL:3}右スイッチを押すメンバーを
選んでください。{COL:2}{W}",,
50-00-0E4F-01,50,0,7AE37C,0E4F,1,,"１．{N2}
２．{N5}{W}",,
50-00-0E4F-02,50,0,7AE37C,0E4F,2,,"３．{N4}
４．{N3}",,
50-00-0EAD-00,50,0,7AE37C,0EAD,0,クレス,"{N1}
「{N2}は今は
　いないんだった」{W}",,
50-00-0ED7-00,50,0,7AE37C,0ED7,0,クレス,"{N1}
「{N5}は今は
　いないんだった」{W}",,
50-00-0F01-00,50,0,7AE37C,0F01,0,クレス,"{N1}
「{N4}は今は
　いないんだった」{W}",,
50-00-0F2B-00,50,0,7AE37C,0F2B,0,,"１．{N3}
２．{N6}
",,
50-00-0F41-00,50,0,7AE37C,0F41,0,クレス,"{N1}
「{N3}は今は
　いないんだった」{W}",,
50-00-0F6B-00,50,0,7AE37C,0F6B,0,クレス,"{N1}
「{N6}は今は
　いないんだった」{W}",,
50-00-0F95-00,50,0,7AE37C,0F95,0,クレス,"{N1}
「{N3}は今は
　いないんだった」{W}",,
50-00-0FBF-00,50,0,7AE37C,0FBF,0,,"{N2}をパーティーに
戻しますか？",,
50-00-0FE1-00,50,0,7AE37C,0FE1,0,,"{N5}をパーティーに
戻しますか？",,
50-00-1003-00,50,0,7AE37C,1003,0,,"{N4}をパーティーに
戻しますか？",,
50-00-1025-00,50,0,7AE37C,1025,0,,"{N3}をパーティーに
戻しますか？",,
50-00-1047-00,50,0,7AE37C,1047,0,,"{N6}をパーティーに
戻しますか？",,
51-00-0000-00,51,0,7B2600,0000,0,クレス,"{N1}
「ごめんください」{W}",,
51-00-0000-01,51,0,7B2600,0000,1,クレス,"{N1}
「あの～、どなたかいらっしゃいませ
　んか？」{W}",,
51-00-0052-00,51,0,7B2600,0052,0,ミント,"{N2}
「いない{SPD:10}・・・{SPD:FF}、みたいですね」{W}",,
51-00-0082-00,51,0,7B2600,0082,0,？？？,"？？？
「・・・はい？」{W}",,
51-00-009E-00,51,0,7B2600,009E,0,クレス,"{N1}
「あれ？」{W}",,
51-00-009E-01,51,0,7B2600,009E,1,クレス,"{N1}
「女の人の声が聞こえなかった？」{W}",,
51-00-00DA-00,51,0,7B2600,00DA,0,クレス,"{N1}
「ごめんください」{W}",,
51-00-00DA-01,51,0,7B2600,00DA,1,クレス,"{N1}
「アーシアさん・・・、いらっしゃい
　ますか？」{W}",,
51-00-00DA-02,51,0,7B2600,00DA,2,？？？,"？？？
「はい、今、扉を開けますので」{W}",,
51-00-0156-00,51,0,7B2600,0156,0,クラース,"{N4}
「あなたが、アーシアさんですか？」{W}",,
51-00-0156-01,51,0,7B2600,0156,1,アーシア,"アーシア
「はい、私に何か用でも？」{W}",,
51-00-0156-02,51,0,7B2600,0156,2,クレス,"{N1}
「じつは・・・」{W}",,
51-00-01C0-00,51,0,7B2600,01C0,0,クレス,"{N1}
「カギがかかっている」{W}",,
51-00-01E0-00,51,0,7B2600,01E0,0,アーシア,"アーシア
「{SPD:10}・・・{SPD:FF}」{W}",,
51-00-01E0-01,51,0,7B2600,01E0,1,アーシア,"アーシア
「ごめんなさい{SPD:10}・・・、{SPD:FF}一人に{SPD:10}、{SPD:FF}して
　ください{SPD:10}・・・{SPD:FF}」{W}",,
51-00-025A-00,51,0,7B2600,025A,0,アーシア,"アーシア
「彼を、連れてきて・・・」{W}",,
51-00-0282-00,51,0,7B2600,0282,0,アーシア,"アーシア
「私が力になれることがあれば、何で
　も言って下さい」{W}",,
51-00-0282-01,51,0,7B2600,0282,1,アーシア,"アーシア
「今、私がここにいるのも全てあなた
　方のおかげなんですから」{W}",,
51-00-0310-00,51,0,7B2600,0310,0,ブラムバルド,"ブラムバルド
「私はここで暮らしていきます」{W}",,
51-00-0310-01,51,0,7B2600,0310,1,ブラムバルド,"ブラムバルド
「いつの日か、彼女の心の傷が癒る時
　まで・・・」{W}",,
51-00-0382-00,51,0,7B2600,0382,0,ブラムバルド,"ブラムバルド
「ありがとう、あなた方には感謝の言
　葉しか出てこないな」{W}",,
51-00-0382-01,51,0,7B2600,0382,1,ブラムバルド,"ブラムバルド
「私はここで暮らしていきます」{W}",,
51-00-0382-02,51,0,7B2600,0382,2,ブラムバルド,"ブラムバルド
「これからも、彼女と共に」{W}",,
51-00-0426-00,51,0,7B2600,0426,0,クレス,"{N1}
「良くできた彫像だな・・・」{W}",,
51-00-044C-00,51,0,7B2600,044C,0,クラース,"{N4}
「ここが・・・、彫刻家アーシアの住
　む家か」{W}",,
51-00-0484-00,51,0,7B2600,0484,0,アーチェ,"{N3}
「ねえ{N1}！」{W}",,
51-00-0484-01,51,0,7B2600,0484,1,アーチェ,"{N3}
「これ、みてみて！！」{W}",,
51-00-0484-02,51,0,7B2600,0484,2,アーチェ,"{N3}
「この彫像、本物みたい！」{W}",,
51-00-04DC-00,51,0,7B2600,04DC,0,アーチェ,"{N3}
「なんか不気味・・・」{W}",,
51-00-04FC-00,51,0,7B2600,04FC,0,クレス,"{N1}
「誰かいるかもしれない、とりあえず
　訪ねてみよう」{W}",,
51-00-053A-00,51,0,7B2600,053A,0,アーチェ,"{N3}
「ちょっと待ってよ～」{W}",,
51-00-055A-00,51,0,7B2600,055A,0,アーシア,"アーシア
「そうですか、その弓を・・・」{W}",,
51-00-0586-00,51,0,7B2600,0586,0,アーシア,"アーシア
「・・・わかりました、私でよければ
　やってみましょう」{W}",,
51-00-0586-01,51,0,7B2600,0586,1,クレス,"{N1}
「本当ですか！」{W}",,
51-00-05E4-00,51,0,7B2600,05E4,0,アーシア,"アーシア
「ええ{SPD:10}・・・{SPD:FF}」{W}",,
51-00-05E4-01,51,0,7B2600,05E4,1,アーシア,"アーシア
「・・・ただし、条件があります」{W}",,
51-00-0634-00,51,0,7B2600,0634,0,クレス,"{N1}
「条件？」{W}",,
51-00-0634-01,51,0,7B2600,0634,1,アーシア,"アーシア
「ええ・・・」{W}",,
51-00-0634-02,51,0,7B2600,0634,2,アーシア,"アーシア
「でも安心なさって、とても簡単なお
　願い事ですから・・・」{W}",,
51-00-06AA-00,51,0,7B2600,06AA,0,クラース,"{N4}
「まずは、話を聞こうか」{W}",,
51-00-06AA-01,51,0,7B2600,06AA,1,クラース,"{N4}
「話の内容によっては、我々も次の行
　動を考え直さなければならないな」{W}",,
51-00-071A-00,51,0,7B2600,071A,0,アーシア,"アーシア
「{SPD:10}・・・{SPD:FF}ある人を、ここに連れてきて
　いただきたいのです」{W}",,
51-00-071A-01,51,0,7B2600,071A,1,クラース,"{N4}
「人探し{SPD:10}・・・{SPD:FF}か？」{W}",,
51-00-078E-00,51,0,7B2600,078E,0,アーチェ,"{N3}
「なんだ、簡単じゃん▽」{W}",,
51-00-078E-01,51,0,7B2600,078E,1,アーチェ,"{N3}
「で、連れてくる人って誰？」{W}",,
51-00-078E-02,51,0,7B2600,078E,2,アーチェ,"{N3}
「私たちの知ってる人？」{W}",,
51-00-07F4-00,51,0,7B2600,07F4,0,アーシア,"アーシア
「『ブラムバルド』というエルフの男
　性を連れてきて下さい」{W}",,
51-00-07F4-01,51,0,7B2600,07F4,1,アーシア,"アーシア
「彼はユミルの森の奥にいるはずだわ
　・・・」{W}",,
51-00-0878-00,51,0,7B2600,0878,0,ミント,"{N2}
「ブラムバルドさんって・・・、エル
　フの族長の・・・？」{W}",,
51-00-0878-01,51,0,7B2600,0878,1,クラース,"{N4}
「{SPD:10}・・・{SPD:FF}意外な人物の名が出たな」{W}",,
51-00-0878-02,51,0,7B2600,0878,2,クレス,"{N1}
「でも、ブラムバルドさんだったら、
　手を貸してくれるさ！」{W}",,
51-00-0878-03,51,0,7B2600,0878,3,クラース,"{N4}
「ま、確かに難しい条件ではない」{W}",,
51-00-0958-00,51,0,7B2600,0958,0,アーシア,"アーシア
「・・・ふふ、驚いたわ」{W}",,
51-00-0958-01,51,0,7B2600,0958,1,アーシア,"アーシア
「あなたたち、彼のことを知っている
　のね・・・」{W}",,
51-00-0958-02,51,0,7B2600,0958,2,アーシア,"アーシア
「なら・・・、話は早いわ」{W}",,
51-00-0958-03,51,0,7B2600,0958,3,アーシア,"アーシア
「お願い、彼を連れてきて」{W}",,
51-00-0A08-00,51,0,7B2600,0A08,0,クレス,"{N1}
「・・・よし！」{W}",,
51-00-0A22-00,51,0,7B2600,0A22,0,クレス,"{N1}
「とにかく、ブラムバルドさんのとこ
　ろへ行ってみよう！」{W}",,
51-00-0A66-00,51,0,7B2600,0A66,0,ミント,"{N2}
「そうしましょう！」{W}",,
51-00-0A84-00,51,0,7B2600,0A84,0,アーシア,"アーシア
「お待ち下さい」{W}",,
51-00-0AA2-00,51,0,7B2600,0AA2,0,アーシア,"アーシア
「まだ{SPD:10}・・・{SPD:FF}条件があります」{W}",,
51-00-0AA2-01,51,0,7B2600,0AA2,1,クラース,"{N4}
「なんだ？」{W}",,
51-00-0AA2-02,51,0,7B2600,0AA2,2,アーシア,"アーシア
「{SPD:10}・・・{SPD:FF}誰か一人、ここに残っていた
　だきます」{W}",,
51-00-0AA2-03,51,0,7B2600,0AA2,3,アーシア,"アーシア
「彼を・・・」{W}",,
51-00-0AA2-04,51,0,7B2600,0AA2,4,アーシア,"アーシア
「あの人をここに連れてきてもらう為
　に{SPD:10}、{SPD:FF}その証として・・・」{W}",,
51-00-0AA2-05,51,0,7B2600,0AA2,5,クラース,"{N4}
「人質{SPD:10}・・・{SPD:FF}というわけか？」{W}",,
51-00-0BC4-00,51,0,7B2600,0BC4,0,アーシア,"アーシア
「・・・ええ」{W}",,
51-00-0BE0-00,51,0,7B2600,0BE0,0,アーシア,"アーシア
「あなた方のうち、一人だけここで彫
　像となってもらいます」{W}",,
51-00-0C2A-00,51,0,7B2600,0C2A,0,クレス,"{N1}
「なんだって！」{W}",,
51-00-0C44-00,51,0,7B2600,0C44,0,クラース,"{N4}
「ふっ、ふざけるな！」{W}",,
51-00-0C44-01,51,0,7B2600,0C44,1,クラース,"{N4}
「彫像になれだと？」{W}",,
51-00-0C44-02,51,0,7B2600,0C44,2,クラース,"{N4}
「そんな訳のわからん事をできるはず
　ないだろう！」{W}",,
51-00-0C44-03,51,0,7B2600,0C44,3,アーシア,"アーシア
「大丈夫です、命は保証します」{W}",,
51-00-0C44-04,51,0,7B2600,0C44,4,アーシア,"アーシア
「あなた方はどうしても弓を直したい
　のでしょう？」{W}",,
51-00-0C44-05,51,0,7B2600,0C44,5,アーシア,"アーシア
「だったら・・・」{W}",,
51-00-0D44-00,51,0,7B2600,0D44,0,アーシア,"アーシア
「彼を連れてきて・・・」{W}",,
51-00-0D6A-00,51,0,7B2600,0D6A,0,ミント,"{N2}
「どうしましょう・・・」{W}",,
51-00-0D8C-00,51,0,7B2600,0D8C,0,クラース,"{N4}
「なあ、{N1}」{W}",,
51-00-0D8C-01,51,0,7B2600,0D8C,1,クレス,"{N1}
「はい？」{W}",,
51-00-0D8C-02,51,0,7B2600,0D8C,2,クラース,"{N4}
「お前はどう思う？」{W}",,
51-00-0D8C-03,51,0,7B2600,0D8C,3,クレス,"{N1}
「えっ？」{W}",,
51-00-0D8C-04,51,0,7B2600,0D8C,4,クラース,"{N4}
「あの女は危険だ」{W}",,
51-00-0D8C-05,51,0,7B2600,0D8C,5,クラース,"{N4}
「なんとなくだが、嫌な予感がする・
　・・」{W}",,
51-00-0D8C-06,51,0,7B2600,0D8C,6,クラース,"{N4}
「それに、その弓はそんなに大切なも
　のなのか？」{W}",,
51-00-0D8C-07,51,0,7B2600,0D8C,7,クラース,"{N4}
「時間もないことだし、弓はあきらめ
　よう」{W}",,
51-00-0EA0-00,51,0,7B2600,0EA0,0,クレス,"{N1}
「そんな・・・」{W}",,
51-00-0EA0-01,51,0,7B2600,0EA0,1,ミント,"{N2}
「ダメです！」{W}",,
51-00-0EA0-02,51,0,7B2600,0EA0,2,ミント,"{N2}
「その弓は・・・」{W}",,
51-00-0EA0-03,51,0,7B2600,0EA0,3,ミント,"{N2}
「{N5}さんの{SPD:10}・・・{SPD:FF}」{W}",,
51-00-0EA0-04,51,0,7B2600,0EA0,4,ミント,"{N2}
「お願いします、どうしてもこの弓は
　直したいんです・・・！」{W}",,
51-00-0F54-00,51,0,7B2600,0F54,0,アーシア,"アーシア
「誰が残るのですか？」{W}",,
51-00-0F54-01,51,0,7B2600,0F54,1,アーシア,"アーシア
「あなた方では決められないなら、私
　が指名します」{W}",,
51-00-0FB8-00,51,0,7B2600,0FB8,0,アーシア,"アーシア
「・・・あなたがいいわ」{W}",,
51-00-0FDE-00,51,0,7B2600,0FDE,0,アーシア,"アーシア
「あなたが残って」{W}",,
51-00-0FFE-00,51,0,7B2600,0FFE,0,ミント,"{N2}
「{SPD:10}・・・・・・・・・{SPD:FF}」{W}",,
51-00-1026-00,51,0,7B2600,1026,0,クレス,"{N1}
「待てッ！」{W}",,
51-00-1026-01,51,0,7B2600,1026,1,クレス,"{N1}
「ぼくが、ぼくが代わりになる！」{W}",,
51-00-1064-00,51,0,7B2600,1064,0,アーシア,"アーシア
「・・・ダメよ」{W}",,
51-00-1064-01,51,0,7B2600,1064,1,アーシア,"アーシア
「もう決めてしまったから」{W}",,
51-00-1064-02,51,0,7B2600,1064,2,アーシア,"アーシア
「さあ、こっちに来て、この光の中に
　・・・」{W}",,
51-00-10E2-00,51,0,7B2600,10E2,0,アーチェ,"{N3}
「誰でもいいんでしょ！？
　このウスラ○△☆！！！」{W}",,
51-00-1120-00,51,0,7B2600,1120,0,クラース,"{N4}
「お、おい！！」{W}",,
51-00-1120-01,51,0,7B2600,1120,1,ミント,"{N2}
「{N3}さん！！」{W}",,
51-00-1120-02,51,0,7B2600,1120,2,クレス,"{N1}
「{N3}！！」{W}",,
51-00-1166-00,51,0,7B2600,1166,0,アーシア,"アーシア
「約束通り、彼を連れてきてください
　・・・」{W}",,
51-00-1166-01,51,0,7B2600,1166,1,クラース,"{N4}
「くそッ！」{W}",,
51-00-1166-02,51,0,7B2600,1166,2,クラース,"{N4}
「とにかくブラムバルドを連れてこな
　くては！」{W}",,
51-00-1166-03,51,0,7B2600,1166,3,クラース,"{N4}
「エルフの集落に急ぐぞ！」{W}",,
51-00-1166-04,51,0,7B2600,1166,4,ミント,"{N2}
「{N3}さん・・・」{W}",,
51-00-122A-00,51,0,7B2600,122A,0,ブラムバルド,"ブラムバルド
「・・・」{W}",,
51-00-122A-01,51,0,7B2600,122A,1,ブラムバルド,"ブラムバルド
「・・・変わらないな」{W}",,
51-00-126C-00,51,0,7B2600,126C,0,ブラムバルド,"ブラムバルド
「行きましょう」{W}",,
51-00-128E-00,51,0,7B2600,128E,0,ブラムバルド,"ブラムバルド
「・・・アーシア・・・」{W}",,
51-00-128E-01,51,0,7B2600,128E,1,アーシア,"アーシア
「{SPD:10}・・・{SPD:FF}外は寒いわね・・・」{W}",,
51-00-128E-02,51,0,7B2600,128E,2,アーシア,"アーシア
「中に入ったら？」{W}",,
51-00-1306-00,51,0,7B2600,1306,0,ブラムバルド,"ブラムバルド
「二人で話したい」{W}",,
51-00-1306-01,51,0,7B2600,1306,1,ブラムバルド,"ブラムバルド
「少し時間をくれないか？」{W}",,
51-00-1354-00,51,0,7B2600,1354,0,クラース,"{N4}
「家の中だってのに・・・」{W}",,
51-00-1354-01,51,0,7B2600,1354,1,クラース,"{N4}
「少し冷えてきたな」{W}",,
51-00-1354-02,51,0,7B2600,1354,2,クレス,"{N1}
「ええ」{W}",,
51-00-1354-03,51,0,7B2600,1354,3,ミント,"{N2}
「・・・」{W}",,
51-00-13B6-00,51,0,7B2600,13B6,0,ミント,"{N2}
「寒くて、かわいそう・・・」{W}",,
51-00-13DC-00,51,0,7B2600,13DC,0,クレス,"{N1}
「{N2}・・・」{W}",,
51-00-13F4-00,51,0,7B2600,13F4,0,クラース,"{N4}
「しかし・・・、長いな」{W}",,
51-00-13F4-01,51,0,7B2600,13F4,1,クラース,"{N4}
「とにかく{N3}だけでも{SPD:10}、{SPD:FF}
　元に戻して欲しいものだ」{W}",,
51-00-145A-00,51,0,7B2600,145A,0,クレス,"{N1}
「すみません、{N4}さん」{W}",,
51-00-145A-01,51,0,7B2600,145A,1,クレス,"{N1}
「ぼくが弓を直したいなんて言い出し
　たから・・・」{W}",,
51-00-145A-02,51,0,7B2600,145A,2,クラース,"{N4}
「なに、気にするな」{W}",,
51-00-145A-03,51,0,7B2600,145A,3,クラース,"{N4}
「その弓は、よほど大切なものなんだ
　ろう？」{W}",,
51-00-145A-04,51,0,7B2600,145A,4,クラース,"{N4}
「大丈夫だ、きっとすべて元通りにな
　るさ」{W}",,
51-00-153E-00,51,0,7B2600,153E,0,ブラムバルド,"ブラムバルド
「わかってくれ」{W}",,
51-00-153E-01,51,0,7B2600,153E,1,ブラムバルド,"ブラムバルド
「一族を捨てるような身勝手なことは
　できないんだ」{W}",,
51-00-153E-02,51,0,7B2600,153E,2,アーシア,"アーシア
「どうしても、駄目なのね？」{W}",,
51-00-153E-03,51,0,7B2600,153E,3,アーシア,"アーシア
「こんなに・・・」{W}",,
51-00-153E-04,51,0,7B2600,153E,4,アーシア,"アーシア
「あなたが好きなのに{SPD:10}・・・{SPD:FF}」{W}",,
51-00-153E-05,51,0,7B2600,153E,5,ブラムバルド,"ブラムバルド
「・・・アーシア・・・」{W}",,
51-00-1642-00,51,0,7B2600,1642,0,アーシア,"アーシア
「{SPD:10}・・・{SPD:FF}駄目だわ」{W}",,
51-00-1642-01,51,0,7B2600,1642,1,アーシア,"アーシア
「そんな事{SPD:10}・・・・・・{SPD:FF}」{W}",,
51-00-1642-02,51,0,7B2600,1642,2,アーシア,"アーシア
「私には耐えられない！」{W}",,
51-00-16BA-00,51,0,7B2600,16BA,0,アーシア,"アーシア
「あなたがここに留まってくれないな
　ら・・・」{W}",,
51-00-16BA-01,51,0,7B2600,16BA,1,アーシア,"アーシア
「あの子は元には戻さないわ！」{W}",,
51-00-1722-00,51,0,7B2600,1722,0,クレス,"{N1}
「そんな！」{W}",,
51-00-1722-01,51,0,7B2600,1722,1,クレス,"{N1}
「約束が違うぞ！！」{W}",,
51-00-1722-02,51,0,7B2600,1722,2,ミント,"{N2}
「お願い、元に戻してあげて！」{W}",,
51-00-177A-00,51,0,7B2600,177A,0,ブラムバルド,"ブラムバルド
「君の気持ちはわかる・・・」{W}",,
51-00-17A8-00,51,0,7B2600,17A8,0,ブラムバルド,"ブラムバルド
「君をここまで追い詰めたのは、私の
　責任だ・・・」{W}",,
51-00-17A8-01,51,0,7B2600,17A8,1,ブラムバルド,"ブラムバルド
「だが・・・」{W}",,
51-00-17A8-02,51,0,7B2600,17A8,2,ブラムバルド,"ブラムバルド
「無関係の彼らを、これ以上巻き込む
　わけにはいかない・・・」{W}",,
51-00-17A8-03,51,0,7B2600,17A8,3,アーシア,"アーシア
「{SPD:10}・・・・・・・・・{SPD:FF}」{W}",,
51-00-17A8-04,51,0,7B2600,17A8,4,ブラムバルド,"ブラムバルド
「私が身代わりになろう・・・」{W}",,
51-00-18B2-00,51,0,7B2600,18B2,0,ブラムバルド,"ブラムバルド
「彫像になってしまえば森に連れ戻さ
　れることもない」{W}",,
51-00-18B2-01,51,0,7B2600,18B2,1,ブラムバルド,"ブラムバルド
「君は{SPD:10}・・・、{SPD:FF}変わったな」{W}",,
51-00-18B2-02,51,0,7B2600,18B2,2,ブラムバルド,"ブラムバルド
「昔の君とは違う・・・」{W}",,
51-00-18B2-03,51,0,7B2600,18B2,3,ブラムバルド,"ブラムバルド
「今の君なら・・・、例え彫像でも満
　足なんだろう？」{W}",,
51-00-18B2-04,51,0,7B2600,18B2,4,ブラムバルド,"ブラムバルド
「さあ・・・、はやく石コロにでもし
　てくれ！！」{W}",,
51-00-19DC-00,51,0,7B2600,19DC,0,クレス,"{N1}
「ブラムバルドさん！」{W}",,
51-00-19DC-01,51,0,7B2600,19DC,1,クレス,"{N1}
「あなたがそこまでしなきゃいけない
　理由なんてないはずだ！」{W}",,
51-00-1A42-00,51,0,7B2600,1A42,0,ブラムバルド,"ブラムバルド
「いや・・・」{W}",,
51-00-1A42-01,51,0,7B2600,1A42,1,ブラムバルド,"ブラムバルド
「思えば、彼女の為に生きることがで
　きていれば・・・」{W}",,
51-00-1A42-02,51,0,7B2600,1A42,2,ブラムバルド,"ブラムバルド
「{N1}君・・・」{W}",,
51-00-1A42-03,51,0,7B2600,1A42,3,ブラムバルド,"ブラムバルド
「彼女は・・・ハーフエルフなんだ」{W}",,
51-00-1A42-04,51,0,7B2600,1A42,4,ブラムバルド,"ブラムバルド
「そして、私の恋人でもある・・・」{W}",,
51-00-1A42-05,51,0,7B2600,1A42,5,クレス,"{N1}
「じゃあ、なぜッ！！」{W}",,
51-00-1B4C-00,51,0,7B2600,1B4C,0,クラース,"{N4}
「{N1}・・・」{W}",,
51-00-1B4C-01,51,0,7B2600,1B4C,1,クラース,"{N4}
「{SPD:10}・・・{SPD:FF}ハーフエルフは、ユミルの森
　には入れない・・・」{W}",,
51-00-1B4C-02,51,0,7B2600,1B4C,2,クラース,"{N4}
「エルフは種族としての団結を選んだ
　んだ」{W}",,
51-00-1BE2-00,51,0,7B2600,1BE2,0,ブラムバルド,"ブラムバルド
「・・・族長である私が、彼女と一緒
　になるわけにはいかない・・・」{W}",,
51-00-1BE2-01,51,0,7B2600,1BE2,1,ブラムバルド,"ブラムバルド
「あなた方のことも・・・」{W}",,
51-00-1BE2-02,51,0,7B2600,1BE2,2,ブラムバルド,"ブラムバルド
「彼女を追い込んだのも・・・」{W}",,
51-00-1BE2-03,51,0,7B2600,1BE2,3,ブラムバルド,"ブラムバルド
「すべて私の責任だ！」{W}",,
51-00-1CB6-00,51,0,7B2600,1CB6,0,アーシア,"アーシア
「あなたを{SPD:10}・・・、{SPD:FF}つなぎとめるには
　{SPD:10}・・・{SPD:FF}」{W}",,
51-00-1CB6-01,51,0,7B2600,1CB6,1,アーシア,"アーシア
「こうするしかないのね」{W}",,
51-00-1D26-00,51,0,7B2600,1D26,0,アーチェ,"{N3}
「あ、あれっ？」{W}",,
51-00-1D26-01,51,0,7B2600,1D26,1,アーチェ,"{N3}
「どうなってんの？」{W}",,
51-00-1D5C-00,51,0,7B2600,1D5C,0,ミント,"{N2}
「{N3}さん！」{W}",,
51-00-1D74-00,51,0,7B2600,1D74,0,アーシア,"アーシア
「来ないでッ！！」{W}",,
51-00-1D94-00,51,0,7B2600,1D94,0,アーシア,"アーシア
「{SPD:10}・・・・・・{SPD:FF}お願い、一人にして」{W}",,
51-00-1D94-01,51,0,7B2600,1D94,1,クレス,"{N1}
「{SPD:10}・・・{SPD:FF}」{W}",,
51-00-1DE6-00,51,0,7B2600,1DE6,0,アーシア,"アーシア
「一人に{SPD:10}、{SPD:FF}してください{SPD:10}・・・{SPD:FF}」{W}",,
51-00-1E22-00,51,0,7B2600,1E22,0,ミント,"{N2}
「{N1}さん」{W}",,
51-00-1E22-01,51,0,7B2600,1E22,1,ミント,"{N2}
「とにかく落ち着いてから、また来ま
　しょう」{W}",,
51-00-1E6E-00,51,0,7B2600,1E6E,0,クラース,"{N4}
「・・・悔しいけども、今の私たちに
　は何もできない・・・」{W}",,
51-00-1E6E-01,51,0,7B2600,1E6E,1,クラース,"{N4}
「あなたが、心変わりすることを祈っ
　てます！」{W}",,
51-00-1EEC-00,51,0,7B2600,1EEC,0,クラース,"{N4}
「みんな早く行こう！」{W}",,
51-00-1EEC-01,51,0,7B2600,1EEC,1,クラース,"{N4}
「あんな女の顔は見たくない！」{W}",,
51-00-1F32-00,51,0,7B2600,1F32,0,ミント,"{N2}
「結局、弓を置いてきてしまいました
　ね・・・」{W}",,
51-00-1F32-01,51,0,7B2600,1F32,1,クレス,"{N1}
「しかたないよ・・・」{W}",,
51-00-1F32-02,51,0,7B2600,1F32,2,クレス,"{N1}
「アーチェが無事だっただけでも、良
　かったよ」{W}",,
51-00-1F32-03,51,0,7B2600,1F32,3,クラース,"{N4}
「{SPD:10}・・・{SPD:FF}先を急ごう」{W}",,
51-00-1FE6-00,51,0,7B2600,1FE6,0,クレス,"{N1}
「ごめんください」{W}",,
51-00-2002-00,51,0,7B2600,2002,0,？？？,"？？？
「はい」{W}",,
51-00-2016-00,51,0,7B2600,2016,0,クレス,"{N1}
「ブ、ブラムバルドさん！！」{W}",,
51-00-2016-01,51,0,7B2600,2016,1,ブラムバルド,"ブラムバルド
「おお、あなた方は！」{W}",,
51-00-2016-02,51,0,7B2600,2016,2,ブラムバルド,"ブラムバルド
「お久しぶりですね」{W}",,
51-00-2016-03,51,0,7B2600,2016,3,ブラムバルド,"ブラムバルド
「確かこの前に会ったのが・・・」{W}",,
51-00-2016-04,51,0,7B2600,2016,4,ブラムバルド,"ブラムバルド
「{SPD:10}・・・・・・？{SPD:FF}」{W}",,
51-00-2016-05,51,0,7B2600,2016,5,ブラムバルド,"ブラムバルド
「なぜ生きてるのですか？」{W}",,
51-00-210A-00,51,0,7B2600,210A,0,クラース,"{N4}
「まだ残っていたのか・・・」{W}",,
51-00-210A-01,51,0,7B2600,210A,1,クラース,"{N4}
「正直、ここには来たくなかったよ」{W}",,
51-00-215A-00,51,0,7B2600,215A,0,ミント,"{N2}
「あれから、彼女は一体どうなったの
　でしょうか・・・？」{W}",,
51-00-215A-01,51,0,7B2600,215A,1,クレス,"{N1}
「・・・とにかく、誰かいるかもしれ
　ない」{W}",,
51-00-215A-02,51,0,7B2600,215A,2,クレス,"{N1}
「訪ねて見よう」{W}",,
51-00-21EA-00,51,0,7B2600,21EA,0,チェスター,"{N5}
「なあ、{N3}」{W}",,
51-00-2202-00,51,0,7B2600,2202,0,チェスター,"{N5}
「みんな暗い顔してるけど、過去にな
　んかあったのか？」{W}",,
51-00-2202-01,51,0,7B2600,2202,1,アーチェ,"{N3}
「えっ、ま、まあね〃」{W}",,
51-00-2202-02,51,0,7B2600,2202,2,アーチェ,"{N3}
「あっ、あたしは彫像だったからさ、
　あまりわかんないんだ〃」{W}",,
51-00-22A8-00,51,0,7B2600,22A8,0,チェスター,"{N5}
「は？？」{W}",,
51-00-22BC-00,51,0,7B2600,22BC,0,クレス,"{N1}
「なにしてんだ、二人とも？」{W}",,
51-00-22BC-01,51,0,7B2600,22BC,1,クレス,"{N1}
「先に行くぞ」{W}",,
51-00-22F8-00,51,0,7B2600,22F8,0,アーチェ,"{N3}
「あー、待って～」{W}",,
51-00-22F8-01,51,0,7B2600,22F8,1,アーチェ,"{N3}
「ま、そう言う訳だから▽」{W}",,
51-00-2336-00,51,0,7B2600,2336,0,チェスター,"{N5}
「お、おい、待てよ！」{W}",,
51-00-2356-00,51,0,7B2600,2356,0,ブラムバルド,"ブラムバルド
「なるほど、ダオスを追って未来まで
　時空を越えてきた・・・」{W}",,
51-00-2356-01,51,0,7B2600,2356,1,ブラムバルド,"ブラムバルド
「信じられない話です」{W}",,
51-00-23CC-00,51,0,7B2600,23CC,0,ブラムバルド,"ブラムバルド
「しかし今、目の前にあなた方がいる
　のは事実」{W}",,
51-00-23CC-01,51,0,7B2600,23CC,1,クレス,"{N1}
「はい」{W}",,
51-00-23CC-02,51,0,7B2600,23CC,2,クレス,"{N1}
「必ずこの時代でダオスと決着をつけ
　ます！」{W}",,
51-00-23CC-03,51,0,7B2600,23CC,3,ブラムバルド,"ブラムバルド
「まさに、因縁というものを感じさせ
　るな・・・」{W}",,
51-00-23CC-04,51,0,7B2600,23CC,4,クラース,"{N4}
「ああ」{W}",,
51-00-23CC-05,51,0,7B2600,23CC,5,クラース,"{N4}
「それから・・・」{W}",,
51-00-24C0-00,51,0,7B2600,24C0,0,ブラムバルド,"ブラムバルド
「・・・言いたい事は、わかります」{W}",,
51-00-24C0-01,51,0,7B2600,24C0,1,ブラムバルド,"ブラムバルド
「２階に来てもらえますか？」{W}",,
51-00-2520-00,51,0,7B2600,2520,0,ミント,"{N2}
「ア、アーシア・・・、さん？」{W}",,
51-00-2548-00,51,0,7B2600,2548,0,ブラムバルド,"ブラムバルド
「これが、彼女の出した答えなんだと
　思います」{W}",,
51-00-258A-00,51,0,7B2600,258A,0,ブラムバルド,"ブラムバルド
「私が気が付いた時には、すでに彼女
　はこの姿でした」{W}",,
51-00-258A-01,51,0,7B2600,258A,1,ブラムバルド,"ブラムバルド
「おそらく、私の身代わりとなり彼女
　自身が彫像に・・・」{W}",,
51-00-258A-02,51,0,7B2600,258A,2,ミント,"{N2}
「そんな事が・・・」{W}",,
51-00-258A-03,51,0,7B2600,258A,3,ブラムバルド,"ブラムバルド
「この彫像を見ていると、彼女が何を
　言いたかったのか・・・」{W}",,
51-00-258A-04,51,0,7B2600,258A,4,ブラムバルド,"ブラムバルド
「わかる気がします」{W}",,
51-00-258A-05,51,0,7B2600,258A,5,クラース,"{N4}
「・・・」{W}",,
51-00-26BC-00,51,0,7B2600,26BC,0,ブラムバルド,"ブラムバルド
「それから、私の足元にこの弓が置い
　てありました」{W}",,
51-00-2702-00,51,0,7B2600,2702,0,クレス,"{N1}
「こっ、これは！」{W}",,
51-00-2702-01,51,0,7B2600,2702,1,ミント,"{N2}
「弓・・・？」{W}",,
51-00-2702-02,51,0,7B2600,2702,2,ミント,"{N2}
「{N5}さんの・・・！」{W}",,
51-00-2702-03,51,0,7B2600,2702,3,クラース,"{N4}
「なんだって！」{W}",,
51-00-276A-00,51,0,7B2600,276A,0,チェスター,"{N5}
「おい、{N1}！」{W}",,
51-00-276A-01,51,0,7B2600,276A,1,チェスター,"{N5}
「俺の弓がどうしたって？」{W}",,
51-00-27A6-00,51,0,7B2600,27A6,0,チェスター,"{N5}
「・・・こ、これは！」{W}",,
51-00-27A6-01,51,0,7B2600,27A6,1,チェスター,"{N5}
「す、すげえ・・・」{W}",,
51-00-27A6-02,51,0,7B2600,27A6,2,チェスター,"{N5}
「持っただけで力を感じるぜ！」{W}",,
51-00-27A6-03,51,0,7B2600,27A6,3,ブラムバルド,"ブラムバルド
「私は{SPD:10}・・・{SPD:FF}」{W}",,
51-00-27A6-04,51,0,7B2600,27A6,4,ブラムバルド,"ブラムバルド
「この弓のおかげで、彼女の心の痛み
　を知る事が出来ました」{W}",,
51-00-27A6-05,51,0,7B2600,27A6,5,ブラムバルド,"ブラムバルド
「長らくお待たせしました」{W}",,
51-00-27A6-06,51,0,7B2600,27A6,6,ブラムバルド,"ブラムバルド
「この弓は私が彼女に代わって、あな
　た方にお返しします」{W}",,
51-00-28EE-00,51,0,7B2600,28EE,0,,{ITEM:D9}を手に入れました。{W},,
51-00-2908-00,51,0,7B2600,2908,0,ブラムバルド,"ブラムバルド
「私はここで暮らしていきます」{W}",,
51-00-2908-01,51,0,7B2600,2908,1,ブラムバルド,"ブラムバルド
「いつの日か、彼女の心の傷が癒る時
　まで・・・」{W}",,
51-00-2908-02,51,0,7B2600,2908,2,ブラムバルド,"ブラムバルド
「そしてまた、彼女と共に暮らせる日
　がくるまで{SPD:10}・・・{SPD:FF}」{W}",,
51-00-2908-03,51,0,7B2600,2908,3,クラース,"{N4}
「{SPD:10}・・・{SPD:FF}」{W}",,
51-00-29E4-00,51,0,7B2600,29E4,0,クレス,"{N1}
「ブラムバルドさん」{W}",,
51-00-29E4-01,51,0,7B2600,29E4,1,ブラムバルド,"ブラムバルド
「おお、あなた方は・・・・・・」{W}",,
51-00-2A32-00,51,0,7B2600,2A32,0,クレス,"{N1}
「ブラムバルド・・・さん？」{W}",,
51-00-2A32-01,51,0,7B2600,2A32,1,ブラムバルド,"ブラムバルド
「・・・すまない・・・」{W}",,
51-00-2A32-02,51,0,7B2600,2A32,2,ブラムバルド,"ブラムバルド
「・・・しばらく、放っておいてくれ
　ないか？」{W}",,
51-00-2AC0-00,51,0,7B2600,2AC0,0,クラース,"{N4}
「おい、一体なにがあったって言うん
　だ？」{W}",,
51-00-2AF6-00,51,0,7B2600,2AF6,0,ブラムバルド,"ブラムバルド
「あなた方にはダオス討伐という重要
　な使命がある」{W}",,
51-00-2AF6-01,51,0,7B2600,2AF6,1,ブラムバルド,"ブラムバルド
「これ以上、我々エルフの問題にあな
　た方を巻き込むわけにはいかない」{W}",,
51-00-2AF6-02,51,0,7B2600,2AF6,2,クレス,"{N1}
「ブラムバルドさん・・・？」{W}",,
51-00-2BB6-00,51,0,7B2600,2BB6,0,ブラムバルド,"ブラムバルド
「・・・・・・来たか」{W}",,
51-00-2BDE-00,51,0,7B2600,2BDE,0,エルフの若者,"エルフの若者
「族長！」{W}",,
51-00-2BDE-01,51,0,7B2600,2BDE,1,エルフの若者,"エルフの若者
「今日こそお返事を聞かせていただき
　たい！」{W}",,
51-00-2C38-00,51,0,7B2600,2C38,0,ブラムバルド,"ブラムバルド
「今は客人が来ている・・・」{W}",,
51-00-2C38-01,51,0,7B2600,2C38,1,ブラムバルド,"ブラムバルド
「しばらく、待ってくれないか？」{W}",,
51-00-2C38-02,51,0,7B2600,2C38,2,エルフの若者,"エルフの若者
「しかし族長！！」{W}",,
51-00-2C38-03,51,0,7B2600,2C38,3,ブラムバルド,"ブラムバルド
「待っていろと言っている！」{W}",,
51-00-2CE4-00,51,0,7B2600,2CE4,0,ブラムバルド,"ブラムバルド
「すまないな・・・」{W}",,
51-00-2D0A-00,51,0,7B2600,2D0A,0,ブラムバルド,"ブラムバルド
「みなさん・・・」{W}",,
51-00-2D2E-00,51,0,7B2600,2D2E,0,ブラムバルド,"ブラムバルド
「お見苦しいところをお見せしました
　・・・」{W}",,
51-00-2D2E-01,51,0,7B2600,2D2E,1,クラース,"{N4}
「一体どうしたというんだ」{W}",,
51-00-2D2E-02,51,0,7B2600,2D2E,2,ブラムバルド,"ブラムバルド
「{SPD:10}・・・・・・・・・{SPD:FF}」{W}",,
51-00-2D2E-03,51,0,7B2600,2D2E,3,クラース,"{N4}
「話して{SPD:10}、{SPD:FF}くれるんだな？」{W}",,
51-00-2DE8-00,51,0,7B2600,2DE8,0,ブラムバルド,"ブラムバルド
「あなた方には、話した方が良いのか
　も知れませんね・・・」{W}",,
51-00-2DE8-01,51,0,7B2600,2DE8,1,ブラムバルド,"ブラムバルド
「ここではなんですから、２階で話し
　ませんか？」{W}",,
51-00-2E78-00,51,0,7B2600,2E78,0,ブラムバルド,"ブラムバルド
「さて・・・、何からお話すれば良い
　のでしょうかね」{W}",,
51-00-2EC0-00,51,0,7B2600,2EC0,0,クレス,"{N1}
「あの、ブラムバルドさん！」{W}",,
51-00-2EC0-01,51,0,7B2600,2EC0,1,ブラムバルド,"ブラムバルド
「すみません、いつもあなた方には迷
　惑をかけてしまう」{W}",,
51-00-2EC0-02,51,0,7B2600,2EC0,2,クラース,"{N4}
「・・・で、さっきのアレもそうなん
　だが、一体なにがあったんだ？」{W}",,
51-00-2EC0-03,51,0,7B2600,2EC0,3,ブラムバルド,"ブラムバルド
「すべて、お話しましょう・・・」{W}",,
51-00-2FAA-00,51,0,7B2600,2FAA,0,ブラムバルド,"ブラムバルド
「あなた方がダオスを追ってこの時代
　に転移してくるまでの間・・・」{W}",,
51-00-2FAA-01,51,0,7B2600,2FAA,1,ブラムバルド,"ブラムバルド
「私は長い年月をこの地で過ごしてき
　ました」{W}",,
51-00-303E-00,51,0,7B2600,303E,0,ブラムバルド,"ブラムバルド
「・・・彼女と共に・・・」{W}",,
51-00-303E-01,51,0,7B2600,303E,1,クラース,"{N4}
「・・・・・・・・・」{W}",,
51-00-3088-00,51,0,7B2600,3088,0,ブラムバルド,"ブラムバルド
「私は彼女と共に生きると心に誓いま
　した」{W}",,
51-00-3088-01,51,0,7B2600,3088,1,ブラムバルド,"ブラムバルド
「それが私の犯した罪に対する罰なん
　だと思いました・・・」{W}",,
51-00-3088-02,51,0,7B2600,3088,2,クレス,"{N1}
「・・・・・・罰？」{W}",,
51-00-3088-03,51,0,7B2600,3088,3,ブラムバルド,"ブラムバルド
「彼女はそんな事を望んだわけではな
　いでしょう・・・」{W}",,
51-00-3088-04,51,0,7B2600,3088,4,ブラムバルド,"ブラムバルド
「しかし私はそう思っていた・・・」{W}",,
51-00-3088-05,51,0,7B2600,3088,5,ブラムバルド,"ブラムバルド
「いや、今でもそう思っているのかも
　しれません」{W}",,
51-00-3088-06,51,0,7B2600,3088,6,ブラムバルド,"ブラムバルド
「彼女を想う気持ちと、一族の長とし
　ての責任・・・」{W}",,
51-00-3088-07,51,0,7B2600,3088,7,ブラムバルド,"ブラムバルド
「エルフとハーフエルフ・・・」{W}",,
51-00-3088-08,51,0,7B2600,3088,8,ブラムバルド,"ブラムバルド
「決して結ばれる事のない関係が、私
　の心に深く突き刺さっていました」{W}",,
51-00-32B4-00,51,0,7B2600,32B4,0,クラース,"{N4}
「それで、さっきの連中は？」{W}",,
51-00-32B4-01,51,0,7B2600,32B4,1,クラース,"{N4}
「見たところ、彼らはエルフの若者の
　ようだが？」{W}",,
51-00-32B4-02,51,0,7B2600,32B4,2,ブラムバルド,"ブラムバルド
「ええ・・・」{W}",,
51-00-32B4-03,51,0,7B2600,32B4,3,ブラムバルド,"ブラムバルド
「族長の私が１５０年もの間一族の元
　を離れてしまった・・・」{W}",,
51-00-32B4-04,51,0,7B2600,32B4,4,ブラムバルド,"ブラムバルド
「私の身勝手な行動により、一族の行
　く末を危ぶませてしまったのです」{W}",,
51-00-32B4-05,51,0,7B2600,32B4,5,クラース,"{N4}
「それで、あなたを連れ戻しにきたの
　か・・・」{W}",,
51-00-32B4-06,51,0,7B2600,32B4,6,ブラムバルド,"ブラムバルド
「そうです」{W}",,
51-00-32B4-07,51,0,7B2600,32B4,7,ブラムバルド,"ブラムバルド
「今、我々は大きな分岐点に差し掛か
　っているのです」{W}",,
51-00-32B4-08,51,0,7B2600,32B4,8,ブラムバルド,"ブラムバルド
「里には、人間が自由に出入りするよ
　うになりました」{W}",,
51-00-32B4-09,51,0,7B2600,32B4,9,ブラムバルド,"ブラムバルド
「我々エルフたちの考えは変わりまし
　た」{W}",,
51-00-32B4-10,51,0,7B2600,32B4,10,ブラムバルド,"ブラムバルド
「人間の中にも、我々の理解者がいる
　んだと・・・」{W}",,
51-00-32B4-11,51,0,7B2600,32B4,11,ブラムバルド,"ブラムバルド
「アルヴァニスタ王も、その中の一人
　です」{W}",,
51-00-32B4-12,51,0,7B2600,32B4,12,ブラムバルド,"ブラムバルド
「王は積極的に我々の文化を吸収して
　くれたようです」{W}",,
51-00-32B4-13,51,0,7B2600,32B4,13,ブラムバルド,"ブラムバルド
「そして我々の地位の向上に貢献して
　くれました」{W}",,
51-00-32B4-14,51,0,7B2600,32B4,14,ブラムバルド,"ブラムバルド
「しかし・・・・・・」{W}",,
51-00-32B4-15,51,0,7B2600,32B4,15,クラース,"{N4}
「やはり、ハーフエルフは・・・、受
　け入れられないか・・・」{W}",,
51-00-32B4-16,51,0,7B2600,32B4,16,ブラムバルド,"ブラムバルド
「ええ・・・」{W}",,
51-00-32B4-17,51,0,7B2600,32B4,17,ブラムバルド,"ブラムバルド
「ハーフエルフに対しては・・・」{W}",,
51-00-32B4-18,51,0,7B2600,32B4,18,ブラムバルド,"ブラムバルド
「昔の過ちを繰り返すのでは、と考え
　る人がいるのです・・・」{W}",,
51-00-32B4-19,51,0,7B2600,32B4,19,クラース,"{N4}
「昔の過ち？」{W}",,
51-00-3716-00,51,0,7B2600,3716,0,ブラムバルド,"ブラムバルド
「ハーフエルフは、我々にない能力を
　持っています」{W}",,
51-00-3716-01,51,0,7B2600,3716,1,ブラムバルド,"ブラムバルド
「桁外れの魔力、人間以上の知識力、
　・・・そして魔科学兵器・・・」{W}",,
51-00-3716-02,51,0,7B2600,3716,2,ブラムバルド,"ブラムバルド
「ミッドガルズの優秀な科学者の大半
　はハーフエルフでした」{W}",,
51-00-3716-03,51,0,7B2600,3716,3,クラース,"{N4}
「ミッドガルズの科学者が！？」{W}",,
51-00-3716-04,51,0,7B2600,3716,4,クラース,"{N4}
「しかしあそこはエルフの受け入れを
　断固として拒んだはず・・・」{W}",,
51-00-3716-05,51,0,7B2600,3716,5,ブラムバルド,"ブラムバルド
「表向きは・・・、です」{W}",,
51-00-3716-06,51,0,7B2600,3716,6,ブラムバルド,"ブラムバルド
「それに・・・」{W}",,
51-00-3716-07,51,0,7B2600,3716,7,ブラムバルド,"ブラムバルド
「純粋なエルフだったら魔科学などと
　いう・・・」{W}",,
51-00-3716-08,51,0,7B2600,3716,8,ブラムバルド,"ブラムバルド
「魔力をもてあそんだようなモノに力
　を貸しはしないでしょう」{W}",,
51-00-3716-09,51,0,7B2600,3716,9,ブラムバルド,"ブラムバルド
「しかし、ハーフエルフは魔科学に力
　を貸してしまった・・・」{W}",,
51-00-3716-10,51,0,7B2600,3716,10,ブラムバルド,"ブラムバルド
「マナの力が失われる危機を、自ら生
　み出しているのです」{W}",,
51-00-39DC-00,51,0,7B2600,39DC,0,ブラムバルド,"ブラムバルド
「族長である私が、ハーフエルフと共
　に生きる事・・・」{W}",,
51-00-39DC-01,51,0,7B2600,39DC,1,ブラムバルド,"ブラムバルド
「その意味の重大さはおわかりいただ
　けるでしょう」{W}",,
51-00-39DC-02,51,0,7B2600,39DC,2,クラース,"{N4}
「・・・・・・・・・」{W}",,
51-00-39DC-03,51,0,7B2600,39DC,3,ブラムバルド,"ブラムバルド
「でも・・・、それでも・・・」{W}",,
51-00-39DC-04,51,0,7B2600,39DC,4,ブラムバルド,"ブラムバルド
「私は彼女の為に生きていくと誓った
　のです」{W}",,
51-00-39DC-05,51,0,7B2600,39DC,5,ブラムバルド,"ブラムバルド
「私の命が尽きるまで・・・」{W}",,
51-00-3B20-00,51,0,7B2600,3B20,0,アーチェ,"{N3}
「・・・・・・あのさ」{W}",,
51-00-3B40-00,51,0,7B2600,3B40,0,アーチェ,"{N3}
「アーシアさんはそんな事を望んでる
　んじゃないと思うよ？」{W}",,
51-00-3B86-00,51,0,7B2600,3B86,0,アーチェ,"{N3}
「あたしが言うような事じゃないかも
　しれないけどさ・・・」{W}",,
51-00-3B86-01,51,0,7B2600,3B86,1,アーチェ,"{N3}
「あんたはアーシアさんの事、どう思
　ってるの？」{W}",,
51-00-3C06-00,51,0,7B2600,3C06,0,アーチェ,"{N3}
「あたしはあんたたちが目の敵にする
　ハーフエルフよ」{W}",,
51-00-3C06-01,51,0,7B2600,3C06,1,アーチェ,"{N3}
「・・・お母さんに会うことすら許さ
　れないの」{W}",,
51-00-3C06-02,51,0,7B2600,3C06,2,アーチェ,"{N3}
「エルフとかハーフエルフとか、そん
　な事よりもさ・・・」{W}",,
51-00-3C06-03,51,0,7B2600,3C06,3,アーチェ,"{N3}
「大切なのはその人の気持ちなんだと
　思うよ」{W}",,
51-00-3C06-04,51,0,7B2600,3C06,4,アーチェ,"{N3}
「罪の意識で一緒にいられたって、彼
　女は傷つくだけじゃない！」{W}",,
51-00-3C06-05,51,0,7B2600,3C06,5,クレス,"{N1}
「お、おい、{N3}」{W}",,
51-00-3C06-06,51,0,7B2600,3C06,6,アーチェ,"{N3}
「確かに、あの女にあたしは石にされ
　ちゃったし・・・」{W}",,
51-00-3C06-07,51,0,7B2600,3C06,7,アーチェ,"{N3}
「正直、ちょっとムカついてたけどさ
　・・・」{W}",,
51-00-3DCE-00,51,0,7B2600,3DCE,0,アーチェ,"{N3}
「今はあんたのはっきりしない態度が
　一番ムカつくの！」{W}",,
51-00-3E10-00,51,0,7B2600,3E10,0,ブラムバルド,"ブラムバルド
「彼女の、言う通りです・・・」{W}",,
51-00-3E10-01,51,0,7B2600,3E10,1,ブラムバルド,"ブラムバルド
「エルフの族長であるが為に、自分の
　気持ちを抑え続けて・・・」{W}",,
51-00-3E90-00,51,0,7B2600,3E90,0,ブラムバルド,"ブラムバルド
「私は・・・・・・」{W}",,
51-00-3E90-01,51,0,7B2600,3E90,1,ブラムバルド,"ブラムバルド
「私はアーシアを愛している・・・」{W}",,
51-00-3E90-02,51,0,7B2600,3E90,2,ブラムバルド,"ブラムバルド
「なによりも、それが一番大事な事な
　んだ」{W}",,
51-00-3F24-00,51,0,7B2600,3F24,0,ブラムバルド,"ブラムバルド
「アーシア・・・・・・」{W}",,
51-00-3F4E-00,51,0,7B2600,3F4E,0,クレス,"{N1}
「うわっ、な、なんだ！！」{W}",,
51-00-3F4E-01,51,0,7B2600,3F4E,1,クラース,"{N4}
「せ、石像が！！」{W}",,
51-00-3F8C-00,51,0,7B2600,3F8C,0,アーシア,"アーシア
「う、うう・・・・・・・」{W}",,
51-00-3FB4-00,51,0,7B2600,3FB4,0,ブラムバルド,"ブラムバルド
「ア・・・、アーシア！！」{W}",,
51-00-3FE0-00,51,0,7B2600,3FE0,0,クレス,"{N1}
「だっ、大丈夫か！」{W}",,
51-00-3FE0-01,51,0,7B2600,3FE0,1,アーシア,"アーシア
「うう・・・・・・」{W}",,
51-00-3FE0-02,51,0,7B2600,3FE0,2,ブラムバルド,"ブラムバルド
「アーシア、大丈夫か！？」{W}",,
51-00-3FE0-03,51,0,7B2600,3FE0,3,アーシア,"アーシア
「ブ、ブラム・・・」{W}",,
51-00-4068-00,51,0,7B2600,4068,0,アーシア,"アーシア
「わ、私{SPD:10}・・・、{SPD:FF}元に{SPD:10}・・・{SPD:FF}戻ったの
　ね{SPD:10}・・・{SPD:FF}」{W}",,
51-00-4068-01,51,0,7B2600,4068,1,ブラムバルド,"ブラムバルド
「アーシア・・・」{W}",,
51-00-40E0-00,51,0,7B2600,40E0,0,アーシア,"アーシア
「ブ、ブラム・・・」{W}",,
51-00-4102-00,51,0,7B2600,4102,0,アーシア,"アーシア
「ブラム、あなたのおかげなのね」{W}",,
51-00-4102-01,51,0,7B2600,4102,1,ブラムバルド,"ブラムバルド
「アーシア・・・」{W}",,
51-00-4152-00,51,0,7B2600,4152,0,アーシア,"アーシア
「ブラム、ありがとう・・・」{W}",,
51-00-4152-01,51,0,7B2600,4152,1,ブラムバルド,"ブラムバルド
「・・・アーシア・・・」{W}",,
51-00-41A4-00,51,0,7B2600,41A4,0,クラース,"{N4}
「彼女の呪いを解くカギは、ブラムバ
　ルドの想いだったのか・・・」{W}",,
51-00-41A4-01,51,0,7B2600,41A4,1,クラース,"{N4}
「自らにその呪いをかけて、ブラムバ
　ルドが解き放つのを待つ・・・」{W}",,
51-00-41A4-02,51,0,7B2600,41A4,2,クラース,"{N4}
「結局、彼女が一番ブラムバルドの事
　を信じていたんだな」{W}",,
51-00-41A4-03,51,0,7B2600,41A4,3,ミント,"{N2}
「でも・・・、これでやっと、あの二
　人は・・・」{W}",,
51-00-41A4-04,51,0,7B2600,41A4,4,クラース,"{N4}
「種族間の問題もあるだろうが、きっ
　とうまくやるさ」{W}",,
51-00-41A4-05,51,0,7B2600,41A4,5,クレス,"{N1}
「あの二人には、幸せになって欲しい
　ね」{W}",,
51-00-41A4-06,51,0,7B2600,41A4,6,アーチェ,"{N3}
「・・・なるわよ」{W}",,
51-00-41A4-07,51,0,7B2600,41A4,7,クラース,"{N4}
「・・・・・・そうだな」{W}",,
51-00-41A4-08,51,0,7B2600,41A4,8,クラース,"{N4}
「さて、エルフたちとの話し合いも、
　そろそろ終わった頃だ」{W}",,
51-00-41A4-09,51,0,7B2600,41A4,9,クラース,"{N4}
「我々も下に降りよう」{W}",,
51-00-43C4-00,51,0,7B2600,43C4,0,エルフの若者,"エルフの若者
「そ、そんな・・・」{W}",,
51-00-43C4-01,51,0,7B2600,43C4,1,エルフの若者,"エルフの若者
「族長！」{W}",,
51-00-43C4-02,51,0,7B2600,43C4,2,エルフの若者,"エルフの若者
「考え直してください！」{W}",,
51-00-442C-00,51,0,7B2600,442C,0,ブラムバルド,"ブラムバルド
「すまないな、これが私の答えだ」{W}",,
51-00-442C-01,51,0,7B2600,442C,1,ブラムバルド,"ブラムバルド
「これからは、ハーフエルフである彼
　女と共に暮らしていく」{W}",,
51-00-442C-02,51,0,7B2600,442C,2,ブラムバルド,"ブラムバルド
「里に戻り新しい族長を選んでくれ」{W}",,
51-00-44DC-00,51,0,7B2600,44DC,0,エルフの若者,"エルフの若者
「ブラムバルド様・・・・・・」{W}",,
51-00-44DC-01,51,0,7B2600,44DC,1,ブラムバルド,"ブラムバルド
「私の答えはかわらないよ」{W}",,
51-00-44DC-02,51,0,7B2600,44DC,2,ブラムバルド,"ブラムバルド
「これ以上、自分の気持ちに嘘をつく
　ことはできない」{W}",,
51-00-457C-00,51,0,7B2600,457C,0,アーシア,"アーシア
「ブラム・・・・・・」{W}",,
51-00-457C-01,51,0,7B2600,457C,1,ブラムバルド,"ブラムバルド
「さあ、里に戻るんだ」{W}",,
51-00-45C6-00,51,0,7B2600,45C6,0,ブラムバルド,"ブラムバルド
「あなた方には本当に世話になりまし
　た」{W}",,
51-00-45C6-01,51,0,7B2600,45C6,1,アーシア,"アーシア
「本当に・・・、特にあなた・・・」{W}",,
51-00-4630-00,51,0,7B2600,4630,0,アーチェ,"{N3}
「へ？」{W}",,
51-00-4630-01,51,0,7B2600,4630,1,アーシア,"アーシア
「ごめんなさいね、あんな事をしてし
　まって」{W}",,
51-00-4630-02,51,0,7B2600,4630,2,アーチェ,"{N3}
「別に、すっかり元に戻ったんだし、
　もう気にしてないよ」{W}",,
51-00-4630-03,51,0,7B2600,4630,3,アーシア,"アーシア
「あなたも、ハーフエルフなのね」{W}",,
51-00-4630-04,51,0,7B2600,4630,4,アーシア,"アーシア
「あなたには、私たちのこの魔力を世
　界の為に役立てて欲しいわ・・・」{W}",,
51-00-4630-05,51,0,7B2600,4630,5,アーチェ,"{N3}
「・・・うん」{W}",,
51-00-4630-06,51,0,7B2600,4630,6,アーシア,"アーシア
「私が力になれることがあれば、何で
　も言って下さい」{W}",,
51-00-4630-07,51,0,7B2600,4630,7,アーシア,"アーシア
「今、私がここにいるのも全てあなた
　方のおかげなんですから」{W}",,
51-00-47DE-00,51,0,7B2600,47DE,0,アーシア,"アーシア
「そしてあなた・・・」{W}",,
51-00-47DE-01,51,0,7B2600,47DE,1,クラース,"{N4}
「・・・ん？」{W}",,
51-00-47DE-02,51,0,7B2600,47DE,2,アーシア,"アーシア
「もう・・・、私の顔を見ても平気で
　すか？」{W}",,
51-00-47DE-03,51,0,7B2600,47DE,3,クラース,"{N4}
「ふふ、つまらない事はよく覚えてる
　んだな」{W}",,
51-00-4888-00,51,0,7B2600,4888,0,アーシア,"アーシア
「こんな事が恩返しになるかどうか、
　わからないけれど・・・」{W}",,
51-00-4888-01,51,0,7B2600,4888,1,アーシア,"アーシア
「少しでもあなた方の役に立てるのな
　らば・・・」{W}",,
51-00-4912-00,51,0,7B2600,4912,0,アーシア,"アーシア
「私が直した弓を、ここへ」{W}",,
51-00-4912-01,51,0,7B2600,4912,1,チェスター,"{N5}
「お、おう・・・」{W}",,
51-00-4954-00,51,0,7B2600,4954,0,チェスター,"{N5}
「こ、これは・・・」{W}",,
51-00-4972-00,51,0,7B2600,4972,0,アーシア,"アーシア
「私にできることはここまでです」{W}",,
51-00-4972-01,51,0,7B2600,4972,1,アーシア,"アーシア
「さあ、この弓を・・・」{W}",,
51-00-49C4-00,51,0,7B2600,49C4,0,チェスター,"{N5}
「すげえな・・・・・・」{W}",,
51-00-49C4-01,51,0,7B2600,49C4,1,チェスター,"{N5}
「弓からすさまじい力を感じる」{W}",,
51-00-4A0C-00,51,0,7B2600,4A0C,0,,エルヴンボウが強化されました。{W},,
51-00-4A2E-00,51,0,7B2600,4A2E,0,クラース,"{N4}
「二人とも、我々にできるのはここま
　でだ」{W}",,
51-00-4A2E-01,51,0,7B2600,4A2E,1,クラース,"{N4}
「後は二人で解決していくんだな」{W}",,
51-00-4A2E-02,51,0,7B2600,4A2E,2,ブラムバルド,"ブラムバルド
「ありがとう」{W}",,
51-00-4A2E-03,51,0,7B2600,4A2E,3,クラース,"{N4}
「さて、{N1}・・・」{W}",,
51-00-4A2E-04,51,0,7B2600,4A2E,4,クラース,"{N4}
「我々も決着を付けなければならない
　事があるな」{W}",,
51-00-4A2E-05,51,0,7B2600,4A2E,5,クレス,"{N1}
「ええ！」{W}",,
51-00-4A2E-06,51,0,7B2600,4A2E,6,クレス,"{N1}
「よし、ダオス城に乗り込むぞ！」{W}",,
52-00-0000-00,52,0,7BA0A4,0000,0,,これより先、五つの試練が待つ！{W},,
52-00-0000-01,52,0,7BA0A4,0000,1,,忍の者のみ、進むがよい！{W},,
52-00-003C-00,52,0,7BA0A4,003C,0,すず,"{N6}
「行ってきます」{W}",,
52-00-0056-00,52,0,7BA0A4,0056,0,クレス,"{N1}
「気をつけて・・・」{W}",,
52-00-0074-00,52,0,7BA0A4,0074,0,,ここでは、{N6}が単独で戦う事になります。{W},,
52-00-0074-01,52,0,7BA0A4,0074,1,,先には『試練の忍者』が待ちうけています。戦いは五回ありますので、頑張って勝ち抜いて下さい。{W},,
52-00-0074-02,52,0,7BA0A4,0074,2,,敗北してもゲームオーバーにはなりませんが、試練の忍者が復活してしまうので、注意して下さい。{W},,
52-00-0074-03,52,0,7BA0A4,0074,3,,また、途中で外に出た場合も、試練の忍者は復活してしまいます。五回連続で勝ち抜きましょう。{W},,
52-00-01B2-00,52,0,7BA0A4,01B2,0,,"『試練にいどむ者、五つの問いに
　答えよ』{W}",,
52-00-01B2-01,52,0,7BA0A4,01B2,1,,"『問いに惑い、答え乱れるが最も
　悪し』{W}",,
52-00-01B2-02,52,0,7BA0A4,01B2,2,,"『人として生きるか、忍びとして
　生きるか、心して進むがよい』{W}",,
52-00-024A-00,52,0,7BA0A4,024A,0,,"『怒り』
「それは、冷静な判断を失わせる
　ものと知れ」{W}",,
52-00-0286-00,52,0,7BA0A4,0286,0,,"『悲しみ』
「それは、力を失う元と知れ」{W}",,
52-00-02B2-00,52,0,7BA0A4,02B2,0,,"『喜び』
「それは、他人にねたまれる元と
　知れ」{W}",,
52-00-02E8-00,52,0,7BA0A4,02E8,0,,"『あわれみ』
「それは、自分の死につながるも
　のと知れ」{W}",,
52-00-0326-00,52,0,7BA0A4,0326,0,,"『笑い』
「それは、心のスキを見せるもの
　と知れ」{W}",,
52-00-035E-00,52,0,7BA0A4,035E,0,,"『答えは一つにあらず。
　己の心の思うまま、それが答え
　なり』{W}",,
52-00-03A2-00,52,0,7BA0A4,03A2,0,忍者,"忍者
「汝に問う」{W}",,
52-00-03A2-01,52,0,7BA0A4,03A2,1,忍者,"忍者
「汝が消すべき者には子がいる」{W}",,
52-00-03A2-02,52,0,7BA0A4,03A2,2,忍者,"忍者
「汝はその子をも、共に消す事を是と
　するか？」",,
52-00-0414-00,52,0,7BA0A4,0414,0,すず,"{N6}
「後に災いとなる恐れのある者は消す
　が道理・・・」{W}",,
52-00-0414-01,52,0,7BA0A4,0414,1,忍者,"忍者
「よろしい」{W}",,
52-00-0414-02,52,0,7BA0A4,0414,2,忍者,"忍者
「ならばその証しを示せ」{W}",,
52-00-0486-00,52,0,7BA0A4,0486,0,すず,"{N6}
「その子に罪はありません・・・」{W}",,
52-00-0486-01,52,0,7BA0A4,0486,1,忍者,"忍者
「否！」{W}",,
52-00-0486-02,52,0,7BA0A4,0486,2,忍者,"忍者
「後に災いとなる恐れのある者は消す
　のが道理」{W}",,
52-00-0486-03,52,0,7BA0A4,0486,3,忍者,"忍者
「愚か者め！」{W}",,
52-00-0486-04,52,0,7BA0A4,0486,4,忍者,"忍者
「己の甘さを悔いるがよい！」{W}",,
52-00-0532-00,52,0,7BA0A4,0532,0,忍者,"忍者
「汝に問う」{W}",,
52-00-0532-01,52,0,7BA0A4,0532,1,忍者,"忍者
「汝は主から仲間を裏切るべく命を受
　けた」{W}",,
52-00-0532-02,52,0,7BA0A4,0532,2,忍者,"忍者
「この命令を実行する事を、是とする
　か？」",,
52-00-05AE-00,52,0,7BA0A4,05AE,0,すず,"{N6}
「主君の命であれば、仲間を裏切るも
　それが忍びの道・・・」{W}",,
52-00-05AE-01,52,0,7BA0A4,05AE,1,忍者,"忍者
「よろしい」{W}",,
52-00-05AE-02,52,0,7BA0A4,05AE,2,忍者,"忍者
「ならばその証しを示せ」{W}",,
52-00-0628-00,52,0,7BA0A4,0628,0,すず,"{N6}
「仲間を裏切るなんて、そんなことで
　きません・・・」{W}",,
52-00-0628-01,52,0,7BA0A4,0628,1,忍者,"忍者
「否！」{W}",,
52-00-0628-02,52,0,7BA0A4,0628,2,忍者,"忍者
「主君の命は絶対である」{W}",,
52-00-0628-03,52,0,7BA0A4,0628,3,忍者,"忍者
「愚か者め！」{W}",,
52-00-0628-04,52,0,7BA0A4,0628,4,忍者,"忍者
「己の甘さを悔いるがよい！」{W}",,
52-00-06D2-00,52,0,7BA0A4,06D2,0,忍者,"忍者
「汝に問う」{W}",,
52-00-06D2-01,52,0,7BA0A4,06D2,1,忍者,"忍者
「汝は任務遂行中に偶然に通りがかっ
　た者に姿を見られた」{W}",,
52-00-06D2-02,52,0,7BA0A4,06D2,2,忍者,"忍者
「この者を斬る事を是とするか？」",,
52-00-0750-00,52,0,7BA0A4,0750,0,すず,"{N6}
「忍びは隠密、見られたのならば斬る
　のが必定・・・」{W}",,
52-00-0750-01,52,0,7BA0A4,0750,1,忍者,"忍者
「よろしい」{W}",,
52-00-0750-02,52,0,7BA0A4,0750,2,忍者,"忍者
「ならばその証しを示せ」{W}",,
52-00-07C4-00,52,0,7BA0A4,07C4,0,すず,"{N6}
「無駄な殺生は好みません・・・」{W}",,
52-00-07C4-01,52,0,7BA0A4,07C4,1,忍者,"忍者
「否！」{W}",,
52-00-07C4-02,52,0,7BA0A4,07C4,2,忍者,"忍者
「忍びとは知られぬ事」{W}",,
52-00-07C4-03,52,0,7BA0A4,07C4,3,忍者,"忍者
「愚か者め！」{W}",,
52-00-07C4-04,52,0,7BA0A4,07C4,4,忍者,"忍者
「己の甘さを悔いるがよい！」{W}",,
52-00-0856-00,52,0,7BA0A4,0856,0,忍者,"忍者
「汝に問う」{W}",,
52-00-0856-01,52,0,7BA0A4,0856,1,忍者,"忍者
「汝の主君が悪事を働いていることを
　知った」{W}",,
52-00-0856-02,52,0,7BA0A4,0856,2,忍者,"忍者
「汝はそれを暴く事を是とするか？」",,
52-00-08CA-00,52,0,7BA0A4,08CA,0,すず,"{N6}
「主君といえども、悪事は許されませ
　ん・・・」{W}",,
52-00-08CA-01,52,0,7BA0A4,08CA,1,忍者,"忍者
「否！」{W}",,
52-00-08CA-02,52,0,7BA0A4,08CA,2,忍者,"忍者
「忍びはさばきを下すにあらず」{W}",,
52-00-08CA-03,52,0,7BA0A4,08CA,3,忍者,"忍者
「主君の命に従うのみ」{W}",,
52-00-08CA-04,52,0,7BA0A4,08CA,4,忍者,"忍者
「愚か者め！」{W}",,
52-00-08CA-05,52,0,7BA0A4,08CA,5,忍者,"忍者
「己の甘さを悔いるがよい！」{W}",,
52-00-0992-00,52,0,7BA0A4,0992,0,すず,"{N6}
「いかに悪事とはいえ、主君を売るわ
　けにはいきません・・・」{W}",,
52-00-0992-01,52,0,7BA0A4,0992,1,忍者,"忍者
「よろしい」{W}",,
52-00-0992-02,52,0,7BA0A4,0992,2,忍者,"忍者
「ならばその証しを示せ」{W}",,
52-00-0A0E-00,52,0,7BA0A4,0A0E,0,忍者,"忍者
「汝に問う」{W}",,
52-00-0A0E-01,52,0,7BA0A4,0A0E,1,忍者,"忍者
「汝は汝の親と刃を交えることになっ
　た」{W}",,
52-00-0A0E-02,52,0,7BA0A4,0A0E,2,忍者,"忍者
「汝は親を斬る事を是とするか？」{W}",,
52-00-0A0E-03,52,0,7BA0A4,0A0E,3,すず,"{N6}
「そ、それは・・・」{W}",,
52-00-0A0E-04,52,0,7BA0A4,0A0E,4,忍者,"忍者
「答えよ！」{W}",,
52-00-0A0E-05,52,0,7BA0A4,0A0E,5,忍者,"忍者
「汝は、その覚悟があるか？」",,
52-00-0AD0-00,52,0,7BA0A4,0AD0,0,すず,"{N6}
「それが・・・それが、忍びのさだめ
　ならば・・・」{W}",,
52-00-0AD0-01,52,0,7BA0A4,0AD0,1,忍者,"忍者
「よろしい」{W}",,
52-00-0AD0-02,52,0,7BA0A4,0AD0,2,忍者,"忍者
「ならばその証しを示せ」{W}",,
52-00-0B42-00,52,0,7BA0A4,0B42,0,すず,"{N6}
「斬りたくなんか・・・でも」{W}",,
52-00-0B42-01,52,0,7BA0A4,0B42,1,忍者,"忍者
「笑止！」{W}",,
52-00-0B42-02,52,0,7BA0A4,0B42,2,忍者,"忍者
「汝は頭領の器にあらず」{W}",,
52-00-0B42-03,52,0,7BA0A4,0B42,3,忍者,"忍者
「愚か者め！」{W}",,
52-00-0B42-04,52,0,7BA0A4,0B42,4,忍者,"忍者
「己の甘さを悔いるがよい！」{W}",,
52-00-0BD4-00,52,0,7BA0A4,0BD4,0,忍者,"忍者
「見事・・・」{W}",,
52-00-0BEC-00,52,0,7BA0A4,0BEC,0,忍者,"忍者
「未熟者め！」{W}",,
52-00-0BEC-01,52,0,7BA0A4,0BEC,1,忍者,"忍者
「出直して参れ！」{W}",,
52-00-0C1E-00,52,0,7BA0A4,0C1E,0,すず,"{N6}
「ここは・・・」{W}",,
52-00-0C38-00,52,0,7BA0A4,0C38,0,すず,"{N6}
「この手紙は・・・父上の文字！」{W}",,
52-00-0C38-01,52,0,7BA0A4,0C38,1,,"『無事、試練を乗り越えたようでなに
　よりだ』{W}",,
52-00-0C92-00,52,0,7BA0A4,0C92,0,,"『残念な事におまえには忍びの道の何
　たるかが分かってはいないようだ』{W}",,
52-00-0C92-01,52,0,7BA0A4,0C92,1,,"『だが・・・、お前は忍者としてでは
　なく、人として一番大切な物を持っ
　ている』{W}",,
52-00-0C92-02,52,0,7BA0A4,0C92,2,,"『その心を忘れぬ限り、お前には一族
　を束ねる頭領となる資格があると言
　えよう』{W}",,
52-00-0D84-00,52,0,7BA0A4,0D84,0,,"『もはやお前に忍びの道の何たるかを
　語る必要もないようだ』{W}",,
52-00-0D84-01,52,0,7BA0A4,0D84,1,,"『だが、今のお前に欠けている物が一
　つだけある』{W}",,
52-00-0D84-02,52,0,7BA0A4,0D84,2,,"『それを理解した時、お前は一族を束
　ねる頭領となる資格を得るのだ』{W}",,
52-00-0E3E-00,52,0,7BA0A4,0E3E,0,,"『忍びの道とは己を殺し、主を生かす
　生き方』{W}",,
52-00-0E3E-01,52,0,7BA0A4,0E3E,1,,"『お前はお前なりに何かをつかみかけ
　ているようだ』{W}",,
52-00-0E3E-02,52,0,7BA0A4,0E3E,2,,"『だが、頭領となり一族を束ねるには
　まだまだ時間が必要なようだな』{W}",,
52-00-0EEC-00,52,0,7BA0A4,0EEC,0,,"『いまひとつの宝箱の中に入っている
　武器を持ち、さらなる修行をかさね
　るのだ』{W}",,
52-00-0EEC-01,52,0,7BA0A4,0EEC,1,,『忍の道はきびしいのだ』{W},,
52-00-0F5C-00,52,0,7BA0A4,0F5C,0,,{COL:2}{ITEM:FA}を手に入れました。{W},,
52-00-0F5C-01,52,0,7BA0A4,0F5C,1,,{COL:3},,
52-00-0F7E-00,52,0,7BA0A4,0F7E,0,すず,"{N6}
「父上、母上・・・」{W}",,
52-00-0F9C-00,52,0,7BA0A4,0F9C,0,すず,"{N6}
「試練完了！」{W}",,
52-00-0FB4-00,52,0,7BA0A4,0FB4,0,,{COL:2}この試練によって{N6}に経験値が加算されます。{W},,
52-00-0FB4-01,52,0,7BA0A4,0FB4,1,,{COL:3},,
52-00-0FEC-00,52,0,7BA0A4,0FEC,0,,{SPD:0}{COL:2}ＬＥＶＥＬ　ＵＰ！{W},,
52-00-100A-00,52,0,7BA0A4,100A,0,,"{SPD:0}{COL:2}ＬＥＶＥＬ　ＵＰ！
ＮＥＷ　ＳＫＩＬＬ！{W}",,
52-00-103E-00,52,0,7BA0A4,103E,0,,{SPD:0}{COL:2}ＬＥＶＥＬ　ＵＰ！{W},,
52-00-105C-00,52,0,7BA0A4,105C,0,,"{SPD:0}{COL:2}ＬＥＶＥＬ　ＵＰ！
ＮＥＷ　ＳＫＩＬＬ！{W}",,
52-00-1090-00,52,0,7BA0A4,1090,0,,"{N6}は『{TITLE:1F3}』の
称号を得ました。",,
52-00-10B4-00,52,0,7BA0A4,10B4,0,クレス,"{N1}
「{N6}ちゃん！」",,
52-00-10CC-00,52,0,7BA0A4,10CC,0,クレス,"{N1}
「無事だったんだね？」{W}",,
52-00-10CC-01,52,0,7BA0A4,10CC,1,すず,"{N6}
「はい、全て終りました」{W}",,
52-00-10CC-02,52,0,7BA0A4,10CC,2,クレス,"{N1}
「よし、それじゃあ、帰ろう」{W}",,
52-00-1130-00,52,0,7BA0A4,1130,0,クレス,"{N1}
「帰るの？」",,
52-00-1144-00,52,0,7BA0A4,1144,0,クレス,"{N1}
「それじゃあ、帰ろう」{W}",,
52-00-1164-00,52,0,7BA0A4,1164,0,クレス,"{N1}
「じゃあ、頑張ってね」{W}",,
52-00-1184-00,52,0,7BA0A4,1184,0,ミント,"{N2}
「頑張って！」{W}",,
52-00-119C-00,52,0,7BA0A4,119C,0,クレス,"{N1}
「{N6}ちゃん！」{W}",,
52-00-11B6-00,52,0,7BA0A4,11B6,0,すず,"{N6}
「{N1}さん・・・」{W}",,
52-00-11B6-01,52,0,7BA0A4,11B6,1,クレス,"{N1}
「ここはいったん戻ろう」{W}",,
52-00-11B6-02,52,0,7BA0A4,11B6,2,すず,"{N6}
「・・・はい」{W}",,
53-00-0000-00,53,0,7BC2A8,0000,0,,{COL:2}{EXC:E81C80}を手に入れました。{W},,
53-00-001F-00,53,0,7BC2A8,001F,0,,"{COL:2}{EXC:E81C80}がありましたが、
いっぱいでこれ以上持てません。{W}",,
53-00-005C-00,53,0,7BC2A8,005C,0,,{COL:2}{VAR:E81C80}ガルドを手に入れました。{W},,
53-00-0081-00,53,0,7BC2A8,0081,0,クレス,"{N1}
「からっぽだ」{W}",,
53-00-0099-00,53,0,7BC2A8,0099,0,,{COL:2}{EXB:E81C80}は『{EXD:C88001E8188C80}』の称号を得ました。{W},,
53-00-00C7-00,53,0,7BC2A8,00C7,0,,"　その後、彼の行方を知る者は
　誰もいなかった・・・{W}",,
53-00-00FF-00,53,0,7BC2A8,00FF,0,,"　その後、彼らの行方を知る者は
　誰もいなかった・・・{W}",,
53-00-0139-00,53,0,7BC2A8,0139,0,,{COL:2}{EXC:E81C80}がポーチから飛び出しました。{W},,
53-00-0162-00,53,0,7BC2A8,0162,0,,{COL:2}{EXC:E81C80}がポーチから飛び出しましたがいっぱいでこれ以上持てません。{W},,
